Order_ID,Customer_ID,Order_Date,Ship_Date,Ship_Mode,Segment,Region,Category,Sub_Category,Sales,Quantity,Discount,Profit
ORD02619,C00869,2024-03-06 03:40:36,2024-03-11 03:40:36,Standard Class,Home Office,East,Technology,Phones,1123.35,6,0.043,245.31
ORD03793,C00736,2025-07-18 23:42:35,2025-07-20 23:42:35,First Class,Consumer,West,Office Supplies,Storage,101.1,6,0.209,2.25
ORD00178,C00821,2025-04-22 20:05:34,2025-04-26 20:05:34,Second Class,Consumer,East,Technology,Accessories,364.2,3,0.122,43.76
ORD01409,C00748,2024-11-16 09:09:00,2024-11-19 09:09:00,First Class,Corporate,West,Technology,Accessories,724.78,4,0.046,70.96
ORD03466,C00555,2024-11-12 02:25:36,2024-11-15 02:25:36,Standard Class,Home Office,West,Office Supplies,Art,110.38,5,0.154,0.96
ORD00146,C00640,2025-09-18 18:38:07,2025-09-23 18:38:07,Standard Class,Consumer,North,Office Supplies,Paper,173.83,7,0.187,-15.34
ORD02778,C00048,2024-03-03 17:46:03,2024-03-07 17:46:03,Standard Class,Consumer,South,Technology,Accessories,441.49,3,0.237,12.19
ORD02267,C00353,2025-05-24 01:53:16,2025-05-27 01:53:16,Second Class,Consumer,East,Office Supplies,Paper,63.86,4,0.205,-2.12
ORD03231,C00311,2024-05-27 01:44:46,2024-05-30 01:44:46,First Class,Corporate,West,Furniture,Bookcases,587.04,2,0.2,-41.08
ORD01833,C00275,2024-03-09 17:59:13,2024-03-13 17:59:13,Standard Class,Home Office,South,Office Supplies,Binders,81.71,7,0.255,-9.67
ORD00316,C00337,2025-01-19 07:54:42,2025-01-23 07:54:42,Standard Class,Corporate,North,Technology,Phones,1175.18,7,0.217,86.65
ORD02240,C00618,2025-12-13 04:54:12,2025-12-17 04:54:12,Standard Class,Consumer,East,Technology,Laptops,716.7,6,0.12,73.8
ORD03777,C00590,2025-06-21 02:22:53,2025-06-24 02:22:53,Second Class,Corporate,North,Technology,Laptops,750.03,7,0.115,77.37
ORD02112,C00693,2025-07-09 15:10:03,2025-07-12 15:10:03,First Class,Corporate,East,Office Supplies,Paper,228.51,7,0.07,22.64
ORD00196,C00408,2025-06-07 18:12:06,2025-06-11 18:12:06,Standard Class,Consumer,East,Office Supplies,Paper,499.11,7,0.152,14.48
ORD00390,C00874,2025-07-27 19:50:47,2025-07-31 19:50:47,Second Class,Corporate,East,Technology,Phones,593.59,4,0.286,-33.66
ORD01909,C00487,2025-01-09 15:43:46,2025-01-14 15:43:46,Standard Class,Consumer,West,Technology,Phones,219.58,2,0.306,-0.44
ORD02919,C00325,2024-04-03 12:33:03,2024-04-05 12:33:03,First Class,Consumer,East,Office Supplies,Appliances,604.96,8,0.063,94.44
ORD00823,C00846,2025-09-05 00:23:20,2025-09-07 00:23:20,First Class,Corporate,East,Office Supplies,Art,17.63,1,0.103,1.21
ORD01468,C00275,2024-11-24 18:45:41,2024-11-27 18:45:41,Standard Class,Consumer,East,Furniture,Tables,298.06,4,0.161,-21.7
ORD03768,C00785,2024-12-31 06:09:56,2025-01-02 06:09:56,Second Class,Home Office,West,Technology,Accessories,689.02,6,0.276,-11.74
ORD03884,C00704,2024-09-27 16:22:52,2024-09-30 16:22:52,First Class,Consumer,West,Technology,Accessories,1110.0,7,0.355,-144.15
ORD03476,C00904,2024-05-13 06:16:10,2024-05-15 06:16:10,First Class,,North,Office Supplies,Storage,120.34,6,0.208,4.69
ORD02305,C00929,2025-11-07 12:55:21,2025-11-11 12:55:21,Second Class,Consumer,East,Technology,Accessories,406.98,4,0.166,51.99
ORD03486,C00131,2025-07-24 13:03:42,2025-07-28 13:03:42,Standard Class,Consumer,North,Technology,Laptops,1360.02,8,0.108,199.81
ORD01912,C00276,2025-04-15 00:31:00,2025-04-19 00:31:00,Second Class,Consumer,West,Office Supplies,Paper,107.31,2,0.114,1.25
ORD03868,C00474,2024-10-20 18:17:58,2024-10-24 18:17:58,Second Class,Corporate,East,Office Supplies,Storage,47.59,2,0.077,3.17
ORD01410,C00261,2025-08-23 14:47:00,2025-08-26 14:47:00,Standard Class,Consumer,South,Technology,Phones,671.57,6,0.085,71.61
ORD03569,C00148,2025-02-02 03:55:05,2025-02-03 03:55:05,Same Day,Consumer,North,Office Supplies,Storage,74.86,3,0.003,9.08
ORD02101,C00849,2024-11-19 16:37:00,2024-11-24 16:37:00,Standard Class,Corporate,South,Office Supplies,Appliances,124.87,4,0.184,-4.72
ORD03631,C00004,2024-11-24 20:03:04,2024-11-27 20:03:04,First Class,Consumer,East,Technology,Laptops,507.92,4,0.097,66.17
ORD01846,C00252,2024-06-14 21:13:20,2024-06-17 21:13:20,Standard Class,Corporate,North,Furniture,Tables,545.8,3,0.264,-55.52
ORD03457,C00817,2024-03-08 06:13:16,2024-03-11 06:13:16,Standard Class,Consumer,North,Technology,Phones,1259.42,8,0.043,291.47
ORD02050,C00395,2025-02-08 20:19:31,2025-02-13 20:19:31,Standard Class,Consumer,West,Furniture,Bookcases,567.54,4,0.226,-49.87
ORD03182,C00256,2025-10-10 03:49:48,2025-10-13 03:49:48,Second Class,Corporate,West,Furniture,Bookcases,521.57,6,0.157,-19.7
ORD03784,C00942,2024-02-16 14:04:41,2024-02-19 14:04:41,First Class,Corporate,North,Office Supplies,Appliances,63.23,2,0.023,5.25
ORD00311,C00635,2025-09-18 13:15:48,2025-09-22 13:15:48,Standard Class,Corporate,South,Technology,Accessories,969.32,8,0.084,127.97
ORD01581,C00760,2025-08-27 04:05:53,2025-08-30 04:05:53,Standard Class,Consumer,West,Furniture,Chairs,1701.88,8,0.126,-28.31
ORD00018,C00339,2024-07-21 00:49:47,2024-07-23 00:49:47,First Class,Consumer,East,Office Supplies,Appliances,53.92,1,0.103,2.95
ORD01096,C00238,2025-04-06 02:45:36,2025-04-08 02:45:36,Second Class,Corporate,East,Technology,Laptops,1303.99,6,0.18,25.92
ORD00194,C00410,2024-04-30 14:48:48,2024-05-05 14:48:48,Standard Class,Corporate,South,Office Supplies,Appliances,280.83,5,0.081,12.67
ORD01659,C00904,2025-07-07 09:41:49,2025-07-08 09:41:49,First Class,Corporate,South,Office Supplies,Binders,107.71,2,0.089,10.16
ORD01339,C00564,2025-05-26 09:09:44,2025-05-31 09:09:44,Standard Class,Corporate,North,Furniture,Tables,1227.61,7,0.184,-69.26
ORD00204,C00801,2024-09-15 19:17:41,2024-09-18 19:17:41,Standard Class,Corporate,East,Office Supplies,Storage,150.66,7,0.274,-2.85
ORD01486,C00898,2024-02-19 13:57:30,2024-02-22 13:57:30,Standard Class,Consumer,North,Furniture,Tables,1340.91,7,0.141,-86.97
ORD01779,C00925,2025-12-09 14:37:45,2025-12-11 14:37:45,Second Class,Corporate,North,Office Supplies,Appliances,106.55,5,0.084,15.19
ORD00088,C00892,2024-11-21 08:26:41,2024-11-24 08:26:41,Standard Class,Consumer,East,Office Supplies,Binders,88.48,6,0.192,-3.33
ORD03590,C00383,2025-10-13 23:28:55,2025-10-16 23:28:55,First Class,Consumer,West,Office Supplies,Binders,168.05,6,0.135,7.15
ORD01213,C00901,2025-05-09 21:08:27,2025-05-12 21:08:27,Standard Class,Corporate,East,Furniture,Chairs,1084.15,7,0.16,-16.03
ORD00784,C00634,2025-07-22 05:16:43,2025-07-22 05:16:43,Same Day,Consumer,South,Furniture,Furnishings,881.02,5,0.13,18.44
ORD00214,C00860,2025-07-08 17:26:17,2025-07-11 17:26:17,Standard Class,Consumer,East,Furniture,Chairs,813.24,6,0.135,27.28
ORD00348,C00363,2024-05-22 02:04:12,2024-05-27 02:04:12,Standard Class,Home Office,South,Furniture,Bookcases,59.66,1,0.263,-5.81
ORD02693,C00009,2024-09-22 15:38:01,2024-09-27 15:38:01,Standard Class,Corporate,South,Office Supplies,Binders,238.27,5,0.146,0.25
ORD00063,C00420,2024-12-06 16:57:07,2024-12-09 16:57:07,Standard Class,Consumer,East,Technology,Accessories,278.3,2,0.041,69.94
ORD00364,C00285,2024-12-29 09:18:28,2025-01-02 09:18:28,Standard Class,Home Office,South,Furniture,Bookcases,372.5,4,0.295,-54.43
ORD02512,C00637,2024-02-01 23:26:31,2024-02-03 23:26:31,First Class,Consumer,East,Technology,Phones,870.57,7,0.145,-48.98
ORD01342,C00588,2025-02-02 23:53:51,2025-02-03 23:53:51,First Class,Corporate,West,Technology,Phones,121.29,1,0.066,19.42
ORD02984,C00394,2024-04-22 15:09:06,2024-04-26 15:09:06,Second Class,Consumer,West,Office Supplies,Storage,541.5,7,0.092,37.16
ORD02729,C00635,2025-06-26 15:56:45,2025-06-29 15:56:45,Standard Class,Consumer,North,Office Supplies,Binders,68.86,3,0.213,-2.96
ORD02618,C00398,2025-05-13 15:01:03,2025-05-14 15:01:03,First Class,Consumer,South,Office Supplies,Storage,428.7,7,0.083,41.47
ORD00263,C00700,2025-11-04 10:41:15,2025-11-09 10:41:15,Standard Class,Consumer,North,Technology,Accessories,706.0,7,0.122,82.65
ORD02499,C00515,2025-06-27 16:13:58,2025-06-30 16:13:58,Second Class,Consumer,South,Technology,Phones,146.25,1,0.218,-4.83
ORD03512,C00268,2024-09-24 15:34:45,2024-09-28 15:34:45,Second Class,Consumer,South,Technology,Phones,158.9,2,0.157,18.98
ORD03185,C00102,2025-12-07 06:46:13,2025-12-12 06:46:13,Standard Class,Corporate,North,Office Supplies,Storage,243.5,7,0.128,-2.28
ORD03657,C00096,2024-10-26 22:05:53,2024-10-29 22:05:53,Standard Class,Consumer,West,Technology,Laptops,370.67,3,0.058,38.82
ORD03328,C00936,2024-08-25 20:27:36,2024-08-26 20:27:36,First Class,Consumer,East,Office Supplies,Binders,116.44,4,0.16,-4.02
ORD03581,C00747,2025-10-23 00:59:11,2025-10-26 00:59:11,Standard Class,Home Office,West,Technology,Accessories,168.48,1,0.145,18.08
ORD01311,C00785,2024-09-27 10:27:14,2024-09-30 10:27:14,Second Class,Corporate,North,Office Supplies,Appliances,262.52,6,0.02,42.47
ORD00996,C00606,2024-02-25 17:31:57,2024-02-27 17:31:57,Same Day,Home Office,North,Office Supplies,Paper,25.63,1,0.17,-0.68
ORD02260,C00458,2024-12-08 18:37:04,2024-12-13 18:37:04,Standard Class,Consumer,South,Office Supplies,Paper,143.74,3,0.289,-20.63
ORD00741,C00785,2025-08-03 20:18:47,2025-08-07 20:18:47,Standard Class,Consumer,North,Furniture,Bookcases,317.78,4,0.315,
ORD02566,C00718,2024-05-18 07:32:17,2024-05-21 07:32:17,Standard Class,Corporate,South,Technology,Accessories,1196.04,7,0.144,18.97
ORD03861,C00244,2024-12-03 22:43:07,2024-12-06 22:43:07,First Class,Corporate,West,Office Supplies,Paper,155.39,4,0.094,18.55
ORD01332,C00947,2024-04-04 20:13:29,2024-04-07 20:13:29,Standard Class,Consumer,North,Office Supplies,Art,177.58,8,0.223,5.8
ORD01339,C00109,2025-05-16 03:05:53,2025-05-20 03:05:53,Standard Class,Home Office,North,Technology,Phones,632.09,5,0.114,64.67
ORD02481,C00491,2024-12-13 06:21:01,2024-12-16 06:21:01,Standard Class,Corporate,East,Furniture,Bookcases,288.88,3,0.123,3.88
ORD02377,C00107,2024-08-29 01:02:23,2024-08-31 01:02:23,Same Day,Corporate,East,Furniture,Tables,435.99,2,,-92.48
ORD02572,C00687,2024-06-14 15:27:06,2024-06-17 15:27:06,First Class,Consumer,East,Office Supplies,Appliances,218.92,7,0.028,42.68
ORD01568,C00363,2025-02-16 02:02:17,2025-02-20 02:02:17,Second Class,Corporate,South,Furniture,Bookcases,330.44,4,0.318,-35.06
ORD00001,C00081,2025-05-03 23:08:28,2025-05-05 23:08:28,Same Day,Consumer,West,Office Supplies,Appliances,364.89,5,0.091,25.66
ORD00930,C00761,2025-11-17 10:09:46,2025-11-19 10:09:46,Second Class,Home Office,North,Office Supplies,Binders,58.94,3,0.178,0.25
ORD00332,C00908,2024-11-15 02:54:05,2024-11-15 02:54:05,Same Day,Consumer,South,Technology,Phones,249.13,3,0.146,24.91
ORD00644,C00333,2024-04-27 07:15:23,2024-05-01 07:15:23,Standard Class,Consumer,East,Technology,Laptops,847.25,5,0.198,38.36
ORD02866,C00158,2025-08-30 20:31:19,2025-09-03 20:31:19,Standard Class,Consumer,West,Technology,Accessories,311.53,3,0.123,20.81
ORD00407,C00290,2025-04-04 17:28:14,2025-04-07 17:28:14,First Class,Corporate,South,Office Supplies,Appliances,464.63,8,0.131,-25.99
ORD00295,C00761,2025-05-26 04:38:40,2025-05-29 04:38:40,Standard Class,Home Office,East,Office Supplies,Art,298.23,6,0.153,-1.85
ORD00786,C00812,2024-03-11 23:24:38,2024-03-15 23:24:38,Standard Class,Home Office,North,Technology,Accessories,820.65,7,0.177,56.34
ORD01980,C00463,2024-08-16 00:39:48,2024-08-20 00:39:48,Second Class,Corporate,North,Office Supplies,Binders,105.33,3,0.088,6.99
ORD00131,C00518,2025-07-14 12:37:31,2025-07-16 12:37:31,Second Class,Home Office,North,Technology,Phones,101.17,1,0.09,8.6
ORD00174,C00612,2025-08-30 13:11:30,2025-09-04 13:11:30,Standard Class,Corporate,East,Office Supplies,Art,38.03,1,0.232,-2.9
ORD03502,C00348,2024-11-13 16:59:45,2024-11-16 16:59:45,Standard Class,Consumer,South,Technology,Phones,810.41,7,0.11,142.84
ORD03230,C00566,2025-08-10 11:28:17,2025-08-14 11:28:17,Standard Class,Corporate,East,Office Supplies,Binders,355.69,7,0.111,2.79
ORD00851,C00057,2025-09-06 10:26:29,2025-09-09 10:26:29,Standard Class,Consumer,North,Office Supplies,Paper,184.97,6,0.2,-5.79
ORD02163,C00395,2024-10-09 20:37:16,2024-10-12 20:37:16,Standard Class,Consumer,West,Office Supplies,Appliances,253.85,5,0.199,-8.55
ORD02981,C00690,2025-10-17 14:29:42,2025-10-20 14:29:42,Standard Class,Consumer,West,Technology,Accessories,196.99,2,0.256,15.01
ORD00795,C00904,2024-07-29 11:30:30,2024-08-01 11:30:30,Second Class,Consumer,North,Office Supplies,Art,423.81,7,0.076,11.92
ORD02112,C00850,2024-06-23 21:03:08,2024-06-27 21:03:08,Standard Class,Home Office,North,Furniture,Bookcases,475.93,5,0.174,-37.48
ORD03364,C00295,2025-05-13 05:19:16,2025-05-17 05:19:16,Standard Class,Home Office,North,Technology,Accessories,791.47,5,0.159,58.13
ORD00217,C00197,2025-04-09 20:04:01,2025-04-13 20:04:01,Second Class,Consumer,West,Office Supplies,Paper,46.55,1,0.217,-0.9
ORD00468,C00220,2024-04-12 00:27:48,2024-04-16 00:27:48,Standard Class,Corporate,North,Technology,Accessories,587.35,5,0.042,132.65
ORD03272,C00207,2025-08-30 21:32:52,2025-09-04 21:32:52,Standard Class,Consumer,East,Technology,Accessories,761.47,6,0.037,168.31
ORD03539,C00849,2024-05-25 22:23:30,2024-05-28 22:23:30,Standard Class,Consumer,South,Office Supplies,Appliances,417.3,7,0.062,23.19
ORD02606,C00029,2025-08-10 13:49:56,2025-08-14 13:49:56,Second Class,Consumer,West,Technology,Laptops,337.04,2,0.194,19.63
ORD03791,C00280,2024-01-06 08:59:13,2024-01-09 08:59:13,Standard Class,Consumer,East,Office Supplies,Art,53.09,1,0.189,-1.03
ORD02898,C00608,2025-08-04 16:40:55,2025-08-09 16:40:55,Standard Class,Consumer,East,Furniture,Furnishings,961.74,7,0.174,-66.04
ORD02565,C00103,2025-07-28 10:54:54,2025-07-30 10:54:54,Second Class,Consumer,West,Technology,Laptops,469.45,3,0.032,110.52
ORD00093,C00365,2025-07-23 15:58:58,2025-07-25 15:58:58,First Class,Consumer,North,Technology,Laptops,428.46,4,0.327,-29.77
ORD03269,C00149,2025-04-30 08:11:13,2025-05-04 08:11:13,Second Class,Consumer,West,Furniture,Furnishings,1452.07,6,0.185,34.8
ORD01250,C00273,2024-12-10 05:51:22,2024-12-13 05:51:22,First Class,Home Office,North,Office Supplies,Binders,95.33,4,0.128,6.59
ORD03212,C00339,2025-05-29 18:29:50,2025-06-01 18:29:50,Second Class,Consumer,South,Furniture,Chairs,1703.67,8,0.252,-156.37
ORD00016,C00633,2024-07-21 07:10:15,2024-07-26 07:10:15,Standard Class,Consumer,West,Office Supplies,Storage,415.57,7,0.118,-24.78
ORD01769,C00834,2025-07-23 22:22:21,2025-07-26 22:22:21,Standard Class,Consumer,East,Office Supplies,Binders,138.72,4,0.08,12.48
ORD02424,C00935,2025-02-09 14:56:05,2025-02-12 14:56:05,Standard Class,Consumer,East,Furniture,Tables,386.93,2,0.1,14.75
ORD00477,C00630,2024-12-01 00:12:15,2024-12-06 00:12:15,Standard Class,Consumer,South,Technology,Phones,857.63,8,0.221,15.4
ORD01436,C00700,2025-01-04 02:13:17,2025-01-08 02:13:17,Standard Class,Consumer,South,Furniture,Furnishings,455.71,6,0.188,-2.82
ORD00325,C00121,2025-02-19 04:20:44,2025-02-24 04:20:44,Standard Class,Corporate,South,Office Supplies,Art,169.28,7,0.2,-1.52
ORD01822,C00599,2024-01-28 04:50:08,2024-01-31 04:50:08,Second Class,Corporate,East,Furniture,Chairs,441.76,4,0.24,-71.45
ORD00405,C00508,2024-04-12 01:14:36,2024-04-16 01:14:36,Second Class,Corporate,South,Technology,Accessories,469.01,4,0.224,7.38
ORD00953,C00928,2024-06-28 04:49:48,2024-07-01 04:49:48,Standard Class,Corporate,South,Office Supplies,Art,85.35,2,0.282,-6.16
ORD02001,C00592,2024-03-24 14:34:00,2024-03-28 14:34:00,Standard Class,Consumer,South,Technology,Phones,669.0,4,0.176,5.16
ORD01765,C00757,2024-11-16 22:01:47,2024-11-19 22:01:47,Standard Class,Consumer,North,Furniture,Furnishings,605.76,5,0.212,-58.23
ORD00139,C00767,2025-05-02 22:25:11,2025-05-06 22:25:11,Standard Class,Consumer,South,Technology,Laptops,332.79,2,0.305,-15.05
ORD03159,C00114,2025-04-22 17:35:37,2025-04-25 17:35:37,Standard Class,Consumer,North,Technology,Laptops,1095.8,6,0.078,157.61
ORD01872,C00535,2024-12-09 21:36:19,2024-12-13 21:36:19,Standard Class,Consumer,West,Furniture,Chairs,441.33,5,0.089,38.76
ORD01159,C00848,2025-09-16 05:00:06,2025-09-21 05:00:06,Standard Class,Consumer,East,Office Supplies,Storage,244.38,7,0.22,-7.66
ORD01119,C00326,2025-02-16 14:56:11,2025-02-16 14:56:11,Same Day,Corporate,North,Office Supplies,Art,61.12,1,0.205,-7.3
ORD00392,C00748,2024-02-27 19:32:18,2024-03-03 19:32:18,Standard Class,Consumer,East,Technology,Accessories,253.83,2,0.026,47.81
ORD03400,C00946,2025-07-12 10:46:47,2025-07-16 10:46:47,Second Class,Consumer,West,Office Supplies,Storage,148.93,4,0.107,8.06
ORD02965,C00927,2025-02-23 11:00:10,2025-02-26 11:00:10,Standard Class,Corporate,North,Technology,Phones,1307.93,8,0.13,162.62
ORD00353,C00247,2025-04-08 08:15:53,2025-04-12 08:15:53,Standard Class,Consumer,North,Office Supplies,Storage,123.85,2,0.226,-2.54
ORD03430,C00311,2025-02-16 17:20:26,2025-02-21 17:20:26,Standard Class,Corporate,North,Office Supplies,Art,469.75,8,0.163,-11.76
ORD02652,C00916,2025-02-08 02:42:39,2025-02-09 02:42:39,Same Day,Home Office,North,Office Supplies,Binders,529.95,8,0.063,61.3
ORD02684,C00376,2024-03-07 02:43:25,2024-03-10 02:43:25,Standard Class,Home Office,West,Technology,Laptops,128.36,1,0.256,1.65
ORD00317,C00199,2025-02-12 05:18:34,2025-02-17 05:18:34,Standard Class,Consumer,West,Technology,Laptops,504.5,3,0.229,16.69
ORD01102,C00584,2025-08-03 06:52:08,2025-08-03 06:52:08,Same Day,Consumer,North,Office Supplies,Binders,147.35,3,0.046,24.47
ORD02058,C00492,2024-08-09 21:12:20,2024-08-13 21:12:20,Standard Class,Corporate,East,Technology,Laptops,416.5,4,0.338,-58.87
ORD02625,C00001,2025-03-16 01:43:33,2025-03-21 01:43:33,Standard Class,Corporate,North,Technology,Accessories,879.27,8,0.173,45.21
ORD01303,C00105,2024-01-23 11:55:42,2024-01-27 11:55:42,Second Class,Corporate,East,Office Supplies,Paper,85.56,4,0.218,-11.8
ORD03124,C00591,2024-09-10 16:11:09,2024-09-15 16:11:09,Standard Class,Consumer,East,Office Supplies,Storage,274.94,6,0.157,19.54
ORD02142,C00848,2024-11-14 19:17:19,2024-11-14 19:17:19,Same Day,Consumer,South,Office Supplies,Storage,79.25,2,0.184,-1.29
ORD03277,C00618,2025-12-18 09:34:35,2025-12-21 09:34:35,Standard Class,Consumer,North,Office Supplies,Paper,286.48,5,0.185,-1.84
ORD00286,C00465,2024-06-05 15:31:24,2024-06-09 15:31:24,Second Class,Consumer,East,Furniture,Bookcases,417.7,3,0.239,-46.32
ORD01125,C00948,2024-07-20 21:07:36,2024-07-23 21:07:36,Standard Class,Consumer,West,Office Supplies,Art,412.69,8,0.243,-11.09
ORD01951,C00839,2024-10-25 05:25:18,2024-10-28 05:25:18,First Class,Home Office,North,Furniture,Tables,398.18,7,0.208,-10.2
ORD03064,C00358,2025-12-25 15:30:05,2025-12-26 15:30:05,First Class,Consumer,North,Office Supplies,Storage,122.33,2,0.143,2.79
ORD01984,C00783,2025-09-14 23:37:18,2025-09-16 23:37:18,First Class,Corporate,North,Technology,Accessories,577.65,5,0.089,88.64
ORD01134,C00859,2024-01-26 07:49:14,2024-01-29 07:49:14,First Class,Home Office,East,Furniture,Bookcases,674.4,3,0.081,37.33
ORD03290,C00181,2024-06-19 18:37:11,2024-06-22 18:37:11,Second Class,Consumer,East,Furniture,Tables,500.1,4,0.253,-108.47
ORD00139,C00593,2025-08-22 19:44:10,2025-08-27 19:44:10,Standard Class,Consumer,West,Office Supplies,Appliances,66.33,4,0.197,-2.59
ORD00219,C00056,2024-02-12 13:27:50,2024-02-15 13:27:50,Standard Class,Corporate,East,Technology,Laptops,770.28,7,0.247,5.71
ORD01392,C00531,2025-09-16 15:21:12,2025-09-20 15:21:12,Standard Class,Consumer,West,Technology,Accessories,504.81,3,0.298,3.87
ORD00481,C00870,2024-07-24 09:50:44,2024-07-29 09:50:44,Standard Class,Consumer,West,Office Supplies,Art,19.97,1,0.096,2.89
ORD01204,C00853,2025-10-31 21:15:55,2025-11-03 21:15:55,Standard Class,Corporate,North,Office Supplies,Appliances,98.86,2,0.029,8.26
ORD03822,C00534,2024-08-02 07:45:45,2024-08-04 07:45:45,Second Class,Corporate,East,Office Supplies,Binders,167.94,7,0.094,20.29
ORD01651,C00558,2024-11-13 01:13:49,2024-11-15 01:13:49,Second Class,Corporate,South,Office Supplies,Storage,113.88,3,0.1,11.59
ORD01900,C00810,2025-04-28 04:46:38,2025-04-30 04:46:38,Same Day,Home Office,South,Office Supplies,Art,26.16,1,0.308,-2.97
ORD01556,C00004,2024-04-02 04:26:18,2024-04-05 04:26:18,Standard Class,Consumer,West,Technology,Phones,457.21,4,0.122,8.69
ORD02770,C00655,2025-02-10 15:12:11,2025-02-13 15:12:11,Second Class,Corporate,East,Technology,Accessories,1003.13,7,0.421,-193.63
ORD01509,C00300,2025-01-03 15:52:17,2025-01-05 15:52:17,Second Class,Corporate,West,Technology,Laptops,992.76,7,0.154,85.71
ORD01138,C00731,2025-07-26 05:53:47,2025-07-28 05:53:47,Same Day,Corporate,South,Furniture,Furnishings,1046.11,8,0.254,-151.25
ORD00061,C00111,2025-12-28 03:47:34,2025-12-31 03:47:34,Second Class,Corporate,East,Office Supplies,Appliances,296.09,6,0.218,-39.56
ORD02457,C00459,2025-04-29 22:46:23,2025-05-03 22:46:23,Standard Class,Corporate,East,Furniture,Bookcases,987.18,7,0.058,45.16
ORD03107,C00721,2024-10-25 16:56:47,2024-10-29 16:56:47,Standard Class,Home Office,North,Office Supplies,Binders,243.35,7,0.005,28.96
ORD01651,C00696,2024-10-23 15:53:52,2024-10-24 15:53:52,Same Day,Consumer,North,Furniture,Chairs,160.69,1,0.107,7.31
ORD01227,C00701,2024-11-01 02:38:13,2024-11-03 02:38:13,Second Class,Corporate,East,Office Supplies,Appliances,58.4,4,,1.43
ORD03244,C00872,2025-08-17 05:38:13,2025-08-18 05:38:13,First Class,Consumer,North,Furniture,Bookcases,567.73,5,0.155,-0.46
ORD03701,C00344,2024-08-22 11:41:58,2024-08-24 11:41:58,Second Class,Corporate,West,Furniture,Chairs,322.6,4,0.126,-3.28
ORD01693,C00674,2024-05-01 21:21:55,2024-05-05 21:21:55,Second Class,Corporate,North,Office Supplies,Binders,78.35,7,0.235,-3.59
ORD00798,C00771,2024-09-01 00:47:09,2024-09-03 00:47:09,Second Class,Corporate,North,Technology,Phones,670.3,8,0.086,89.88
ORD02639,C00885,2024-01-17 13:54:55,2024-01-19 13:54:55,First Class,Consumer,West,Office Supplies,Appliances,234.06,5,0.027,43.64
ORD02427,C00210,2024-03-18 11:37:04,2024-03-21 11:37:04,First Class,Consumer,North,Technology,Laptops,111.14,1,0.106,10.6
ORD01296,C00230,2024-03-06 17:38:18,2024-03-10 17:38:18,Standard Class,Consumer,West,Technology,Laptops,544.63,3,0.061,71.16
ORD03156,C00415,2025-07-17 05:35:53,2025-07-22 05:35:53,Standard Class,Consumer,East,Office Supplies,Binders,112.98,2,0.154,7.33
ORD00799,C00762,2025-06-11 07:44:08,2025-06-14 07:44:08,Standard Class,Consumer,North,Furniture,Bookcases,254.51,4,0.103,15.11
ORD00186,C00835,2025-05-23 15:25:27,2025-05-27 15:25:27,Standard Class,Home Office,East,Technology,Laptops,318.72,2,0.258,-0.47
ORD00850,C00503,2024-12-03 04:05:20,2024-12-06 04:05:20,First Class,Consumer,East,Technology,Accessories,104.76,1,0.224,8.37
ORD02900,C00690,2025-06-07 10:51:54,2025-06-08 10:51:54,First Class,Home Office,East,Furniture,Furnishings,179.04,2,0.102,20.14
ORD02207,C00058,2024-04-27 17:28:53,2024-05-01 17:28:53,Standard Class,Consumer,West,Technology,Accessories,889.58,4,0.038,214.19
ORD02676,C00716,2025-10-19 10:53:30,2025-10-24 10:53:30,Standard Class,Corporate,East,Technology,Phones,233.8,2,0.16,7.55
ORD01915,C00613,2024-12-31 18:18:16,2025-01-04 18:18:16,Standard Class,Corporate,East,Office Supplies,Storage,13.64,1,0.047,2.12
ORD00452,C00314,2025-11-15 18:39:37,2025-11-18 18:39:37,First Class,Corporate,South,Furniture,Tables,562.28,3,0.209,-49.7
ORD02739,C00596,2024-04-21 04:30:28,2024-04-24 04:30:28,Second Class,Corporate,East,Office Supplies,Binders,427.46,6,0.033,45.03
ORD02604,C00900,2024-12-29 01:13:22,2025-01-01 01:13:22,Standard Class,Corporate,West,Office Supplies,Storage,268.27,6,0.174,-5.33
ORD03308,C00941,2025-05-23 07:31:58,2025-05-27 07:31:58,Standard Class,Home Office,East,Office Supplies,Appliances,220.26,4,0.264,-14.46
ORD00489,C00610,2024-12-27 19:21:54,2024-12-30 19:21:54,Second Class,Corporate,East,Technology,Phones,1060.76,6,0.122,144.88
ORD00144,C00617,2024-11-21 16:39:28,2024-11-26 16:39:28,Standard Class,Consumer,South,Furniture,Tables,335.17,2,0.116,17.8
ORD01179,C00623,2024-05-01 08:04:15,2024-05-04 08:04:15,First Class,Consumer,East,Furniture,Bookcases,1059.36,6,0.077,75.2
ORD03116,C00125,2024-10-05 03:29:30,2024-10-07 03:29:30,First Class,Corporate,West,Office Supplies,Paper,54.32,1,0.17,2.33
ORD00399,C00329,2024-06-23 07:11:05,2024-06-28 07:11:05,Standard Class,Consumer,North,Technology,Phones,296.26,2,0.022,55.13
ORD03354,C00941,2024-08-08 02:29:30,2024-08-13 02:29:30,Standard Class,Consumer,North,Technology,Phones,791.99,8,0.093,111.95
ORD03692,C00061,2025-05-14 02:26:08,2025-05-18 02:26:08,Standard Class,Corporate,East,Technology,Phones,449.58,4,0.03,51.99
ORD02772,C00299,2025-04-05 02:33:03,2025-04-08 02:33:03,Standard Class,Consumer,East,Technology,Laptops,734.26,5,0.02,159.34
ORD03742,C00857,2025-03-19 06:04:53,2025-03-24 06:04:53,Standard Class,Corporate,East,Technology,Accessories,441.81,4,0.003,100.02
ORD02650,C00662,2024-09-21 02:57:24,2024-09-25 02:57:24,Standard Class,Corporate,North,Furniture,Furnishings,368.92,6,0.215,2.98
ORD00343,C00374,2025-12-01 13:48:50,2025-12-05 13:48:50,Standard Class,Corporate,South,Technology,Laptops,712.19,6,0.075,89.58
ORD03660,C00568,2024-03-04 23:37:35,2024-03-07 23:37:35,First Class,Corporate,East,Office Supplies,Paper,532.16,7,0.103,64.31
ORD03101,C00721,2024-09-07 02:11:25,2024-09-12 02:11:25,Standard Class,Home Office,East,Office Supplies,Appliances,30.2,2,,-0.53
ORD03469,C00338,2024-03-27 03:27:48,2024-03-30 03:27:48,First Class,Corporate,East,Furniture,Tables,722.12,6,0.185,14.48
ORD00468,C00880,2024-09-04 10:17:43,2024-09-07 10:17:43,Standard Class,Home Office,East,Furniture,Chairs,1284.24,7,0.222,-31.43
ORD01432,C00386,2025-12-03 04:26:49,2025-12-07 04:26:49,Standard Class,Consumer,East,Office Supplies,Appliances,137.93,4,0.095,17.28
ORD00780,C00838,2024-09-24 08:56:13,2024-09-27 08:56:13,Standard Class,Corporate,West,Technology,Accessories,559.65,4,0.15,48.97
ORD02509,C00620,2025-10-25 06:20:01,2025-10-30 06:20:01,Standard Class,Corporate,East,Office Supplies,Storage,233.89,6,0.306,-29.27
ORD02394,C00045,2024-12-27 09:33:01,2025-01-01 09:33:01,Standard Class,Consumer,East,Technology,Accessories,792.34,5,0.252,-26.89
ORD02087,C00828,2025-05-25 18:52:08,2025-05-28 18:52:08,First Class,Consumer,East,Technology,Laptops,374.3,3,0.165,6.74
ORD00648,C00110,2024-11-29 21:57:15,2024-11-30 21:57:15,First Class,Corporate,North,Technology,Phones,861.02,8,0.049,165.4
ORD00417,C00899,2024-07-13 02:02:30,2024-07-18 02:02:30,Standard Class,Consumer,South,Furniture,Furnishings,811.96,5,0.237,-104.85
ORD03830,C00014,2025-07-11 21:18:00,2025-07-15 21:18:00,Standard Class,Home Office,East,Technology,Laptops,532.12,5,0.11,68.39
ORD00898,C00941,2025-12-08 11:58:12,2025-12-13 11:58:12,Standard Class,Consumer,West,Office Supplies,Art,46.51,2,0.08,4.89
ORD03737,C00447,2024-07-11 08:57:20,2024-07-13 08:57:20,Second Class,Consumer,East,Office Supplies,Binders,192.97,6,0.076,8.34
ORD01969,C00111,2025-07-22 11:42:57,2025-07-26 11:42:57,Standard Class,Corporate,North,Office Supplies,Binders,381.34,8,0.169,23.2
ORD00078,C00199,2024-07-09 15:10:22,2024-07-14 15:10:22,Standard Class,Consumer,East,Technology,Phones,847.26,6,0.105,101.64
ORD01763,C00179,2025-06-07 07:54:58,2025-06-10 07:54:58,First Class,Consumer,North,Furniture,Bookcases,1002.9,5,0.227,-51.02
ORD03420,C00512,2025-07-29 23:23:41,2025-07-31 23:23:41,First Class,Corporate,East,Office Supplies,Paper,306.08,6,0.092,7.49
ORD02237,C00196,2024-11-24 00:48:48,2024-11-28 00:48:48,Second Class,Consumer,West,Office Supplies,Appliances,24.78,2,0.221,-1.58
ORD03688,C00756,2025-06-21 22:49:52,2025-06-25 22:49:52,Standard Class,Consumer,East,Office Supplies,Binders,68.96,1,0.047,6.88
ORD03109,C00924,2024-07-17 17:40:19,2024-07-21 17:40:19,Standard Class,Corporate,East,Furniture,Tables,1278.63,6,0.233,-113.54
ORD03459,C00285,2024-02-27 20:31:17,2024-03-01 20:31:17,Standard Class,Corporate,South,Furniture,Tables,196.37,2,0.262,-28.56
ORD03134,C00093,2024-03-11 08:46:10,2024-03-15 08:46:10,Second Class,Corporate,South,Office Supplies,Appliances,35.94,1,0.303,-2.39
ORD02696,C00050,2024-11-22 07:51:20,2024-11-25 07:51:20,Second Class,Consumer,West,Office Supplies,Binders,200.79,7,0.078,29.39
ORD01061,C00662,2025-10-20 21:35:38,2025-10-23 21:35:38,Standard Class,Consumer,East,Technology,Accessories,646.79,4,0.223,-15.45
ORD02432,C00718,2024-04-03 03:08:47,2024-04-04 03:08:47,First Class,Home Office,East,Technology,Laptops,974.53,7,0.236,127.13
ORD01035,C00909,2024-11-28 17:12:02,2024-12-01 17:12:02,Standard Class,Corporate,South,Technology,Laptops,732.04,7,0.122,59.57
ORD02493,C00131,2025-05-28 22:38:30,2025-05-31 22:38:30,Second Class,Consumer,North,Technology,Laptops,188.82,1,0.087,36.87
ORD02400,C00546,2024-05-27 17:24:22,2024-05-30 17:24:22,Standard Class,Corporate,North,Technology,Accessories,976.53,7,0.186,33.82
ORD03104,C00186,2025-06-10 18:43:09,2025-06-14 18:43:09,Standard Class,Consumer,North,Furniture,Chairs,276.29,3,0.138,5.27
ORD01478,C00008,2024-08-11 08:21:36,2024-08-14 08:21:36,Standard Class,Corporate,South,Furniture,Chairs,855.47,6,0.39,-182.59
ORD01152,C00407,2025-08-13 07:44:10,2025-08-16 07:44:10,Second Class,Corporate,West,Furniture,Tables,219.95,1,0.11,-10.29
ORD03743,C00063,2025-02-26 19:55:36,2025-03-02 19:55:36,Standard Class,Home Office,East,Office Supplies,Storage,145.62,4,0.208,7.47
ORD01294,C00151,2025-02-03 05:48:55,2025-02-08 05:48:55,Standard Class,Home Office,North,Office Supplies,Storage,252.48,6,0.047,22.05
ORD02474,C00674,2024-05-09 01:03:32,2024-05-13 01:03:32,Second Class,Consumer,North,Technology,Phones,602.81,4,0.168,28.83
ORD03453,C00203,2024-12-04 03:22:03,2024-12-06 03:22:03,Second Class,Corporate,South,Office Supplies,Art,173.2,5,0.176,-7.07
ORD01006,C00379,2025-09-17 07:52:56,2025-09-19 07:52:56,Second Class,Consumer,West,Technology,Accessories,167.06,1,0.187,4.33
ORD01494,C00905,2024-01-15 06:03:37,2024-01-18 06:03:37,Second Class,Corporate,South,Office Supplies,Binders,33.81,1,0.153,-0.54
ORD00412,C00480,2025-07-07 17:15:43,2025-07-09 17:15:43,Second Class,Corporate,West,Furniture,Furnishings,923.68,5,0.292,-181.6
ORD00688,C00131,2024-12-25 17:11:49,2024-12-28 17:11:49,Second Class,Consumer,West,Furniture,Tables,852.03,4,0.321,-114.49
ORD02823,C00043,2025-06-09 04:59:27,2025-06-12 04:59:27,Standard Class,Consumer,North,Technology,Phones,516.12,5,0.042,94.05
ORD00456,C00383,2025-04-29 04:58:52,2025-05-03 04:58:52,Standard Class,Consumer,East,Office Supplies,Storage,45.77,3,0.226,-2.28
ORD01251,C00853,2024-11-11 10:16:12,2024-11-16 10:16:12,Standard Class,Consumer,West,Technology,Laptops,183.84,1,0.023,45.0
ORD00539,C00036,2024-08-13 07:50:57,2024-08-16 07:50:57,Standard Class,Consumer,South,Technology,Laptops,727.05,6,0.071,153.4
ORD00747,C00860,2025-04-02 22:27:03,2025-04-06 22:27:03,Standard Class,Home Office,North,Technology,Phones,269.89,2,0.067,22.69
ORD03122,C00452,2024-04-12 08:43:45,2024-04-17 08:43:45,Standard Class,Consumer,West,Technology,Laptops,781.48,7,0.089,166.6
ORD00985,C00572,2025-03-02 09:23:47,2025-03-07 09:23:47,Standard Class,Corporate,West,Office Supplies,Art,23.48,1,0.158,0.63
ORD01942,C00519,2024-03-10 03:03:03,2024-03-12 03:03:03,Second Class,Corporate,East,Office Supplies,Appliances,90.34,8,0.08,2.44
ORD02709,C00453,2025-04-19 09:18:44,2025-04-21 09:18:44,Second Class,Corporate,East,Technology,Laptops,488.48,3,0.102,66.81
ORD03618,C00296,2025-04-03 23:37:02,2025-04-06 23:37:02,Second Class,Consumer,North,Furniture,Bookcases,1407.62,8,0.283,-204.24
ORD02566,C00374,2024-03-02 15:27:52,2024-03-04 15:27:52,First Class,Home Office,West,Office Supplies,Art,24.26,1,0.179,1.17
ORD01561,C00693,2025-07-06 23:11:16,2025-07-11 23:11:16,Standard Class,Corporate,East,Office Supplies,Paper,198.52,4,0.146,7.01
ORD00394,C00188,2024-10-30 12:56:44,2024-11-04 12:56:44,Standard Class,Corporate,North,Office Supplies,Appliances,241.61,4,0.15,11.17
ORD01722,C00757,2025-07-28 10:15:02,2025-07-31 10:15:02,Standard Class,Home Office,East,Office Supplies,Appliances,134.5,2,0.046,13.36
ORD02593,C00892,2024-01-31 09:04:49,2024-02-05 09:04:49,Standard Class,Corporate,West,Office Supplies,Appliances,241.78,4,0.125,2.79
ORD00054,C00477,2024-05-11 00:04:40,2024-05-16 00:04:40,Standard Class,Consumer,West,Office Supplies,Appliances,95.66,2,0.015,18.16
ORD02405,C00465,2024-12-26 14:43:08,2024-12-29 14:43:08,First Class,Home Office,South,Furniture,Bookcases,564.68,4,0.073,3.22
ORD00047,C00766,2024-05-17 09:42:18,2024-05-22 09:42:18,Standard Class,Consumer,North,Office Supplies,Appliances,130.22,3,0.148,6.45
ORD03121,C00103,2024-08-28 19:10:06,2024-09-02 19:10:06,Standard Class,Corporate,West,Office Supplies,Art,40.26,2,0.121,5.17
ORD03745,C00739,2025-04-27 05:41:42,2025-05-02 05:41:42,Standard Class,Consumer,West,Technology,Phones,1413.1,7,0.201,45.19
ORD00340,C00753,2024-04-15 12:03:49,2024-04-18 12:03:49,Standard Class,Consumer,East,Furniture,Chairs,1002.17,5,0.193,-32.04
ORD03643,C00326,2025-05-09 17:21:19,2025-05-13 17:21:19,Second Class,Consumer,East,Office Supplies,Appliances,420.97,7,0.101,28.35
ORD01062,C00923,2024-03-16 11:37:11,2024-03-19 11:37:11,Second Class,Consumer,South,Technology,Accessories,763.11,7,0.111,60.14
ORD00298,C00472,2024-05-07 21:14:39,2024-05-10 21:14:39,Second Class,Home Office,South,Furniture,Furnishings,259.82,3,0.081,-12.51
ORD03134,C00269,2025-03-04 23:31:58,2025-03-07 23:31:58,Second Class,Consumer,North,Office Supplies,Paper,192.59,3,0.138,7.49
ORD01239,C00242,2025-08-02 05:49:34,2025-08-05 05:49:34,Standard Class,Corporate,North,Technology,Accessories,760.94,8,0.128,70.4
ORD01715,C00653,2024-05-04 12:47:19,2024-05-09 12:47:19,Standard Class,Consumer,North,Technology,Laptops,328.92,3,0.093,30.38
ORD03839,C00878,2024-08-06 23:52:25,2024-08-08 23:52:25,Second Class,Home Office,West,Office Supplies,Storage,44.63,1,0.247,-6.41
ORD03544,C00946,2025-11-06 08:06:16,2025-11-10 08:06:16,Standard Class,Consumer,North,Furniture,Bookcases,854.15,5,0.168,-95.38
ORD02093,C00856,2025-12-23 11:15:29,2025-12-28 11:15:29,Standard Class,Consumer,North,Office Supplies,Paper,133.17,8,0.109,19.64
ORD02699,C00110,2025-02-28 04:11:28,2025-03-05 04:11:28,Standard Class,Consumer,East,Technology,Accessories,237.18,2,0.07,35.27
ORD01081,C00685,2024-11-22 08:06:30,2024-11-26 08:06:30,Second Class,Corporate,North,Office Supplies,Storage,278.94,6,0.208,-24.16
ORD00212,C00772,2024-09-10 05:09:32,2024-09-15 05:09:32,Standard Class,Home Office,North,Office Supplies,Appliances,167.35,3,0.028,18.93
ORD02746,C00208,2025-03-23 02:09:27,2025-03-23 02:09:27,Same Day,Home Office,East,Technology,Accessories,593.58,4,0.045,100.99
ORD01760,C00473,2025-03-07 08:50:21,2025-03-10 08:50:21,Standard Class,Consumer,South,Furniture,Chairs,804.74,4,0.32,-139.42
ORD03612,C00050,2024-08-03 04:04:23,2024-08-06 04:04:23,Standard Class,Consumer,East,Technology,Laptops,239.92,2,,19.42
ORD01158,C00636,2024-01-17 15:31:25,2024-01-21 15:31:25,Standard Class,Consumer,West,Furniture,Furnishings,892.75,4,0.159,60.68
ORD00862,C00569,2024-04-20 14:15:01,2024-04-24 14:15:01,Standard Class,Consumer,North,Furniture,Furnishings,499.85,3,0.113,53.15
ORD02967,C00172,2025-11-30 17:57:26,2025-12-03 17:57:26,Standard Class,Corporate,West,Technology,Phones,1162.77,7,0.189,78.21
ORD02075,C00168,2024-11-01 06:04:26,2024-11-03 06:04:26,Second Class,Consumer,West,Office Supplies,Appliances,107.23,2,0.253,-7.96
ORD00585,C00207,2024-12-18 01:57:22,2024-12-21 01:57:22,Standard Class,Corporate,West,Furniture,Tables,917.55,7,0.254,-83.91
ORD02501,C00599,2024-12-06 23:43:27,2024-12-10 23:43:27,Standard Class,Home Office,East,Office Supplies,Appliances,21.68,1,0.162,-0.99
ORD03442,C00528,2025-07-25 09:31:16,2025-07-29 09:31:16,Standard Class,Consumer,East,Office Supplies,Art,205.15,4,0.229,-0.31
ORD02447,C00491,2024-02-17 10:02:20,2024-02-20 10:02:20,Standard Class,Consumer,East,Technology,Laptops,313.27,3,0.051,53.78
ORD02846,C00238,2024-03-01 09:25:46,2024-03-02 09:25:46,First Class,Consumer,East,Technology,Accessories,664.01,4,0.05,73.65
ORD00647,C00750,2024-07-20 08:50:37,2024-07-24 08:50:37,Standard Class,Consumer,North,Office Supplies,Art,252.99,7,0.205,-11.66
ORD02285,C00567,2024-12-21 06:15:14,2024-12-23 06:15:14,Second Class,Consumer,West,Technology,Laptops,1002.73,8,0.11,147.49
ORD02699,C00290,2025-05-04 22:05:35,2025-05-07 22:05:35,Standard Class,Corporate,East,Technology,Phones,926.52,6,0.104,38.79
ORD02189,C00084,2024-12-24 05:11:11,2024-12-27 05:11:11,Standard Class,Consumer,West,Office Supplies,Art,232.8,5,0.078,13.85
ORD03662,C00812,2024-11-18 01:15:52,2024-11-20 01:15:52,First Class,Corporate,South,Technology,Phones,682.57,5,0.163,18.72
ORD03712,C00743,2025-11-15 14:43:10,2025-11-18 14:43:10,Standard Class,Home Office,North,Furniture,Furnishings,711.97,8,0.089,56.32
ORD02106,C00288,2024-04-27 13:03:06,2024-04-29 13:03:06,First Class,Home Office,East,Furniture,Chairs,552.75,8,0.294,-42.57
ORD03368,C00261,2025-02-21 08:40:31,2025-02-25 08:40:31,Standard Class,Corporate,East,Furniture,Chairs,653.06,7,0.137,2.36
ORD00300,C00923,2025-01-30 20:07:35,2025-02-02 20:07:35,Standard Class,Consumer,South,Technology,Accessories,218.39,2,0.091,-6.42
ORD03595,C00700,2024-12-11 15:32:03,2024-12-13 15:32:03,First Class,Consumer,South,Office Supplies,Binders,131.36,3,0.177,-8.43
ORD00583,C00138,2025-08-12 13:06:25,2025-08-15 13:06:25,Standard Class,Consumer,North,Furniture,Chairs,342.67,3,0.229,22.73
ORD03206,C00155,2024-07-13 21:24:49,2024-07-13 21:24:49,Same Day,Home Office,East,Office Supplies,Binders,34.2,2,0.095,2.79
ORD01739,C00506,2025-11-27 06:06:01,2025-11-30 06:06:01,First Class,Home Office,South,Office Supplies,Paper,454.02,8,0.116,-34.99
ORD01368,C00759,2024-08-30 01:05:19,2024-09-04 01:05:19,Standard Class,Consumer,West,Office Supplies,Storage,34.61,2,0.311,-0.11
ORD03284,C00051,2025-02-01 20:28:42,2025-02-04 20:28:42,Standard Class,Consumer,North,Office Supplies,Binders,212.91,7,0.016,19.23
ORD00662,C00013,2025-01-15 02:10:49,2025-01-16 02:10:49,First Class,Consumer,South,Technology,Phones,997.65,7,0.189,50.72
ORD02250,C00576,2025-09-12 08:06:31,2025-09-16 08:06:31,Standard Class,Consumer,South,Office Supplies,Art,182.4,5,0.05,8.82
ORD01163,C00163,2024-11-16 09:43:43,2024-11-18 09:43:43,Second Class,Home Office,East,Technology,Phones,336.66,3,0.311,9.84
ORD01033,C00529,2024-07-26 17:28:22,2024-07-29 17:28:22,Standard Class,Consumer,East,Furniture,Furnishings,687.52,3,0.159,
ORD03750,C00321,2024-01-16 18:38:37,2024-01-19 18:38:37,Standard Class,Consumer,East,Office Supplies,Appliances,234.07,6,0.064,17.77
ORD00636,C00804,2024-09-22 11:38:34,2024-09-27 11:38:34,Standard Class,Consumer,West,Technology,Phones,529.25,6,0.05,117.4
ORD03758,C00741,2025-08-26 04:38:04,2025-08-28 04:38:04,Second Class,Consumer,South,Office Supplies,Appliances,47.23,5,0.202,-2.89
ORD00106,C00130,2024-01-08 05:43:54,2024-01-11 05:43:54,Second Class,Consumer,East,Office Supplies,Art,318.34,5,0.084,
ORD00795,C00031,2025-10-16 04:44:12,2025-10-20 04:44:12,Second Class,Home Office,North,Technology,Laptops,673.94,7,0.018,159.09
ORD01463,C00406,2025-01-31 06:19:50,2025-02-05 06:19:50,Standard Class,,South,Furniture,Tables,1307.68,7,0.418,-356.93
ORD00883,C00703,2024-04-12 09:09:50,2024-04-17 09:09:50,Standard Class,Corporate,South,Office Supplies,Binders,87.88,7,0.286,-14.31
ORD01014,C00464,2024-08-08 14:10:54,2024-08-11 14:10:54,Standard Class,Consumer,North,Office Supplies,Appliances,47.66,3,0.012,5.64
ORD02566,C00224,2025-02-08 10:42:47,2025-02-11 10:42:47,Standard Class,Consumer,East,Furniture,Bookcases,243.0,1,0.234,-28.62
ORD00236,C00044,2024-08-18 10:55:36,2024-08-22 10:55:36,Standard Class,Consumer,East,Office Supplies,Binders,283.76,4,0.089,30.15
ORD02159,C00946,2024-03-20 06:14:49,2024-03-24 06:14:49,Second Class,Consumer,East,Office Supplies,Binders,48.86,3,0.107,4.9
ORD01585,C00843,2025-05-01 04:07:30,2025-05-05 04:07:30,Standard Class,Consumer,East,Technology,Phones,399.85,3,0.111,47.87
ORD02201,C00273,2025-05-05 17:38:47,2025-05-09 17:38:47,Standard Class,Consumer,East,Technology,Accessories,802.33,5,0.114,111.56
ORD01353,C00466,2024-03-27 18:40:36,2024-03-31 18:40:36,Second Class,Corporate,South,Office Supplies,Storage,314.22,8,0.081,0.12
ORD03537,C00139,2024-07-24 07:12:57,2024-07-29 07:12:57,Standard Class,Corporate,North,Office Supplies,Storage,220.01,7,0.006,38.08
ORD01289,C00372,2024-06-27 00:39:33,2024-06-29 00:39:33,Same Day,Home Office,North,Office Supplies,Appliances,139.61,6,0.054,15.85
ORD02172,C00649,2025-04-26 09:05:04,2025-04-30 09:05:04,Standard Class,Consumer,East,Office Supplies,Appliances,464.72,6,0.145,24.01
ORD01708,C00598,2025-06-17 02:46:43,2025-06-22 02:46:43,Standard Class,Corporate,West,Office Supplies,Art,94.72,4,0.137,7.62
ORD02263,C00263,2025-06-14 16:56:44,2025-06-15 16:56:44,First Class,Corporate,North,Furniture,Bookcases,497.21,5,0.125,-22.45
ORD01546,C00333,2025-11-16 07:05:49,2025-11-18 07:05:49,Second Class,Consumer,East,Furniture,Furnishings,447.73,4,0.131,-5.86
ORD02579,C00513,2025-07-15 02:42:14,2025-07-17 02:42:14,First Class,Consumer,East,Office Supplies,Paper,138.33,7,0.008,29.5
ORD00799,C00499,2024-08-22 02:18:13,2024-08-27 02:18:13,Standard Class,Consumer,West,Furniture,Bookcases,1315.35,8,0.422,-323.32
ORD01991,C00733,2024-03-19 15:37:16,2024-03-23 15:37:16,Standard Class,Corporate,East,Furniture,Bookcases,571.42,4,0.225,-55.46
ORD03322,C00465,2025-03-24 16:32:32,2025-03-26 16:32:32,Second Class,Consumer,East,Technology,Phones,1001.85,6,0.157,13.54
ORD02268,C00760,2025-10-30 16:31:39,2025-11-04 16:31:39,Standard Class,Consumer,East,Office Supplies,Appliances,30.22,1,0.198,0.18
ORD00789,C00250,2025-12-12 20:43:16,2025-12-15 20:43:16,Second Class,Home Office,West,Technology,Phones,467.4,4,0.168,3.09
ORD02912,C00210,2024-06-17 01:20:56,2024-06-20 01:20:56,Standard Class,Consumer,North,Office Supplies,Binders,432.24,7,0.081,36.41
ORD01245,C00905,2024-06-21 14:41:57,2024-06-24 14:41:57,Standard Class,Home Office,West,Office Supplies,Paper,298.77,6,0.024,37.75
ORD03569,C00200,2024-01-28 07:28:04,2024-01-31 07:28:04,Standard Class,Corporate,North,Office Supplies,Appliances,146.07,5,0.046,20.65
ORD03218,C00780,2024-04-13 02:54:46,2024-04-17 02:54:46,Second Class,Corporate,West,Furniture,Tables,160.99,2,0.056,6.91
ORD03635,C00258,2025-02-09 01:00:54,2025-02-13 01:00:54,Standard Class,Corporate,North,Office Supplies,Paper,315.91,7,0.212,-12.89
ORD03259,C00099,2025-02-03 03:59:36,2025-02-03 03:59:36,Same Day,Consumer,North,Office Supplies,Appliances,455.62,8,0.292,-63.41
ORD02605,C00375,2024-09-27 18:33:30,2024-10-01 18:33:30,Standard Class,Corporate,North,Furniture,Chairs,616.67,4,0.24,-69.23
ORD02578,C00095,2024-08-14 06:25:09,2024-08-18 06:25:09,Standard Class,Corporate,South,Furniture,Chairs,1190.74,7,0.124,-8.64
ORD01048,C00709,2025-08-28 17:54:58,2025-09-01 17:54:58,Standard Class,Corporate,South,Furniture,Furnishings,350.33,5,0.272,-58.0
ORD01445,C00942,2024-12-01 19:47:40,2024-12-05 19:47:40,Second Class,Consumer,North,Technology,Phones,634.12,4,0.156,38.6
ORD03381,C00515,2025-08-13 00:33:56,2025-08-15 00:33:56,First Class,Consumer,South,Technology,Phones,272.45,3,0.26,-8.62
ORD02411,C00927,2025-12-04 03:28:19,2025-12-07 03:28:19,Standard Class,Consumer,South,Technology,Accessories,505.17,5,0.355,-39.95
ORD02706,C00835,2024-08-19 12:16:24,2024-08-23 12:16:24,Standard Class,Consumer,West,Office Supplies,Art,164.98,4,0.097,19.16
ORD00835,C00904,2024-05-27 23:58:30,2024-05-31 23:58:30,Second Class,Corporate,West,Technology,Laptops,621.6,5,0.039,78.8
ORD01434,C00663,2025-11-26 14:47:50,2025-11-29 14:47:50,Standard Class,Corporate,East,Furniture,Chairs,273.24,2,0.164,-0.73
ORD00979,C00321,2025-04-08 10:14:26,2025-04-11 10:14:26,Second Class,Corporate,North,Office Supplies,Paper,81.94,4,0.115,10.05
ORD02447,C00583,2024-07-31 08:52:49,2024-08-04 08:52:49,Second Class,Corporate,South,Office Supplies,Art,279.6,6,0.109,21.88
ORD02027,C00247,2025-03-29 22:59:13,2025-04-03 22:59:13,Standard Class,Consumer,West,Technology,Accessories,1320.9,7,0.106,21.35
ORD01648,C00495,2025-01-10 23:48:03,2025-01-13 23:48:03,Second Class,Consumer,North,Office Supplies,Art,130.05,3,0.187,1.16
ORD02997,C00724,2025-10-23 00:55:26,2025-10-26 00:55:26,Second Class,Consumer,South,Office Supplies,Paper,129.55,5,0.046,21.5
ORD03250,C00392,2024-07-05 20:30:30,2024-07-10 20:30:30,Standard Class,Consumer,West,Office Supplies,Appliances,87.65,3,0.117,3.9
ORD03626,C00458,2025-12-24 17:01:36,2025-12-29 17:01:36,Standard Class,Consumer,West,Technology,Phones,1324.74,7,0.192,235.37
ORD01313,C00329,2025-11-14 07:29:00,2025-11-18 07:29:00,Standard Class,Consumer,South,Furniture,Furnishings,394.82,3,0.345,-123.65
ORD01882,C00067,2024-05-11 21:53:56,2024-05-14 21:53:56,Second Class,Consumer,East,Technology,Laptops,885.04,6,0.126,91.38
ORD01715,C00166,2024-04-30 03:55:44,2024-05-04 03:55:44,Second Class,Corporate,South,Technology,Laptops,388.48,4,0.126,44.46
ORD03642,C00158,2025-01-24 04:54:27,2025-01-28 04:54:27,Standard Class,Consumer,East,Furniture,Tables,324.82,3,0.123,2.15
ORD03092,C00257,2024-02-02 18:50:02,2024-02-07 18:50:02,Standard Class,Consumer,North,Technology,Accessories,592.66,5,0.005,128.63
ORD03605,C00060,2024-08-06 02:56:24,2024-08-10 02:56:24,Standard Class,Consumer,North,Technology,Accessories,672.82,5,0.031,94.1
ORD00782,C00856,2024-11-13 14:54:01,2024-11-17 14:54:01,Standard Class,Corporate,East,Office Supplies,Binders,341.31,6,0.223,-22.74
ORD02126,C00747,2025-12-08 15:25:13,2025-12-12 15:25:13,Standard Class,Corporate,North,Office Supplies,Paper,506.11,7,0.186,11.7
ORD02200,C00788,2025-12-25 10:25:11,2025-12-30 10:25:11,Standard Class,Consumer,East,Technology,Accessories,827.4,6,0.052,56.56
ORD01668,C00522,2024-04-20 14:58:47,2024-04-25 14:58:47,Standard Class,Consumer,South,Technology,Accessories,998.41,7,0.163,89.34
ORD01751,C00005,2025-10-12 22:11:08,2025-10-14 22:11:08,Second Class,Home Office,West,Technology,Accessories,598.36,4,0.105,71.79
ORD03295,C00154,2024-03-07 09:04:22,2024-03-11 09:04:22,Second Class,Corporate,West,Office Supplies,Storage,169.53,5,0.004,32.42
ORD01433,C00213,2025-06-30 11:36:45,2025-07-03 11:36:45,Standard Class,Corporate,East,Technology,Phones,568.95,4,0.115,82.32
ORD01732,C00698,2025-09-09 07:39:36,2025-09-13 07:39:36,Second Class,Consumer,West,Furniture,Furnishings,882.1,5,0.243,60.8
ORD00429,C00767,2025-10-12 06:41:03,2025-10-17 06:41:03,Standard Class,Corporate,South,Furniture,Furnishings,170.16,2,0.234,-9.03
ORD02478,C00647,2024-06-12 02:16:56,2024-06-16 02:16:56,Standard Class,Home Office,East,Technology,Phones,910.62,7,0.296,-100.24
ORD00046,C00556,2025-10-14 05:11:06,2025-10-14 05:11:06,Same Day,Consumer,North,Office Supplies,Paper,116.25,5,0.101,19.94
ORD02916,C00348,2024-03-25 15:59:07,2024-03-30 15:59:07,Standard Class,Corporate,West,Technology,Accessories,893.99,5,0.155,-37.52
ORD02393,C00068,2025-01-13 18:23:54,2025-01-18 18:23:54,Standard Class,Consumer,West,Technology,Phones,1111.01,8,0.125,97.48
ORD03743,C00222,2024-12-08 18:26:01,2024-12-12 18:26:01,Standard Class,Corporate,West,Technology,Phones,469.31,4,0.103,63.36
ORD02184,C00767,2024-08-18 15:04:37,2024-08-20 15:04:37,Second Class,Consumer,West,Furniture,Furnishings,396.8,4,0.09,9.85
ORD02810,C00581,2024-01-17 03:26:25,2024-01-22 03:26:25,Standard Class,Consumer,West,Office Supplies,Binders,336.52,5,0.113,27.22
ORD03651,C00715,2025-07-17 13:39:28,2025-07-17 13:39:28,Same Day,Home Office,North,Office Supplies,Storage,417.17,8,0.18,-2.05
ORD00891,C00866,2024-09-01 23:25:32,2024-09-05 23:25:32,Standard Class,Home Office,West,Office Supplies,Appliances,178.54,3,0.277,-3.77
ORD01175,C00268,2025-04-28 00:18:19,2025-05-02 00:18:19,Standard Class,Consumer,East,Furniture,Bookcases,472.18,2,0.178,-33.78
ORD02031,C00573,2024-10-26 11:03:11,2024-10-30 11:03:11,Standard Class,Home Office,South,Office Supplies,Paper,15.09,1,0.344,-2.56
ORD00159,C00706,2024-09-29 18:29:00,2024-10-03 18:29:00,Second Class,Consumer,East,Technology,Phones,569.62,6,0.124,101.26
ORD00935,C00726,2025-10-08 23:54:16,2025-10-13 23:54:16,Standard Class,Consumer,South,Furniture,Bookcases,117.73,1,0.235,-8.54
ORD01807,C00842,2024-03-09 23:03:21,2024-03-12 23:03:21,First Class,Home Office,South,Office Supplies,Storage,240.23,6,0.115,8.04
ORD00954,C00881,2025-06-21 17:32:09,2025-06-24 17:32:09,First Class,Consumer,North,Office Supplies,Appliances,449.2,8,0.068,56.33
ORD00164,C00615,2025-06-29 03:45:14,2025-07-04 03:45:14,Standard Class,Consumer,North,Office Supplies,Art,139.49,6,0.299,-2.73
ORD02911,C00804,2024-10-04 09:27:00,2024-10-09 09:27:00,Standard Class,Corporate,East,Office Supplies,Binders,112.19,2,0.122,-1.31
ORD01010,C00706,2024-07-10 14:18:29,2024-07-15 14:18:29,Standard Class,Consumer,West,Technology,Phones,783.77,6,0.051,97.98
ORD00068,C00291,2024-01-04 20:58:47,2024-01-06 20:58:47,Second Class,Consumer,East,Technology,Laptops,596.95,4,0.329,-66.69
ORD02606,C00047,2025-11-14 20:57:59,2025-11-18 20:57:59,Second Class,Consumer,East,Office Supplies,Art,53.65,1,0.121,3.29
ORD00884,C00864,2025-11-22 20:15:18,2025-11-25 20:15:18,Standard Class,Corporate,South,Office Supplies,Art,66.63,2,0.13,4.78
ORD01783,C00537,2024-06-24 21:48:16,2024-06-24 21:48:16,Same Day,Consumer,South,Furniture,Chairs,1077.54,6,0.088,-20.24
ORD02966,C00517,2024-01-24 07:04:53,2024-01-27 07:04:53,Standard Class,Consumer,North,Office Supplies,Paper,234.97,5,0.206,-14.76
ORD01276,C00716,2024-03-30 14:43:08,2024-04-02 14:43:08,First Class,Corporate,West,Furniture,Chairs,910.88,4,0.283,-176.1
ORD02282,C00124,2024-02-19 09:06:10,2024-02-22 09:06:10,First Class,Consumer,North,Furniture,Bookcases,1441.89,7,0.262,-234.82
ORD03117,C00440,2025-08-29 17:05:38,2025-09-02 17:05:38,Standard Class,Consumer,East,Office Supplies,Binders,168.09,5,0.17,-3.82
ORD02869,C00698,2025-10-13 02:17:19,2025-10-18 02:17:19,Standard Class,Corporate,East,Technology,Laptops,813.56,8,0.107,13.2
ORD01313,C00384,2024-04-21 21:32:28,2024-04-25 21:32:28,Standard Class,Corporate,East,Office Supplies,Paper,66.56,1,0.135,0.85
ORD01550,C00655,2025-06-29 02:52:30,2025-07-02 02:52:30,First Class,Consumer,West,Office Supplies,Storage,147.14,3,0.099,4.93
ORD00625,C00535,2024-05-10 20:46:50,2024-05-15 20:46:50,Standard Class,Home Office,South,Office Supplies,Paper,83.26,2,0.166,-0.95
ORD00601,C00348,2024-09-25 01:30:05,2024-09-26 01:30:05,First Class,Corporate,West,Technology,Accessories,513.12,4,0.18,68.8
ORD01090,C00641,2025-03-13 13:11:11,2025-03-18 13:11:11,Standard Class,Consumer,East,Office Supplies,Art,214.78,8,0.159,-11.85
ORD03675,C00432,2025-06-09 13:07:02,2025-06-14 13:07:02,Standard Class,Corporate,West,Office Supplies,Binders,183.21,4,0.188,8.51
ORD03714,C00775,2025-09-30 10:19:37,2025-10-02 10:19:37,First Class,Corporate,East,Office Supplies,Storage,184.12,3,0.042,36.24
ORD03319,C00058,2024-02-02 16:37:49,2024-02-05 16:37:49,Standard Class,Corporate,West,Furniture,Chairs,135.95,1,0.061,14.76
ORD00976,C00775,2024-05-23 09:32:07,2024-05-26 09:32:07,Second Class,Corporate,West,Office Supplies,Binders,129.29,4,0.236,-3.46
ORD02306,C00727,2024-07-23 18:30:39,2024-07-28 18:30:39,Standard Class,Corporate,South,Office Supplies,Art,36.03,2,0.315,-2.85
ORD01414,C00668,2024-08-14 12:52:14,2024-08-18 12:52:14,Standard Class,Home Office,West,Office Supplies,Storage,77.26,2,0.169,3.59
ORD01074,C00251,2025-12-29 13:26:53,2026-01-01 13:26:53,Standard Class,Corporate,East,Office Supplies,Art,61.29,2,0.121,6.18
ORD00683,C00934,2025-07-21 12:07:57,2025-07-24 12:07:57,Standard Class,Corporate,South,Technology,Phones,762.29,6,0.19,22.12
ORD03736,C00620,2024-08-21 21:42:35,2024-08-25 21:42:35,Second Class,Corporate,West,Office Supplies,Paper,109.29,6,0.206,-6.92
ORD02526,C00511,2025-12-10 10:23:56,2025-12-14 10:23:56,Standard Class,Home Office,South,Office Supplies,Storage,148.36,6,0.241,-2.85
ORD02737,C00225,2024-12-30 11:51:30,2025-01-02 11:51:30,Standard Class,Home Office,East,Office Supplies,Binders,15.28,1,0.084,3.09
ORD01080,C00421,2024-12-31 12:59:08,2025-01-05 12:59:08,Standard Class,Consumer,North,Technology,Laptops,799.5,8,0.102,86.0
ORD03814,C00426,2024-11-12 14:24:13,2024-11-14 14:24:13,Second Class,Consumer,North,Furniture,Tables,961.64,5,0.171,-36.48
ORD00818,C00314,2024-04-15 01:05:03,2024-04-17 01:05:03,First Class,Corporate,West,Furniture,Bookcases,1346.41,5,0.327,-228.39
ORD00711,C00298,2025-11-13 02:12:21,2025-11-15 02:12:21,Second Class,Consumer,South,Office Supplies,Binders,348.79,8,0.271,-57.6
ORD02289,C00119,2024-01-11 04:09:49,2024-01-11 04:09:49,Same Day,Corporate,South,Office Supplies,Art,152.94,3,0.173,-7.47
ORD03640,C00686,2024-05-07 05:21:35,2024-05-12 05:21:35,Standard Class,Corporate,North,Office Supplies,Paper,82.75,5,0.111,6.51
ORD02981,C00212,2024-06-16 15:34:25,2024-06-20 15:34:25,Standard Class,Home Office,East,Office Supplies,Paper,68.4,1,0.053,7.41
ORD03707,C00448,2024-07-22 21:17:32,2024-07-27 21:17:32,Standard Class,Consumer,West,Office Supplies,Storage,158.16,4,0.235,-6.41
ORD02307,C00291,2024-04-06 05:31:30,2024-04-09 05:31:30,Standard Class,Corporate,West,Office Supplies,Binders,220.39,3,0.024,33.02
ORD00968,C00930,2024-01-14 02:41:02,2024-01-17 02:41:02,Second Class,Consumer,North,Furniture,Chairs,331.54,2,0.373,-75.0
ORD01944,C00481,2025-05-09 16:34:47,2025-05-12 16:34:47,Second Class,Consumer,East,Office Supplies,Art,174.51,5,0.176,-5.75
ORD01946,C00274,2025-12-08 14:18:34,2025-12-11 14:18:34,Standard Class,Consumer,South,Office Supplies,Paper,50.42,2,0.256,-3.33
ORD03796,C00947,2024-03-29 22:30:19,2024-04-01 22:30:19,First Class,Consumer,East,Office Supplies,Storage,151.71,8,0.255,-8.31
ORD01149,C00785,2024-08-04 11:17:48,2024-08-09 11:17:48,Standard Class,Consumer,South,Office Supplies,Art,55.1,2,0.328,-10.48
ORD01112,C00736,2025-01-04 14:54:01,2025-01-06 14:54:01,Second Class,Corporate,South,Office Supplies,Art,34.65,1,0.131,1.6
ORD01609,C00135,2025-11-08 01:50:29,2025-11-13 01:50:29,Standard Class,Corporate,South,Furniture,Bookcases,744.37,4,0.19,-77.7
ORD01844,C00843,2025-05-21 19:28:40,2025-05-25 19:28:40,Second Class,Consumer,East,Technology,Laptops,452.12,4,0.243,9.55
ORD02289,C00164,2025-07-13 07:36:57,2025-07-17 07:36:57,Standard Class,Consumer,East,Technology,Accessories,961.96,6,0.182,42.24
ORD00746,C00173,2025-02-28 05:09:46,2025-03-03 05:09:46,First Class,,South,Technology,Accessories,835.91,6,0.197,29.7
ORD03157,C00341,2024-10-31 10:28:01,2024-11-02 10:28:01,First Class,Home Office,West,Furniture,Tables,345.44,5,0.082,18.84
ORD01962,C00023,2024-05-25 20:04:09,2024-05-28 20:04:09,Standard Class,Home Office,East,Office Supplies,Appliances,177.04,5,0.155,3.22
ORD01825,C00028,2025-09-22 22:47:16,2025-09-25 22:47:16,Standard Class,Consumer,South,Office Supplies,Storage,196.72,7,0.045,23.49
ORD01894,C00003,2025-08-10 00:15:42,2025-08-12 00:15:42,Second Class,Consumer,West,Office Supplies,Storage,234.63,6,0.024,43.63
ORD03584,C00300,2024-01-19 07:46:30,2024-01-23 07:46:30,Second Class,Consumer,West,Office Supplies,Appliances,56.97,2,0.22,-1.28
ORD03009,C00477,2025-06-06 05:55:58,2025-06-09 05:55:58,Standard Class,Corporate,North,Furniture,Chairs,267.87,4,0.185,-12.43
ORD02207,C00099,2024-03-02 14:28:46,2024-03-05 14:28:46,Second Class,Consumer,East,Furniture,Chairs,841.81,6,0.21,-79.79
ORD01782,C00112,2025-06-23 10:59:59,2025-06-26 10:59:59,First Class,Consumer,South,Furniture,Chairs,592.11,3,0.241,-120.61
ORD00892,C00491,2025-08-25 22:42:40,2025-08-28 22:42:40,Second Class,Consumer,East,Furniture,Chairs,1399.43,7,0.335,-265.47
ORD00558,C00180,2024-04-05 16:07:54,2024-04-08 16:07:54,Standard Class,Consumer,North,Technology,Accessories,481.48,4,0.117,25.34
ORD03678,C00460,2024-11-12 16:48:15,2024-11-14 16:48:15,First Class,Consumer,East,Technology,Accessories,463.02,3,0.086,49.79
ORD03703,C00169,2024-03-31 08:09:59,2024-04-04 08:09:59,Standard Class,Consumer,North,Office Supplies,Paper,280.54,4,0.236,-24.29
ORD01084,C00691,2025-02-18 02:47:03,2025-02-21 02:47:03,Standard Class,Corporate,East,Office Supplies,Paper,113.76,5,0.038,10.63
ORD01045,C00678,2025-11-08 02:53:45,2025-11-10 02:53:45,Same Day,Consumer,West,Technology,Laptops,664.24,6,0.175,22.17
ORD03336,C00884,2024-02-29 00:50:04,2024-03-04 00:50:04,Standard Class,Consumer,South,Office Supplies,Binders,35.05,3,0.119,2.1
ORD00955,C00905,2024-10-17 05:34:11,2024-10-20 05:34:11,Standard Class,Corporate,West,Technology,Laptops,228.29,2,0.074,38.39
ORD02665,C00696,2025-12-11 09:04:17,2025-12-15 09:04:17,Second Class,Consumer,West,Technology,Laptops,164.23,1,0.154,14.14
ORD03516,C00115,2024-08-07 16:37:15,2024-08-09 16:37:15,First Class,Corporate,West,Office Supplies,Storage,233.02,4,0.109,29.36
ORD03613,C00516,2024-04-06 12:26:12,2024-04-10 12:26:12,Standard Class,Home Office,North,Furniture,Tables,1299.52,8,0.09,222.57
ORD02584,C00102,2024-12-22 15:59:32,2024-12-25 15:59:32,Standard Class,Consumer,West,Office Supplies,Storage,267.77,8,0.052,39.02
ORD00450,C00642,2025-01-06 02:41:15,2025-01-10 02:41:15,Standard Class,Home Office,North,Office Supplies,Binders,248.69,5,0.126,22.93
ORD03455,C00313,2025-04-28 21:22:51,2025-05-03 21:22:51,Standard Class,Corporate,South,Furniture,Bookcases,448.45,5,0.423,-122.58
ORD00779,C00459,2024-08-17 00:40:55,2024-08-20 00:40:55,Standard Class,Corporate,West,Furniture,Tables,432.5,5,0.13,14.01
ORD01123,C00606,2025-11-28 14:31:10,2025-12-03 14:31:10,Standard Class,Consumer,East,Office Supplies,Storage,29.64,2,0.146,-1.32
ORD00692,C00385,2025-01-15 08:19:06,2025-01-18 08:19:06,First Class,Consumer,East,Furniture,Chairs,929.32,4,0.195,-173.8
ORD00205,C00351,2024-07-28 02:32:16,2024-08-01 02:32:16,Second Class,Consumer,South,Technology,Laptops,1018.57,8,0.1,10.42
ORD00753,C00424,2025-12-02 00:11:00,2025-12-04 00:11:00,First Class,Home Office,West,Office Supplies,Paper,251.78,5,0.236,-17.84
ORD01690,C00265,2025-11-06 02:38:37,2025-11-07 02:38:37,First Class,Corporate,East,Technology,Phones,297.45,2,0.127,46.78
ORD00055,C00215,2024-12-30 09:22:00,2025-01-02 09:22:00,First Class,Consumer,South,Office Supplies,Art,17.58,1,0.159,0.23
ORD00956,C00110,2024-01-19 03:32:17,2024-01-23 03:32:17,Second Class,Consumer,West,Office Supplies,Appliances,271.32,7,0.218,-11.83
ORD00587,C00058,2025-03-11 18:19:14,2025-03-15 18:19:14,Standard Class,Consumer,North,Technology,Accessories,1372.12,8,0.129,170.47
ORD02847,C00435,2025-02-09 07:04:10,2025-02-11 07:04:10,First Class,Consumer,North,Office Supplies,Binders,59.26,1,0.319,-6.31
ORD02666,C00617,2024-04-18 04:36:42,2024-04-22 04:36:42,Standard Class,Corporate,East,Office Supplies,Appliances,177.33,4,0.164,-8.55
ORD00839,C00034,2025-04-07 19:14:38,2025-04-12 19:14:38,Standard Class,Consumer,West,Office Supplies,Paper,157.82,7,0.202,1.47
ORD03376,C00456,2025-09-05 18:42:12,2025-09-10 18:42:12,Standard Class,Corporate,North,Technology,Phones,410.52,3,0.346,-24.19
ORD00305,C00597,2024-03-18 07:19:21,2024-03-22 07:19:21,Standard Class,Corporate,North,Technology,Laptops,259.48,2,0.332,2.9
ORD00619,C00813,2025-06-12 00:36:45,2025-06-17 00:36:45,Standard Class,Corporate,North,Office Supplies,Paper,105.14,4,0.014,15.6
ORD01844,C00782,2024-04-12 10:44:59,2024-04-15 10:44:59,Second Class,Corporate,West,Furniture,Chairs,395.9,4,,9.52
ORD03544,C00519,2025-06-30 15:26:10,2025-07-03 15:26:10,Standard Class,Consumer,North,Furniture,Bookcases,282.34,4,0.196,-22.5
ORD01100,C00920,2024-11-01 22:52:58,2024-11-05 22:52:58,Standard Class,Corporate,East,Office Supplies,Paper,349.09,8,0.004,91.05
ORD03758,C00843,2024-01-05 18:04:23,2024-01-10 18:04:23,Standard Class,Corporate,West,Office Supplies,Appliances,386.29,8,0.034,43.52
ORD00993,C00306,2025-12-06 08:22:59,2025-12-09 08:22:59,First Class,Consumer,North,Office Supplies,Binders,114.67,5,0.045,17.57
ORD02468,C00424,2024-05-01 03:48:03,2024-05-04 03:48:03,Standard Class,Consumer,East,Furniture,Furnishings,115.68,1,0.08,5.86
ORD01227,C00784,2025-03-11 02:39:55,2025-03-16 02:39:55,Standard Class,Consumer,East,Technology,Laptops,450.72,3,0.153,62.77
ORD02329,C00677,2024-05-12 11:19:24,2024-05-16 11:19:24,Second Class,Consumer,West,Office Supplies,Paper,87.83,2,0.122,10.62
ORD01194,C00482,2025-11-12 02:34:00,2025-11-13 02:34:00,First Class,Consumer,South,Office Supplies,Storage,24.08,1,0.223,-2.47
ORD00956,C00469,2025-06-22 23:27:48,2025-06-26 23:27:48,Standard Class,Consumer,South,Office Supplies,Appliances,92.71,4,0.159,-1.2
ORD01724,C00255,2025-08-10 04:24:11,2025-08-14 04:24:11,Second Class,Corporate,North,Technology,Phones,136.4,1,0.082,32.32
ORD01289,C00491,2024-11-11 10:02:23,2024-11-15 10:02:23,Standard Class,Consumer,East,Technology,Laptops,762.53,5,0.178,41.11
ORD02250,C00092,2024-12-07 04:31:32,2024-12-10 04:31:32,First Class,Consumer,West,Office Supplies,Storage,99.95,3,0.153,6.88
ORD01912,C00765,2025-04-08 00:57:23,2025-04-11 00:57:23,Second Class,Consumer,North,Office Supplies,Appliances,329.43,6,0.109,6.15
ORD02100,C00425,2025-07-26 21:03:20,2025-07-28 21:03:20,Second Class,Consumer,South,Office Supplies,Paper,289.7,5,0.26,-29.06
ORD00580,C00377,2025-09-10 07:04:54,2025-09-14 07:04:54,Standard Class,Home Office,West,Technology,Laptops,816.45,8,0.1,80.21
ORD02321,C00824,2024-01-14 00:30:01,2024-01-17 00:30:01,Second Class,Consumer,North,Furniture,Furnishings,835.84,4,0.155,14.19
ORD02836,C00947,2025-04-29 09:35:42,2025-05-03 09:35:42,Standard Class,Consumer,South,Office Supplies,Paper,81.66,2,0.156,3.06
ORD00502,C00900,2024-03-20 16:12:10,2024-03-23 16:12:10,Standard Class,Consumer,East,Furniture,Chairs,1470.42,8,0.162,27.71
ORD00783,C00813,2024-07-29 04:33:51,2024-08-02 04:33:51,Second Class,Consumer,South,Technology,Accessories,349.01,3,0.238,-23.74
ORD00234,C00439,2025-08-28 11:35:21,2025-08-31 11:35:21,Second Class,Corporate,South,Furniture,Bookcases,619.44,7,0.151,-9.94
ORD00883,C00720,2024-07-01 20:59:26,2024-07-05 20:59:26,Standard Class,Corporate,South,Furniture,Bookcases,1239.48,7,0.285,-199.56
ORD03633,C00734,2025-08-04 16:14:07,2025-08-06 16:14:07,First Class,Consumer,North,Furniture,Tables,1349.44,8,0.163,-191.36
ORD00373,C00620,2024-12-03 23:53:48,2024-12-07 23:53:48,Standard Class,Corporate,East,Furniture,Furnishings,556.87,6,0.306,-80.48
ORD00870,C00203,2024-06-18 19:51:56,2024-06-22 19:51:56,Second Class,Consumer,East,Office Supplies,Storage,226.41,5,0.035,42.2
ORD00541,C00236,2024-08-31 23:57:29,2024-09-04 23:57:29,Standard Class,Corporate,East,Office Supplies,Art,231.23,4,0.22,7.57
ORD03238,C00707,2025-01-22 11:04:59,2025-01-25 11:04:59,Standard Class,Corporate,North,Office Supplies,Appliances,232.63,4,0.211,-6.24
ORD02262,C00012,2025-07-12 13:22:42,2025-07-14 13:22:42,First Class,Consumer,West,Office Supplies,Appliances,337.9,7,0.094,41.49
ORD00258,C00021,2025-03-18 09:23:49,2025-03-22 09:23:49,Standard Class,Corporate,North,Furniture,Tables,497.7,5,0.076,35.46
ORD00921,C00650,2025-11-12 06:04:54,2025-11-14 06:04:54,First Class,Corporate,West,Technology,Phones,131.31,1,0.113,10.99
ORD02636,C00397,2025-09-25 10:47:11,2025-09-28 10:47:11,Standard Class,Consumer,South,Office Supplies,Art,44.06,3,0.225,-4.29
ORD02934,C00866,2025-07-03 22:45:13,2025-07-06 22:45:13,Second Class,Home Office,West,Furniture,Bookcases,1836.5,8,0.147,-27.27
ORD02352,C00731,2025-03-16 06:26:14,2025-03-19 06:26:14,Standard Class,Home Office,North,Technology,Accessories,322.98,2,0.055,50.08
ORD02206,C00239,2024-07-30 14:16:25,2024-08-02 14:16:25,Second Class,Consumer,North,Technology,Laptops,611.45,4,0.136,59.11
ORD01804,C00348,2024-10-28 04:15:14,2024-10-31 04:15:14,First Class,Corporate,East,Office Supplies,Art,89.08,7,0.229,-5.79
ORD03265,C00245,2024-03-27 19:01:40,2024-03-31 19:01:40,Second Class,Corporate,North,Furniture,Furnishings,660.18,3,0.063,44.85
ORD01458,C00098,2024-09-30 03:42:15,2024-10-05 03:42:15,Standard Class,Consumer,North,Furniture,Tables,1205.04,6,0.119,-47.8
ORD03763,C00282,2025-11-07 07:47:37,2025-11-09 07:47:37,Second Class,Consumer,East,Technology,Laptops,1074.82,7,0.147,156.99
ORD03371,C00922,2024-11-06 21:27:14,2024-11-10 21:27:14,Second Class,Home Office,West,Office Supplies,Paper,192.85,3,0.06,6.53
ORD03622,C00945,2024-03-24 00:31:44,2024-03-27 00:31:44,Standard Class,Corporate,North,Office Supplies,Appliances,290.06,8,0.137,11.02
ORD02742,C00284,2025-04-20 21:49:53,2025-04-23 21:49:53,Second Class,Consumer,West,Office Supplies,Binders,143.46,4,0.384,-26.47
ORD01345,C00495,2025-12-03 17:00:45,2025-12-07 17:00:45,Second Class,Consumer,West,Office Supplies,Art,68.9,3,0.414,-14.39
ORD02522,C00041,2025-09-25 06:26:09,2025-09-27 06:26:09,Second Class,Consumer,West,Furniture,Chairs,131.97,2,0.231,-16.61
ORD01797,C00170,2024-07-19 01:49:10,2024-07-22 01:49:10,Standard Class,Home Office,East,Office Supplies,Appliances,43.15,3,0.131,-1.13
ORD03617,C00388,2024-11-27 08:16:24,2024-12-01 08:16:24,Standard Class,Corporate,East,Technology,Laptops,722.33,5,0.275,-19.57
ORD03538,C00419,2025-01-22 15:24:33,2025-01-22 15:24:33,Same Day,Consumer,East,Office Supplies,Appliances,60.4,2,0.137,1.67
ORD00262,C00662,2024-06-29 22:08:56,2024-07-02 22:08:56,Second Class,Home Office,East,Office Supplies,Art,48.87,3,0.151,2.04
ORD02939,C00327,2024-07-15 03:29:00,2024-07-20 03:29:00,Standard Class,Corporate,West,Office Supplies,Storage,101.1,6,0.009,8.85
ORD02921,C00365,2024-06-21 18:19:28,2024-06-22 18:19:28,Same Day,Consumer,North,Technology,Phones,1102.59,8,0.257,66.98
ORD02384,C00725,2025-12-27 01:03:51,2025-12-30 01:03:51,Standard Class,Consumer,South,Technology,Laptops,948.17,6,0.098,97.73
ORD03774,C00855,2025-06-28 14:10:12,2025-07-01 14:10:12,Standard Class,Corporate,North,Furniture,Bookcases,714.37,5,0.311,-215.71
ORD00307,C00626,2025-09-05 19:48:13,2025-09-07 19:48:13,Second Class,Consumer,West,Technology,Laptops,990.6,6,0.063,170.34
ORD03788,C00203,2025-08-19 02:17:05,2025-08-23 02:17:05,Second Class,Consumer,South,Office Supplies,Art,193.75,4,0.122,2.68
ORD00017,C00420,2025-12-01 04:11:36,2025-12-02 04:11:36,Same Day,Corporate,East,Furniture,Bookcases,647.22,3,0.105,-23.19
ORD00677,C00550,2024-03-17 20:28:19,2024-03-21 20:28:19,Second Class,Home Office,West,Technology,Accessories,1029.95,6,0.054,234.07
ORD02518,C00258,2025-10-05 14:12:01,2025-10-10 14:12:01,Standard Class,Consumer,West,Technology,Accessories,282.44,2,0.127,41.73
ORD03158,C00102,2024-02-18 14:06:40,2024-02-23 14:06:40,Standard Class,Home Office,North,Office Supplies,Storage,525.5,8,0.264,-30.09
ORD03530,C00799,2024-12-13 01:22:34,2024-12-16 01:22:34,Standard Class,Home Office,West,Office Supplies,Art,132.02,4,0.022,20.29
ORD00230,C00113,2025-03-09 22:28:40,2025-03-10 22:28:40,First Class,Consumer,West,Office Supplies,Art,461.59,7,0.117,40.21
ORD03212,C00110,2024-09-18 05:43:34,2024-09-21 05:43:34,Standard Class,Consumer,North,Office Supplies,Binders,30.34,1,0.175,-1.93
ORD02699,C00186,2024-04-16 16:57:18,2024-04-20 16:57:18,Standard Class,Corporate,East,Technology,Phones,483.35,4,0.117,54.75
ORD01566,C00001,2024-05-20 09:07:09,2024-05-24 09:07:09,Standard Class,Corporate,South,Technology,Phones,590.66,4,0.159,63.53
ORD02501,C00207,2025-08-25 00:06:59,2025-08-30 00:06:59,Standard Class,Consumer,East,Technology,Accessories,465.52,3,0.189,40.42
ORD01544,C00103,2024-08-20 16:02:33,2024-08-23 16:02:33,Standard Class,Corporate,East,Office Supplies,Art,312.57,5,0.068,16.17
ORD01777,C00626,2024-08-14 13:03:48,2024-08-16 13:03:48,Second Class,Corporate,North,Office Supplies,Paper,347.81,6,0.031,50.58
ORD00811,C00850,2025-11-05 01:17:59,2025-11-09 01:17:59,Standard Class,Corporate,North,Furniture,Bookcases,1423.21,8,0.267,-249.63
ORD01344,C00806,2024-04-15 00:38:10,2024-04-16 00:38:10,Same Day,Corporate,North,Technology,Phones,1040.71,7,0.216,28.88
ORD02587,C00542,2025-10-30 03:28:35,2025-11-01 03:28:35,First Class,Consumer,North,Office Supplies,Appliances,111.52,2,0.023,12.32
ORD00933,C00822,2025-11-03 07:24:09,2025-11-08 07:24:09,Standard Class,Consumer,East,Office Supplies,Art,177.65,8,0.052,13.18
ORD03096,C00381,2025-03-12 22:45:53,2025-03-15 22:45:53,First Class,Consumer,South,Office Supplies,Art,55.98,4,0.148,1.57
ORD01363,C00597,2024-04-30 20:06:56,2024-05-03 20:06:56,Standard Class,Home Office,North,Office Supplies,Art,152.99,4,0.138,1.31
ORD03600,C00311,2024-04-23 18:40:56,2024-04-26 18:40:56,Standard Class,Home Office,East,Technology,Accessories,161.96,1,0.031,23.72
ORD00388,C00387,2024-07-26 20:17:45,2024-07-29 20:17:45,Standard Class,Corporate,East,Office Supplies,Appliances,298.66,6,0.255,-15.99
ORD01368,C00113,2025-02-25 12:19:19,2025-02-26 12:19:19,First Class,Consumer,East,Office Supplies,Art,477.05,8,0.046,24.65
ORD01179,C00252,2024-04-22 03:18:24,2024-04-24 03:18:24,Second Class,Corporate,West,Furniture,Chairs,262.44,3,0.067,11.95
ORD02225,C00088,2024-11-28 15:07:36,2024-12-02 15:07:36,Standard Class,Consumer,South,Technology,Laptops,929.9,7,0.098,35.24
ORD01980,C00279,2024-03-25 07:23:09,2024-03-27 07:23:09,Second Class,Consumer,West,Office Supplies,Art,51.6,1,0.107,0.68
ORD00253,C00661,2025-01-29 09:46:40,2025-02-01 09:46:40,Second Class,Consumer,North,Office Supplies,Paper,459.92,8,0.206,14.84
ORD02007,C00430,2024-01-16 10:30:47,2024-01-19 10:30:47,Second Class,Corporate,East,Office Supplies,Appliances,102.91,3,0.22,-5.82
ORD02078,C00826,2025-06-01 14:18:49,2025-06-05 14:18:49,Standard Class,Consumer,West,Technology,Phones,695.53,4,0.237,-17.61
ORD02250,C00597,2024-02-10 10:31:39,2024-02-13 10:31:39,First Class,Corporate,West,Office Supplies,Art,63.26,1,0.133,5.58
ORD02084,C00932,2024-05-22 05:16:42,2024-05-24 05:16:42,Second Class,Home Office,East,Office Supplies,Art,374.41,8,0.141,39.56
ORD02836,C00527,2024-05-07 11:43:06,2024-05-10 11:43:06,Standard Class,Corporate,East,Office Supplies,Appliances,108.69,5,0.146,4.37
ORD02809,C00636,2025-08-29 15:00:59,2025-09-01 15:00:59,First Class,Consumer,South,Office Supplies,Storage,89.38,8,0.144,5.51
ORD00455,C00723,2024-02-08 23:15:05,2024-02-12 23:15:05,Standard Class,Home Office,East,Technology,Laptops,347.7,3,0.071,42.12
ORD02486,C00176,2024-11-09 08:37:45,2024-11-13 08:37:45,Second Class,Corporate,West,Technology,Phones,144.66,1,0.011,30.79
ORD03315,C00122,2025-03-07 12:50:22,2025-03-09 12:50:22,Second Class,Consumer,West,Furniture,Furnishings,1221.43,6,0.326,-211.78
ORD01818,C00438,2025-01-11 16:14:31,2025-01-14 16:14:31,Standard Class,Corporate,East,Office Supplies,Paper,84.08,2,0.058,10.3
ORD01427,C00108,2025-05-11 22:07:06,2025-05-15 22:07:06,Standard Class,Home Office,North,Office Supplies,Appliances,249.14,5,0.149,18.55
ORD02033,C00914,2025-08-09 06:20:06,2025-08-12 06:20:06,Second Class,Consumer,East,Office Supplies,Art,13.09,1,0.125,-0.24
ORD00746,C00941,2024-10-14 08:24:20,2024-10-15 08:24:20,First Class,Consumer,North,Office Supplies,Art,30.46,2,0.126,0.34
ORD01770,C00180,2025-08-27 14:22:37,2025-08-29 14:22:37,First Class,Consumer,North,Office Supplies,Binders,272.56,6,0.093,16.19
ORD00700,C00300,2024-08-20 03:12:14,2024-08-22 03:12:14,Second Class,Consumer,South,Office Supplies,Storage,270.41,6,0.179,-16.16
ORD01400,C00215,2025-12-19 15:05:09,2025-12-23 15:05:09,Standard Class,Corporate,East,Office Supplies,Binders,104.68,2,0.282,-8.72
ORD03143,C00922,2025-01-03 07:17:58,2025-01-08 07:17:58,Standard Class,Consumer,North,Technology,Laptops,266.76,2,0.168,19.68
ORD03588,C00771,2025-06-21 06:57:13,2025-06-24 06:57:13,Second Class,Consumer,North,Furniture,Tables,1779.24,7,0.231,-159.88
ORD01864,C00275,2025-09-30 18:05:11,2025-10-05 18:05:11,Standard Class,Consumer,North,Furniture,Furnishings,197.69,1,0.075,5.83
ORD03641,C00705,2025-08-01 15:14:59,2025-08-04 15:14:59,Second Class,Consumer,West,Office Supplies,Appliances,103.72,2,0.313,-5.26
ORD01005,C00062,2025-09-13 07:49:33,2025-09-17 07:49:33,Standard Class,Consumer,East,Furniture,Chairs,837.82,8,0.209,-57.23
ORD00985,C00143,2025-01-26 15:43:04,2025-01-29 15:43:04,Standard Class,Corporate,North,Furniture,Furnishings,322.42,5,0.252,-38.26
ORD03632,C00482,2024-02-01 17:40:59,2024-02-03 17:40:59,Second Class,Consumer,North,Office Supplies,Paper,43.03,1,0.118,2.65
ORD02423,C00303,2024-12-25 22:49:24,2024-12-28 22:49:24,Second Class,Consumer,East,Office Supplies,Binders,337.96,8,0.426,-64.28
ORD02286,C00188,2024-05-12 11:51:07,2024-05-16 11:51:07,Second Class,Home Office,South,Office Supplies,Paper,50.95,3,0.203,-1.43
ORD01409,C00489,2025-10-11 01:19:21,2025-10-15 01:19:21,Standard Class,Home Office,East,Technology,Accessories,673.66,6,0.073,71.26
ORD02474,C00854,2024-06-21 19:46:12,2024-06-24 19:46:12,First Class,Consumer,South,Technology,Laptops,934.55,6,0.071,196.51
ORD03668,C00494,2024-06-15 11:47:00,2024-06-18 11:47:00,Standard Class,Consumer,West,Office Supplies,Art,50.22,3,0.017,8.83
ORD00967,C00411,2024-07-01 01:16:13,2024-07-04 01:16:13,Second Class,Consumer,South,Furniture,Chairs,565.82,3,0.264,-110.09
ORD02969,C00109,2025-04-14 01:45:39,2025-04-18 01:45:39,Second Class,Consumer,East,Office Supplies,Paper,339.45,5,0.096,-2.62
ORD01559,C00419,2025-02-20 23:59:45,2025-02-25 23:59:45,Standard Class,Consumer,North,Furniture,Tables,786.26,4,0.26,-69.17
ORD01369,C00808,2025-11-23 15:41:31,2025-11-26 15:41:31,Second Class,Home Office,West,Office Supplies,Art,30.53,2,0.258,-0.13
ORD01197,C00370,2024-10-30 20:55:03,2024-11-02 20:55:03,Second Class,Corporate,West,Office Supplies,Storage,339.96,6,0.102,33.37
ORD03360,C00814,2024-07-25 01:30:48,2024-07-28 01:30:48,Standard Class,Consumer,East,Technology,Phones,912.4,6,0.034,188.9
ORD00959,C00106,2024-02-05 22:55:55,2024-02-09 22:55:55,Second Class,Home Office,South,Office Supplies,Binders,135.56,5,0.346,-18.66
ORD01663,C00595,2024-01-06 03:58:11,2024-01-09 03:58:11,Standard Class,Consumer,North,Technology,Phones,840.6,6,0.11,
ORD03505,C00592,2024-09-29 17:43:10,2024-10-02 17:43:10,First Class,Consumer,West,Technology,Laptops,510.29,5,0.239,-36.33
ORD01902,C00273,2025-11-06 20:19:14,2025-11-11 20:19:14,Standard Class,Consumer,East,Technology,Accessories,1198.84,8,0.082,126.06
ORD00502,C00147,2025-01-17 08:09:05,2025-01-22 08:09:05,Standard Class,Consumer,North,Technology,Accessories,1203.34,8,0.041,257.65
ORD03807,C00664,2025-10-14 06:57:15,2025-10-16 06:57:15,Second Class,Home Office,South,Technology,Laptops,815.29,8,0.198,35.54
ORD00349,C00608,2024-03-15 05:17:30,2024-03-18 05:17:30,Standard Class,Consumer,South,Office Supplies,Binders,64.55,1,0.158,-0.42
ORD03495,C00376,2024-03-09 02:59:02,2024-03-09 02:59:02,Same Day,Corporate,West,Office Supplies,Binders,40.91,1,0.168,-0.25
ORD01483,C00380,2025-08-31 10:11:37,2025-09-03 10:11:37,Standard Class,Consumer,East,Technology,Phones,624.22,4,0.067,98.18
ORD02540,C00867,2024-03-18 22:07:13,2024-03-21 22:07:13,Standard Class,Home Office,East,Furniture,Chairs,1445.68,6,0.114,-11.49
ORD02565,C00810,2024-02-07 22:22:18,2024-02-11 22:22:18,Standard Class,Corporate,East,Office Supplies,Art,37.71,2,0.325,-5.12
ORD01045,C00369,2024-10-21 23:42:14,2024-10-24 23:42:14,Standard Class,Consumer,South,Furniture,Furnishings,184.63,1,0.369,-42.73
ORD01232,C00494,2025-11-06 03:13:46,2025-11-11 03:13:46,Standard Class,Consumer,South,Office Supplies,Art,47.64,1,0.145,-0.97
ORD00520,C00394,2025-05-18 05:59:48,2025-05-21 05:59:48,Standard Class,Home Office,North,Technology,Laptops,600.54,5,0.027,136.17
ORD00789,C00844,2024-03-13 08:27:44,2024-03-16 08:27:44,Standard Class,Consumer,West,Furniture,Tables,2198.72,8,0.112,25.58
ORD00214,C00456,2025-09-03 02:32:09,2025-09-08 02:32:09,Standard Class,Consumer,South,Furniture,Chairs,322.03,4,0.168,-11.16
ORD00213,C00025,2025-09-07 19:25:59,2025-09-10 19:25:59,Standard Class,Home Office,South,Office Supplies,Paper,54.76,6,0.26,-4.73
ORD01625,C00102,2025-08-07 12:12:12,2025-08-11 12:12:12,Standard Class,Consumer,North,Office Supplies,Binders,18.93,1,0.113,2.51
ORD03247,C00689,2025-10-20 22:28:59,2025-10-24 22:28:59,Standard Class,Consumer,North,Office Supplies,Appliances,65.69,2,0.144,3.93
ORD01534,C00034,2024-06-24 02:39:46,2024-06-28 02:39:46,Standard Class,Consumer,East,Office Supplies,Art,92.43,6,0.091,8.92
ORD02872,C00531,2025-12-16 02:04:41,2025-12-19 02:04:41,Standard Class,Consumer,North,Furniture,Furnishings,377.49,4,0.101,15.43
ORD01274,C00523,2024-08-22 02:35:57,2024-08-26 02:35:57,Standard Class,Consumer,North,Office Supplies,Paper,56.98,1,0.254,1.74
ORD02515,C00161,2025-08-08 11:29:36,2025-08-13 11:29:36,Standard Class,Consumer,West,Technology,Laptops,261.73,2,,-41.74
ORD02033,C00628,2025-02-26 22:28:01,2025-03-02 22:28:01,Standard Class,Consumer,South,Technology,Phones,944.19,7,0.317,-78.09
ORD02859,C00101,2025-07-23 00:26:47,2025-07-26 00:26:47,First Class,Consumer,South,Technology,Accessories,573.75,6,0.159,32.27
ORD02648,C00877,2025-04-03 07:23:46,2025-04-07 07:23:46,Standard Class,Consumer,South,Technology,Accessories,726.75,7,0.212,-61.18
ORD03281,C00700,2025-04-14 00:18:25,2025-04-17 00:18:25,Standard Class,Home Office,West,Office Supplies,Appliances,190.6,3,0.031,27.82
ORD02160,C00155,2025-03-25 21:17:50,2025-03-27 21:17:50,Second Class,Corporate,South,Furniture,Bookcases,1044.58,8,0.163,-6.0
ORD01037,C00357,2025-07-22 16:00:58,2025-07-25 16:00:58,Standard Class,Consumer,East,Technology,Laptops,1030.26,8,0.071,174.07
ORD00327,C00851,2025-06-23 12:01:57,2025-06-26 12:01:57,Standard Class,Consumer,West,Office Supplies,Storage,214.22,3,0.167,18.72
ORD03084,C00073,2024-04-08 05:21:16,2024-04-12 05:21:16,Second Class,Corporate,East,Technology,Accessories,279.4,2,0.098,43.8
ORD00786,C00268,2025-08-26 00:28:53,2025-08-30 00:28:53,Second Class,Consumer,South,Office Supplies,Appliances,258.47,8,0.16,5.99
ORD00402,C00660,2025-01-26 07:54:43,2025-01-27 07:54:43,Same Day,Consumer,East,Office Supplies,Appliances,154.88,3,0.124,13.64
ORD01660,C00480,2024-08-23 20:25:17,2024-08-24 20:25:17,First Class,Corporate,South,Office Supplies,Paper,48.22,4,0.049,5.67
ORD03639,C00277,2025-01-10 09:11:04,2025-01-13 09:11:04,Second Class,Consumer,South,Furniture,Furnishings,1472.19,8,0.177,-113.9
ORD01253,C00155,2025-12-06 21:33:01,2025-12-09 21:33:01,Second Class,Corporate,East,Furniture,Tables,474.91,3,0.089,11.6
ORD02203,C00285,2025-09-18 00:39:50,2025-09-22 00:39:50,Standard Class,Home Office,South,Furniture,Bookcases,589.13,8,0.18,-102.75
ORD01814,C00433,2025-08-31 14:23:52,2025-09-02 14:23:52,First Class,Corporate,North,Furniture,Bookcases,261.0,2,0.252,-10.46
ORD02978,C00078,2024-12-03 20:14:41,2024-12-06 20:14:41,Second Class,Consumer,South,Office Supplies,Art,108.24,3,0.121,2.94
ORD03184,C00570,2025-07-26 10:05:42,2025-07-29 10:05:42,Standard Class,Consumer,North,Office Supplies,Appliances,162.1,4,0.158,-3.95
ORD01900,C00402,2024-10-08 02:46:04,2024-10-11 02:46:04,Standard Class,Consumer,South,Office Supplies,Storage,193.78,4,0.11,5.73
ORD01694,C00247,2025-05-15 21:37:09,2025-05-17 21:37:09,Second Class,Corporate,East,Furniture,Bookcases,450.04,2,0.067,57.9
ORD01561,C00867,2025-04-11 21:08:54,2025-04-15 21:08:54,Standard Class,Home Office,West,Technology,Accessories,1278.51,8,0.112,156.39
ORD02756,C00806,2024-07-01 08:28:23,2024-07-04 08:28:23,First Class,Home Office,North,Technology,Laptops,1024.82,6,0.059,177.48
ORD02753,C00817,2024-07-13 12:26:14,2024-07-18 12:26:14,Standard Class,Consumer,East,Technology,Phones,967.06,6,0.057,243.89
ORD01015,C00892,2024-02-14 15:03:09,2024-02-16 15:03:09,First Class,Corporate,South,Office Supplies,Art,68.3,6,0.069,8.22
ORD01285,C00315,2024-04-12 00:44:33,2024-04-17 00:44:33,Standard Class,Consumer,North,Office Supplies,Storage,112.27,6,0.168,0.05
ORD02799,C00333,2024-11-12 12:59:55,2024-11-15 12:59:55,Second Class,Corporate,North,Technology,Accessories,595.19,6,0.282,-68.37
ORD02340,C00292,2024-12-14 20:24:35,2024-12-19 20:24:35,Standard Class,Consumer,North,Office Supplies,Paper,81.12,6,0.32,-7.64
ORD02854,C00226,2024-04-30 12:54:54,2024-05-04 12:54:54,Standard Class,Consumer,North,Office Supplies,Art,247.99,6,0.068,18.14
ORD00006,C00823,2024-10-31 07:54:06,2024-11-04 07:54:06,Standard Class,Consumer,South,Furniture,Tables,823.18,8,0.122,12.37
ORD03451,C00319,2025-03-17 01:11:24,2025-03-22 01:11:24,Standard Class,Home Office,South,Technology,Phones,347.67,2,0.218,-1.33
ORD03268,C00702,2024-06-18 18:37:31,2024-06-23 18:37:31,Standard Class,Consumer,East,Technology,Laptops,681.83,5,0.166,53.81
ORD03478,C00919,2024-09-03 21:54:37,2024-09-05 21:54:37,First Class,Consumer,North,Office Supplies,Storage,39.57,2,0.143,3.03
ORD00651,C00194,2024-09-25 06:48:24,2024-09-29 06:48:24,Standard Class,Consumer,North,Office Supplies,Binders,119.25,2,0.198,-10.88
ORD02197,C00295,2025-01-03 16:32:38,2025-01-05 16:32:38,Second Class,Consumer,North,Furniture,Chairs,1338.67,8,0.28,-176.18
ORD02393,C00853,2024-09-24 11:11:44,2024-09-27 11:11:44,Second Class,Home Office,East,Office Supplies,Appliances,56.3,4,0.109,3.46
ORD01128,C00382,2025-06-21 23:16:10,2025-06-25 23:16:10,Standard Class,Consumer,South,Furniture,Tables,465.05,6,0.191,-29.65
ORD03335,C00866,2024-08-27 01:43:20,2024-08-28 01:43:20,First Class,Consumer,East,Office Supplies,Paper,270.14,6,0.083,29.27
ORD00232,C00552,2024-11-12 17:52:16,2024-11-16 17:52:16,Second Class,Corporate,North,Office Supplies,Storage,32.22,1,0.064,3.67
ORD02654,C00324,2024-10-04 00:12:38,2024-10-08 00:12:38,Second Class,Consumer,North,Furniture,Chairs,618.52,4,0.331,-131.37
ORD02229,C00430,2024-05-13 12:41:05,2024-05-16 12:41:05,First Class,Consumer,West,Technology,Accessories,349.1,2,0.16,8.88
ORD01848,C00848,2025-05-15 14:13:24,2025-05-19 14:13:24,Second Class,Consumer,North,Furniture,Chairs,591.54,3,0.138,-47.6
ORD03007,C00042,2024-06-20 21:01:00,2024-06-21 21:01:00,Same Day,Consumer,North,Technology,Laptops,344.67,2,0.147,30.27
ORD01968,C00630,2025-08-01 17:00:51,2025-08-05 17:00:51,Standard Class,Consumer,North,Office Supplies,Storage,290.09,6,0.167,11.13
ORD00263,C00807,2025-11-23 15:59:27,2025-11-28 15:59:27,Standard Class,Consumer,West,Technology,Phones,313.81,2,0.092,38.11
ORD01713,C00831,2025-05-04 17:10:19,2025-05-06 17:10:19,Second Class,Consumer,East,Office Supplies,Storage,83.38,4,0.069,11.29
ORD03641,C00518,2025-10-30 22:25:02,2025-11-02 22:25:02,Standard Class,Corporate,East,Furniture,Chairs,405.06,3,0.065,18.82
ORD00135,C00366,2025-09-15 13:25:11,2025-09-18 13:25:11,Second Class,Home Office,West,Technology,Phones,1131.15,8,0.087,155.87
ORD00234,C00934,2024-12-17 01:33:02,2024-12-21 01:33:02,Standard Class,Home Office,North,Technology,Phones,1001.17,7,0.06,96.02
ORD03019,C00378,2025-07-16 07:29:02,2025-07-20 07:29:02,Standard Class,Consumer,West,Office Supplies,Art,112.93,3,0.181,-1.48
ORD00425,C00374,2024-08-27 16:53:17,2024-08-28 16:53:17,First Class,Consumer,North,Technology,Laptops,381.36,3,0.125,54.87
ORD03729,C00478,2024-12-02 03:54:30,2024-12-05 03:54:30,Standard Class,Home Office,East,Office Supplies,Storage,205.56,6,0.324,-14.08
ORD02113,C00461,2025-01-25 20:49:03,2025-01-30 20:49:03,Standard Class,Corporate,South,Furniture,Chairs,925.07,6,0.303,-172.1
ORD02810,C00251,2025-12-02 03:50:15,2025-12-05 03:50:15,Second Class,Consumer,South,Technology,Phones,573.4,5,0.107,79.18
ORD02728,C00378,2025-09-11 10:46:47,2025-09-14 10:46:47,Second Class,Consumer,West,Office Supplies,Appliances,61.01,1,0.211,2.69
ORD03505,C00510,2024-12-23 03:42:43,2024-12-24 03:42:43,First Class,Consumer,North,Office Supplies,Paper,32.17,1,0.23,-2.71
ORD03895,C00118,2025-04-21 09:19:48,2025-04-24 09:19:48,Standard Class,Consumer,West,Technology,Phones,1130.34,6,0.139,123.58
ORD03398,C00484,2024-05-27 17:17:09,2024-05-30 17:17:09,First Class,Consumer,South,Technology,Phones,600.31,4,0.197,15.75
ORD02642,C00692,2025-08-10 04:56:41,2025-08-13 04:56:41,Second Class,Consumer,East,Office Supplies,Art,206.07,7,0.083,27.54
ORD01386,C00179,2025-02-07 17:13:30,2025-02-09 17:13:30,First Class,Home Office,West,Office Supplies,Binders,65.91,1,0.068,4.71
ORD01259,C00225,2025-01-23 21:17:39,2025-01-27 21:17:39,Standard Class,Corporate,North,Furniture,Furnishings,485.77,2,0.084,26.23
ORD01416,C00850,2025-07-13 09:17:14,2025-07-17 09:17:14,Standard Class,Corporate,West,Office Supplies,Paper,431.87,7,0.055,47.05
ORD03783,C00855,2025-04-07 00:43:00,2025-04-12 00:43:00,Standard Class,Consumer,East,Office Supplies,Binders,588.26,8,0.047,80.52
ORD01792,C00100,2024-02-22 21:37:23,2024-02-26 21:37:23,Second Class,Corporate,East,Furniture,Bookcases,978.38,6,0.096,76.83
ORD00162,C00047,2024-07-29 08:29:10,2024-08-02 08:29:10,Standard Class,Corporate,North,Furniture,Tables,216.54,1,0.104,19.11
ORD00357,C00838,2024-05-09 00:06:58,2024-05-13 00:06:58,Standard Class,Consumer,East,Furniture,Bookcases,272.96,1,0.098,21.11
ORD02171,C00929,2025-06-20 11:19:41,2025-06-23 11:19:41,Second Class,Corporate,East,Technology,Phones,1398.71,8,0.011,217.44
ORD00175,C00511,2024-01-26 15:46:42,2024-01-30 15:46:42,Standard Class,Corporate,South,Furniture,Furnishings,730.42,4,0.149,-44.41
ORD02660,C00808,2024-05-27 18:07:42,2024-05-30 18:07:42,Standard Class,Corporate,North,Furniture,Tables,829.3,4,0.097,60.79
ORD00010,C00458,2025-03-12 03:14:13,2025-03-15 03:14:13,Standard Class,Consumer,North,Furniture,Furnishings,1336.83,8,0.109,59.53
ORD02602,C00288,2025-05-22 04:51:47,2025-05-24 04:51:47,First Class,Home Office,West,Office Supplies,Appliances,104.23,2,0.244,-6.41
ORD02062,C00815,2025-01-02 09:54:06,2025-01-06 09:54:06,Second Class,Consumer,North,Furniture,Bookcases,402.48,3,0.136,-19.6
ORD02605,C00466,2025-09-20 07:47:53,2025-09-22 07:47:53,Second Class,Consumer,East,Office Supplies,Paper,275.07,6,0.175,-47.65
ORD02101,C00431,2025-11-01 19:49:49,2025-11-03 19:49:49,First Class,Consumer,West,Office Supplies,Paper,244.61,8,0.043,14.62
ORD01548,C00555,2024-04-06 10:26:30,2024-04-08 10:26:30,Second Class,Consumer,North,Office Supplies,Art,160.34,3,0.146,3.16
ORD00304,C00288,2025-11-26 07:59:39,2025-11-30 07:59:39,Standard Class,Consumer,North,Office Supplies,Binders,67.73,2,0.274,-6.43
ORD02324,C00265,2025-03-24 11:55:58,2025-03-26 11:55:58,Second Class,Consumer,East,Furniture,Chairs,144.24,1,0.069,9.53
ORD00692,C00150,2025-04-09 10:33:34,2025-04-10 10:33:34,Same Day,Corporate,North,Technology,Accessories,115.16,1,0.219,5.22
ORD03457,C00089,2024-03-10 10:04:39,2024-03-15 10:04:39,Standard Class,Consumer,East,Office Supplies,Binders,84.9,3,0.106,14.11
ORD02892,C00653,2025-03-29 23:11:43,2025-04-02 23:11:43,Second Class,Home Office,East,Office Supplies,Paper,281.62,5,0.216,-19.39
ORD03694,C00430,2025-06-13 18:32:16,2025-06-17 18:32:16,Standard Class,Consumer,East,Office Supplies,Art,131.66,4,0.195,-13.62
ORD02074,C00791,2025-02-27 23:27:38,2025-03-01 23:27:38,First Class,Corporate,South,Office Supplies,Paper,21.61,2,0.265,-2.92
ORD03596,C00552,2024-03-02 16:19:16,2024-03-05 16:19:16,Second Class,Home Office,East,Furniture,Furnishings,930.83,6,0.259,-44.71
ORD03037,C00485,2025-01-16 22:56:41,2025-01-18 22:56:41,First Class,Corporate,East,Furniture,Furnishings,1034.43,8,0.136,-12.66
ORD03243,C00924,2025-11-14 05:39:56,2025-11-18 05:39:56,Second Class,Corporate,North,Office Supplies,Binders,44.65,2,0.131,4.15
ORD00782,C00269,2025-06-12 02:15:26,2025-06-16 02:15:26,Standard Class,Corporate,East,Technology,Phones,802.45,6,0.031,125.71
ORD03039,C00807,2024-04-10 07:23:12,2024-04-13 07:23:12,Standard Class,Consumer,West,Office Supplies,Appliances,299.17,5,0.132,8.7
ORD02230,C00893,2025-12-01 18:07:21,2025-12-03 18:07:21,First Class,Consumer,East,Furniture,Chairs,1277.01,6,0.303,-305.74
ORD03066,C00550,2025-11-30 23:34:54,2025-12-03 23:34:54,Standard Class,Consumer,South,Office Supplies,Storage,52.93,1,0.298,-7.31
ORD00935,C00614,2024-05-03 15:48:34,2024-05-08 15:48:34,Standard Class,Consumer,South,Furniture,Furnishings,510.14,6,0.194,
ORD00999,C00813,2025-08-07 15:29:26,2025-08-10 15:29:26,Second Class,Consumer,North,Furniture,Bookcases,617.73,6,0.394,-124.17
ORD03745,C00518,2024-10-23 21:41:01,2024-10-27 21:41:01,Standard Class,Consumer,North,Office Supplies,Paper,74.51,6,0.196,1.03
ORD01592,C00423,2025-03-09 09:18:31,2025-03-13 09:18:31,Standard Class,Home Office,North,Office Supplies,Binders,329.96,7,0.054,67.94
ORD03604,C00752,2024-11-20 23:39:50,2024-11-25 23:39:50,Standard Class,Home Office,West,Office Supplies,Paper,76.12,6,0.06,8.29
ORD00867,C00841,2025-07-25 07:34:27,2025-07-29 07:34:27,Standard Class,Corporate,North,Office Supplies,Storage,165.07,8,0.274,-11.66
ORD01271,C00318,2025-12-28 13:28:50,2025-12-31 13:28:50,Second Class,Corporate,West,Technology,Phones,919.15,6,0.024,181.79
ORD01617,C00439,2025-08-03 10:24:43,2025-08-08 10:24:43,Standard Class,Consumer,North,Technology,Accessories,427.78,4,0.213,-3.32
ORD00605,C00699,2025-11-10 21:37:38,2025-11-15 21:37:38,Standard Class,Consumer,South,Technology,Accessories,811.92,7,0.194,31.78
ORD01639,C00644,2025-11-21 14:23:38,2025-11-22 14:23:38,First Class,Corporate,South,Office Supplies,Paper,212.18,6,0.088,11.3
ORD00576,C00333,2024-03-06 18:38:49,2024-03-10 18:38:49,Standard Class,Corporate,South,Technology,Laptops,823.47,5,0.462,-120.11
ORD00566,C00685,2024-07-03 23:16:34,2024-07-07 23:16:34,Second Class,Consumer,West,Office Supplies,Appliances,181.29,5,0.105,7.19
ORD00688,C00245,2025-06-10 22:55:37,2025-06-14 22:55:37,Standard Class,Consumer,West,Office Supplies,Art,94.69,3,0.099,6.25
ORD01393,C00129,2025-03-06 18:07:46,2025-03-09 18:07:46,Standard Class,Consumer,West,Office Supplies,Storage,252.68,5,0.117,2.1
ORD02463,C00221,2024-02-06 14:33:39,2024-02-09 14:33:39,Second Class,Consumer,North,Furniture,Tables,296.82,4,0.215,-18.66
ORD01477,C00926,2024-03-10 09:15:42,2024-03-12 09:15:42,Second Class,Consumer,West,Office Supplies,Binders,30.13,2,0.318,-5.31
ORD00699,C00839,2025-01-14 23:59:25,2025-01-16 23:59:25,First Class,Consumer,North,Technology,Phones,476.38,4,0.044,83.22
ORD03719,C00125,2025-03-25 19:13:23,2025-03-30 19:13:23,Standard Class,Corporate,West,Furniture,Chairs,932.26,8,0.183,-90.33
ORD00718,C00765,2024-05-02 10:26:34,2024-05-05 10:26:34,Standard Class,Home Office,East,Furniture,Tables,227.45,3,0.202,-26.32
ORD02482,C00350,2024-05-05 01:01:25,2024-05-09 01:01:25,Standard Class,Consumer,South,Office Supplies,Storage,285.13,6,0.077,11.71
ORD01571,C00198,2024-04-04 10:02:26,2024-04-09 10:02:26,Standard Class,Corporate,North,Furniture,Bookcases,828.65,4,0.192,-20.68
ORD00218,C00262,2025-02-16 09:56:04,2025-02-19 09:56:04,Standard Class,Corporate,North,Technology,Accessories,315.54,3,0.099,38.44
ORD03096,C00067,2024-01-06 17:35:44,2024-01-08 17:35:44,First Class,Consumer,North,Furniture,Tables,648.93,4,0.087,20.43
ORD00409,C00196,2025-02-21 20:58:57,2025-02-24 20:58:57,Second Class,Corporate,West,Technology,Laptops,1687.09,8,0.264,13.38
ORD00521,C00147,2024-12-13 10:16:12,2024-12-17 10:16:12,Standard Class,Consumer,West,Office Supplies,Binders,27.75,1,0.241,-2.12
ORD00184,C00153,2024-12-06 04:03:35,2024-12-10 04:03:35,Standard Class,Corporate,West,Technology,Phones,1150.91,6,0.135,11.22
ORD00612,C00292,2025-05-10 20:55:12,2025-05-13 20:55:12,Standard Class,Consumer,North,Furniture,Bookcases,649.29,7,0.12,-27.33
ORD01226,C00861,2025-01-16 12:30:31,2025-01-19 12:30:31,Standard Class,Home Office,East,Technology,Accessories,313.34,2,0.126,26.13
ORD00295,C00579,2025-06-15 06:09:29,2025-06-18 06:09:29,Second Class,Home Office,North,Technology,Laptops,744.16,7,0.02,144.89
ORD00706,C00176,2025-07-11 15:56:16,2025-07-12 15:56:16,First Class,Consumer,East,Technology,Laptops,700.06,6,0.27,-5.25
ORD00249,C00632,2025-11-02 16:27:46,2025-11-06 16:27:46,Standard Class,Consumer,South,Office Supplies,Appliances,175.96,3,0.073,12.88
ORD00863,C00886,2025-08-06 10:46:02,2025-08-11 10:46:02,Standard Class,Consumer,South,Technology,Accessories,236.02,2,0.129,29.39
ORD00641,C00109,2025-01-12 22:12:44,2025-01-16 22:12:44,Standard Class,Corporate,East,Office Supplies,Appliances,184.61,8,0.162,5.6
ORD01102,C00236,2024-12-25 06:31:27,2024-12-30 06:31:27,Standard Class,Corporate,North,Office Supplies,Binders,101.6,2,0.335,-20.31
ORD03103,C00432,2024-06-21 01:36:52,2024-06-24 01:36:52,First Class,Consumer,South,Furniture,Bookcases,1813.14,8,0.269,-473.75
ORD00462,C00138,2025-03-13 16:52:37,2025-03-15 16:52:37,Second Class,Corporate,East,Technology,Laptops,963.62,6,0.188,-4.78
ORD03842,C00495,2024-04-11 13:39:10,2024-04-12 13:39:10,First Class,Consumer,North,Furniture,Furnishings,661.19,7,0.304,-100.85
ORD01994,C00589,2025-11-10 19:15:31,2025-11-12 19:15:31,First Class,Consumer,West,Office Supplies,Storage,78.01,3,0.122,6.02
ORD00800,C00246,2025-09-08 21:10:31,2025-09-11 21:10:31,Standard Class,Consumer,East,Technology,Laptops,159.32,1,0.164,9.19
ORD00631,C00242,2024-03-28 09:43:56,2024-04-01 09:43:56,Second Class,Consumer,West,Technology,Phones,779.4,6,0.13,84.75
ORD00710,C00693,2025-07-27 17:56:49,2025-07-30 17:56:49,Second Class,Consumer,East,Technology,Phones,398.59,3,0.347,-17.12
ORD02987,C00525,2024-03-26 11:39:16,2024-03-29 11:39:16,Standard Class,Consumer,East,Office Supplies,Art,107.39,5,0.206,-2.71
ORD00645,C00565,2025-06-10 11:51:55,2025-06-13 11:51:55,Standard Class,Consumer,East,Technology,Accessories,449.26,4,0.065,74.97
ORD02153,C00061,2024-03-05 00:39:42,2024-03-09 00:39:42,Second Class,Home Office,West,Furniture,Chairs,533.46,3,0.369,-75.01
ORD00171,C00694,2024-12-22 09:08:55,2024-12-23 09:08:55,First Class,Consumer,East,Office Supplies,Paper,199.49,6,0.069,3.28
ORD01727,C00535,2025-04-25 05:45:53,2025-04-29 05:45:53,Standard Class,Home Office,South,Technology,Phones,515.32,5,0.07,107.77
ORD03279,C00663,2025-06-16 00:45:57,2025-06-19 00:45:57,First Class,Corporate,North,Office Supplies,Appliances,114.96,6,0.267,-21.86
ORD03127,C00313,2024-11-01 14:01:02,2024-11-04 14:01:02,First Class,Corporate,East,Technology,Laptops,605.87,6,0.204,-6.43
ORD01989,C00852,2025-11-03 18:50:35,2025-11-04 18:50:35,First Class,Consumer,North,Technology,Laptops,512.32,6,0.176,16.24
ORD01012,C00012,2025-07-19 06:06:40,2025-07-24 06:06:40,Standard Class,Corporate,North,Office Supplies,Binders,54.07,3,0.158,-2.75
ORD01288,C00639,2024-06-01 00:47:54,2024-06-05 00:47:54,Standard Class,Consumer,North,Technology,Laptops,1038.79,7,0.219,11.05
ORD01279,C00057,2025-05-04 23:58:27,2025-05-06 23:58:27,Second Class,Consumer,East,Technology,Accessories,247.94,2,0.201,6.69
ORD00817,C00760,2025-06-17 06:57:57,2025-06-21 06:57:57,Standard Class,Consumer,North,Furniture,Tables,909.23,8,0.132,26.78
ORD02585,C00787,2024-08-31 13:20:00,2024-09-03 13:20:00,Standard Class,Consumer,East,Office Supplies,Art,288.77,7,0.282,-18.0
ORD00681,C00484,2025-06-22 21:48:45,2025-06-24 21:48:45,Second Class,Home Office,West,Furniture,Furnishings,1021.75,5,0.31,-154.73
ORD03764,C00526,2025-10-17 19:22:54,2025-10-22 19:22:54,Standard Class,Home Office,West,Technology,Accessories,278.03,2,0.092,52.25
ORD00430,C00226,2025-08-19 11:50:32,2025-08-22 11:50:32,Standard Class,Corporate,South,Furniture,Chairs,1586.95,8,0.304,-237.94
ORD02434,C00011,2025-07-10 15:33:47,2025-07-12 15:33:47,First Class,Consumer,East,Office Supplies,Appliances,137.92,5,0.14,2.72
ORD02598,C00087,2025-04-08 04:23:42,2025-04-11 04:23:42,Standard Class,Home Office,East,Technology,Phones,777.79,7,0.224,10.89
ORD02559,C00221,2024-07-16 11:46:19,2024-07-18 11:46:19,First Class,Corporate,South,Furniture,Chairs,58.07,1,0.091,-0.91
ORD02572,C00465,2025-08-03 12:18:21,2025-08-06 12:18:21,Standard Class,Consumer,East,Technology,Accessories,294.92,3,0.273,-26.88
ORD01754,C00180,2024-09-22 20:38:38,2024-09-27 20:38:38,Standard Class,Consumer,North,Office Supplies,Art,165.08,3,0.062,21.22
ORD00497,C00758,2025-01-23 12:05:17,2025-01-27 12:05:17,Standard Class,Corporate,West,Furniture,Furnishings,1227.33,7,0.131,-80.32
ORD02414,C00671,2024-08-17 12:59:18,2024-08-22 12:59:18,Standard Class,Consumer,North,Office Supplies,Appliances,189.66,4,0.155,3.21
ORD00825,C00554,2024-08-16 12:03:32,2024-08-21 12:03:32,Standard Class,Consumer,West,Office Supplies,Appliances,72.06,1,0.119,-2.94
ORD00794,C00629,2024-04-25 01:21:21,2024-04-28 01:21:21,First Class,Corporate,East,Office Supplies,Binders,326.77,5,0.184,-0.93
ORD03191,C00025,2025-12-02 17:56:07,2025-12-04 17:56:07,First Class,Consumer,North,Technology,Phones,255.8,2,0.072,30.17
ORD00543,C00246,2024-04-17 21:09:52,2024-04-22 21:09:52,Standard Class,Consumer,East,Furniture,Bookcases,1022.67,4,0.2,-45.85
ORD02085,C00228,2024-03-03 23:15:15,2024-03-07 23:15:15,Standard Class,Consumer,North,Technology,Accessories,1012.34,8,0.145,74.96
ORD01423,C00021,2025-11-14 08:57:11,2025-11-16 08:57:11,Second Class,Corporate,West,Technology,Laptops,429.72,4,0.236,0.84
ORD00694,C00419,2025-02-09 03:49:50,2025-02-12 03:49:50,Standard Class,Home Office,East,Technology,Accessories,611.87,4,0.022,117.96
ORD03721,C00369,2024-11-15 16:04:43,2024-11-20 16:04:43,Standard Class,Corporate,North,Furniture,Tables,221.18,1,0.175,-15.44
ORD02541,C00382,2025-06-22 08:50:54,2025-06-27 08:50:54,Standard Class,Corporate,North,Furniture,Chairs,794.54,4,0.183,-59.9
ORD01879,C00638,2024-10-06 19:45:47,2024-10-10 19:45:47,Standard Class,Corporate,East,Office Supplies,Art,241.74,8,0.079,15.29
ORD03283,C00662,2024-04-03 09:11:12,2024-04-06 09:11:12,Standard Class,Corporate,South,Furniture,Furnishings,1817.57,8,0.112,-21.53
ORD01339,C00312,2025-06-16 16:05:37,2025-06-21 16:05:37,Standard Class,Consumer,West,Technology,Laptops,1306.66,8,0.149,79.76
ORD01282,C00167,2024-05-08 11:30:40,2024-05-10 11:30:40,Second Class,Consumer,West,Furniture,Tables,664.64,3,0.107,29.1
ORD00133,C00357,2025-02-07 16:26:18,2025-02-12 16:26:18,Standard Class,Corporate,East,Technology,Laptops,132.5,1,0.11,4.2
ORD02970,C00351,2025-11-23 19:38:19,2025-11-27 19:38:19,Standard Class,Corporate,South,Office Supplies,Binders,37.98,2,0.175,-3.05
ORD03771,C00080,2025-11-14 09:10:21,2025-11-18 09:10:21,Standard Class,Consumer,East,Technology,Accessories,239.04,2,0.023,65.58
ORD03278,C00509,2024-09-20 08:55:04,2024-09-25 08:55:04,Standard Class,Home Office,West,Furniture,Tables,231.38,1,0.44,-68.34
ORD00074,C00364,2025-07-23 14:52:55,2025-07-26 14:52:55,First Class,Corporate,North,Furniture,Furnishings,1461.38,6,0.22,-188.2
ORD01356,C00934,2025-03-23 06:04:47,2025-03-26 06:04:47,Second Class,Consumer,South,Office Supplies,Art,128.61,5,0.121,4.54
ORD03739,C00129,2024-12-15 22:33:17,2024-12-16 22:33:17,First Class,Consumer,North,Technology,Phones,651.04,6,0.14,80.68
ORD03604,C00879,2024-04-12 03:32:26,2024-04-15 03:32:26,Standard Class,Consumer,South,Technology,Laptops,197.01,2,0.085,29.02
ORD00822,C00326,2024-10-01 17:49:04,2024-10-05 17:49:04,Standard Class,Consumer,East,Office Supplies,Art,286.69,6,0.023,30.19
ORD01571,C00363,2025-04-20 21:36:17,2025-04-23 21:36:17,Standard Class,Consumer,South,Office Supplies,Paper,39.79,1,0.1,1.26
ORD02155,C00245,2025-12-21 05:47:04,2025-12-24 05:47:04,Standard Class,Consumer,East,Technology,Phones,944.76,6,0.069,125.27
ORD00417,C00318,2024-01-04 13:40:58,2024-01-08 13:40:58,Second Class,Consumer,South,Office Supplies,Binders,83.04,7,0.101,5.64
ORD01523,C00045,2025-06-07 23:09:33,2025-06-10 23:09:33,Standard Class,Consumer,North,Office Supplies,Paper,46.38,3,0.247,-2.58
ORD02953,C00902,2025-09-09 19:49:18,2025-09-14 19:49:18,Standard Class,Corporate,South,Furniture,Furnishings,520.21,3,0.27,-98.53
ORD02929,C00318,2025-11-25 08:55:49,2025-11-30 08:55:49,Standard Class,Corporate,West,Office Supplies,Appliances,189.11,4,0.068,16.31
ORD00678,C00818,2024-11-05 09:02:26,2024-11-08 09:02:26,Standard Class,Consumer,East,Office Supplies,Storage,107.34,5,0.013,14.67
ORD02036,C00730,2024-03-27 11:44:40,2024-03-30 11:44:40,Standard Class,Consumer,South,Office Supplies,Paper,108.03,5,0.237,-0.19
ORD00805,C00674,2024-07-16 19:20:42,2024-07-18 19:20:42,Second Class,Consumer,West,Technology,Accessories,135.26,1,0.133,12.5
ORD02902,C00365,2025-09-12 21:21:00,2025-09-12 21:21:00,Same Day,Consumer,North,Office Supplies,Appliances,50.65,4,0.254,4.31
ORD02556,C00590,2025-10-02 21:25:11,2025-10-05 21:25:11,Standard Class,Consumer,North,Furniture,Chairs,290.73,5,0.283,-44.15
ORD02693,C00337,2025-04-10 01:32:03,2025-04-14 01:32:03,Standard Class,Consumer,North,Technology,Laptops,751.91,5,0.102,35.72
ORD01977,C00692,2024-03-30 14:24:48,2024-04-02 14:24:48,Standard Class,Consumer,West,Office Supplies,Appliances,184.91,6,0.08,21.07
ORD01447,C00784,2024-03-30 00:04:04,2024-04-04 00:04:04,Standard Class,Home Office,East,Furniture,Furnishings,889.05,6,0.131,34.88
ORD00310,C00674,2024-12-15 01:34:31,2024-12-17 01:34:31,Second Class,Consumer,East,Office Supplies,Art,163.32,4,0.178,3.46
ORD02931,C00385,2025-03-05 10:16:48,2025-03-10 10:16:48,Standard Class,Corporate,North,Office Supplies,Appliances,144.33,5,0.111,10.72
ORD03121,C00795,2024-01-24 15:16:24,2024-01-25 15:16:24,Same Day,Consumer,North,Office Supplies,Paper,92.18,3,0.07,7.83
ORD01657,C00008,2025-05-15 20:24:29,2025-05-17 20:24:29,First Class,Consumer,East,Office Supplies,Appliances,212.68,3,0.075,16.97
ORD00080,C00687,2025-02-01 11:48:56,2025-02-04 11:48:56,Standard Class,Home Office,South,Technology,Phones,338.72,3,0.075,7.79
ORD02161,C00795,2024-01-09 23:32:34,2024-01-12 23:32:34,First Class,Consumer,West,Furniture,Chairs,979.49,4,0.333,-138.53
ORD00745,C00618,2024-03-10 20:16:13,2024-03-14 20:16:13,Second Class,Corporate,West,Furniture,Chairs,138.55,1,0.354,-29.84
ORD03615,C00454,2024-11-27 15:39:02,2024-11-28 15:39:02,Same Day,Home Office,South,Technology,Accessories,180.3,2,0.107,27.1
ORD02441,C00890,2025-06-11 11:41:48,2025-06-15 11:41:48,Standard Class,Corporate,East,Technology,Phones,118.44,1,0.232,-2.69
ORD03846,C00036,2025-08-25 12:59:57,2025-08-26 12:59:57,Same Day,Consumer,West,Office Supplies,Art,197.05,4,0.055,23.23
ORD03000,C00893,2024-11-10 20:24:14,2024-11-14 20:24:14,Standard Class,Consumer,South,Office Supplies,Binders,105.03,4,0.127,9.16
ORD03433,C00257,2024-08-03 14:41:24,2024-08-08 14:41:24,Standard Class,Consumer,East,Office Supplies,Art,104.39,2,0.187,5.43
ORD01777,C00396,2025-12-07 20:47:50,2025-12-10 20:47:50,First Class,Consumer,West,Office Supplies,Paper,42.59,2,0.208,0.9
ORD03683,C00258,2024-11-30 17:45:44,2024-12-04 17:45:44,Standard Class,Consumer,North,Office Supplies,Storage,189.72,5,0.171,-13.81
ORD01764,C00948,2024-08-18 05:37:40,2024-08-21 05:37:40,Standard Class,Home Office,West,Office Supplies,Binders,22.51,2,0.054,1.43
ORD01532,C00363,2024-11-18 21:20:36,2024-11-23 21:20:36,Standard Class,Corporate,North,Technology,Laptops,694.99,7,0.275,-0.73
ORD03665,C00374,2024-01-09 19:50:44,2024-01-12 19:50:44,Standard Class,Consumer,East,Technology,Accessories,299.83,2,0.043,41.91
ORD01392,C00578,2024-08-08 09:46:04,2024-08-12 09:46:04,Standard Class,Consumer,West,Office Supplies,Art,57.14,4,0.151,2.13
ORD01180,C00237,2025-01-11 08:30:50,2025-01-15 08:30:50,Standard Class,Corporate,East,Furniture,Tables,1084.25,7,0.429,-289.68
ORD02028,C00321,2025-11-01 11:06:07,2025-11-05 11:06:07,Standard Class,Home Office,East,Office Supplies,Storage,40.71,1,0.086,3.84
ORD02138,C00197,2025-06-22 21:43:14,2025-06-24 21:43:14,First Class,Consumer,East,Office Supplies,Storage,235.1,4,0.2,-15.93
ORD02114,C00685,2025-07-24 08:16:17,2025-07-29 08:16:17,Standard Class,Consumer,North,Furniture,Chairs,673.04,4,0.206,-16.45
ORD02514,C00113,2025-02-01 18:40:40,2025-02-03 18:40:40,First Class,Home Office,North,Office Supplies,Appliances,98.33,5,0.176,-1.7
ORD01790,C00629,2024-03-21 17:30:32,2024-03-23 17:30:32,Second Class,Home Office,South,Office Supplies,Art,114.35,8,0.172,1.88
ORD03617,C00347,2024-10-12 09:01:54,2024-10-15 09:01:54,Second Class,Home Office,East,Technology,Phones,568.45,5,0.186,19.14
ORD03491,C00102,2025-12-28 20:02:49,2026-01-01 20:02:49,Second Class,Consumer,South,Office Supplies,Binders,97.07,4,0.153,9.12
ORD02981,C00919,2024-02-02 05:52:33,2024-02-04 05:52:33,First Class,Consumer,North,Office Supplies,Appliances,109.88,4,0.161,9.38
ORD01395,C00325,2025-10-03 19:35:03,2025-10-07 19:35:03,Standard Class,Consumer,West,Furniture,Tables,571.72,5,0.24,0.17
ORD00462,C00308,2025-05-14 16:21:50,2025-05-17 16:21:50,Second Class,Consumer,South,Office Supplies,Appliances,91.51,3,0.312,-5.61
ORD00013,C00077,2024-07-26 06:04:32,2024-07-28 06:04:32,First Class,Home Office,South,Office Supplies,Art,214.12,6,0.215,-11.72
ORD02985,C00873,2025-07-21 22:21:41,2025-07-25 22:21:41,Second Class,Consumer,South,Technology,Laptops,350.08,4,0.113,24.17
ORD00618,C00862,2025-09-02 22:25:41,2025-09-07 22:25:41,Standard Class,Corporate,North,Furniture,Bookcases,100.34,1,0.163,-8.33
ORD02425,C00102,2024-02-01 13:11:54,2024-02-04 13:11:54,Second Class,Home Office,East,Technology,Phones,599.02,5,0.163,45.27
ORD01723,C00272,2024-03-18 16:28:12,2024-03-21 16:28:12,Second Class,Home Office,South,Office Supplies,Binders,77.65,3,0.115,3.32
ORD03020,C00139,2025-04-30 23:55:59,2025-05-04 23:55:59,Standard Class,Corporate,North,Office Supplies,Paper,187.91,3,0.044,23.19
ORD03332,C00668,2025-12-30 08:18:53,2026-01-03 08:18:53,Second Class,Home Office,West,Technology,Accessories,401.29,3,0.108,34.23
ORD00382,C00155,2024-01-18 11:53:37,2024-01-21 11:53:37,First Class,Consumer,West,Office Supplies,Art,39.18,2,0.105,3.58
ORD01884,C00374,2025-04-30 22:47:47,2025-05-05 22:47:47,Standard Class,Consumer,East,Technology,Laptops,599.04,3,0.057,84.88
ORD03590,C00522,2024-04-09 15:54:37,2024-04-13 15:54:37,Standard Class,Consumer,West,Office Supplies,Binders,337.16,8,0.083,24.67
ORD01489,C00907,2025-04-19 14:11:24,2025-04-24 14:11:24,Standard Class,Home Office,West,Furniture,Bookcases,362.56,3,0.049,30.06
ORD03095,C00942,2025-03-31 00:28:35,2025-04-02 00:28:35,Second Class,Home Office,South,Office Supplies,Binders,329.87,6,0.109,14.39
ORD02892,C00403,2024-03-07 00:31:17,2024-03-12 00:31:17,Standard Class,Consumer,East,Furniture,Tables,815.32,4,0.191,-102.44
ORD03306,C00194,2025-05-11 22:21:22,2025-05-14 22:21:22,Second Class,Consumer,East,Technology,Phones,181.04,1,0.096,15.92
ORD00285,C00546,2025-10-16 20:01:30,2025-10-20 20:01:30,Standard Class,Consumer,South,Office Supplies,Paper,330.93,7,0.123,19.34
ORD03435,C00317,2025-09-22 07:31:58,2025-09-24 07:31:58,First Class,Consumer,North,Furniture,Bookcases,1186.59,8,0.409,-302.84
ORD00058,C00425,2024-01-22 04:04:16,2024-01-26 04:04:16,Second Class,Corporate,North,Furniture,Bookcases,166.36,2,0.217,-27.87
ORD00374,C00810,2024-06-28 12:27:28,2024-07-01 12:27:28,First Class,Consumer,East,Office Supplies,Appliances,85.4,2,0.142,5.44
ORD00704,C00403,2024-06-24 19:18:27,2024-06-27 19:18:27,Standard Class,Corporate,West,Office Supplies,Storage,164.8,8,0.152,5.11
ORD03112,C00505,2024-11-26 21:40:53,2024-12-01 21:40:53,Standard Class,Corporate,West,Furniture,Tables,157.2,1,0.161,-11.39
ORD00576,C00529,2024-04-14 09:44:35,2024-04-18 09:44:35,Second Class,Consumer,South,Furniture,Furnishings,1790.3,8,0.169,-156.2
ORD02730,C00328,2025-09-15 16:09:11,2025-09-20 16:09:11,Standard Class,Consumer,North,Office Supplies,Appliances,17.29,2,0.1,1.43
ORD01138,C00851,2025-07-21 00:58:27,2025-07-26 00:58:27,Standard Class,Home Office,South,Technology,Laptops,977.68,7,0.073,29.59
ORD02654,C00402,2025-08-13 02:17:15,2025-08-17 02:17:15,Standard Class,Corporate,East,Technology,Laptops,1032.8,8,0.251,3.22
ORD02716,C00570,2024-05-24 16:32:17,2024-05-27 16:32:17,Standard Class,Consumer,West,Office Supplies,Art,49.17,2,0.074,7.25
ORD01492,C00698,2024-01-11 15:18:42,2024-01-13 15:18:42,Second Class,Consumer,West,Office Supplies,Binders,128.92,2,0.179,6.28
ORD03757,C00782,2025-10-26 18:22:54,2025-10-30 18:22:54,Standard Class,Home Office,West,Technology,Accessories,131.1,1,0.011,34.39
ORD01029,C00344,2024-07-29 21:40:31,2024-08-02 21:40:31,Standard Class,Corporate,West,Technology,Accessories,985.89,7,0.097,95.82
ORD00317,C00034,2025-04-24 01:50:00,2025-04-27 01:50:00,Standard Class,Corporate,West,Office Supplies,Paper,131.61,3,0.173,8.05
ORD02375,C00629,2025-10-25 21:19:41,2025-10-28 21:19:41,Standard Class,Corporate,South,Office Supplies,Binders,88.57,6,,-4.3
ORD00214,C00096,2024-01-27 09:34:14,2024-01-30 09:34:14,Standard Class,Home Office,North,Office Supplies,Paper,82.64,5,0.036,7.88
ORD01115,C00761,2024-01-04 23:53:36,2024-01-07 23:53:36,First Class,Consumer,North,Office Supplies,Appliances,229.36,5,0.103,21.47
ORD02001,C00945,2024-01-04 23:07:50,2024-01-06 23:07:50,First Class,Corporate,South,Technology,Laptops,296.84,2,0.247,-2.18
ORD03577,C00054,2024-04-24 02:49:37,2024-04-24 02:49:37,Same Day,Consumer,North,Furniture,Bookcases,625.41,3,0.095,62.06
ORD02754,C00021,2024-02-07 17:02:48,2024-02-11 17:02:48,Standard Class,Corporate,North,Office Supplies,Binders,322.87,5,0.055,54.75
ORD02372,C00712,2025-08-21 14:03:52,2025-08-25 14:03:52,Standard Class,Home Office,West,Technology,Laptops,155.79,1,0.073,19.2
ORD02071,C00671,2025-03-18 07:48:32,2025-03-22 07:48:32,Standard Class,Home Office,North,Office Supplies,Binders,52.91,4,0.19,0.48
ORD01400,C00897,2025-12-16 10:25:08,2025-12-19 10:25:08,Second Class,Consumer,West,Office Supplies,Art,378.97,6,0.149,19.1
ORD03229,C00122,2025-08-08 01:57:40,2025-08-11 01:57:40,Second Class,Corporate,West,Office Supplies,Binders,221.14,4,0.174,5.51
ORD00083,C00077,2025-12-04 03:03:07,2025-12-08 03:03:07,Second Class,Home Office,East,Office Supplies,Paper,126.74,4,0.058,11.87
ORD00622,C00350,2024-06-23 03:26:43,2024-06-28 03:26:43,Standard Class,Home Office,East,Office Supplies,Binders,265.77,7,0.034,55.42
ORD00625,C00078,2024-07-29 02:14:56,2024-08-01 02:14:56,Second Class,Corporate,South,Office Supplies,Appliances,238.21,5,0.324,-41.68
ORD02427,C00858,2025-09-12 01:38:34,2025-09-14 01:38:34,Same Day,Consumer,East,Technology,Accessories,893.29,6,0.074,195.45
ORD01134,C00585,2024-06-27 18:20:47,2024-06-30 18:20:47,Standard Class,Consumer,North,Office Supplies,Appliances,60.5,1,0.026,4.71
ORD00257,C00637,2024-02-11 18:42:12,2024-02-12 18:42:12,First Class,Home Office,West,Technology,Phones,1205.42,8,0.092,144.75
ORD00632,C00642,2025-05-03 11:09:35,2025-05-07 11:09:35,Second Class,Corporate,South,Office Supplies,Art,365.14,7,0.223,-7.69
ORD02574,C00492,2025-08-07 16:53:12,2025-08-11 16:53:12,Standard Class,Corporate,North,Office Supplies,Storage,236.85,7,0.186,-11.82
ORD02127,C00439,2025-12-07 18:47:51,2025-12-09 18:47:51,First Class,Corporate,East,Office Supplies,Storage,366.01,6,0.277,-44.8
ORD02095,C00207,2025-11-08 06:58:33,2025-11-11 06:58:33,First Class,Consumer,East,Technology,Laptops,695.45,5,0.053,129.78
ORD02813,C00888,2024-03-28 18:26:22,2024-03-31 18:26:22,Second Class,Consumer,South,Office Supplies,Binders,283.92,5,0.234,-40.78
ORD02025,C00523,2025-07-17 15:20:20,2025-07-21 15:20:20,Standard Class,Corporate,East,Office Supplies,Appliances,318.88,5,0.029,58.42
ORD03447,C00121,2025-09-09 16:09:39,2025-09-12 16:09:39,Standard Class,Consumer,North,Office Supplies,Binders,95.5,4,0.028,19.7
ORD02221,C00159,2025-05-24 15:04:34,2025-05-28 15:04:34,Second Class,Corporate,East,Office Supplies,Paper,445.39,6,0.162,36.68
ORD02515,C00113,2025-08-21 10:53:26,2025-08-25 10:53:26,Standard Class,Corporate,South,Technology,Phones,355.02,3,0.159,23.72
ORD01239,C00852,2025-09-03 17:24:48,2025-09-07 17:24:48,Standard Class,Corporate,South,Office Supplies,Storage,135.09,7,0.277,-16.66
ORD02255,C00010,2024-11-21 23:33:33,2024-11-25 23:33:33,Standard Class,Consumer,North,Office Supplies,Storage,26.47,3,0.052,2.69
ORD00711,C00880,2024-01-30 07:27:02,2024-02-04 07:27:02,Standard Class,Corporate,South,Office Supplies,Art,172.62,4,0.338,-25.27
ORD00935,C00781,2024-11-29 00:31:30,2024-12-01 00:31:30,Second Class,Consumer,South,Technology,Laptops,93.41,1,0.22,0.24
ORD03741,C00133,2024-05-27 07:13:21,2024-05-30 07:13:21,Standard Class,Consumer,South,Furniture,Furnishings,769.0,8,0.231,-100.27
ORD03407,C00086,2024-03-24 00:32:21,2024-03-28 00:32:21,Standard Class,Consumer,North,Furniture,Furnishings,1039.04,6,0.077,121.76
ORD01585,C00883,2024-04-01 04:39:46,2024-04-06 04:39:46,Standard Class,Consumer,North,Furniture,Tables,131.37,2,0.249,-15.73
ORD01232,C00573,2025-05-24 01:59:31,2025-05-29 01:59:31,Standard Class,Home Office,East,Technology,Phones,141.02,1,0.276,3.69
ORD02408,C00873,2025-01-03 07:22:58,2025-01-08 07:22:58,Standard Class,Home Office,North,Office Supplies,Binders,383.3,7,0.113,26.07
ORD02742,C00883,2025-01-29 01:58:26,2025-02-01 01:58:26,Standard Class,Consumer,East,Technology,Phones,91.42,1,0.296,-5.04
ORD00128,C00011,2025-06-27 23:41:45,2025-07-01 23:41:45,Standard Class,Corporate,West,Furniture,Bookcases,855.85,4,0.07,68.35
ORD02915,C00050,2025-02-04 05:39:04,2025-02-07 05:39:04,Standard Class,Consumer,South,Office Supplies,Binders,17.38,1,0.075,1.73
ORD00144,C00753,2025-04-04 21:48:27,2025-04-06 21:48:27,Second Class,Corporate,West,Technology,Laptops,1154.97,6,0.062,181.93
ORD00175,C00112,2024-03-03 19:08:55,2024-03-06 19:08:55,Standard Class,Home Office,North,Office Supplies,Appliances,73.09,2,0.034,11.68
ORD01845,C00784,2025-09-13 07:49:00,2025-09-17 07:49:00,Second Class,Corporate,North,Furniture,Chairs,693.16,4,0.321,-98.79
ORD02538,C00827,2024-11-23 14:38:20,2024-11-27 14:38:20,Standard Class,Consumer,East,Furniture,Furnishings,1020.77,5,0.076,117.95
ORD01341,C00463,2024-04-23 07:19:53,2024-04-25 07:19:53,Second Class,Consumer,West,Office Supplies,Storage,219.48,3,0.064,25.44
ORD03631,C00264,2025-08-16 17:30:53,2025-08-20 17:30:53,Second Class,Consumer,West,Office Supplies,Storage,246.66,6,0.045,23.3
ORD01609,C00941,2025-06-20 06:33:41,2025-06-25 06:33:41,Standard Class,Home Office,North,Furniture,Bookcases,794.13,5,0.3,-147.51
ORD02705,C00401,2024-02-08 17:00:51,2024-02-11 17:00:51,Second Class,Corporate,West,Furniture,Bookcases,339.9,4,0.233,5.67
ORD01997,C00229,2024-05-20 22:05:12,2024-05-23 22:05:12,Second Class,Consumer,South,Furniture,Tables,475.42,3,0.125,-48.55
ORD01859,C00551,2024-01-12 11:55:48,2024-01-16 11:55:48,Standard Class,Consumer,South,Office Supplies,Storage,138.9,4,0.079,2.81
ORD01139,C00320,2024-07-16 15:41:35,2024-07-18 15:41:35,Second Class,Home Office,North,Office Supplies,Binders,117.37,3,0.269,-8.89
ORD01570,C00681,2024-03-13 23:39:22,2024-03-17 23:39:22,Second Class,Consumer,West,Furniture,Tables,493.93,5,0.16,-25.4
ORD01451,C00936,2025-06-02 05:31:49,2025-06-05 05:31:49,Standard Class,Corporate,North,Technology,Laptops,1023.84,7,0.073,190.5
ORD00585,C00175,2025-01-16 11:07:51,2025-01-18 11:07:51,First Class,Corporate,West,Office Supplies,Binders,217.1,5,0.275,-9.66
ORD02917,C00237,2025-12-16 13:11:16,2025-12-19 13:11:16,Standard Class,Consumer,East,Technology,Accessories,152.67,1,0.014,26.44
ORD00877,C00830,2025-07-01 01:54:34,2025-07-05 01:54:34,Second Class,Consumer,East,Office Supplies,Paper,316.03,7,0.043,59.77
ORD00010,C00795,2025-03-22 10:14:38,2025-03-24 10:14:38,First Class,Consumer,East,Furniture,Tables,994.68,7,0.093,-22.84
ORD03467,C00735,2025-01-06 19:10:11,2025-01-08 19:10:11,Same Day,Consumer,West,Technology,Phones,994.55,7,0.061,131.1
ORD02725,C00138,2024-02-09 18:50:43,2024-02-11 18:50:43,Second Class,Corporate,North,Office Supplies,Storage,32.12,1,0.082,5.19
ORD01522,C00086,2024-02-21 05:55:32,2024-02-23 05:55:32,Second Class,Corporate,North,Technology,Accessories,1028.81,7,0.086,80.83
ORD02885,C00285,2025-03-25 21:43:59,2025-03-29 21:43:59,Standard Class,Consumer,East,Furniture,Bookcases,975.99,4,0.314,-152.99
ORD00634,C00103,2024-01-04 04:43:23,2024-01-07 04:43:23,Standard Class,Consumer,South,Furniture,Tables,735.31,7,0.189,-3.56
ORD01405,C00453,2024-01-31 21:58:53,2024-02-03 21:58:53,First Class,Consumer,North,Office Supplies,Storage,180.9,7,0.033,3.24
ORD01554,C00672,2024-06-08 23:15:29,2024-06-13 23:15:29,Standard Class,Consumer,North,Office Supplies,Art,384.48,8,0.106,20.8
ORD01833,C00685,2025-10-07 10:13:58,2025-10-10 10:13:58,First Class,Corporate,South,Technology,Laptops,121.37,1,0.075,20.69
ORD01709,C00449,2024-12-01 00:27:21,2024-12-05 00:27:21,Standard Class,Corporate,North,Furniture,Bookcases,336.19,5,0.109,1.58
ORD01659,C00349,2025-06-01 23:48:41,2025-06-04 23:48:41,Standard Class,Corporate,North,Office Supplies,Paper,219.84,6,0.287,-19.95
ORD01324,C00430,2024-10-27 10:34:14,2024-11-01 10:34:14,Standard Class,Consumer,West,Technology,Accessories,546.32,5,0.166,43.4
ORD01560,C00673,2024-05-06 09:11:59,2024-05-09 09:11:59,Standard Class,Corporate,South,Furniture,Bookcases,1417.85,7,0.328,-263.44
ORD00066,C00207,2024-09-27 22:39:44,2024-09-30 22:39:44,Standard Class,Consumer,West,Technology,Laptops,645.01,6,0.116,50.89
ORD00053,C00002,2024-03-07 22:57:07,2024-03-11 22:57:07,Standard Class,Home Office,West,Office Supplies,Paper,67.41,1,0.024,12.3
ORD01433,C00677,2025-07-16 06:50:05,2025-07-18 06:50:05,Same Day,Corporate,North,Technology,Phones,276.58,2,0.048,50.76
ORD02631,C00603,2024-05-13 23:30:07,2024-05-17 23:30:07,Second Class,Home Office,East,Office Supplies,Art,432.57,6,0.264,-55.94
ORD03497,C00109,2024-10-01 18:07:19,2024-10-04 18:07:19,Second Class,Consumer,East,Technology,Accessories,443.09,3,0.222,-4.95
ORD03527,C00571,2025-12-16 10:04:34,2025-12-19 10:04:34,Standard Class,Consumer,East,Technology,Accessories,406.62,3,0.182,-7.16
ORD01072,C00355,2025-03-08 03:11:45,2025-03-12 03:11:45,Standard Class,Corporate,North,Office Supplies,Binders,401.1,8,0.215,-7.57
ORD02128,C00864,2024-11-30 17:58:56,2024-12-04 17:58:56,Second Class,Consumer,North,Furniture,Bookcases,168.02,1,0.215,-9.44
ORD01413,C00686,2025-01-31 09:35:01,2025-02-03 09:35:01,Standard Class,Corporate,North,Technology,Laptops,763.72,5,0.127,84.37
ORD00249,C00457,2025-07-26 09:05:53,2025-07-30 09:05:53,Standard Class,Consumer,East,Office Supplies,Appliances,120.92,3,0.133,7.83
ORD02791,C00931,2024-07-04 18:31:14,2024-07-05 18:31:14,First Class,Home Office,West,Office Supplies,Storage,19.44,1,0.026,2.97
ORD00177,C00665,2025-04-09 13:52:26,2025-04-13 13:52:26,Standard Class,Consumer,East,Furniture,Bookcases,838.87,3,0.179,-13.72
ORD00608,C00202,2025-09-29 01:33:19,2025-10-02 01:33:19,First Class,Home Office,East,Technology,Phones,374.88,4,0.087,47.22
ORD03363,C00589,2025-02-21 20:40:42,2025-02-25 20:40:42,Standard Class,Consumer,West,Office Supplies,Storage,283.33,4,0.195,7.29
ORD03280,C00604,2024-11-21 23:22:53,2024-11-25 23:22:53,Standard Class,Consumer,East,Furniture,Chairs,232.88,2,0.136,-16.26
ORD02315,C00762,2024-04-15 22:40:55,2024-04-18 22:40:55,Standard Class,Consumer,North,Office Supplies,Storage,243.68,6,0.173,-13.08
ORD02127,C00061,2024-06-30 06:01:56,2024-07-03 06:01:56,First Class,Consumer,West,Office Supplies,Art,243.77,3,0.071,26.79
ORD02876,C00858,2025-11-21 14:20:54,2025-11-25 14:20:54,Second Class,Home Office,South,Furniture,Furnishings,750.07,5,0.074,44.4
ORD02081,C00254,2025-01-30 02:52:27,2025-02-01 02:52:27,Second Class,Home Office,North,Office Supplies,Art,215.09,5,0.06,21.28
ORD02889,C00485,2024-08-07 23:31:22,2024-08-12 23:31:22,Standard Class,Home Office,East,Office Supplies,Appliances,137.3,5,0.078,16.27
ORD00498,C00092,2024-11-01 09:48:47,2024-11-02 09:48:47,First Class,Home Office,West,Office Supplies,Art,153.1,5,0.088,16.06
ORD03827,C00156,2025-02-25 22:51:41,2025-03-01 22:51:41,Second Class,Corporate,North,Furniture,Furnishings,221.97,3,0.078,-10.53
ORD00264,C00789,2025-01-27 09:49:33,2025-01-31 09:49:33,Second Class,Consumer,East,Furniture,Tables,734.08,4,0.189,32.94
ORD02872,C00708,2025-05-25 20:04:28,2025-05-29 20:04:28,Second Class,Home Office,North,Office Supplies,Art,175.7,5,0.199,-12.48
ORD03307,C00397,2024-07-06 23:16:15,2024-07-09 23:16:15,Second Class,Consumer,North,Office Supplies,Art,24.18,1,0.161,-0.54
ORD00119,C00074,2025-04-18 22:33:53,2025-04-21 22:33:53,Second Class,Corporate,North,Office Supplies,Storage,226.48,6,0.079,33.07
ORD00863,C00846,2024-11-19 03:42:15,2024-11-24 03:42:15,Standard Class,Consumer,East,Technology,Accessories,631.56,4,0.092,80.67
ORD01079,C00163,2025-11-17 15:12:50,2025-11-19 15:12:50,First Class,Corporate,West,Technology,Laptops,498.06,3,0.05,69.83
ORD01700,C00039,2024-04-25 06:48:26,2024-04-28 06:48:26,Standard Class,Consumer,North,Technology,Phones,142.87,1,0.189,3.42
ORD00657,C00226,2024-04-18 08:39:03,2024-04-19 08:39:03,Same Day,Consumer,South,Technology,Phones,454.0,3,0.164,3.38
ORD01980,C00663,2024-12-03 00:15:22,2024-12-07 00:15:22,Standard Class,Consumer,North,Office Supplies,Storage,152.77,4,0.144,-0.07
ORD03732,C00281,2025-01-06 02:20:23,2025-01-11 02:20:23,Standard Class,Consumer,North,Technology,Accessories,855.71,7,,-117.59
ORD00093,C00489,2025-05-19 08:08:00,2025-05-24 08:08:00,Standard Class,Consumer,East,Technology,Accessories,837.63,6,0.077,98.75
ORD03449,C00113,2024-10-21 22:40:57,2024-10-25 22:40:57,Second Class,Consumer,East,Office Supplies,Binders,194.32,4,0.081,7.66
ORD02745,C00659,2025-10-29 00:18:08,2025-11-01 00:18:08,Standard Class,Consumer,East,Technology,Laptops,216.58,2,0.087,21.16
ORD01716,C00918,2024-12-12 03:26:10,2024-12-14 03:26:10,First Class,Corporate,South,Technology,Accessories,296.65,3,0.111,26.01
ORD02116,C00918,2024-04-04 09:58:25,2024-04-06 09:58:25,Second Class,Consumer,East,Technology,Accessories,1430.43,8,0.071,160.81
ORD00602,C00859,2024-03-28 00:41:27,2024-03-31 00:41:27,Standard Class,Corporate,North,Technology,Laptops,321.38,2,0.06,47.23
ORD03545,C00924,2025-12-11 14:04:13,2025-12-14 14:04:13,Standard Class,Consumer,North,Office Supplies,Storage,337.8,6,0.171,9.19
ORD00182,C00800,2024-04-07 21:20:15,2024-04-10 21:20:15,Second Class,Corporate,West,Furniture,Chairs,1210.53,5,0.27,-175.25
ORD00511,C00789,2025-11-22 22:21:10,2025-11-25 22:21:10,First Class,Consumer,West,Furniture,Furnishings,410.67,2,0.066,9.04
ORD02755,C00719,2024-07-21 23:53:00,2024-07-25 23:53:00,Standard Class,Consumer,West,Furniture,Tables,642.26,7,0.225,-72.98
ORD00656,C00200,2024-03-09 04:31:47,2024-03-12 04:31:47,First Class,Corporate,West,Office Supplies,Appliances,241.1,4,0.312,-11.53
ORD00311,C00173,2024-08-10 10:25:28,2024-08-15 10:25:28,Standard Class,Corporate,East,Furniture,Bookcases,618.59,6,0.138,51.53
ORD01009,C00721,2025-03-24 17:30:34,2025-03-26 17:30:34,Second Class,Consumer,West,Office Supplies,Paper,23.33,1,0.142,1.03
ORD02220,C00268,2024-11-08 08:51:51,2024-11-12 08:51:51,Second Class,Consumer,South,Office Supplies,Paper,426.15,8,0.072,48.16
ORD01189,C00909,2025-07-27 11:22:06,2025-08-01 11:22:06,Standard Class,Consumer,North,Office Supplies,Appliances,12.1,1,0.041,1.04
ORD03283,C00637,2025-03-22 00:30:06,2025-03-27 00:30:06,Standard Class,Consumer,North,Office Supplies,Appliances,38.35,3,0.144,0.35
ORD03676,C00329,2024-10-19 13:44:05,2024-10-22 13:44:05,Second Class,Consumer,North,Office Supplies,Binders,194.25,8,0.168,6.6
ORD01628,C00499,2025-04-08 06:42:07,2025-04-12 06:42:07,Standard Class,Corporate,North,Technology,Laptops,1033.14,6,0.06,56.83
ORD02214,C00332,2025-12-10 04:01:30,2025-12-15 04:01:30,Standard Class,Consumer,South,Furniture,Furnishings,1317.59,6,0.11,39.97
ORD02340,C00216,2024-10-27 14:55:36,2024-11-01 14:55:36,Standard Class,,East,Technology,Accessories,299.81,3,0.184,5.58
ORD01055,C00454,2024-04-22 00:20:00,2024-04-25 00:20:00,Second Class,Consumer,West,Office Supplies,Binders,254.43,7,0.208,-16.77
ORD01877,C00567,2024-10-25 09:52:48,2024-10-30 09:52:48,Standard Class,Consumer,East,Furniture,Bookcases,1356.71,8,0.181,-48.19
ORD00838,C00660,2025-09-05 06:48:49,2025-09-08 06:48:49,Standard Class,Consumer,North,Office Supplies,Storage,194.73,5,0.169,15.15
ORD03768,C00332,2024-06-07 20:51:06,2024-06-08 20:51:06,Same Day,Consumer,East,Technology,Phones,265.82,2,0.076,33.79
ORD02036,C00236,2025-11-23 20:58:47,2025-11-27 20:58:47,Second Class,Consumer,South,Office Supplies,Appliances,180.14,8,0.101,12.13
ORD01646,C00145,2025-03-05 11:07:31,2025-03-10 11:07:31,Standard Class,Corporate,North,Office Supplies,Art,46.03,1,0.037,6.99
ORD00785,C00151,2025-03-15 03:33:53,2025-03-20 03:33:53,Standard Class,Corporate,South,Furniture,Chairs,559.72,8,0.201,-42.08
ORD00568,C00551,2024-08-19 10:33:24,2024-08-22 10:33:24,Standard Class,Consumer,South,Office Supplies,Paper,45.05,1,0.116,-0.17
ORD00314,C00272,2025-11-02 22:24:30,2025-11-06 22:24:30,Standard Class,Consumer,South,Office Supplies,Appliances,21.65,1,0.109,1.23
ORD01173,C00584,2024-01-27 07:46:05,2024-01-31 07:46:05,Standard Class,Home Office,West,Office Supplies,Storage,61.3,1,0.096,5.65
ORD02433,C00613,2024-08-06 00:43:17,2024-08-10 00:43:17,Standard Class,Consumer,East,Office Supplies,Storage,94.49,2,0.233,-16.32
ORD03646,C00791,2024-11-01 10:22:07,2024-11-04 10:22:07,Standard Class,Consumer,East,Office Supplies,Binders,286.61,6,0.079,36.49
ORD02606,C00040,2024-12-14 09:51:55,2024-12-18 09:51:55,Second Class,Home Office,North,Technology,Phones,583.24,4,0.215,-27.07
ORD00632,C00853,2024-12-12 02:48:16,2024-12-17 02:48:16,Standard Class,Consumer,West,Technology,Laptops,105.37,1,0.115,12.93
ORD00290,C00881,2024-04-17 23:38:10,2024-04-20 23:38:10,Standard Class,Consumer,East,Technology,Laptops,414.16,3,0.169,52.42
ORD02011,C00431,2024-06-13 16:23:13,2024-06-15 16:23:13,First Class,Consumer,North,Office Supplies,Binders,345.48,8,0.199,-8.7
ORD01971,C00530,2024-03-10 12:38:30,2024-03-15 12:38:30,Standard Class,Corporate,East,Furniture,Bookcases,1107.65,5,0.41,-338.54
ORD00289,C00872,2025-02-21 21:27:46,2025-02-23 21:27:46,Second Class,Consumer,East,Office Supplies,Art,411.05,6,0.221,-5.76
ORD02230,C00101,2024-09-13 03:13:11,2024-09-18 03:13:11,Standard Class,Corporate,South,Office Supplies,Appliances,78.8,3,0.242,-0.77
ORD00416,C00913,2025-02-17 00:19:25,2025-02-19 00:19:25,Second Class,Consumer,North,Furniture,Bookcases,981.13,5,0.145,-64.1
ORD02478,C00687,2025-03-06 11:47:43,2025-03-09 11:47:43,Standard Class,Consumer,East,Technology,Laptops,875.68,7,0.197,-63.98
ORD03838,C00674,2025-05-27 11:04:41,2025-06-01 11:04:41,Standard Class,Consumer,North,Technology,Phones,623.94,6,0.082,121.46
ORD00032,C00273,2025-02-03 08:03:45,2025-02-04 08:03:45,First Class,Corporate,North,Furniture,Chairs,109.82,1,0.296,-12.45
ORD01075,C00949,2025-04-18 00:03:26,2025-04-22 00:03:26,Standard Class,Consumer,North,Furniture,Tables,1194.44,5,0.247,-107.2
ORD03096,C00728,2025-03-04 14:52:11,2025-03-07 14:52:11,Standard Class,Corporate,West,Office Supplies,Paper,371.92,7,0.241,-47.4
ORD02856,C00894,2025-04-21 06:37:37,2025-04-24 06:37:37,Standard Class,Consumer,South,Technology,Laptops,274.59,2,0.134,27.73
ORD02061,C00836,2025-03-26 03:36:05,2025-03-31 03:36:05,Standard Class,Consumer,South,Furniture,Tables,717.59,4,0.224,-43.3
ORD03640,C00634,2024-08-18 20:04:18,2024-08-22 20:04:18,Standard Class,Consumer,South,Furniture,Tables,305.6,6,0.172,11.24
ORD01609,C00479,2024-06-28 18:54:12,2024-07-03 18:54:12,Standard Class,Consumer,West,Office Supplies,Storage,20.95,1,0.081,1.77
ORD02594,C00363,2025-07-28 19:48:45,2025-08-02 19:48:45,Standard Class,Consumer,East,Technology,Laptops,633.23,6,0.042,113.43
ORD01714,C00176,2024-09-07 04:08:18,2024-09-10 04:08:18,Second Class,Corporate,West,Office Supplies,Binders,120.51,7,0.113,-3.46
ORD03777,C00039,2025-02-04 21:00:34,2025-02-07 21:00:34,First Class,Home Office,South,Furniture,Bookcases,705.36,5,0.131,14.31
ORD01767,C00449,2024-05-23 18:58:06,2024-05-28 18:58:06,Standard Class,Corporate,North,Furniture,Tables,500.03,4,0.26,-38.4
ORD00444,C00562,2024-11-10 22:26:48,2024-11-12 22:26:48,First Class,Corporate,East,Office Supplies,Binders,49.91,1,0.016,8.15
ORD03319,C00543,2025-01-21 15:42:28,2025-01-26 15:42:28,Standard Class,Consumer,South,Office Supplies,Appliances,273.98,6,0.369,-36.55
ORD01594,C00449,2025-04-01 23:44:19,2025-04-04 23:44:19,Standard Class,Corporate,West,Office Supplies,Appliances,617.05,8,0.406,-142.28
ORD02682,C00342,2025-01-19 06:07:08,2025-01-23 06:07:08,Second Class,Consumer,West,Office Supplies,Binders,183.8,8,,-6.48
ORD01581,C00387,2024-09-20 06:42:59,2024-09-23 06:42:59,Second Class,Corporate,South,Office Supplies,Art,155.51,5,0.336,-25.73
ORD01116,C00731,2025-12-03 02:13:59,2025-12-07 02:13:59,Standard Class,Home Office,West,Technology,Laptops,115.39,1,0.264,3.72
ORD00970,C00886,2025-01-09 07:11:29,2025-01-09 07:11:29,Same Day,Consumer,East,Technology,Laptops,339.41,3,0.16,39.63
ORD00049,C00258,2025-08-13 01:25:23,2025-08-16 01:25:23,First Class,Home Office,South,Furniture,Tables,484.3,3,0.292,-74.36
ORD00354,C00617,2025-06-21 19:05:01,2025-06-24 19:05:01,Standard Class,Corporate,East,Technology,Phones,140.82,1,0.071,22.26
ORD01469,C00799,2025-02-11 13:43:02,2025-02-13 13:43:02,Second Class,Consumer,North,Technology,Phones,144.04,1,0.158,14.06
ORD03023,C00382,2025-10-09 01:46:42,2025-10-11 01:46:42,Second Class,Home Office,West,Furniture,Chairs,1054.01,5,0.164,-44.74
ORD00740,C00416,2024-04-03 15:15:13,2024-04-04 15:15:13,First Class,Consumer,North,Office Supplies,Binders,15.3,1,0.028,3.08
ORD02718,C00525,2025-11-03 08:55:19,2025-11-06 08:55:19,Second Class,Consumer,South,Technology,Accessories,133.45,1,0.259,-7.84
ORD02367,C00557,2025-09-12 15:57:36,2025-09-16 15:57:36,Standard Class,Consumer,East,Office Supplies,Binders,108.45,8,0.319,-11.73
ORD02686,C00873,2025-01-02 15:38:55,2025-01-04 15:38:55,Second Class,Corporate,North,Furniture,Bookcases,1056.44,5,0.135,-35.18
ORD02499,C00054,2025-06-19 09:01:37,2025-06-22 09:01:37,Standard Class,Consumer,North,Office Supplies,Art,303.27,7,0.078,41.76
ORD03323,C00780,2025-01-14 19:13:12,2025-01-16 19:13:12,Second Class,Home Office,East,Office Supplies,Paper,25.04,2,0.186,-0.31
ORD01258,C00200,2024-07-15 04:45:13,2024-07-17 04:45:13,Second Class,Consumer,North,Office Supplies,Binders,93.28,3,0.277,0.79
ORD02610,C00348,2025-08-06 21:43:46,2025-08-08 21:43:46,Second Class,Consumer,South,Technology,Accessories,496.18,5,0.06,67.34
ORD03365,C00417,2024-06-28 12:33:03,2024-07-01 12:33:03,Standard Class,Corporate,South,Office Supplies,Appliances,308.68,6,0.103,29.07
ORD02576,C00481,2024-08-17 13:10:34,2024-08-20 13:10:34,Standard Class,Consumer,North,Technology,Accessories,310.98,3,0.191,4.63
ORD03830,C00702,2025-01-14 01:59:19,2025-01-17 01:59:19,Second Class,Corporate,North,Office Supplies,Appliances,442.77,8,0.062,42.04
ORD03207,C00159,2025-09-03 06:56:20,2025-09-06 06:56:20,Standard Class,Consumer,West,Technology,Phones,700.63,6,0.104,87.18
ORD01833,C00922,2024-10-07 06:23:06,2024-10-11 06:23:06,Standard Class,Home Office,West,Technology,Phones,336.66,2,0.043,66.21
ORD03013,C00792,2024-12-26 17:21:41,2024-12-29 17:21:41,Standard Class,Corporate,North,Technology,Accessories,114.15,1,0.211,-0.97
ORD01843,C00069,2024-01-31 09:58:35,2024-02-03 09:58:35,First Class,Consumer,West,Furniture,Furnishings,203.25,1,0.149,-8.07
ORD03543,C00534,2024-03-25 13:48:35,2024-03-28 13:48:35,Standard Class,Consumer,East,Technology,Laptops,1215.33,7,0.143,103.77
ORD00306,C00890,2024-02-10 20:11:49,2024-02-13 20:11:49,Second Class,Consumer,East,Technology,Laptops,879.49,7,0.092,127.9
ORD03868,C00035,2024-02-22 14:28:34,2024-02-25 14:28:34,Standard Class,Home Office,East,Technology,Phones,479.18,4,0.083,63.99
ORD03425,C00293,2025-09-26 00:28:46,2025-09-28 00:28:46,First Class,Corporate,East,Office Supplies,Binders,218.15,6,0.237,-13.42
ORD01167,C00436,2025-09-06 15:43:15,2025-09-10 15:43:15,Standard Class,Consumer,West,Office Supplies,Storage,376.89,8,0.18,-19.37
ORD00559,C00933,2025-08-22 23:26:53,2025-08-27 23:26:53,Standard Class,Consumer,East,Furniture,Furnishings,415.69,2,0.074,27.55
ORD02261,C00529,2024-02-10 13:32:59,2024-02-15 13:32:59,Standard Class,Home Office,East,Office Supplies,Appliances,248.76,8,0.234,-3.17
ORD02451,C00043,2024-02-26 16:20:19,2024-03-02 16:20:19,Standard Class,Consumer,South,Office Supplies,Paper,229.69,4,0.043,34.43
ORD01449,C00604,2024-07-23 20:18:44,2024-07-25 20:18:44,First Class,Corporate,North,Office Supplies,Paper,225.94,4,0.194,-0.7
ORD02516,C00483,2025-02-16 15:58:12,2025-02-18 15:58:12,Second Class,Corporate,East,Technology,Accessories,322.94,2,0.084,34.56
ORD02084,C00562,2024-08-31 21:57:29,2024-09-03 21:57:29,Second Class,Consumer,North,Furniture,Furnishings,365.61,6,0.089,7.46
ORD01347,C00738,2024-12-21 22:03:10,2024-12-25 22:03:10,Second Class,Consumer,South,Furniture,Chairs,361.93,5,0.154,-13.42
ORD01871,C00091,2024-05-06 06:51:45,2024-05-07 06:51:45,First Class,Consumer,North,Technology,Laptops,166.92,1,0.098,20.99
ORD00388,C00333,2025-06-17 11:13:51,2025-06-19 11:13:51,Same Day,Consumer,North,Office Supplies,Appliances,328.77,6,0.107,10.21
ORD02121,C00126,2024-08-17 03:24:42,2024-08-20 03:24:42,Second Class,Home Office,East,Technology,Phones,282.88,2,0.165,-3.9
ORD02552,C00925,2024-02-18 13:47:42,2024-02-23 13:47:42,Standard Class,Corporate,East,Office Supplies,Appliances,190.05,3,0.077,12.47
ORD03762,C00879,2025-06-26 03:58:25,2025-06-29 03:58:25,Standard Class,Corporate,South,Furniture,Bookcases,311.86,5,0.197,-29.59
ORD01334,C00878,2025-10-21 00:51:09,2025-10-23 00:51:09,Second Class,Consumer,North,Furniture,Furnishings,1045.0,7,0.199,-52.42
ORD00343,C00249,2024-01-11 17:14:36,2024-01-14 17:14:36,Second Class,Consumer,South,Office Supplies,Paper,81.72,2,0.066,5.47
ORD00597,C00315,2024-11-14 18:30:42,2024-11-18 18:30:42,Second Class,Corporate,South,Office Supplies,Appliances,197.01,4,0.309,-28.46
ORD03428,C00442,2025-08-26 20:04:42,2025-08-29 20:04:42,Standard Class,Consumer,East,Office Supplies,Binders,166.6,3,0.216,-4.94
ORD03564,C00004,2025-05-30 12:00:27,2025-06-03 12:00:27,Second Class,Consumer,East,Technology,Phones,929.82,6,0.183,107.31
ORD03062,C00818,2025-09-17 06:43:16,2025-09-22 06:43:16,Standard Class,Consumer,East,Office Supplies,Storage,89.23,7,0.024,11.66
ORD01898,C00167,2024-10-30 02:28:47,2024-11-02 02:28:47,Standard Class,Corporate,East,Office Supplies,Art,333.26,6,0.021,23.73
ORD03831,C00650,2024-09-28 18:01:21,2024-10-01 18:01:21,First Class,Corporate,West,Furniture,Chairs,1500.08,7,0.375,
ORD02731,C00031,2025-06-01 16:45:45,2025-06-05 16:45:45,Second Class,Consumer,East,Furniture,Tables,549.26,4,0.088,61.38
ORD00876,C00128,2024-04-22 03:17:52,2024-04-26 03:17:52,Standard Class,Home Office,East,Technology,Accessories,1018.75,5,0.145,147.04
ORD01173,C00646,2024-06-23 18:39:41,2024-06-26 18:39:41,Standard Class,Consumer,South,Technology,Phones,349.79,3,0.118,45.89
ORD03686,C00057,2025-03-14 14:43:26,2025-03-17 14:43:26,Second Class,Consumer,North,Technology,Phones,1079.61,8,0.269,4.51
ORD00578,C00134,2025-05-02 23:19:29,2025-05-05 23:19:29,Standard Class,Consumer,West,Technology,Phones,419.78,2,0.258,8.19
ORD02804,C00195,2024-03-28 08:39:47,2024-04-01 08:39:47,Standard Class,Corporate,South,Office Supplies,Appliances,392.65,8,0.177,-9.72
ORD00135,C00456,2025-01-06 01:35:40,2025-01-08 01:35:40,Second Class,Consumer,North,Furniture,Furnishings,1172.99,6,0.3,-136.49
ORD02724,C00206,2024-09-23 09:23:13,2024-09-27 09:23:13,Second Class,Consumer,West,Office Supplies,Art,516.3,8,0.261,-12.55
ORD01344,C00178,2025-01-01 06:33:53,2025-01-04 06:33:53,Standard Class,Consumer,East,Office Supplies,Art,230.96,6,0.037,38.05
ORD00064,C00179,2025-11-30 15:40:45,2025-12-04 15:40:45,Standard Class,Corporate,North,Office Supplies,Binders,69.44,3,0.151,0.17
ORD00196,C00823,2024-02-25 22:12:57,2024-02-27 22:12:57,Second Class,Corporate,North,Office Supplies,Binders,175.24,3,0.064,16.31
ORD00727,C00774,2025-12-27 16:32:15,2025-12-30 16:32:15,Standard Class,Consumer,North,Furniture,Tables,295.15,2,0.084,3.02
ORD03861,C00280,2024-11-24 04:37:07,2024-11-29 04:37:07,Standard Class,Home Office,East,Office Supplies,Appliances,313.01,8,0.204,6.59
ORD03798,C00614,2025-07-17 15:16:39,2025-07-20 15:16:39,Standard Class,Consumer,North,Office Supplies,Storage,40.02,1,0.135,2.29
ORD00910,C00663,2024-11-05 20:43:30,2024-11-08 20:43:30,Standard Class,Consumer,West,Furniture,Furnishings,493.94,7,0.253,-44.29
ORD01170,C00235,2024-08-15 00:02:44,2024-08-18 00:02:44,First Class,Corporate,West,Office Supplies,Paper,82.34,6,0.022,14.47
ORD00491,C00557,2025-07-16 12:54:26,2025-07-19 12:54:26,Standard Class,Corporate,East,Technology,Phones,290.53,2,0.105,15.09
ORD01950,C00057,2025-05-16 23:53:29,2025-05-18 23:53:29,Same Day,Consumer,East,Office Supplies,Appliances,538.78,8,0.28,-27.98
ORD03202,C00357,2024-04-15 03:53:45,2024-04-20 03:53:45,Standard Class,Corporate,South,Office Supplies,Storage,70.84,2,0.143,-0.57
ORD02079,C00569,2025-05-29 22:43:10,2025-06-01 22:43:10,Second Class,Consumer,North,Office Supplies,Art,44.66,2,0.147,0.56
ORD03116,C00722,2025-07-03 17:54:56,2025-07-07 17:54:56,Standard Class,Corporate,East,Furniture,Bookcases,704.57,5,0.068,7.62
ORD03789,C00354,2024-10-10 02:59:11,2024-10-13 02:59:11,Second Class,Corporate,North,Office Supplies,Art,50.45,1,0.14,2.16
ORD03887,C00109,2025-11-06 17:22:47,2025-11-08 17:22:47,First Class,Home Office,North,Office Supplies,Art,14.28,1,0.028,1.95
ORD01295,C00674,2025-04-12 20:22:07,2025-04-15 20:22:07,Standard Class,Consumer,South,Furniture,Furnishings,855.65,5,0.307,-208.54
ORD00952,C00675,2024-08-31 13:10:08,2024-09-05 13:10:08,Standard Class,Corporate,North,Office Supplies,Storage,326.93,8,0.131,-11.07
ORD01906,C00097,2024-01-08 19:56:54,2024-01-10 19:56:54,First Class,Corporate,South,Office Supplies,Paper,28.8,1,0.099,1.36
ORD00188,C00171,2025-05-07 17:18:21,2025-05-09 17:18:21,First Class,Consumer,East,Technology,Accessories,953.75,6,0.334,-51.63
ORD01756,C00264,2024-06-01 14:41:24,2024-06-03 14:41:24,Same Day,Consumer,West,Office Supplies,Paper,351.11,5,0.212,4.05
ORD02820,C00078,2025-07-06 06:20:39,2025-07-11 06:20:39,Standard Class,Home Office,East,Office Supplies,Binders,23.15,1,0.147,1.68
ORD00755,C00745,2025-01-18 07:32:49,2025-01-22 07:32:49,Standard Class,Consumer,West,Technology,Accessories,235.65,2,0.147,18.53
ORD03151,C00919,2024-12-06 17:02:59,2024-12-10 17:02:59,Standard Class,Corporate,South,Office Supplies,Storage,50.37,4,0.09,2.44
ORD03331,C00800,2024-04-29 12:55:22,2024-05-02 12:55:22,Second Class,Consumer,West,Technology,Accessories,1187.92,6,0.341,-109.07
ORD01365,C00164,2025-06-03 09:34:21,2025-06-07 09:34:21,Standard Class,Corporate,East,Technology,Accessories,340.12,2,0.071,62.03
ORD01201,C00256,2024-05-01 02:41:17,2024-05-06 02:41:17,Standard Class,Consumer,North,Office Supplies,Art,214.72,4,0.069,37.74
ORD03650,C00252,2024-10-31 23:02:42,2024-11-04 23:02:42,Second Class,Home Office,West,Technology,Phones,677.85,4,0.131,55.14
ORD03186,C00438,2025-09-02 12:03:04,2025-09-06 12:03:04,Standard Class,Corporate,South,Office Supplies,Art,229.63,6,0.155,-1.53
ORD03010,C00010,2025-11-02 20:48:34,2025-11-05 20:48:34,Second Class,Consumer,North,Office Supplies,Paper,46.85,2,0.128,2.4
ORD01315,C00213,2025-12-23 01:36:36,2025-12-27 01:36:36,Standard Class,Corporate,North,Office Supplies,Appliances,148.12,6,0.243,-9.74
ORD01599,C00643,2025-11-30 08:22:11,2025-12-01 08:22:11,First Class,Corporate,South,Technology,Accessories,920.35,7,0.117,58.83
ORD02709,C00626,2025-02-09 20:35:03,2025-02-12 20:35:03,Standard Class,Consumer,South,Office Supplies,Storage,224.86,5,0.044,22.46
ORD02807,C00722,2024-05-26 08:25:08,2024-05-29 08:25:08,Second Class,Consumer,East,Technology,Accessories,1098.44,6,0.257,-62.26
ORD00951,C00402,2025-09-04 12:30:06,2025-09-08 12:30:06,Standard Class,Corporate,West,Office Supplies,Art,82.89,2,0.186,2.89
ORD00004,C00020,2025-08-08 04:34:00,2025-08-12 04:34:00,Standard Class,Corporate,South,Office Supplies,Storage,231.71,8,0.208,5.69
ORD00220,C00930,2025-04-20 04:36:25,2025-04-23 04:36:25,Standard Class,Consumer,East,Office Supplies,Appliances,110.37,3,0.355,-19.06
ORD01324,C00491,2024-04-13 08:45:35,2024-04-14 08:45:35,First Class,Home Office,South,Office Supplies,Binders,84.24,2,0.121,9.33
ORD01819,C00866,2025-01-02 02:50:47,2025-01-05 02:50:47,Standard Class,Consumer,West,Furniture,Furnishings,1164.47,5,,
ORD00663,C00805,2024-11-23 05:15:47,2024-11-28 05:15:47,Standard Class,Consumer,North,Technology,Laptops,518.84,4,0.042,75.74
ORD00121,C00117,2025-09-07 08:26:08,2025-09-11 08:26:08,Second Class,Corporate,North,Furniture,Chairs,423.5,4,0.287,-47.7
ORD01191,C00748,2024-10-13 13:52:26,2024-10-18 13:52:26,Standard Class,Consumer,East,Furniture,Chairs,1356.36,7,0.149,-89.03
ORD03400,C00615,2024-08-27 20:56:39,2024-08-31 20:56:39,Standard Class,Consumer,East,Office Supplies,Appliances,129.55,5,0.041,19.57
ORD00815,C00763,2024-02-28 10:27:48,2024-03-02 10:27:48,Standard Class,Consumer,West,Technology,Accessories,457.33,3,0.119,56.83
ORD02584,C00669,2025-09-01 21:11:55,2025-09-06 21:11:55,Standard Class,Consumer,East,Technology,Laptops,1009.43,7,0.197,14.61
ORD02788,C00065,2025-07-05 09:23:04,2025-07-09 09:23:04,Standard Class,Consumer,West,Furniture,Chairs,976.48,4,0.219,-97.46
ORD02423,C00100,2024-01-31 02:18:33,2024-02-05 02:18:33,Standard Class,Corporate,South,Technology,Accessories,1231.71,8,0.116,63.39
ORD03233,C00269,2024-11-12 15:48:30,2024-11-15 15:48:30,Standard Class,Consumer,North,Furniture,Bookcases,559.11,8,0.277,-49.24
ORD01121,C00194,2024-12-16 04:39:42,2024-12-19 04:39:42,Standard Class,Corporate,North,Office Supplies,Appliances,113.26,4,0.175,-0.26
ORD00703,C00495,2024-12-08 14:36:28,2024-12-11 14:36:28,Second Class,Corporate,North,Office Supplies,Storage,367.93,7,0.105,30.94
ORD00639,C00942,2025-11-01 19:40:30,2025-11-05 19:40:30,Second Class,Consumer,South,Office Supplies,Binders,261.53,6,0.175,-3.49
ORD01628,C00485,2024-04-19 23:47:25,2024-04-22 23:47:25,Standard Class,Consumer,East,Technology,Accessories,1133.88,7,0.277,-55.77
ORD02041,C00321,2024-08-11 15:09:20,2024-08-15 15:09:20,Standard Class,Corporate,South,Office Supplies,Art,39.77,4,0.169,0.3
ORD02335,C00719,2024-05-12 01:50:05,2024-05-16 01:50:05,Second Class,Consumer,East,Furniture,Furnishings,632.33,4,0.232,-47.64
ORD03445,C00462,2024-06-27 04:21:42,2024-07-01 04:21:42,Standard Class,Consumer,East,Technology,Laptops,326.99,3,0.073,49.34
ORD00564,C00873,2025-10-24 04:27:19,2025-10-25 04:27:19,First Class,Corporate,East,Furniture,Furnishings,530.94,5,0.079,16.36
ORD02379,C00411,2025-11-17 17:27:06,2025-11-21 17:27:06,Standard Class,Corporate,East,Furniture,Chairs,896.47,5,0.297,-184.7
ORD01407,C00681,2024-02-02 14:15:07,2024-02-07 14:15:07,Standard Class,Corporate,South,Technology,Accessories,399.59,4,0.306,-42.92
ORD02693,C00078,2025-04-06 10:14:57,2025-04-11 10:14:57,Standard Class,Consumer,South,Office Supplies,Storage,157.02,3,0.233,-12.34
ORD00763,C00458,2024-06-18 23:34:19,2024-06-20 23:34:19,Second Class,Consumer,East,Technology,Accessories,644.4,4,0.026,120.5
ORD00067,C00409,2024-05-20 13:40:11,2024-05-23 13:40:11,Standard Class,Consumer,East,Office Supplies,Appliances,199.58,5,0.059,5.63
ORD02192,C00561,2024-08-01 04:52:46,2024-08-06 04:52:46,Standard Class,Corporate,South,Furniture,Furnishings,216.41,2,0.347,-40.9
ORD01187,C00729,2024-05-21 21:39:38,2024-05-26 21:39:38,Standard Class,Consumer,South,Furniture,Chairs,1358.81,6,0.135,-16.74
ORD03518,C00004,2024-12-23 20:15:39,2024-12-25 20:15:39,Second Class,Consumer,East,Furniture,Furnishings,1199.03,7,0.235,-152.73
ORD02848,C00290,2025-12-27 19:05:53,2025-12-30 19:05:53,Standard Class,Consumer,East,Technology,Laptops,497.36,3,0.292,-46.69
ORD01805,C00428,2025-03-04 02:31:09,2025-03-08 02:31:09,Second Class,Corporate,North,Office Supplies,Art,133.73,4,0.012,16.46
ORD01490,C00616,2025-06-11 23:13:09,2025-06-16 23:13:09,Standard Class,Corporate,South,Technology,Accessories,131.77,1,0.108,5.09
ORD02617,C00108,2024-12-26 02:26:25,2024-12-31 02:26:25,Standard Class,Consumer,West,Furniture,Furnishings,1301.01,5,0.125,-10.23
ORD01794,C00667,2024-01-11 03:39:19,2024-01-16 03:39:19,Standard Class,Consumer,North,Technology,Accessories,399.75,4,0.104,45.28
ORD02809,C00695,2024-03-02 09:42:02,2024-03-04 09:42:02,Same Day,Consumer,West,Technology,Laptops,1060.75,7,0.061,219.29
ORD02852,C00511,2024-07-15 06:38:52,2024-07-20 06:38:52,Standard Class,Consumer,North,Technology,Laptops,1231.29,8,0.115,164.12
ORD03863,C00742,2024-06-26 21:03:13,2024-07-01 21:03:13,Standard Class,Consumer,East,Technology,Laptops,991.46,7,0.217,70.35
ORD01216,C00489,2025-09-05 14:57:08,2025-09-08 14:57:08,First Class,Consumer,South,Technology,Accessories,184.3,2,0.25,-4.61
ORD02449,C00949,2025-09-07 19:40:06,2025-09-11 19:40:06,Standard Class,Corporate,North,Technology,Phones,307.57,2,0.19,0.95
ORD01927,C00048,2025-09-15 12:12:23,2025-09-18 12:12:23,Standard Class,Corporate,West,Furniture,Tables,353.18,4,0.182,12.16
ORD00722,C00440,2025-04-10 10:33:14,2025-04-14 10:33:14,Standard Class,Home Office,South,Furniture,Furnishings,847.32,5,0.264,-133.25
ORD00900,C00686,2025-02-10 00:09:13,2025-02-12 00:09:13,Second Class,Home Office,West,Technology,Accessories,187.93,1,0.336,-28.49
ORD00041,C00083,2025-04-18 21:05:28,2025-04-23 21:05:28,Standard Class,Consumer,South,Furniture,Bookcases,906.0,4,0.334,-177.62
ORD01169,C00634,2024-10-23 23:15:24,2024-10-25 23:15:24,First Class,Consumer,West,Office Supplies,Art,32.55,1,0.279,-4.98
ORD00542,C00132,2025-05-04 05:57:39,2025-05-08 05:57:39,Second Class,Consumer,West,Furniture,Bookcases,275.67,3,0.397,-66.39
ORD00720,C00571,2025-08-02 22:38:12,2025-08-06 22:38:12,Standard Class,Corporate,East,Office Supplies,Binders,154.59,3,0.273,-16.49
ORD00487,C00862,2025-07-10 22:03:39,2025-07-14 22:03:39,Standard Class,Consumer,North,Office Supplies,Storage,52.94,1,0.221,-0.56
ORD00008,C00231,2025-03-24 02:18:26,2025-03-28 02:18:26,Second Class,Consumer,East,Office Supplies,Binders,81.91,3,0.067,11.71
ORD02040,C00186,2024-02-12 10:03:38,2024-02-14 10:03:38,First Class,Consumer,East,Technology,Accessories,736.13,6,0.049,111.52
ORD03630,C00582,2025-06-13 05:06:50,2025-06-16 05:06:50,First Class,Consumer,West,Office Supplies,Art,390.36,8,0.106,22.12
ORD01713,C00345,2024-09-24 14:58:44,2024-09-27 14:58:44,Standard Class,Corporate,South,Furniture,Furnishings,474.15,7,0.274,-55.66
ORD01972,C00752,2025-06-26 21:03:03,2025-06-29 21:03:03,Second Class,Corporate,South,Furniture,Chairs,571.71,3,0.268,-103.42
ORD02397,C00127,2025-01-28 20:31:14,2025-01-31 20:31:14,Second Class,Consumer,North,Office Supplies,Art,481.49,8,0.089,42.43
ORD02266,C00750,2025-10-05 06:22:29,2025-10-06 06:22:29,First Class,Home Office,East,Office Supplies,Paper,106.8,4,0.061,13.87
ORD00303,C00778,2024-09-04 01:45:27,2024-09-08 01:45:27,Standard Class,Consumer,West,Furniture,Chairs,625.59,3,0.108,-7.93
ORD01736,C00711,2025-11-10 22:01:36,2025-11-12 22:01:36,Second Class,Consumer,North,Technology,Laptops,814.45,7,0.248,-17.94
ORD03199,C00286,2025-09-08 11:16:11,2025-09-12 11:16:11,Second Class,Consumer,East,Technology,Accessories,557.35,4,0.088,75.62
ORD00844,C00688,2024-08-29 16:59:42,2024-09-01 16:59:42,First Class,Corporate,West,Office Supplies,Binders,390.51,6,0.152,36.45
ORD00425,C00354,2024-12-18 06:40:13,2024-12-20 06:40:13,Second Class,Corporate,North,Technology,Phones,254.32,2,0.075,23.73
ORD02509,C00407,2025-01-22 21:13:03,2025-01-24 21:13:03,First Class,Consumer,North,Office Supplies,Binders,173.34,3,0.119,8.83
ORD02665,C00705,2025-07-15 02:21:19,2025-07-18 02:21:19,Standard Class,Home Office,East,Technology,Accessories,879.31,8,0.082,173.41
ORD02825,C00880,2025-05-18 02:02:01,2025-05-23 02:02:01,Standard Class,Consumer,East,Office Supplies,Binders,85.11,2,0.201,1.95
ORD02702,C00567,2025-09-13 23:18:42,2025-09-16 23:18:42,Standard Class,Consumer,North,Office Supplies,Storage,228.71,7,0.163,1.33
ORD01158,C00927,2024-09-27 00:05:01,2024-09-28 00:05:01,First Class,Corporate,West,Furniture,Tables,341.43,4,0.108,6.71
ORD02215,C00566,2025-01-03 11:56:48,2025-01-06 11:56:48,Standard Class,Home Office,East,Office Supplies,Art,403.44,8,0.227,-9.4
ORD03317,C00794,2024-11-10 12:45:02,2024-11-13 12:45:02,Second Class,Corporate,West,Office Supplies,Paper,144.12,4,0.025,24.33
ORD00682,C00049,2025-10-25 23:21:19,2025-10-27 23:21:19,Same Day,Home Office,West,Furniture,Chairs,537.72,4,0.254,-25.14
ORD02700,C00188,2024-08-10 15:15:35,2024-08-13 15:15:35,First Class,Consumer,West,Office Supplies,Binders,169.54,4,0.138,16.33
ORD02390,C00208,2025-03-04 14:24:41,2025-03-06 14:24:41,Second Class,Corporate,East,Office Supplies,Binders,41.35,2,0.168,-2.2
ORD01066,C00304,2024-03-28 17:18:39,2024-03-31 17:18:39,Second Class,Corporate,North,Technology,Phones,802.95,7,0.173,-9.8
ORD03606,C00262,2025-09-12 16:48:20,2025-09-17 16:48:20,Standard Class,Consumer,East,Office Supplies,Paper,98.18,5,0.071,7.03
ORD00645,C00664,2024-10-07 11:29:54,2024-10-12 11:29:54,Standard Class,Consumer,North,Office Supplies,Appliances,246.47,5,0.111,-4.54
ORD03140,C00945,2024-09-05 15:09:02,2024-09-08 15:09:02,Standard Class,Home Office,East,Office Supplies,Art,148.9,3,0.089,20.74
ORD02216,C00165,2025-03-01 12:42:34,2025-03-03 12:42:34,Second Class,Consumer,North,Furniture,Tables,1140.0,7,0.078,-25.59
ORD00507,C00214,2024-12-30 03:16:23,2025-01-04 03:16:23,Standard Class,Consumer,East,Furniture,Furnishings,597.98,3,0.074,17.67
ORD01718,C00880,2025-09-11 00:32:41,2025-09-15 00:32:41,Standard Class,Home Office,North,Furniture,Furnishings,311.84,2,0.082,0.56
ORD01291,C00355,2025-01-22 22:19:17,2025-01-24 22:19:17,Second Class,Home Office,South,Office Supplies,Art,22.77,1,0.134,-1.06
ORD01626,C00663,2025-01-12 09:44:47,2025-01-15 09:44:47,Standard Class,Home Office,North,Furniture,Furnishings,501.14,7,0.197,-4.56
ORD03080,C00183,2024-03-17 15:14:40,2024-03-19 15:14:40,First Class,Home Office,East,Furniture,Bookcases,188.07,1,0.157,-10.71
ORD02505,C00854,2024-01-17 00:21:22,2024-01-22 00:21:22,Standard Class,Consumer,West,Technology,Laptops,878.0,7,0.244,75.33
ORD00768,C00450,2024-10-17 22:38:23,2024-10-20 22:38:23,First Class,Home Office,North,Office Supplies,Paper,212.42,4,0.203,9.62
ORD02898,C00829,2025-12-29 16:34:10,2026-01-01 16:34:10,Standard Class,Consumer,West,Technology,Laptops,132.34,1,0.214,3.65
ORD02788,C00001,2025-10-31 15:45:21,2025-11-02 15:45:21,Second Class,Corporate,West,Technology,Phones,1086.45,8,0.057,80.75
ORD00366,C00517,2025-04-04 03:43:27,2025-04-07 03:43:27,Second Class,Consumer,South,Technology,Phones,714.64,6,0.315,-74.35
ORD03581,C00763,2025-04-05 12:10:51,2025-04-09 12:10:51,Standard Class,Corporate,East,Office Supplies,Appliances,354.35,6,0.197,30.2
ORD00026,C00136,2024-10-12 19:08:39,2024-10-17 19:08:39,Standard Class,Corporate,South,Technology,Phones,659.66,5,0.074,97.36
ORD01109,C00838,2024-05-09 13:54:55,2024-05-12 13:54:55,First Class,Corporate,North,Technology,Accessories,928.32,7,,122.39
ORD01132,C00743,2024-01-07 05:44:19,2024-01-10 05:44:19,Standard Class,Consumer,East,Technology,Accessories,207.37,2,0.242,-7.23
ORD00368,C00466,2024-09-04 08:45:02,2024-09-06 08:45:02,Second Class,Consumer,North,Office Supplies,Binders,74.13,2,0.029,13.27
ORD02585,C00867,2024-08-19 00:31:18,2024-08-22 00:31:18,Standard Class,Consumer,West,Furniture,Chairs,434.58,5,0.23,-30.72
ORD01795,C00802,2024-05-19 20:53:05,2024-05-22 20:53:05,Second Class,Consumer,West,Furniture,Bookcases,597.41,6,0.184,-19.69
ORD03182,C00171,2024-07-08 04:36:22,2024-07-11 04:36:22,Standard Class,Corporate,West,Office Supplies,Art,280.42,5,0.191,13.79
ORD01222,C00005,2024-01-19 02:54:04,2024-01-22 02:54:04,Second Class,Consumer,East,Technology,Laptops,393.23,4,0.184,36.77
ORD03333,C00229,2025-03-19 19:27:45,2025-03-22 19:27:45,Second Class,Corporate,East,Furniture,Chairs,566.79,6,0.063,41.19
ORD01985,C00416,2025-11-08 01:06:26,2025-11-13 01:06:26,Standard Class,Consumer,West,Technology,Phones,121.09,1,0.26,-10.33
ORD00022,C00649,2025-05-19 06:48:55,2025-05-23 06:48:55,Standard Class,Consumer,North,Furniture,Chairs,774.05,5,0.192,-79.27
ORD01181,C00162,2024-11-23 04:35:32,2024-11-25 04:35:32,First Class,Corporate,North,Office Supplies,Binders,233.09,4,0.219,-13.96
ORD01412,C00283,2024-11-02 19:05:54,2024-11-06 19:05:54,Second Class,Consumer,East,Office Supplies,Paper,103.54,4,0.033,13.32
ORD01965,C00371,2024-08-12 12:00:52,2024-08-13 12:00:52,Same Day,Consumer,South,Technology,Accessories,217.37,2,0.126,32.36
ORD02746,C00499,2024-04-13 22:57:16,2024-04-16 22:57:16,Second Class,Consumer,South,Technology,Accessories,1123.79,8,0.083,239.3
ORD00616,C00401,2025-03-12 21:19:13,2025-03-16 21:19:13,Second Class,Consumer,North,Office Supplies,Binders,426.2,7,0.305,-38.99
ORD03146,C00408,2025-02-17 13:30:00,2025-02-21 13:30:00,Second Class,Corporate,East,Office Supplies,Paper,256.08,8,0.252,-10.83
ORD00674,C00645,2024-01-06 08:08:57,2024-01-09 08:08:57,First Class,Consumer,South,Furniture,Tables,1109.88,7,0.134,-104.18
ORD03880,C00633,2024-10-30 07:56:13,2024-11-02 07:56:13,Standard Class,Consumer,North,Office Supplies,Paper,234.68,6,0.173,-2.35
ORD01501,C00762,2024-07-21 22:56:50,2024-07-24 22:56:50,Standard Class,Corporate,North,Office Supplies,Appliances,77.67,3,0.03,8.76
ORD03656,C00905,2024-05-04 07:20:09,2024-05-06 07:20:09,First Class,Consumer,South,Technology,Accessories,108.12,1,0.094,8.79
ORD00350,C00894,2025-05-28 05:08:46,2025-05-29 05:08:46,First Class,Corporate,West,Office Supplies,Appliances,296.75,5,0.238,-5.25
ORD00793,C00814,2025-01-18 20:28:27,2025-01-23 20:28:27,Standard Class,Consumer,South,Technology,Phones,841.52,8,0.044,113.61
ORD03837,C00285,2025-04-07 15:38:47,2025-04-11 15:38:47,Standard Class,Home Office,East,Office Supplies,Paper,108.92,3,0.127,-4.27
ORD00654,C00643,2025-06-04 20:11:54,2025-06-06 20:11:54,Second Class,Consumer,East,Office Supplies,Binders,385.93,8,0.126,32.46
ORD01258,C00655,2025-12-17 17:14:24,2025-12-20 17:14:24,Second Class,Consumer,South,Furniture,Chairs,165.24,2,0.341,-26.1
ORD02188,C00645,2025-08-09 00:24:06,2025-08-14 00:24:06,Standard Class,Home Office,West,Office Supplies,Appliances,73.82,3,0.091,7.45
ORD00780,C00795,2025-03-28 20:40:01,2025-03-30 20:40:01,Second Class,Corporate,East,Technology,Accessories,929.92,6,0.374,-124.51
ORD01357,C00740,2025-10-03 16:27:27,2025-10-06 16:27:27,Standard Class,Corporate,East,Furniture,Bookcases,854.77,4,0.146,-53.01
ORD02743,C00380,2024-12-14 13:54:10,2024-12-18 13:54:10,Standard Class,Home Office,North,Office Supplies,Paper,372.34,7,0.056,28.76
ORD01868,C00211,2025-12-19 21:06:38,2025-12-22 21:06:38,Second Class,Consumer,North,Office Supplies,Binders,77.93,3,0.003,16.4
ORD01642,C00533,2025-07-09 20:17:54,2025-07-14 20:17:54,Standard Class,Corporate,West,Office Supplies,Appliances,203.91,7,0.179,-5.03
ORD02615,C00562,2025-04-20 03:28:34,2025-04-22 03:28:34,Second Class,Corporate,West,Furniture,Bookcases,908.45,3,0.154,65.18
ORD03735,C00652,2025-10-21 10:18:15,2025-10-26 10:18:15,Standard Class,Consumer,West,Technology,Laptops,290.15,2,0.026,69.34
ORD03284,C00053,2025-01-11 00:10:56,2025-01-12 00:10:56,First Class,Consumer,West,Office Supplies,Storage,285.63,5,0.16,11.7
ORD00207,C00075,2025-06-10 02:35:34,2025-06-13 02:35:34,Standard Class,Consumer,North,Furniture,Tables,332.95,5,0.136,38.2
ORD02453,C00691,2024-07-26 20:29:06,2024-07-26 20:29:06,Same Day,Home Office,West,Technology,Accessories,605.19,5,0.171,74.9
ORD01869,C00590,2025-12-04 03:27:38,2025-12-07 03:27:38,Second Class,Consumer,South,Furniture,Furnishings,115.88,1,0.138,-5.61
ORD01679,C00691,2025-03-31 01:23:47,2025-04-04 01:23:47,Standard Class,Consumer,West,Office Supplies,Paper,249.21,4,0.117,4.66
ORD00915,C00516,2025-07-24 20:43:50,2025-07-26 20:43:50,Same Day,Corporate,North,Technology,Accessories,155.06,1,0.127,12.71
ORD01043,C00782,2024-12-02 08:07:25,2024-12-07 08:07:25,Standard Class,Corporate,South,Technology,Phones,746.36,7,0.141,47.24
ORD02742,C00293,2025-09-24 18:21:40,2025-09-27 18:21:40,Standard Class,Consumer,East,Furniture,Bookcases,166.57,1,0.216,-19.81
ORD03799,C00501,2024-02-24 03:35:46,2024-02-26 03:35:46,First Class,Corporate,West,Furniture,Furnishings,2028.35,8,0.168,-166.54
ORD02128,C00945,2024-03-24 07:06:11,2024-03-25 07:06:11,First Class,Consumer,East,Technology,Laptops,189.8,1,0.151,16.04
ORD00813,C00926,2025-01-05 04:40:51,2025-01-08 04:40:51,Second Class,Corporate,South,Technology,Accessories,565.48,5,0.112,75.93
ORD00929,C00078,2025-06-18 15:53:04,2025-06-20 15:53:04,Same Day,Consumer,South,Technology,Phones,322.11,3,0.082,65.92
ORD00740,C00120,2025-08-13 17:31:07,2025-08-17 17:31:07,Standard Class,Consumer,West,Technology,Laptops,175.47,1,0.041,32.69
ORD02048,C00903,2024-11-17 06:21:14,2024-11-22 06:21:14,Standard Class,Corporate,South,Office Supplies,Paper,61.62,3,0.253,-3.45
ORD02763,C00548,2025-04-19 06:16:28,2025-04-22 06:16:28,Standard Class,Consumer,South,Technology,Accessories,108.97,1,0.083,4.0
ORD03036,C00606,2025-02-07 18:22:43,2025-02-12 18:22:43,Standard Class,Consumer,East,Technology,Laptops,757.31,6,0.045,157.93
ORD02515,C00013,2025-12-02 21:52:55,2025-12-05 21:52:55,Second Class,Consumer,South,Technology,Phones,921.98,7,0.5,-276.82
ORD03801,C00057,2025-04-22 11:52:27,2025-04-27 11:52:27,Standard Class,Corporate,East,Office Supplies,Storage,59.38,3,0.153,2.14
ORD03484,C00661,2024-10-31 07:06:20,2024-11-03 07:06:20,Second Class,Home Office,South,Office Supplies,Appliances,142.79,4,0.339,-23.19
ORD00885,C00172,2025-12-08 23:09:39,2025-12-13 23:09:39,Standard Class,Corporate,West,Office Supplies,Paper,149.55,2,0.11,9.05
ORD03558,C00741,2024-03-19 07:04:23,2024-03-23 07:04:23,Standard Class,Home Office,West,Office Supplies,Art,208.29,4,0.024,17.05
ORD00212,C00743,2025-12-19 17:48:28,2025-12-23 17:48:28,Second Class,Home Office,West,Furniture,Chairs,2199.97,8,0.048,93.52
ORD02903,C00908,2024-04-22 10:18:30,2024-04-27 10:18:30,Standard Class,Consumer,East,Office Supplies,Appliances,361.86,5,0.259,-41.92
ORD02207,C00187,2024-07-29 09:45:31,2024-08-01 09:45:31,Second Class,Consumer,South,Furniture,Tables,1501.54,8,0.106,-41.1
ORD00110,C00360,2025-08-22 16:09:20,2025-08-24 16:09:20,Second Class,Home Office,East,Office Supplies,Art,296.26,7,0.08,41.91
ORD01203,C00045,2025-06-19 15:21:40,2025-06-21 15:21:40,Second Class,Home Office,West,Technology,Accessories,181.91,1,0.093,21.86
ORD03383,C00510,2025-12-09 08:36:22,2025-12-11 08:36:22,First Class,Home Office,East,Furniture,Tables,169.01,1,0.263,-26.51
ORD02905,C00520,2025-07-01 11:42:41,2025-07-01 11:42:41,Same Day,Corporate,East,Office Supplies,Storage,67.52,3,0.146,3.9
ORD02210,C00097,2025-04-10 00:23:19,2025-04-14 00:23:19,Standard Class,Consumer,East,Office Supplies,Binders,642.15,8,0.073,69.74
ORD02996,C00948,2024-09-09 22:33:17,2024-09-12 22:33:17,Second Class,Home Office,East,Technology,Phones,271.34,2,0.06,67.05
ORD00761,C00550,2024-01-04 10:33:50,2024-01-08 10:33:50,Standard Class,Home Office,East,Office Supplies,Paper,62.88,1,0.019,11.85
ORD00738,C00360,2024-03-31 10:11:54,2024-04-03 10:11:54,Standard Class,Corporate,North,Furniture,Tables,1105.35,8,0.337,-306.9
ORD02410,C00755,2024-08-05 09:03:25,2024-08-08 09:03:25,Second Class,Home Office,East,Technology,Phones,211.76,2,0.112,30.82
ORD01744,C00420,2024-01-30 21:23:26,2024-02-03 21:23:26,Second Class,Corporate,East,Technology,Accessories,452.46,3,0.007,106.06
ORD00887,C00689,2025-01-05 23:18:26,2025-01-06 23:18:26,First Class,Home Office,North,Technology,Laptops,913.56,7,0.185,112.59
ORD00093,C00735,2025-07-21 11:03:05,2025-07-24 11:03:05,Second Class,Consumer,West,Office Supplies,Appliances,38.27,1,0.113,
ORD01715,C00781,2025-12-04 04:13:23,2025-12-08 04:13:23,Second Class,Home Office,East,Furniture,Furnishings,466.43,2,0.394,-91.15
ORD02829,C00569,2024-12-23 11:32:22,2024-12-27 11:32:22,Second Class,Consumer,North,Office Supplies,Art,237.34,6,0.207,-8.85
ORD01484,C00281,2025-09-30 18:05:23,2025-10-04 18:05:23,Standard Class,Consumer,West,Furniture,Tables,68.06,1,0.102,2.81
ORD02133,C00257,2025-12-20 10:39:49,2025-12-24 10:39:49,Standard Class,Consumer,East,Office Supplies,Art,309.31,6,0.173,-13.42
ORD00757,C00937,2025-09-19 16:11:41,2025-09-23 16:11:41,Standard Class,Consumer,East,Office Supplies,Binders,70.9,5,0.071,2.41
ORD03818,C00520,2024-12-05 10:20:05,2024-12-08 10:20:05,Second Class,Consumer,South,Technology,Laptops,248.78,2,0.232,6.33
ORD03154,C00527,2024-08-25 10:33:43,2024-08-30 10:33:43,Standard Class,Home Office,West,Technology,Accessories,603.82,5,0.17,40.71
ORD01319,C00437,2025-12-14 21:06:19,2025-12-17 21:06:19,Standard Class,Corporate,South,Office Supplies,Binders,65.84,3,0.081,0.97
ORD01901,C00538,2024-06-25 14:17:26,2024-06-28 14:17:26,Standard Class,Home Office,East,Technology,Accessories,1523.45,8,0.257,23.74
ORD02562,C00016,2024-10-27 10:48:41,2024-10-29 10:48:41,Second Class,Consumer,North,Technology,Phones,360.0,4,0.121,-6.25
ORD00568,C00580,2024-02-24 01:00:51,2024-02-29 01:00:51,Standard Class,Consumer,East,Furniture,Tables,1421.07,6,0.087,-7.03
ORD02234,C00103,2025-08-02 09:18:40,2025-08-06 09:18:40,Standard Class,Corporate,East,Office Supplies,Binders,140.35,3,0.079,1.94
ORD00927,C00526,2025-04-19 09:08:50,2025-04-24 09:08:50,Standard Class,Corporate,East,Technology,Phones,944.54,7,0.016,235.36
ORD02164,C00575,2024-03-02 22:02:01,2024-03-05 22:02:01,Standard Class,Consumer,East,Office Supplies,Paper,211.3,3,0.158,-0.4
ORD01942,C00898,2024-06-11 00:10:48,2024-06-16 00:10:48,Standard Class,Corporate,West,Office Supplies,Paper,136.68,5,0.068,15.39
ORD01655,C00142,2025-02-09 11:41:20,2025-02-12 11:41:20,First Class,Corporate,East,Furniture,Furnishings,1130.78,7,0.131,6.88
ORD02483,C00833,2025-01-29 12:01:15,2025-02-01 12:01:15,Standard Class,Corporate,South,Office Supplies,Paper,380.36,8,0.092,37.59
ORD01455,C00730,2025-08-08 12:05:14,2025-08-11 12:05:14,Standard Class,Home Office,West,Technology,Phones,1128.29,7,0.171,110.27
ORD03004,C00726,2024-07-13 06:01:38,2024-07-16 06:01:38,Second Class,Corporate,East,Technology,Laptops,706.6,6,0.054,139.72
ORD00897,C00467,2025-11-06 00:46:23,2025-11-10 00:46:23,Second Class,Corporate,West,Technology,Laptops,938.58,6,0.128,87.08
ORD00179,C00800,2024-11-20 11:10:41,2024-11-25 11:10:41,Standard Class,Consumer,West,Office Supplies,Binders,255.6,4,0.353,-27.94
ORD02696,C00082,2025-08-23 11:39:20,2025-08-27 11:39:20,Standard Class,Consumer,West,Office Supplies,Binders,237.11,6,0.175,-3.97
ORD02334,C00461,2024-06-23 00:26:10,2024-06-26 00:26:10,First Class,Consumer,East,Office Supplies,Binders,257.95,5,0.07,20.42
ORD02744,C00904,2024-01-27 23:43:37,2024-01-28 23:43:37,Same Day,Corporate,East,Office Supplies,Storage,169.32,5,0.059,6.36
ORD01517,C00562,2024-02-10 04:32:26,2024-02-14 04:32:26,Standard Class,Corporate,North,Office Supplies,Storage,100.83,3,0.102,14.99
ORD02601,C00796,2024-09-29 01:44:42,2024-10-03 01:44:42,Second Class,Consumer,East,Technology,Accessories,371.39,3,0.243,-19.67
ORD00184,C00540,2025-11-26 19:14:28,2025-11-29 19:14:28,Standard Class,Corporate,West,Technology,Phones,112.57,1,0.231,8.53
ORD03813,C00607,2024-02-05 13:11:50,2024-02-10 13:11:50,Standard Class,Consumer,East,Office Supplies,Paper,331.75,6,0.391,-55.56
ORD03447,C00677,2024-09-26 08:29:46,2024-09-30 08:29:46,Standard Class,Consumer,West,Office Supplies,Art,18.92,1,0.077,2.08
ORD01271,C00708,2024-03-20 18:37:32,2024-03-22 18:37:32,Second Class,Home Office,North,Furniture,Tables,67.53,1,0.093,3.22
ORD01184,C00413,2025-11-11 01:00:40,2025-11-15 01:00:40,Standard Class,Consumer,South,Technology,Phones,362.32,3,0.177,-4.4
ORD00629,C00632,2025-05-07 23:21:16,2025-05-10 23:21:16,Standard Class,Consumer,East,Office Supplies,Art,33.95,2,0.038,6.71
ORD03773,C00324,2025-07-10 18:21:24,2025-07-14 18:21:24,Standard Class,Consumer,South,Technology,Accessories,748.23,6,0.251,-35.09
ORD00231,C00013,2025-06-04 16:17:00,2025-06-07 16:17:00,Standard Class,Consumer,North,Office Supplies,Storage,79.56,2,0.26,-1.9
ORD03214,C00098,2025-04-24 15:06:20,2025-04-28 15:06:20,Standard Class,,North,Technology,Laptops,446.06,4,0.095,46.67
ORD00519,C00590,2025-07-18 19:35:10,2025-07-22 19:35:10,Standard Class,Home Office,West,Office Supplies,Appliances,166.52,6,0.107,1.51
ORD03777,C00561,2024-01-06 22:20:45,2024-01-10 22:20:45,Second Class,Corporate,East,Technology,Phones,480.63,5,0.127,88.72
ORD01034,C00233,2025-09-23 18:47:55,2025-09-27 18:47:55,Standard Class,Corporate,North,Technology,Laptops,591.89,5,0.133,40.47
ORD01712,C00420,2025-06-24 02:25:59,2025-06-29 02:25:59,Standard Class,Consumer,North,Office Supplies,Binders,76.25,3,0.189,1.22
ORD00234,C00900,2025-06-23 18:50:21,2025-06-27 18:50:21,Second Class,Corporate,South,Office Supplies,Storage,205.9,4,0.084,-13.69
ORD01148,C00773,2024-10-14 05:00:32,2024-10-18 05:00:32,Standard Class,Consumer,North,Office Supplies,Appliances,282.21,7,0.217,-9.48
ORD03680,C00389,2025-08-07 15:16:13,2025-08-10 15:16:13,Standard Class,Consumer,East,Office Supplies,Appliances,118.72,4,0.272,-6.8
ORD02303,C00517,2024-10-05 17:27:23,2024-10-08 17:27:23,First Class,Home Office,West,Furniture,Chairs,358.79,6,0.138,0.74
ORD01268,C00669,2024-02-05 17:50:39,2024-02-07 17:50:39,Second Class,Consumer,North,Technology,Phones,868.82,7,0.152,63.89
ORD03473,C00679,2025-10-24 16:57:40,2025-10-28 16:57:40,Standard Class,Consumer,East,Office Supplies,Paper,52.68,2,0.137,1.42
ORD03629,C00142,2024-06-20 05:03:20,2024-06-23 05:03:20,Standard Class,Consumer,North,Furniture,Tables,138.51,1,0.346,-21.73
ORD01601,C00267,2024-03-15 09:17:24,2024-03-20 09:17:24,Standard Class,Corporate,South,Office Supplies,Paper,269.7,4,0.188,-22.15
ORD01467,C00449,2025-03-29 23:38:56,2025-04-03 23:38:56,Standard Class,Consumer,West,Office Supplies,Storage,100.44,4,0.023,13.95
ORD03256,C00857,2024-06-19 13:36:17,2024-06-20 13:36:17,First Class,Consumer,East,Office Supplies,Paper,55.33,2,0.377,-6.33
ORD02106,C00100,2025-09-18 10:21:19,2025-09-22 10:21:19,Second Class,Corporate,West,Technology,Accessories,1081.14,7,0.088,79.99
ORD01112,C00687,2024-11-19 22:30:17,2024-11-24 22:30:17,Standard Class,Consumer,North,Office Supplies,Appliances,282.1,5,0.057,30.73
ORD02319,C00386,2024-01-04 06:50:31,2024-01-08 06:50:31,Standard Class,Home Office,South,Office Supplies,Storage,200.72,6,0.175,-12.53
ORD01417,C00382,2025-11-25 18:06:06,2025-11-28 18:06:06,Standard Class,Consumer,South,Furniture,Tables,777.22,6,0.207,-60.67
ORD01555,C00532,2025-01-10 16:18:21,2025-01-14 16:18:21,Standard Class,Corporate,East,Furniture,Bookcases,283.48,4,0.09,8.53
ORD02584,C00188,2024-07-10 23:21:46,2024-07-15 23:21:46,Standard Class,Home Office,West,Technology,Accessories,946.64,5,0.067,111.01
ORD01395,C00601,2025-05-09 10:04:30,2025-05-14 10:04:30,Standard Class,Consumer,North,Technology,Laptops,294.71,2,0.22,5.43
ORD02054,C00468,2025-01-22 08:17:44,2025-01-25 08:17:44,First Class,Corporate,West,Office Supplies,Appliances,254.71,6,0.213,-4.66
ORD02586,C00376,2024-01-22 14:43:10,2024-01-25 14:43:10,Second Class,Consumer,West,Office Supplies,Paper,234.42,8,0.028,27.5
ORD03545,C00140,2025-07-08 13:01:18,2025-07-10 13:01:18,First Class,Corporate,East,Office Supplies,Appliances,276.1,7,0.029,31.86
ORD03514,C00151,2024-10-19 23:44:57,2024-10-22 23:44:57,First Class,Home Office,South,Office Supplies,Appliances,171.06,4,0.233,-15.98
ORD03456,C00194,2025-05-25 20:48:03,2025-05-27 20:48:03,First Class,Corporate,East,Office Supplies,Binders,17.48,1,0.075,-0.17
ORD02916,C00627,2025-10-15 19:31:23,2025-10-17 19:31:23,Same Day,Home Office,South,Furniture,Bookcases,982.58,8,0.117,30.57
ORD01784,C00372,2025-03-21 17:56:11,2025-03-26 17:56:11,Standard Class,Corporate,West,Office Supplies,Binders,78.25,5,0.172,5.36
ORD01719,C00012,2025-05-05 06:39:23,2025-05-10 06:39:23,Standard Class,Corporate,East,Technology,Accessories,1236.11,7,0.097,54.33
ORD00264,C00830,2024-07-04 21:28:16,2024-07-09 21:28:16,Standard Class,Consumer,West,Office Supplies,Binders,76.88,3,0.083,11.51
ORD03063,C00768,2024-06-22 11:46:28,2024-06-25 11:46:28,Second Class,Corporate,East,Office Supplies,Paper,481.37,7,0.102,41.39
ORD03640,C00665,2024-10-29 22:49:42,2024-11-01 22:49:42,Second Class,Home Office,East,Technology,Accessories,835.23,7,0.126,39.52
ORD02468,C00641,2025-09-14 12:43:31,2025-09-17 12:43:31,Standard Class,Corporate,East,Technology,Phones,114.21,1,0.079,14.8
ORD03632,C00621,2025-01-17 15:51:39,2025-01-18 15:51:39,First Class,Consumer,East,Office Supplies,Binders,160.12,5,0.127,2.28
ORD01994,C00735,2024-09-11 01:30:37,2024-09-13 01:30:37,Second Class,Consumer,West,Office Supplies,Paper,163.21,4,0.235,-0.03
ORD00444,C00880,2025-07-23 02:46:38,2025-07-27 02:46:38,Second Class,Corporate,North,Furniture,Bookcases,734.3,6,0.374,-193.33
ORD03451,C00925,2025-09-14 22:35:55,2025-09-19 22:35:55,Standard Class,Home Office,West,Office Supplies,Art,97.9,3,0.18,10.09
ORD01590,C00274,2025-10-20 20:23:04,2025-10-24 20:23:04,Standard Class,Consumer,West,Technology,Phones,116.19,1,0.159,14.98
ORD01968,C00311,2024-08-06 05:29:33,2024-08-09 05:29:33,Standard Class,Consumer,West,Office Supplies,Storage,97.09,3,0.154,-2.29
ORD02388,C00159,2025-06-02 00:53:50,2025-06-05 00:53:50,Standard Class,Consumer,East,Office Supplies,Binders,312.1,5,0.211,13.79
ORD01713,C00506,2025-03-06 22:24:38,2025-03-08 22:24:38,Second Class,Consumer,West,Furniture,Chairs,403.15,3,0.22,-18.33
ORD01709,C00394,2024-11-23 17:59:12,2024-11-26 17:59:12,Standard Class,Home Office,South,Office Supplies,Binders,183.59,4,0.081,11.95
ORD02602,C00601,2024-10-16 18:23:23,2024-10-21 18:23:23,Standard Class,Consumer,West,Office Supplies,Art,239.07,4,0.245,-4.79
ORD01248,C00588,2024-03-24 14:58:25,2024-03-29 14:58:25,Standard Class,Consumer,North,Furniture,Furnishings,1233.45,6,0.105,76.58
ORD01691,C00556,2024-07-19 14:56:05,2024-07-21 14:56:05,Second Class,Consumer,South,Office Supplies,Art,46.44,4,0.12,0.13
ORD00581,C00016,2025-02-05 06:08:03,2025-02-08 06:08:03,Standard Class,Consumer,South,Technology,Accessories,267.48,2,0.261,-0.59
ORD01119,C00602,2025-10-09 04:29:18,2025-10-11 04:29:18,Same Day,Home Office,South,Office Supplies,Appliances,266.43,6,0.288,-35.51
ORD02817,C00138,2025-09-24 10:18:16,2025-09-27 10:18:16,Standard Class,Consumer,South,Office Supplies,Storage,48.86,2,0.164,1.68
ORD02009,C00894,2024-05-16 22:38:28,2024-05-18 22:38:28,First Class,Consumer,West,Office Supplies,Storage,96.55,3,0.134,4.21
ORD01429,C00035,2025-05-10 21:44:03,2025-05-14 21:44:03,Standard Class,Consumer,North,Furniture,Bookcases,737.42,6,0.173,-63.18
ORD03658,C00460,2024-03-02 21:53:56,2024-03-05 21:53:56,Standard Class,Home Office,East,Technology,Accessories,445.79,3,0.079,74.51
ORD00782,C00375,2025-05-07 18:13:44,2025-05-08 18:13:44,Same Day,Home Office,North,Office Supplies,Storage,13.17,1,0.069,1.14
ORD01957,C00818,2024-09-06 14:33:35,2024-09-08 14:33:35,Second Class,Consumer,West,Technology,Accessories,331.39,3,0.16,27.62
ORD00263,C00009,2024-11-24 09:20:30,2024-11-26 09:20:30,Second Class,Corporate,West,Technology,Phones,599.96,4,0.037,122.86
ORD03860,C00600,2025-06-07 21:02:16,2025-06-09 21:02:16,Second Class,Consumer,South,Office Supplies,Art,236.7,6,0.101,28.46
ORD03276,C00782,2024-11-06 04:02:41,2024-11-11 04:02:41,Standard Class,Corporate,East,Furniture,Bookcases,632.04,6,0.116,-8.79
ORD03198,C00743,2025-08-12 10:12:06,2025-08-14 10:12:06,Second Class,Consumer,West,Office Supplies,Storage,65.59,1,0.08,3.91
ORD01051,C00278,2025-01-24 12:20:02,2025-01-27 12:20:02,Standard Class,Corporate,West,Office Supplies,Art,202.44,7,0.25,3.81
ORD01893,C00312,2025-12-30 01:59:01,2026-01-01 01:59:01,Second Class,Home Office,South,Technology,Phones,642.27,6,0.171,26.55
ORD01765,C00202,2025-04-10 21:58:44,2025-04-13 21:58:44,First Class,Consumer,East,Office Supplies,Storage,48.76,2,0.053,4.26
ORD01316,C00313,2024-08-04 08:15:47,2024-08-07 08:15:47,First Class,Consumer,West,Office Supplies,Appliances,93.95,3,0.107,8.46
ORD00091,C00404,2025-07-19 23:02:11,2025-07-23 23:02:11,Second Class,Consumer,South,Furniture,Bookcases,948.12,7,0.137,-41.67
ORD02518,C00888,2024-10-24 19:08:34,2024-10-28 19:08:34,Second Class,Consumer,West,Office Supplies,Art,73.46,5,0.021,10.24
ORD00074,C00847,2025-01-24 22:37:52,2025-01-28 22:37:52,Standard Class,Consumer,South,Furniture,Furnishings,580.49,3,0.229,2.79
ORD03723,C00791,2024-04-09 21:06:31,2024-04-12 21:06:31,Standard Class,Consumer,West,Furniture,Bookcases,1874.3,7,0.253,-285.46
ORD00569,C00384,2024-03-28 02:53:32,2024-03-30 02:53:32,First Class,Home Office,North,Office Supplies,Art,188.43,6,0.208,-16.41
ORD01615,C00481,2025-02-23 15:45:22,2025-02-26 15:45:22,Second Class,Consumer,North,Office Supplies,Storage,290.52,5,0.261,-4.17
ORD01177,C00480,2024-05-16 06:49:30,2024-05-21 06:49:30,Standard Class,Home Office,West,Office Supplies,Appliances,53.66,1,0.13,1.94
ORD00833,C00438,2025-12-29 05:36:08,2026-01-01 05:36:08,Second Class,Consumer,West,Furniture,Bookcases,1493.18,6,0.075,100.42
ORD03840,C00188,2025-09-16 15:24:08,2025-09-19 15:24:08,Standard Class,Consumer,West,Office Supplies,Storage,50.94,2,0.094,5.81
ORD00511,C00239,2025-05-26 15:26:07,2025-05-28 15:26:07,First Class,Consumer,West,Office Supplies,Binders,444.0,8,0.092,3.69
ORD03131,C00551,2025-06-20 07:55:50,2025-06-22 07:55:50,First Class,Home Office,South,Office Supplies,Appliances,26.31,2,0.106,2.65
ORD02016,C00197,2025-03-10 12:07:44,2025-03-15 12:07:44,Standard Class,Consumer,South,Office Supplies,Paper,9.53,1,0.086,0.4
ORD02643,C00072,2024-02-14 00:17:20,2024-02-18 00:17:20,Standard Class,Consumer,North,Furniture,Tables,808.55,4,0.162,43.86
ORD01732,C00215,2024-10-13 10:18:23,2024-10-15 10:18:23,Second Class,Corporate,East,Furniture,Chairs,316.84,3,0.228,-41.52
ORD00028,C00865,2024-12-27 22:26:33,2024-12-31 22:26:33,Standard Class,Corporate,North,Technology,Phones,363.07,3,0.233,27.5
ORD02005,C00894,2025-10-30 04:02:03,2025-11-01 04:02:03,Same Day,Corporate,West,Technology,Phones,883.3,8,0.098,186.16
ORD00104,C00053,2024-06-09 05:29:06,2024-06-13 05:29:06,Standard Class,Consumer,North,Furniture,Chairs,652.95,3,0.084,11.38
ORD01896,C00253,2024-12-28 17:58:43,2024-12-31 17:58:43,Standard Class,Consumer,North,Office Supplies,Binders,214.92,7,0.318,-27.93
ORD02255,C00763,2024-09-08 04:02:41,2024-09-11 04:02:41,Standard Class,Corporate,North,Furniture,Tables,158.1,2,0.074,5.43
ORD02239,C00424,2024-04-08 02:06:29,2024-04-11 02:06:29,Second Class,Corporate,North,Office Supplies,Art,249.49,5,0.12,31.38
ORD02766,C00202,2024-03-16 04:52:29,2024-03-18 04:52:29,Second Class,Corporate,North,Furniture,Furnishings,213.75,2,0.149,-2.26
ORD01224,C00648,2024-09-23 17:25:50,2024-09-26 17:25:50,First Class,Consumer,East,Office Supplies,Paper,50.75,2,0.049,7.08
ORD03842,C00620,2024-03-01 04:01:15,2024-03-01 04:01:15,Same Day,Consumer,South,Technology,Accessories,288.5,2,0.358,-38.57
ORD01855,C00613,2024-02-19 00:45:36,2024-02-22 00:45:36,Second Class,Home Office,East,Technology,Laptops,498.51,3,0.043,96.19
ORD02702,C00366,2024-09-13 03:12:48,2024-09-17 03:12:48,Standard Class,Corporate,West,Office Supplies,Art,199.4,4,0.139,13.76
ORD01667,C00732,2024-05-27 10:40:21,2024-06-01 10:40:21,Standard Class,Consumer,East,Technology,Laptops,856.35,7,0.094,84.34
ORD01423,C00230,2025-02-09 00:15:44,2025-02-11 00:15:44,First Class,Home Office,East,Furniture,Tables,936.7,7,0.166,37.55
ORD02055,C00360,2024-01-13 21:33:25,2024-01-16 21:33:25,Standard Class,Corporate,South,Office Supplies,Binders,286.78,6,0.21,-15.33
ORD03254,C00855,2024-08-08 07:45:32,2024-08-09 07:45:32,First Class,Consumer,North,Office Supplies,Binders,89.47,4,0.221,1.08
ORD01754,C00316,2024-11-26 21:27:50,2024-11-28 21:27:50,First Class,Consumer,South,Technology,Laptops,365.83,3,0.131,7.45
ORD00261,C00116,2025-12-04 02:17:13,2025-12-06 02:17:13,Second Class,Corporate,West,Furniture,Chairs,510.71,3,0.062,48.3
ORD02535,C00477,2025-04-08 05:08:43,2025-04-10 05:08:43,Second Class,Consumer,East,Office Supplies,Storage,139.82,2,0.255,-3.07
ORD01360,C00642,2025-10-04 22:12:10,2025-10-04 22:12:10,Same Day,Corporate,South,Furniture,Tables,570.86,6,0.353,-120.15
ORD02771,C00603,2024-09-07 14:29:02,2024-09-10 14:29:02,Second Class,Corporate,South,Furniture,Furnishings,1313.38,7,0.186,-31.02
ORD03248,C00245,2024-11-24 06:55:06,2024-11-27 06:55:06,Second Class,Consumer,West,Office Supplies,Appliances,175.82,5,0.177,-3.7
ORD01562,C00944,2024-11-02 21:05:19,2024-11-05 21:05:19,Standard Class,Home Office,East,Furniture,Tables,941.47,5,0.158,-10.61
ORD03618,C00703,2025-10-09 19:09:16,2025-10-14 19:09:16,Standard Class,Consumer,East,Office Supplies,Storage,57.22,3,0.154,-2.67
ORD02854,C00558,2025-12-01 05:20:47,2025-12-05 05:20:47,Standard Class,Consumer,West,Office Supplies,Paper,385.13,8,0.125,24.56
ORD02622,C00704,2025-12-03 12:05:44,2025-12-05 12:05:44,First Class,Corporate,East,Technology,Laptops,1102.14,8,0.302,-107.26
ORD03558,C00729,2025-07-02 22:23:37,2025-07-05 22:23:37,Second Class,Corporate,East,Technology,Phones,397.93,4,0.144,30.94
ORD03428,C00547,2025-01-02 06:30:32,2025-01-06 06:30:32,Second Class,Consumer,North,Office Supplies,Art,226.52,7,0.209,8.74
ORD02997,C00878,2025-01-29 19:48:29,2025-02-01 19:48:29,Standard Class,Corporate,North,Office Supplies,Appliances,59.3,3,0.213,3.04
ORD03853,C00272,2025-12-16 18:32:19,2025-12-17 18:32:19,First Class,Home Office,West,Office Supplies,Binders,69.86,1,0.074,3.21
ORD03022,C00004,2024-07-26 17:09:22,2024-07-31 17:09:22,Standard Class,Corporate,East,Furniture,Chairs,611.41,3,0.059,68.89
ORD03329,C00557,2024-09-10 02:18:56,2024-09-14 02:18:56,Second Class,Corporate,South,Office Supplies,Paper,281.62,7,0.087,36.56
ORD02858,C00242,2025-10-16 19:23:02,2025-10-19 19:23:02,Standard Class,Consumer,East,Technology,Laptops,482.81,4,0.036,92.84
ORD01790,C00782,2024-10-09 00:21:56,2024-10-11 00:21:56,First Class,Consumer,North,Office Supplies,Art,140.91,7,0.3,-6.19
ORD01535,C00004,2024-06-20 14:54:05,2024-06-23 14:54:05,Second Class,Corporate,West,Technology,Phones,424.69,3,0.082,54.23
ORD03145,C00746,2025-02-13 03:25:32,2025-02-17 03:25:32,Standard Class,Consumer,North,Furniture,Tables,364.24,4,0.226,-40.69
ORD03724,C00858,2024-08-25 12:00:16,2024-08-30 12:00:16,Standard Class,Corporate,West,Office Supplies,Art,44.67,1,0.077,3.49
ORD02275,C00880,2025-10-12 08:06:03,2025-10-15 08:06:03,Standard Class,Consumer,East,Office Supplies,Appliances,385.09,7,0.111,35.49
ORD00749,C00368,2025-10-25 14:48:55,2025-10-29 14:48:55,Standard Class,Consumer,South,Office Supplies,Storage,47.51,3,0.292,-5.79
ORD03159,C00776,2024-08-11 09:17:50,2024-08-15 09:17:50,Standard Class,Consumer,North,Office Supplies,Binders,9.97,1,0.351,-1.83
ORD01144,C00551,2025-01-21 13:34:36,2025-01-25 13:34:36,Standard Class,Consumer,West,Office Supplies,Binders,38.84,2,0.037,4.13
ORD02862,C00022,2025-12-19 07:32:44,2025-12-24 07:32:44,Standard Class,Consumer,North,Technology,Phones,777.99,6,0.186,36.93
ORD00810,C00459,2025-06-25 21:24:37,2025-06-30 21:24:37,Standard Class,Corporate,North,Office Supplies,Binders,81.55,7,0.026,8.42
ORD03348,C00681,2024-06-06 09:47:26,2024-06-08 09:47:26,Second Class,Corporate,East,Furniture,Tables,1183.65,8,0.169,-14.26
ORD01889,C00715,2025-03-07 05:50:55,2025-03-11 05:50:55,Standard Class,Consumer,South,Technology,Phones,198.05,2,0.198,13.96
ORD01448,C00360,2025-03-28 12:28:51,2025-03-31 12:28:51,Standard Class,Consumer,South,Office Supplies,Paper,77.65,5,0.076,9.37
ORD02916,C00350,2025-04-22 00:15:17,2025-04-25 00:15:17,First Class,Corporate,North,Technology,Laptops,668.37,4,0.149,141.89
ORD02755,C00614,2024-01-19 06:10:58,2024-01-22 06:10:58,Standard Class,Consumer,West,Office Supplies,Storage,406.11,6,0.056,56.05
ORD01008,C00012,2024-08-06 13:11:42,2024-08-08 13:11:42,Second Class,Consumer,South,Technology,Laptops,557.85,6,0.077,112.7
ORD00262,C00808,2025-09-15 20:50:05,2025-09-18 20:50:05,First Class,Consumer,North,Furniture,Bookcases,89.16,1,0.312,-14.04
ORD03746,C00341,2024-06-25 04:50:18,2024-06-28 04:50:18,Second Class,Corporate,South,Technology,Phones,223.36,2,0.326,-24.77
ORD03785,C00555,2024-08-06 18:40:03,2024-08-10 18:40:03,Standard Class,Home Office,North,Office Supplies,Appliances,252.15,5,0.324,-30.62
ORD02577,C00447,2024-08-23 10:03:57,2024-08-28 10:03:57,Standard Class,Corporate,South,Technology,Accessories,549.77,5,0.185,19.97
ORD00431,C00380,2024-05-09 11:50:07,2024-05-10 11:50:07,First Class,Home Office,North,Office Supplies,Appliances,369.44,8,0.121,18.57
ORD03650,C00385,2024-04-23 11:20:10,2024-04-25 11:20:10,First Class,Home Office,North,Technology,Phones,1119.84,7,0.073,112.3
ORD01801,C00738,2024-09-10 07:42:44,2024-09-13 07:42:44,Standard Class,Consumer,South,Office Supplies,Appliances,50.04,1,0.061,2.31
ORD02363,C00260,2025-09-30 05:59:15,2025-10-02 05:59:15,Second Class,Consumer,West,Furniture,Bookcases,312.06,5,0.366,-49.38
ORD02633,C00902,2024-01-02 02:53:33,2024-01-03 02:53:33,First Class,Consumer,North,Technology,Phones,409.36,4,0.073,76.35
ORD02290,C00092,2024-07-25 18:29:10,2024-07-27 18:29:10,First Class,Consumer,North,Furniture,Furnishings,497.77,4,0.234,-7.53
ORD00899,C00399,2024-02-14 06:11:05,2024-02-18 06:11:05,Standard Class,Corporate,West,Office Supplies,Art,45.56,1,0.136,1.37
ORD03762,C00027,2025-02-13 21:17:39,2025-02-18 21:17:39,Standard Class,Consumer,West,Office Supplies,Appliances,126.27,7,0.248,-9.44
ORD02065,C00375,2024-07-01 22:32:35,2024-07-04 22:32:35,Standard Class,Consumer,East,Office Supplies,Paper,128.21,2,0.183,-7.19
ORD03688,C00865,2025-08-01 03:23:30,2025-08-06 03:23:30,Standard Class,Consumer,North,Technology,Laptops,1023.35,8,0.082,193.44
ORD00523,C00533,2025-03-03 01:29:39,2025-03-05 01:29:39,Second Class,Corporate,South,Office Supplies,Art,514.58,8,0.078,17.84
ORD02706,C00063,2025-07-26 04:35:54,2025-07-30 04:35:54,Standard Class,Corporate,North,Technology,Accessories,1071.79,7,0.026,204.34
ORD00706,C00647,2025-04-08 11:35:01,2025-04-12 11:35:01,Standard Class,Home Office,North,Office Supplies,Paper,43.72,1,0.031,6.61
ORD00447,C00377,2024-11-16 00:31:38,2024-11-21 00:31:38,Standard Class,Consumer,South,Office Supplies,Paper,180.22,4,0.067,2.6
ORD03425,C00117,2025-09-20 12:08:33,2025-09-23 12:08:33,First Class,Consumer,East,Furniture,Tables,183.17,1,0.094,11.0
ORD00461,C00075,2024-12-13 16:01:40,2024-12-15 16:01:40,First Class,Home Office,South,Technology,Laptops,543.02,5,0.258,4.39
ORD00158,C00418,2025-11-24 10:51:09,2025-11-25 10:51:09,First Class,Corporate,East,Furniture,Furnishings,1210.47,7,0.158,-23.8
ORD00132,C00106,2025-12-27 03:10:28,2025-12-30 03:10:28,First Class,Corporate,South,Technology,Phones,875.08,5,0.283,-55.45
ORD01429,C00617,2025-03-05 23:39:10,2025-03-07 23:39:10,Same Day,Consumer,South,Office Supplies,Binders,50.08,1,0.184,-1.11
ORD00575,C00615,2025-05-07 10:56:52,2025-05-10 10:56:52,Standard Class,Consumer,West,Office Supplies,Binders,181.6,3,0.103,25.42
ORD00289,C00836,2024-07-05 15:12:29,2024-07-09 15:12:29,Standard Class,Home Office,West,Technology,Accessories,236.48,2,0.133,24.32
ORD02134,C00877,2025-08-17 16:27:55,2025-08-20 16:27:55,First Class,Corporate,South,Technology,Phones,519.27,4,0.111,48.8
ORD00811,C00886,2025-05-05 06:17:44,2025-05-08 06:17:44,Second Class,Corporate,East,Office Supplies,Art,111.0,3,0.169,-2.53
ORD01738,C00331,2025-10-20 20:44:43,2025-10-25 20:44:43,Standard Class,Consumer,South,Technology,Laptops,752.64,7,0.096,-12.96
ORD00391,C00242,2024-07-13 21:59:05,2024-07-15 21:59:05,Same Day,Consumer,North,Office Supplies,Binders,99.7,2,0.084,13.83
ORD02706,C00708,2025-07-28 22:34:26,2025-08-02 22:34:26,Standard Class,Consumer,East,Furniture,Bookcases,516.35,3,0.133,-5.24
ORD01634,C00403,2024-12-09 07:13:57,2024-12-10 07:13:57,First Class,Corporate,North,Office Supplies,Art,37.55,2,0.027,3.8
ORD03479,C00741,2024-05-15 04:20:31,2024-05-19 04:20:31,Second Class,Consumer,South,Technology,Laptops,1209.63,8,0.316,6.34
ORD03149,C00786,2024-05-04 23:21:52,2024-05-07 23:21:52,Standard Class,Consumer,East,Technology,Laptops,386.23,3,0.152,36.07
ORD01469,C00608,2025-02-14 09:13:52,2025-02-17 09:13:52,First Class,Consumer,North,Technology,Accessories,879.46,8,0.251,-18.01
ORD01296,C00448,2024-08-21 04:45:24,2024-08-24 04:45:24,Second Class,Home Office,North,Office Supplies,Appliances,91.82,6,0.168,5.47
ORD03390,C00825,2024-03-15 09:11:08,2024-03-17 09:11:08,Second Class,Consumer,South,Office Supplies,Paper,125.51,3,0.181,-0.12
ORD01422,C00483,2024-11-07 19:36:11,2024-11-11 19:36:11,Second Class,Consumer,West,Technology,Laptops,573.31,5,0.166,49.32
ORD03495,C00178,2025-04-21 15:11:44,2025-04-26 15:11:44,Standard Class,Corporate,East,Technology,Accessories,135.9,1,0.049,18.85
ORD00380,C00105,2024-08-20 19:59:21,2024-08-25 19:59:21,Standard Class,Corporate,South,Office Supplies,Appliances,431.33,8,0.154,16.29
ORD02644,C00072,2025-11-28 09:43:19,2025-12-01 09:43:19,Standard Class,Corporate,North,Office Supplies,Art,258.3,8,0.057,40.33
ORD01739,C00101,2025-07-23 01:40:13,2025-07-28 01:40:13,Standard Class,Home Office,East,Office Supplies,Storage,185.65,3,0.273,-20.99
ORD03258,C00433,2025-01-09 07:03:56,2025-01-14 07:03:56,Standard Class,Consumer,North,Furniture,Chairs,282.55,2,0.121,-22.3
ORD00341,C00560,2025-11-13 07:07:58,2025-11-18 07:07:58,Standard Class,Home Office,East,Technology,Phones,465.56,4,0.066,89.84
ORD03610,C00507,2024-11-12 01:40:41,2024-11-16 01:40:41,Standard Class,Home Office,East,Office Supplies,Appliances,362.32,7,0.1,35.63
ORD03894,C00347,2024-04-11 22:59:33,2024-04-15 22:59:33,Second Class,Consumer,South,Furniture,Furnishings,743.36,6,0.108,26.49
ORD01782,C00354,2024-01-27 03:57:54,2024-01-30 03:57:54,Standard Class,Corporate,South,Office Supplies,Storage,60.19,1,0.064,5.36
ORD02559,C00497,2025-11-15 18:10:22,2025-11-19 18:10:22,Standard Class,Consumer,North,Furniture,Furnishings,101.55,1,0.306,-11.93
ORD01962,C00875,2025-12-01 15:14:58,2025-12-02 15:14:58,First Class,Consumer,North,Furniture,Furnishings,398.14,2,0.139,-15.8
ORD02381,C00689,2025-06-23 15:39:52,2025-06-24 15:39:52,Same Day,Consumer,South,Office Supplies,Paper,253.43,7,0.072,18.23
ORD02013,C00118,2024-03-16 04:36:25,2024-03-17 04:36:25,First Class,Consumer,West,Office Supplies,Appliances,193.14,3,0.099,6.54
ORD02588,C00262,2024-08-02 08:45:24,2024-08-06 08:45:24,Standard Class,Home Office,North,Office Supplies,Art,149.24,8,0.28,-5.26
ORD01795,C00886,2024-01-30 23:42:20,2024-02-03 23:42:20,Second Class,Consumer,East,Office Supplies,Storage,146.19,3,0.049,16.58
ORD03859,C00820,2024-02-07 09:52:28,2024-02-12 09:52:28,Standard Class,Corporate,East,Office Supplies,Binders,153.26,8,0.257,-9.32
ORD03697,C00401,2024-06-28 15:05:13,2024-07-02 15:05:13,Second Class,Consumer,North,Office Supplies,Art,427.05,8,0.067,52.96
ORD03117,C00243,2025-02-21 15:55:24,2025-02-22 15:55:24,First Class,Consumer,North,Furniture,Tables,617.79,6,0.124,-4.39
ORD00357,C00791,2024-02-17 20:05:35,2024-02-21 20:05:35,Standard Class,Consumer,South,Technology,Accessories,244.9,2,0.191,14.79
ORD00903,C00789,2025-12-19 18:12:40,2025-12-21 18:12:40,First Class,Consumer,East,Technology,Laptops,166.19,1,0.282,5.17
ORD01417,C00359,2024-11-28 05:39:52,2024-12-01 05:39:52,Second Class,Corporate,South,Office Supplies,Appliances,62.75,2,0.087,6.93
ORD00489,C00087,2024-07-11 14:34:25,2024-07-14 14:34:25,Standard Class,Home Office,East,Technology,Phones,931.37,6,0.097,42.27
ORD03535,C00483,2025-01-11 17:51:29,2025-01-14 17:51:29,Standard Class,Consumer,West,Office Supplies,Appliances,343.23,6,0.104,27.89
ORD01069,C00587,2025-07-30 19:31:17,2025-08-01 19:31:17,First Class,Home Office,East,Technology,Phones,890.98,8,0.115,100.94
ORD03020,C00654,2024-08-16 04:13:31,2024-08-20 04:13:31,Standard Class,Corporate,West,Office Supplies,Storage,454.12,8,0.377,-51.57
ORD03525,C00861,2024-02-04 16:26:22,2024-02-09 16:26:22,Standard Class,Corporate,East,Office Supplies,Appliances,118.19,3,0.137,1.46
ORD01125,C00450,2024-02-07 04:49:39,2024-02-11 04:49:39,Standard Class,Consumer,West,Technology,Phones,657.09,4,0.035,92.86
ORD02827,C00865,2025-09-13 22:47:33,2025-09-13 22:47:33,Same Day,Consumer,West,Technology,Phones,747.38,7,0.148,92.69
ORD02588,C00830,2024-03-22 11:14:18,2024-03-26 11:14:18,Standard Class,Home Office,East,Office Supplies,Appliances,273.87,7,0.23,-13.02
ORD02493,C00042,2025-04-08 23:04:17,2025-04-09 23:04:17,Same Day,Corporate,West,Office Supplies,Paper,221.92,3,0.161,-0.66
ORD00008,C00510,2024-10-07 16:31:00,2024-10-09 16:31:00,Second Class,Consumer,West,Office Supplies,Appliances,66.79,1,0.163,0.77
ORD02144,C00141,2025-07-21 14:06:00,2025-07-26 14:06:00,Standard Class,Corporate,South,Technology,Accessories,138.26,1,0.132,1.78
ORD02077,C00018,2024-02-14 04:27:30,2024-02-19 04:27:30,Standard Class,Consumer,East,Technology,Accessories,1234.03,7,0.195,52.46
ORD00018,C00038,2025-10-17 09:19:09,2025-10-21 09:19:09,Second Class,Corporate,East,Technology,Accessories,276.69,3,0.119,24.69
ORD03581,C00758,2025-05-24 16:17:02,2025-05-29 16:17:02,Standard Class,Consumer,West,Technology,Laptops,949.55,6,0.06,180.48
ORD02960,C00821,2024-11-23 23:20:44,2024-11-26 23:20:44,Standard Class,Home Office,South,Furniture,Bookcases,623.62,7,0.217,-68.25
ORD02411,C00469,2024-05-31 02:59:59,2024-06-05 02:59:59,Standard Class,Consumer,West,Technology,Accessories,1416.74,8,0.012,298.72
ORD01418,C00934,2025-12-14 07:31:32,2025-12-17 07:31:32,First Class,Consumer,West,Technology,Accessories,494.54,4,0.229,-3.3
ORD03545,C00640,2024-08-08 12:17:37,2024-08-10 12:17:37,Second Class,Corporate,West,Furniture,Tables,1452.01,6,0.147,-33.99
ORD01659,C00045,2024-12-24 01:46:19,2024-12-28 01:46:19,Standard Class,Consumer,North,Office Supplies,Storage,42.7,2,0.11,0.65
ORD00295,C00308,2024-10-14 17:05:01,2024-10-19 17:05:01,Standard Class,Home Office,East,Office Supplies,Storage,101.22,8,0.201,2.63
ORD03897,C00628,2024-06-17 07:14:30,2024-06-20 07:14:30,Standard Class,Corporate,East,Office Supplies,Art,492.9,8,0.149,11.65
ORD02081,C00664,2024-10-31 03:00:02,2024-11-02 03:00:02,Second Class,Consumer,West,Furniture,Chairs,419.05,4,0.091,-21.46
ORD02298,C00677,2024-04-20 14:00:34,2024-04-23 14:00:34,Standard Class,Consumer,West,Technology,Accessories,354.03,3,0.111,17.21
ORD02668,C00686,2024-01-02 05:05:44,2024-01-02 05:05:44,Same Day,Home Office,East,Technology,Accessories,874.67,6,0.092,152.48
ORD00642,C00590,2024-07-30 16:40:34,2024-07-31 16:40:34,First Class,Corporate,East,Furniture,Furnishings,992.55,4,0.13,-9.0
ORD00130,C00948,2024-03-22 19:28:22,2024-03-25 19:28:22,Standard Class,Home Office,North,Furniture,Bookcases,748.0,6,0.099,18.4
ORD01786,C00567,2024-10-29 18:55:35,2024-10-30 18:55:35,First Class,Consumer,West,Furniture,Tables,128.61,1,0.228,-10.94
ORD03379,C00347,2025-09-21 19:38:06,2025-09-24 19:38:06,Second Class,Home Office,North,Office Supplies,Binders,62.94,3,,-6.19
ORD03874,C00179,2024-04-28 16:12:47,2024-05-02 16:12:47,Second Class,Consumer,East,Furniture,Tables,1500.56,7,0.267,-91.67
ORD01001,C00209,2024-01-01 21:36:11,2024-01-06 21:36:11,Standard Class,Corporate,West,Office Supplies,Paper,236.58,8,,-4.47
ORD03849,C00412,2024-03-22 02:22:08,2024-03-23 02:22:08,First Class,Consumer,South,Office Supplies,Paper,41.13,1,0.056,4.44
ORD03372,C00458,2025-01-05 23:05:31,2025-01-10 23:05:31,Standard Class,Consumer,North,Furniture,Bookcases,1100.62,7,0.053,45.77
ORD03188,C00094,2024-07-19 15:09:53,2024-07-22 15:09:53,First Class,Home Office,North,Technology,Accessories,155.32,1,0.103,8.25
ORD01091,C00657,2024-12-23 08:04:30,2024-12-27 08:04:30,Standard Class,Home Office,West,Technology,Laptops,1182.77,7,0.143,132.9
ORD02859,C00375,2024-01-22 08:25:21,2024-01-26 08:25:21,Standard Class,Consumer,East,Office Supplies,Binders,149.94,3,0.304,-13.33
ORD03827,C00458,2024-08-31 03:48:34,2024-09-01 03:48:34,Same Day,Home Office,North,Furniture,Furnishings,439.18,3,0.091,36.46
ORD02266,C00653,2024-10-26 09:33:28,2024-10-31 09:33:28,Standard Class,Consumer,East,Technology,Accessories,600.53,6,0.1,118.12
ORD03461,C00818,2024-11-10 20:50:57,2024-11-13 20:50:57,Standard Class,Consumer,North,Furniture,Tables,795.15,7,0.23,-114.31
ORD01079,C00538,2025-02-06 08:17:34,2025-02-08 08:17:34,First Class,Consumer,West,Office Supplies,Paper,169.33,4,0.044,17.42
ORD03339,C00915,2025-07-23 19:46:53,2025-07-28 19:46:53,Standard Class,Consumer,South,Office Supplies,Appliances,52.75,3,0.106,4.18
ORD00694,C00672,2024-12-07 01:52:06,2024-12-10 01:52:06,First Class,Consumer,North,Office Supplies,Art,135.21,8,0.098,10.35
ORD02681,C00930,2025-09-06 01:53:20,2025-09-07 01:53:20,First Class,Consumer,North,Furniture,Chairs,885.28,8,0.132,53.96
ORD01414,C00394,2025-01-21 16:57:51,2025-01-26 16:57:51,Standard Class,Consumer,East,Technology,Laptops,533.56,5,0.222,0.72
ORD01566,C00120,2024-07-09 01:18:23,2024-07-11 01:18:23,Second Class,Corporate,South,Office Supplies,Binders,20.21,1,0.1,2.93
ORD02863,C00232,2024-06-16 04:23:59,2024-06-16 04:23:59,Same Day,Corporate,East,Technology,Phones,1142.23,8,0.206,30.63
ORD01786,C00232,2024-08-23 10:01:57,2024-08-26 10:01:57,First Class,Corporate,South,Furniture,Bookcases,823.77,5,0.229,-30.84
ORD03289,C00319,2025-03-12 03:34:06,2025-03-17 03:34:06,Standard Class,Consumer,South,Furniture,Bookcases,488.38,5,0.119,-58.78
ORD02290,C00280,2024-06-26 00:17:58,2024-06-28 00:17:58,Second Class,Corporate,South,Technology,Accessories,147.68,1,0.098,19.06
ORD01999,C00475,2025-10-29 08:19:16,2025-11-02 08:19:16,Second Class,Consumer,South,Technology,Laptops,595.78,8,0.078,75.19
ORD01043,C00882,2024-12-16 07:12:24,2024-12-19 07:12:24,Standard Class,Corporate,West,Office Supplies,Art,398.79,6,0.022,22.49
ORD02514,C00106,2025-09-22 04:32:20,2025-09-24 04:32:20,Second Class,Corporate,North,Office Supplies,Appliances,67.35,2,0.143,2.42
ORD01000,C00742,2025-05-13 18:41:11,2025-05-18 18:41:11,Standard Class,Consumer,West,Furniture,Tables,569.32,3,0.175,-53.26
ORD02918,C00539,2024-08-31 08:20:07,2024-09-04 08:20:07,Standard Class,Consumer,South,Office Supplies,Appliances,116.69,3,0.309,-18.27
ORD01893,C00116,2024-06-15 14:59:25,2024-06-18 14:59:25,Standard Class,Corporate,North,Office Supplies,Paper,246.3,7,0.03,37.32
ORD02073,C00759,2025-06-27 01:54:06,2025-06-30 01:54:06,First Class,Home Office,North,Office Supplies,Appliances,140.09,4,0.106,9.03
ORD02063,C00417,2024-08-29 10:29:24,2024-09-01 10:29:24,Standard Class,Corporate,North,Office Supplies,Storage,183.13,7,0.116,14.08
ORD00168,C00632,2024-06-29 05:07:19,2024-07-04 05:07:19,Standard Class,Home Office,West,Technology,Accessories,1166.29,6,0.152,105.05
ORD03110,C00882,2025-11-10 04:20:18,2025-11-14 04:20:18,Standard Class,Home Office,East,Technology,Phones,465.46,3,0.215,56.84
ORD03872,C00143,2024-12-18 07:40:32,2024-12-21 07:40:32,Standard Class,Consumer,South,Office Supplies,Appliances,151.58,4,0.242,-9.25
ORD02905,C00196,2024-02-05 10:56:02,2024-02-05 10:56:02,Same Day,Corporate,East,Office Supplies,Paper,456.38,7,0.228,-18.43
ORD00710,C00175,2024-12-27 04:19:44,2024-12-30 04:19:44,Standard Class,Consumer,East,Technology,Accessories,471.77,4,0.059,82.9
ORD02438,C00526,2024-12-02 08:41:00,2024-12-07 08:41:00,Standard Class,Consumer,West,Office Supplies,Binders,291.92,6,0.287,-26.12
ORD00628,C00929,2025-09-22 16:43:40,2025-09-24 16:43:40,Same Day,Consumer,West,Technology,Laptops,121.41,1,0.33,-18.01
ORD02551,C00655,2025-06-03 10:29:48,2025-06-08 10:29:48,Standard Class,Home Office,East,Office Supplies,Paper,137.25,4,0.112,12.45
ORD01728,C00556,2024-05-19 16:34:44,2024-05-22 16:34:44,Standard Class,Corporate,West,Technology,Laptops,848.67,5,0.124,140.99
ORD03399,C00062,2024-04-19 19:57:15,2024-04-21 19:57:15,First Class,Consumer,West,Office Supplies,Art,228.66,3,0.256,2.2
ORD02270,C00318,2025-03-16 14:58:36,2025-03-20 14:58:36,Second Class,Consumer,East,Technology,Accessories,1253.79,7,0.167,114.18
ORD00227,C00410,2024-02-04 13:59:34,2024-02-07 13:59:34,Standard Class,Consumer,East,Office Supplies,Binders,103.84,2,0.17,-0.54
ORD03396,C00465,2024-08-20 21:09:34,2024-08-23 21:09:34,Second Class,Corporate,North,Technology,Phones,833.83,7,0.071,135.74
ORD02225,C00872,2024-04-10 21:21:29,2024-04-12 21:21:29,Second Class,Home Office,East,Office Supplies,Art,63.49,1,0.441,-9.96
ORD03463,C00334,2024-01-16 00:14:42,2024-01-20 00:14:42,Second Class,Consumer,West,Furniture,Bookcases,375.93,4,0.164,-14.29
ORD00236,C00012,2025-11-01 17:46:56,2025-11-06 17:46:56,Standard Class,Consumer,North,Technology,Accessories,737.96,5,0.238,-39.28
ORD00926,C00401,2024-03-06 13:39:36,2024-03-08 13:39:36,First Class,Corporate,West,Office Supplies,Paper,41.75,3,0.074,8.48
ORD00429,C00602,2024-01-07 18:13:52,2024-01-09 18:13:52,Second Class,Consumer,West,Office Supplies,Storage,292.34,5,0.251,-29.84
ORD01157,C00364,2025-11-12 00:15:56,2025-11-15 00:15:56,Second Class,Consumer,North,Office Supplies,Binders,361.32,8,0.27,-53.89
ORD01855,C00830,2024-05-17 11:24:03,2024-05-18 11:24:03,First Class,Consumer,East,Office Supplies,Storage,70.99,4,0.284,-5.77
ORD02553,C00759,2025-08-19 02:05:35,2025-08-20 02:05:35,First Class,Consumer,West,Office Supplies,Binders,96.95,5,0.206,0.32
ORD01528,C00409,2024-01-23 20:05:13,2024-01-25 20:05:13,Second Class,Consumer,West,Office Supplies,Art,339.11,8,0.13,24.97
ORD01869,C00862,2024-04-22 02:18:09,2024-04-25 02:18:09,Standard Class,Home Office,North,Furniture,Bookcases,1060.03,8,0.408,-225.23
ORD02862,C00246,2024-03-21 18:13:41,2024-03-26 18:13:41,Standard Class,Consumer,South,Furniture,Furnishings,206.44,1,0.223,-23.27
ORD01613,C00879,2025-05-30 13:43:28,2025-06-02 13:43:28,Second Class,Consumer,East,Technology,Accessories,781.12,6,0.038,131.89
ORD03192,C00690,2025-03-28 17:00:55,2025-04-02 17:00:55,Standard Class,Corporate,North,Office Supplies,Binders,230.33,7,0.274,-24.77
ORD00452,C00153,2024-12-13 02:47:43,2024-12-15 02:47:43,Second Class,Home Office,South,Technology,Phones,791.03,8,0.128,68.06
ORD03081,C00349,2024-06-25 09:30:49,2024-06-27 09:30:49,Second Class,Consumer,North,Office Supplies,Appliances,119.85,7,0.151,6.45
ORD03122,C00629,2024-03-05 20:49:35,2024-03-08 20:49:35,Second Class,Consumer,North,Technology,Laptops,121.23,1,0.012,29.67
ORD02261,C00318,2025-02-19 12:35:42,2025-02-22 12:35:42,Standard Class,Corporate,East,Technology,Phones,1190.17,7,0.168,22.28
ORD01166,C00765,2024-06-17 10:06:51,2024-06-20 10:06:51,First Class,Consumer,East,Office Supplies,Art,400.15,7,0.127,-4.11
ORD00024,C00248,2025-03-06 20:13:23,2025-03-10 20:13:23,Second Class,Corporate,East,Furniture,Tables,1309.91,5,0.165,1.43
ORD03838,C00870,2025-05-16 20:26:24,2025-05-21 20:26:24,Standard Class,Consumer,West,Technology,Phones,163.39,1,0.052,24.47
ORD00092,C00912,2025-09-12 02:06:25,2025-09-14 02:06:25,Second Class,Consumer,South,Office Supplies,Storage,39.58,2,0.214,-3.65
ORD00341,C00097,2024-12-26 14:37:01,2024-12-31 14:37:01,Standard Class,Consumer,South,Office Supplies,Appliances,32.0,3,0.082,-0.38
ORD00742,C00708,2024-01-04 11:04:09,2024-01-07 11:04:09,Second Class,Corporate,North,Furniture,Chairs,1063.12,7,0.176,21.36
ORD00750,C00634,2024-07-23 21:16:59,2024-07-28 21:16:59,Standard Class,Consumer,North,Office Supplies,Appliances,23.45,2,0.13,1.41
ORD01047,C00132,2025-09-14 23:01:58,2025-09-17 23:01:58,Second Class,Consumer,South,Technology,Phones,475.6,6,0.204,17.25
ORD00837,C00624,2025-01-24 06:33:25,2025-01-28 06:33:25,Standard Class,Consumer,North,Technology,Laptops,261.32,2,0.118,33.62
ORD01798,C00283,2025-03-27 22:57:59,2025-03-31 22:57:59,Standard Class,Corporate,North,Office Supplies,Binders,155.8,7,0.13,8.98
ORD03503,C00770,2024-11-30 05:03:51,2024-12-05 05:03:51,Standard Class,Consumer,North,Technology,Phones,126.97,1,0.133,12.01
ORD01482,C00851,2024-04-28 19:15:57,2024-05-01 19:15:57,Standard Class,Corporate,East,Furniture,Chairs,375.49,2,0.208,-30.32
ORD00547,C00001,2025-10-16 14:14:56,2025-10-19 14:14:56,First Class,Corporate,East,Furniture,Furnishings,174.17,1,0.257,-28.72
ORD00590,C00788,2025-07-18 05:51:46,2025-07-21 05:51:46,First Class,Consumer,West,Furniture,Bookcases,856.05,5,0.18,-103.77
ORD03310,C00932,2025-12-27 11:36:48,2025-12-30 11:36:48,Standard Class,Home Office,West,Technology,Laptops,1121.26,7,0.276,81.77
ORD00376,C00335,2025-09-16 12:12:42,2025-09-19 12:12:42,Standard Class,Home Office,East,Office Supplies,Binders,111.92,4,0.117,6.31
ORD03709,C00932,2024-07-31 12:39:18,2024-08-02 12:39:18,Second Class,Consumer,North,Office Supplies,Appliances,74.14,5,0.066,6.34
ORD00085,C00673,2024-07-04 14:41:46,2024-07-08 14:41:46,Standard Class,Consumer,East,Technology,Laptops,702.22,6,0.325,-83.21
ORD00163,C00539,2024-06-30 09:16:19,2024-07-04 09:16:19,Standard Class,Consumer,North,Technology,Accessories,372.27,4,0.204,29.17
ORD00270,C00096,2025-11-01 17:15:55,2025-11-05 17:15:55,Standard Class,Consumer,South,Technology,Laptops,758.36,7,0.17,36.95
ORD03601,C00473,2025-02-10 13:30:22,2025-02-12 13:30:22,Second Class,Consumer,South,Office Supplies,Binders,151.21,3,0.17,-7.05
ORD00003,C00142,2024-11-27 18:05:39,2024-11-29 18:05:39,Same Day,Home Office,South,Furniture,Tables,314.92,2,0.161,-19.88
ORD03454,C00275,2025-12-07 19:56:23,2025-12-10 19:56:23,Standard Class,Home Office,South,Furniture,Chairs,190.59,2,0.095,4.41
ORD00126,C00855,2025-03-16 11:59:47,2025-03-17 11:59:47,Same Day,Consumer,East,Technology,Phones,230.53,2,0.299,-17.68
ORD02797,C00107,2025-10-25 21:14:53,2025-10-28 21:14:53,First Class,Consumer,West,Office Supplies,Appliances,19.34,1,0.294,-1.13
ORD01745,C00516,2025-12-19 19:03:35,2025-12-20 19:03:35,Same Day,Consumer,West,Technology,Accessories,204.0,1,0.043,56.45
ORD00957,C00930,2024-02-27 23:53:14,2024-03-01 23:53:14,Second Class,Consumer,East,Technology,Accessories,126.81,1,0.27,-6.55
ORD02635,C00130,2024-09-20 22:06:43,2024-09-21 22:06:43,First Class,Consumer,East,Technology,Laptops,222.45,2,0.197,4.41
ORD02779,C00180,2025-06-19 22:07:14,2025-06-21 22:07:14,Second Class,Home Office,North,Office Supplies,Art,94.04,6,0.051,7.68
ORD01633,C00466,2025-08-16 14:33:06,2025-08-18 14:33:06,First Class,Home Office,East,Office Supplies,Paper,113.94,2,0.126,4.57
ORD00416,C00472,2024-04-18 09:27:24,2024-04-21 09:27:24,Standard Class,Consumer,East,Furniture,Tables,851.16,5,0.141,-89.22
ORD01024,C00441,2024-08-20 10:21:09,2024-08-23 10:21:09,Second Class,Corporate,South,Furniture,Chairs,63.37,1,0.19,-1.69
ORD00076,C00212,2025-02-04 03:59:18,2025-02-08 03:59:18,Second Class,Corporate,South,Technology,Laptops,856.43,7,0.113,28.14
ORD02400,C00947,2025-08-06 10:13:15,2025-08-10 10:13:15,Standard Class,Corporate,West,Office Supplies,Appliances,153.07,3,0.062,11.91
ORD01390,C00102,2024-03-23 11:11:10,2024-03-28 11:11:10,Standard Class,Consumer,East,Technology,Accessories,601.53,4,0.129,58.56
ORD02466,C00014,2025-03-14 12:51:29,2025-03-18 12:51:29,Standard Class,Consumer,South,Office Supplies,Storage,396.78,6,0.204,9.15
ORD02106,C00233,2024-08-04 09:40:46,2024-08-09 09:40:46,Standard Class,Corporate,East,Office Supplies,Appliances,464.37,8,0.096,16.44
ORD02773,C00702,2024-06-06 22:33:06,2024-06-11 22:33:06,Standard Class,Consumer,South,Technology,Accessories,888.46,7,0.372,-131.63
ORD01775,C00123,2025-01-11 05:47:34,2025-01-16 05:47:34,Standard Class,Corporate,South,Technology,Accessories,574.26,4,0.185,24.05
ORD01109,C00718,2024-10-29 05:44:13,2024-11-01 05:44:13,Standard Class,Consumer,South,Technology,Laptops,379.1,3,0.316,-45.32
ORD02430,C00375,2025-04-09 01:39:45,2025-04-13 01:39:45,Second Class,Corporate,South,Technology,Accessories,377.31,3,0.078,45.0
ORD03730,C00736,2024-08-19 20:58:34,2024-08-24 20:58:34,Standard Class,Corporate,East,Furniture,Furnishings,179.88,1,0.101,-9.47
ORD02701,C00205,2025-08-23 23:47:39,2025-08-27 23:47:39,Standard Class,Consumer,North,Technology,Phones,326.56,3,0.112,29.67
ORD00671,C00738,2024-02-27 00:27:32,2024-03-02 00:27:32,Standard Class,Consumer,West,Office Supplies,Storage,330.57,7,0.24,3.2
ORD01000,C00002,2025-09-21 04:07:35,2025-09-26 04:07:35,Standard Class,Corporate,South,Furniture,Tables,395.57,3,0.223,-27.31
ORD03757,C00674,2024-01-22 18:42:18,2024-01-25 18:42:18,Standard Class,Consumer,East,Office Supplies,Paper,244.99,4,0.269,-25.02
ORD02797,C00023,2025-06-21 04:53:36,2025-06-21 04:53:36,Same Day,Corporate,East,Office Supplies,Appliances,71.04,1,0.015,7.14
ORD02469,C00403,2024-09-09 22:18:21,2024-09-14 22:18:21,Standard Class,Corporate,East,Furniture,Tables,336.26,3,0.191,-24.1
ORD02821,C00670,2024-10-06 20:01:29,2024-10-09 20:01:29,Standard Class,Consumer,East,Technology,Laptops,141.03,1,0.457,-37.74
ORD01062,C00047,2024-01-14 21:28:41,2024-01-18 21:28:41,Second Class,Corporate,West,Technology,Phones,609.92,4,0.036,109.08
ORD03589,C00877,2025-05-27 12:47:32,2025-05-29 12:47:32,First Class,Consumer,East,Office Supplies,Paper,204.27,3,0.135,4.17
ORD00777,C00919,2024-04-30 19:20:43,2024-05-05 19:20:43,Standard Class,Corporate,East,Office Supplies,Storage,308.97,8,0.109,12.81
ORD03677,C00656,2025-04-26 04:25:35,2025-04-29 04:25:35,Standard Class,Consumer,East,Furniture,Bookcases,560.19,5,0.147,-16.15
ORD00904,C00230,2025-06-13 09:12:42,2025-06-16 09:12:42,Second Class,Consumer,North,Technology,Phones,323.16,3,0.023,70.6
ORD01223,C00676,2025-09-09 00:34:50,2025-09-13 00:34:50,Standard Class,Consumer,South,Office Supplies,Paper,58.2,5,0.339,-12.06
ORD02520,C00290,2025-05-31 21:45:30,2025-06-04 21:45:30,Standard Class,Home Office,South,Office Supplies,Art,136.92,8,0.108,12.48
ORD01940,C00630,2024-08-08 02:17:03,2024-08-10 02:17:03,Same Day,Home Office,South,Furniture,Tables,198.2,2,0.106,10.04
ORD03736,C00145,2025-06-23 03:55:42,2025-06-24 03:55:42,Same Day,Corporate,South,Technology,Laptops,302.79,3,0.087,65.37
ORD03327,C00585,2025-08-25 22:38:58,2025-08-29 22:38:58,Second Class,Consumer,South,Technology,Accessories,651.1,5,0.076,90.9
ORD03384,C00315,2024-08-19 12:31:24,2024-08-23 12:31:24,Standard Class,Consumer,East,Furniture,Furnishings,109.99,1,0.082,11.26
ORD02220,C00557,2024-03-31 15:34:45,2024-04-04 15:34:45,Second Class,Corporate,North,Office Supplies,Paper,157.94,5,0.122,15.6
ORD03827,C00312,2025-10-11 17:08:27,2025-10-11 17:08:27,Same Day,Corporate,West,Technology,Laptops,307.84,2,0.236,5.1
ORD02837,C00259,2024-04-17 23:54:29,2024-04-19 23:54:29,First Class,Consumer,South,Technology,Accessories,848.66,7,0.237,-61.97
ORD01256,C00342,2025-03-09 11:54:40,2025-03-14 11:54:40,Standard Class,Home Office,East,Furniture,Chairs,1516.66,7,0.12,63.93
ORD02332,C00831,2024-06-21 11:38:01,2024-06-26 11:38:01,Standard Class,Consumer,North,Office Supplies,Art,59.26,1,0.13,3.48
ORD01512,C00383,2024-04-01 23:58:53,2024-04-04 23:58:53,Standard Class,Consumer,South,Office Supplies,Paper,150.24,5,0.126,16.86
ORD01072,C00656,2025-07-20 18:47:35,2025-07-21 18:47:35,First Class,Home Office,North,Furniture,Chairs,268.46,2,0.139,6.29
ORD02913,C00634,2024-04-14 21:57:03,2024-04-18 21:57:03,Standard Class,Consumer,East,Technology,Accessories,726.82,5,0.036,163.53
ORD01596,C00572,2025-05-04 06:21:24,2025-05-07 06:21:24,Standard Class,Consumer,South,Technology,Laptops,609.03,5,0.1,48.3
ORD00976,C00922,2025-05-20 23:01:54,2025-05-24 23:01:54,Standard Class,Corporate,West,Office Supplies,Paper,444.62,8,0.124,31.04
ORD03343,C00042,2024-02-13 23:11:40,2024-02-18 23:11:40,Standard Class,Home Office,South,Furniture,Bookcases,215.38,2,0.189,-34.75
ORD01315,C00496,2024-05-06 05:58:39,2024-05-09 05:58:39,First Class,Consumer,East,Technology,Phones,728.69,5,0.263,-1.04
ORD02893,C00926,2025-08-02 21:14:55,2025-08-06 21:14:55,Standard Class,Corporate,North,Office Supplies,Binders,283.05,8,0.229,3.95
ORD01118,C00944,2025-01-05 07:46:05,2025-01-09 07:46:05,Standard Class,Consumer,East,Technology,Laptops,105.19,1,0.224,7.51
ORD01492,C00421,2024-03-29 14:05:08,2024-04-01 14:05:08,Second Class,Consumer,South,Technology,Phones,317.7,3,0.222,-6.7
ORD01591,C00053,2025-12-24 23:53:19,2025-12-26 23:53:19,Second Class,Consumer,South,Furniture,Tables,909.39,6,0.208,-157.71
ORD01886,C00340,2024-07-12 10:35:32,2024-07-16 10:35:32,Second Class,Consumer,North,Technology,Accessories,92.99,1,0.357,-12.17
ORD03010,C00357,2024-01-03 22:12:47,2024-01-04 22:12:47,First Class,Consumer,North,Technology,Phones,260.7,2,0.226,2.15
ORD01375,C00346,2025-11-05 15:23:19,2025-11-10 15:23:19,Standard Class,Consumer,North,Furniture,Furnishings,1585.49,8,0.092,80.35
ORD00035,C00029,2024-01-13 02:28:41,2024-01-17 02:28:41,Standard Class,Corporate,West,Office Supplies,Storage,296.74,5,0.086,0.27
ORD00603,C00877,2025-02-07 22:50:18,2025-02-12 22:50:18,Standard Class,Corporate,South,Office Supplies,Paper,27.37,1,0.258,-2.51
ORD00102,C00567,2025-12-25 22:50:30,2025-12-28 22:50:30,Second Class,Corporate,North,Furniture,Furnishings,998.21,7,0.072,3.58
ORD03557,C00363,2025-02-25 19:13:11,2025-02-28 19:13:11,First Class,Corporate,West,Technology,Accessories,824.56,5,0.133,136.38
ORD00015,C00930,2025-03-02 18:52:20,2025-03-06 18:52:20,Standard Class,Consumer,North,Office Supplies,Art,191.02,4,0.161,-16.27
ORD03592,C00806,2024-10-10 08:49:27,2024-10-14 08:49:27,Second Class,Consumer,South,Office Supplies,Binders,425.71,8,0.378,-63.88
ORD02494,C00202,2024-04-02 15:27:45,2024-04-06 15:27:45,Second Class,Consumer,East,Technology,Phones,478.82,3,0.333,-46.23
ORD00038,C00174,2025-02-22 01:33:38,2025-02-24 01:33:38,Same Day,Corporate,West,Office Supplies,Binders,121.56,4,0.115,-3.09
ORD01430,C00682,2025-10-17 00:44:04,2025-10-21 00:44:04,Standard Class,Consumer,East,Office Supplies,Storage,133.92,5,0.009,30.46
ORD03019,C00832,2024-03-07 12:07:19,2024-03-10 12:07:19,Standard Class,Consumer,South,Furniture,Furnishings,455.13,2,0.219,-18.64
ORD01837,C00725,2025-10-04 16:15:46,2025-10-08 16:15:46,Second Class,Consumer,West,Furniture,Furnishings,334.81,2,0.046,45.3
ORD03150,C00783,2024-10-29 23:36:53,2024-10-31 23:36:53,First Class,Consumer,North,Furniture,Bookcases,367.95,2,0.056,25.48
ORD01819,C00099,2025-01-26 10:13:52,2025-01-28 10:13:52,Second Class,Home Office,West,Office Supplies,Binders,195.12,3,0.075,14.07
ORD01406,C00161,2024-04-30 17:53:36,2024-05-01 17:53:36,First Class,Corporate,West,Technology,Accessories,217.0,1,0.006,47.13
ORD00793,C00411,2025-03-29 21:47:46,2025-04-03 21:47:46,Standard Class,Consumer,West,Furniture,Bookcases,906.95,5,0.101,49.06
ORD02591,C00561,2024-05-13 02:49:33,2024-05-16 02:49:33,Second Class,Corporate,North,Office Supplies,Storage,529.24,8,0.209,-25.27
ORD03083,C00133,2024-07-18 10:14:22,2024-07-21 10:14:22,Standard Class,Corporate,North,Office Supplies,Art,168.75,3,0.102,5.89
ORD02681,C00058,2025-06-10 18:38:44,2025-06-15 18:38:44,Standard Class,Consumer,East,Furniture,Bookcases,239.09,1,0.166,-4.2
ORD00728,C00335,2024-02-06 21:06:18,2024-02-11 21:06:18,Standard Class,Consumer,East,Technology,Laptops,168.23,1,0.051,29.1
ORD01381,C00674,2024-11-22 10:37:15,2024-11-26 10:37:15,Standard Class,Corporate,East,Technology,Accessories,267.35,2,0.259,4.86
ORD02668,C00766,2025-03-10 00:49:28,2025-03-13 00:49:28,Standard Class,Consumer,West,Office Supplies,Binders,286.0,5,0.177,22.63
ORD00829,C00776,2024-04-06 09:08:28,2024-04-08 09:08:28,Second Class,Consumer,East,Office Supplies,Binders,178.23,4,0.05,27.29
ORD02883,C00276,2024-08-03 04:06:39,2024-08-05 04:06:39,First Class,Consumer,South,Technology,Laptops,565.44,4,0.139,10.17
ORD03589,C00278,2024-09-07 18:08:52,2024-09-10 18:08:52,Standard Class,Corporate,South,Office Supplies,Storage,293.26,7,0.195,-9.11
ORD00997,C00886,2025-04-29 10:38:26,2025-05-03 10:38:26,Standard Class,Home Office,North,Furniture,Tables,914.01,4,0.085,51.14
ORD01433,C00149,2025-12-13 23:56:30,2025-12-16 23:56:30,Standard Class,Corporate,North,Office Supplies,Paper,164.35,5,0.029,28.88
ORD02766,C00737,2025-09-02 11:00:55,2025-09-06 11:00:55,Standard Class,Consumer,North,Technology,Phones,944.34,8,0.048,198.9
ORD02900,C00004,2024-05-18 12:41:45,2024-05-22 12:41:45,Standard Class,Consumer,West,Office Supplies,Appliances,138.59,2,0.354,-20.91
ORD00847,C00250,2024-01-14 06:10:21,2024-01-18 06:10:21,Second Class,Corporate,East,Furniture,Chairs,210.32,1,0.117,-3.7
ORD01892,C00182,2024-02-07 21:29:59,2024-02-10 21:29:59,First Class,Corporate,East,Furniture,Chairs,298.26,2,0.099,19.79
ORD02051,C00405,2025-03-10 20:54:19,2025-03-14 20:54:19,Standard Class,Home Office,South,Technology,Accessories,340.62,2,0.075,49.21
ORD03249,C00104,2024-04-24 01:41:02,2024-04-27 01:41:02,Second Class,Corporate,East,Furniture,Tables,1691.18,7,0.099,56.15
ORD02796,C00587,2024-06-17 20:02:06,2024-06-19 20:02:06,Second Class,Consumer,West,Furniture,Chairs,1402.83,8,0.125,-34.43
ORD00566,C00419,2025-09-10 14:18:04,2025-09-15 14:18:04,Standard Class,Corporate,West,Office Supplies,Paper,206.29,5,0.03,48.94
ORD00568,C00576,2025-09-29 22:31:35,2025-10-03 22:31:35,Standard Class,Home Office,East,Office Supplies,Art,87.3,2,0.329,-10.91
ORD03524,C00690,2025-09-04 11:49:08,2025-09-07 11:49:08,Standard Class,Corporate,West,Technology,Phones,1051.43,7,0.044,185.86
ORD02641,C00535,2024-07-04 04:12:07,2024-07-07 04:12:07,Standard Class,Corporate,East,Office Supplies,Appliances,248.96,8,0.101,20.06
ORD03368,C00497,2025-03-28 08:52:30,2025-03-30 08:52:30,First Class,Consumer,South,Technology,Accessories,469.83,4,0.054,66.13
ORD00520,C00358,2025-03-21 20:41:33,2025-03-25 20:41:33,Standard Class,Corporate,West,Technology,Phones,1229.98,6,0.041,153.69
ORD02060,C00625,2024-05-15 05:32:05,2024-05-18 05:32:05,Standard Class,Consumer,South,Furniture,Chairs,1119.49,5,0.123,-2.14
ORD00278,C00896,2025-02-08 02:02:07,2025-02-11 02:02:07,Standard Class,Consumer,South,Technology,Laptops,660.76,5,0.457,-186.35
ORD01863,C00138,2025-01-18 10:29:41,2025-01-23 10:29:41,Standard Class,Corporate,South,Furniture,Tables,617.58,3,0.152,-22.87
ORD01362,C00084,2024-10-16 04:50:13,2024-10-18 04:50:13,First Class,Home Office,East,Office Supplies,Appliances,111.94,3,0.037,6.11
ORD01232,C00759,2025-07-02 17:08:07,2025-07-05 17:08:07,Standard Class,Home Office,East,Furniture,Furnishings,278.35,3,0.229,-53.67
ORD00852,C00601,2025-05-09 15:54:56,2025-05-13 15:54:56,Second Class,Consumer,East,Technology,Phones,516.15,3,0.225,18.03
ORD00506,C00550,2025-01-23 20:06:43,2025-01-28 20:06:43,Standard Class,Consumer,South,Office Supplies,Paper,86.98,7,0.193,-6.84
ORD00582,C00034,2025-06-13 19:29:02,2025-06-16 19:29:02,Standard Class,Consumer,North,Office Supplies,Art,121.06,7,0.043,17.61
ORD02084,C00415,2025-07-11 01:39:41,2025-07-15 01:39:41,Standard Class,Corporate,West,Furniture,Chairs,265.38,1,0.066,18.0
ORD01008,C00528,2025-02-17 20:45:00,2025-02-20 20:45:00,First Class,Corporate,South,Technology,Laptops,120.92,1,0.225,-0.16
ORD01175,C00715,2024-07-14 09:39:06,2024-07-18 09:39:06,Standard Class,Home Office,West,Technology,Phones,505.54,4,0.206,3.34
ORD02972,C00175,2025-07-07 15:33:27,2025-07-11 15:33:27,Second Class,Consumer,North,Furniture,Furnishings,955.87,7,0.063,50.2
ORD01590,C00569,2025-06-07 20:35:44,2025-06-11 20:35:44,Standard Class,Corporate,East,Technology,Laptops,762.63,5,0.018,125.1
ORD03356,C00081,2025-12-18 21:28:01,2025-12-21 21:28:01,Second Class,Corporate,East,Office Supplies,Storage,348.17,7,0.146,24.66
ORD02449,C00769,2024-04-19 08:13:28,2024-04-23 08:13:28,Second Class,Consumer,West,Technology,Laptops,887.13,6,0.061,127.43
ORD03654,C00051,2024-11-02 01:39:08,2024-11-06 01:39:08,Second Class,Home Office,North,Technology,Laptops,689.13,6,0.15,47.25
ORD02736,C00540,2025-11-05 16:27:05,2025-11-08 16:27:05,Standard Class,Corporate,West,Office Supplies,Art,203.67,5,0.152,13.54
ORD03709,C00907,2025-01-10 15:29:42,2025-01-15 15:29:42,Standard Class,Consumer,East,Office Supplies,Art,42.46,1,0.212,-2.48
ORD02836,C00333,2025-11-19 02:45:10,2025-11-20 02:45:10,First Class,Consumer,East,Office Supplies,Paper,117.71,2,0.102,-1.51
ORD02452,C00122,2024-01-10 02:28:20,2024-01-13 02:28:20,Second Class,Home Office,East,Office Supplies,Paper,225.44,6,0.209,-17.14
ORD01469,C00617,2024-01-26 16:10:30,2024-01-29 16:10:30,Standard Class,Corporate,North,Office Supplies,Appliances,174.41,3,0.134,16.11
ORD02704,C00342,2025-08-04 02:25:13,2025-08-09 02:25:13,Standard Class,Corporate,East,Furniture,Chairs,1362.78,6,0.185,-71.96
ORD01585,C00633,2024-09-18 15:42:48,2024-09-22 15:42:48,Standard Class,Corporate,South,Technology,Accessories,297.8,3,0.123,28.96
ORD01190,C00447,2025-01-14 18:25:50,2025-01-18 18:25:50,Standard Class,Consumer,South,Office Supplies,Storage,10.79,1,0.065,1.08
ORD00112,C00332,2024-11-08 10:43:34,2024-11-13 10:43:34,Standard Class,Corporate,East,Office Supplies,Paper,264.91,6,0.147,28.73
ORD03490,C00024,2024-10-24 19:29:03,2024-10-27 19:29:03,Standard Class,Home Office,East,Furniture,Tables,1731.05,8,0.324,-475.67
ORD01160,C00351,2025-11-16 19:35:22,2025-11-19 19:35:22,Standard Class,Consumer,North,Office Supplies,Storage,49.07,4,0.11,2.95
ORD01360,C00878,2024-03-09 16:08:26,2024-03-13 16:08:26,Second Class,Corporate,North,Office Supplies,Paper,45.82,2,0.214,-1.18
ORD03082,C00940,2025-07-17 17:14:28,2025-07-20 17:14:28,First Class,Consumer,North,Office Supplies,Appliances,198.21,4,0.176,1.2
ORD02866,C00015,2025-10-11 10:46:49,2025-10-14 10:46:49,Second Class,Consumer,North,Office Supplies,Binders,384.85,8,0.133,31.12
ORD02612,C00187,2025-04-24 21:51:17,2025-04-29 21:51:17,Standard Class,Consumer,East,Furniture,Tables,279.52,3,0.301,-34.65
ORD03061,C00866,2024-10-15 08:31:36,2024-10-17 08:31:36,Second Class,Home Office,North,Office Supplies,Appliances,26.01,1,0.076,2.26
ORD03801,C00789,2024-04-26 19:26:30,2024-04-29 19:26:30,Standard Class,Consumer,West,Office Supplies,Storage,203.03,7,0.139,-6.3
ORD03813,C00031,2025-05-13 06:49:46,2025-05-15 06:49:46,Second Class,Consumer,North,Technology,Laptops,328.88,2,0.242,36.12
ORD01842,C00405,2024-12-08 05:20:16,2024-12-12 05:20:16,Standard Class,Corporate,North,Office Supplies,Art,49.94,1,0.075,4.83
ORD00125,C00390,2024-04-19 01:02:06,2024-04-23 01:02:06,Standard Class,Consumer,West,Technology,Phones,1042.85,6,0.203,42.69
ORD00478,C00935,2024-09-19 13:04:26,2024-09-21 13:04:26,Second Class,Corporate,South,Furniture,Bookcases,536.07,3,0.222,-25.89
ORD00980,C00744,2025-12-02 22:20:58,2025-12-05 22:20:58,Standard Class,Home Office,South,Office Supplies,Paper,77.71,2,0.099,3.0
ORD02096,C00733,2024-07-12 17:33:19,2024-07-14 17:33:19,Second Class,Consumer,West,Technology,Laptops,172.98,1,0.064,38.11
ORD01839,C00024,2024-05-10 06:17:58,2024-05-12 06:17:58,Second Class,Consumer,West,Technology,Phones,271.56,2,0.109,29.43
ORD02380,C00658,2025-05-12 20:12:33,2025-05-16 20:12:33,Standard Class,Home Office,East,Office Supplies,Art,26.2,2,0.062,4.89
ORD03110,C00769,2024-05-25 15:58:32,2024-05-28 15:58:32,Standard Class,Consumer,North,Furniture,Chairs,146.02,1,0.193,-5.62
ORD02794,C00393,2025-11-02 12:48:20,2025-11-04 12:48:20,Second Class,Consumer,East,Office Supplies,Appliances,67.7,3,0.032,6.8
ORD02829,C00447,2025-09-19 01:22:46,2025-09-22 01:22:46,Second Class,Home Office,West,Technology,Accessories,1058.89,7,0.116,226.77
ORD03309,C00241,2025-12-18 23:26:55,2025-12-21 23:26:55,First Class,Home Office,West,Office Supplies,Binders,186.16,4,0.029,31.77
ORD00295,C00448,2025-10-28 04:26:58,2025-10-31 04:26:58,Standard Class,Corporate,North,Furniture,Chairs,100.15,1,0.057,3.61
ORD01523,C00322,2024-06-26 22:44:59,2024-06-28 22:44:59,First Class,Corporate,South,Furniture,Chairs,1627.37,8,0.236,-293.99
ORD03342,C00177,2024-06-03 20:49:21,2024-06-08 20:49:21,Standard Class,Home Office,South,Technology,Laptops,703.51,6,0.045,130.66
ORD00491,C00942,2024-09-07 03:02:34,2024-09-10 03:02:34,Standard Class,Corporate,North,Office Supplies,Storage,258.2,8,0.383,-30.32
ORD01609,C00222,2024-12-08 22:54:41,2024-12-12 22:54:41,Second Class,Corporate,East,Furniture,Tables,500.98,5,0.173,-14.02
ORD03064,C00179,2025-10-04 09:31:28,2025-10-08 09:31:28,Standard Class,Corporate,South,Furniture,Tables,728.95,4,0.266,-94.57
ORD03335,C00758,2025-06-19 10:49:50,2025-06-24 10:49:50,Standard Class,Corporate,South,Office Supplies,Binders,220.35,5,0.215,4.77
ORD03209,C00150,2025-04-15 10:29:45,2025-04-20 10:29:45,Standard Class,Consumer,North,Office Supplies,Paper,56.24,1,0.137,3.87
ORD03446,C00010,2025-10-03 04:58:03,2025-10-04 04:58:03,First Class,Consumer,East,Office Supplies,Appliances,191.13,4,0.024,20.75
ORD00224,C00557,2025-04-16 11:56:49,2025-04-17 11:56:49,First Class,Consumer,North,Technology,Accessories,569.61,4,0.062,74.79
ORD03580,C00303,2024-10-03 17:00:11,2024-10-04 17:00:11,Same Day,Consumer,South,Technology,Accessories,217.78,3,0.227,3.49
ORD01918,C00660,2024-10-28 11:46:32,2024-11-02 11:46:32,Standard Class,Consumer,North,Office Supplies,Binders,274.25,7,0.161,11.69
ORD03064,C00305,2025-01-12 10:10:53,2025-01-15 10:10:53,Standard Class,Consumer,West,Technology,Accessories,926.06,8,0.3,-0.59
ORD01051,C00089,2024-03-05 19:17:20,2024-03-07 19:17:20,First Class,Corporate,North,Office Supplies,Paper,272.34,4,0.123,19.22
ORD02938,C00258,2025-06-25 10:52:17,2025-06-30 10:52:17,Standard Class,Consumer,East,Furniture,Chairs,769.04,7,0.257,-69.51
ORD00540,C00380,2025-04-21 12:38:00,2025-04-25 12:38:00,Standard Class,Consumer,North,Furniture,Bookcases,286.15,2,0.142,0.72
ORD01991,C00295,2025-06-17 17:30:08,2025-06-20 17:30:08,Standard Class,Consumer,North,Technology,Accessories,1144.82,8,0.109,183.98
ORD00143,C00567,2025-01-24 18:40:20,2025-01-26 18:40:20,Second Class,Consumer,North,Technology,Laptops,733.14,6,0.246,20.06
ORD02169,C00117,2025-07-25 13:27:41,2025-07-27 13:27:41,Second Class,Corporate,North,Office Supplies,Paper,292.69,6,0.028,37.54
ORD03865,C00617,2025-11-24 07:38:12,2025-11-28 07:38:12,Standard Class,Consumer,North,Office Supplies,Paper,248.14,5,0.165,1.97
ORD02014,C00159,2025-02-20 01:14:25,2025-02-23 01:14:25,Standard Class,Consumer,East,Technology,Laptops,1191.19,7,0.155,100.92
ORD00159,C00572,2024-11-20 09:36:16,2024-11-24 09:36:16,Second Class,Corporate,East,Furniture,Tables,1143.98,5,0.14,-12.99
ORD02011,C00529,2024-03-17 08:51:23,2024-03-21 08:51:23,Second Class,Consumer,North,Technology,Accessories,1043.9,8,0.091,200.39
ORD00791,C00155,2025-07-22 10:25:35,2025-07-26 10:25:35,Standard Class,Consumer,South,Technology,Laptops,713.26,6,0.099,82.54
ORD00822,C00534,2025-10-21 21:36:43,2025-10-24 21:36:43,Standard Class,Corporate,East,Office Supplies,Appliances,224.87,4,0.351,-49.45
ORD02268,C00920,2025-05-25 15:04:01,2025-05-26 15:04:01,Same Day,Corporate,North,Office Supplies,Paper,53.34,2,0.08,2.12
ORD01279,C00883,2025-09-23 20:49:51,2025-09-25 20:49:51,Second Class,Corporate,South,Office Supplies,Art,153.34,8,0.241,-12.62
ORD01495,C00718,2025-09-20 16:12:54,2025-09-23 16:12:54,Second Class,Corporate,North,Office Supplies,Binders,9.81,1,0.169,0.44
ORD00692,C00506,2025-08-05 14:40:01,2025-08-07 14:40:01,Second Class,Home Office,North,Furniture,Furnishings,178.53,1,0.15,-9.33
ORD02479,C00732,2025-01-02 02:27:59,2025-01-03 02:27:59,Same Day,Consumer,South,Technology,Phones,131.09,1,0.076,20.39
ORD02799,C00416,2024-03-13 21:35:26,2024-03-18 21:35:26,Standard Class,Corporate,West,Office Supplies,Art,32.12,1,0.106,1.3
ORD03483,C00294,2024-01-03 08:51:56,2024-01-07 08:51:56,Standard Class,Corporate,West,Technology,Phones,233.93,2,0.087,34.85
ORD01640,C00091,2024-05-29 05:02:30,2024-06-02 05:02:30,Standard Class,Consumer,West,Office Supplies,Storage,66.61,4,0.195,0.9
ORD00096,C00460,2024-11-10 15:33:03,2024-11-12 15:33:03,First Class,Home Office,South,Office Supplies,Binders,104.98,3,0.13,-2.51
ORD00949,C00699,2025-06-26 19:52:42,2025-07-01 19:52:42,Standard Class,Consumer,North,Office Supplies,Art,87.91,4,0.215,-0.92
ORD03843,C00816,2024-11-28 17:44:23,2024-12-03 17:44:23,Standard Class,Home Office,South,Technology,Accessories,549.09,4,0.217,39.87
ORD03117,C00424,2024-01-17 21:24:52,2024-01-22 21:24:52,Standard Class,Corporate,North,Furniture,Bookcases,873.61,4,0.274,-122.4
ORD02080,C00657,2024-06-02 13:15:14,2024-06-04 13:15:14,Second Class,Consumer,North,Office Supplies,Paper,52.71,1,0.289,-4.83
ORD03492,C00721,2025-12-15 20:00:56,2025-12-19 20:00:56,Second Class,Consumer,North,Furniture,Chairs,1031.03,5,0.186,-42.24
ORD00984,C00229,2025-12-22 06:09:07,2025-12-27 06:09:07,Standard Class,Home Office,South,Office Supplies,Storage,175.45,3,0.368,-31.88
ORD00019,C00184,2024-10-02 07:34:29,2024-10-05 07:34:29,Standard Class,Corporate,South,Furniture,Bookcases,761.78,5,0.272,-113.58
ORD02556,C00534,2025-08-10 15:20:50,2025-08-13 15:20:50,Second Class,Consumer,North,Office Supplies,Art,39.59,1,0.112,2.44
ORD03424,C00584,2025-06-09 02:21:20,2025-06-14 02:21:20,Standard Class,Consumer,East,Office Supplies,Paper,453.81,7,0.116,-6.68
ORD00516,C00045,2025-11-10 19:49:28,2025-11-13 19:49:28,Second Class,Corporate,South,Office Supplies,Art,206.01,6,0.378,-35.99
ORD00105,C00688,2025-10-09 22:14:43,2025-10-13 22:14:43,Standard Class,Consumer,West,Furniture,Bookcases,407.84,3,0.247,-61.61
ORD02878,C00458,2025-04-03 23:33:12,2025-04-05 23:33:12,First Class,Corporate,North,Office Supplies,Paper,39.87,3,0.164,1.37
ORD02768,C00344,2024-10-15 01:54:56,2024-10-19 01:54:56,Standard Class,Corporate,East,Office Supplies,Binders,129.58,3,0.143,8.1
ORD00159,C00444,2025-04-02 11:03:43,2025-04-05 11:03:43,Second Class,Consumer,North,Office Supplies,Paper,534.05,8,0.182,10.39
ORD03420,C00456,2024-08-20 23:12:04,2024-08-24 23:12:04,Standard Class,Corporate,East,Office Supplies,Binders,284.32,6,0.202,-17.53
ORD03814,C00684,2024-09-11 02:32:49,2024-09-14 02:32:49,Standard Class,Consumer,North,Office Supplies,Art,112.3,4,0.136,6.41
ORD00920,C00062,2025-03-20 09:08:40,2025-03-24 09:08:40,Second Class,Home Office,North,Furniture,Chairs,1175.34,6,0.26,-151.29
ORD03292,C00804,2025-02-21 02:54:22,2025-02-25 02:54:22,Second Class,Home Office,East,Office Supplies,Binders,61.05,1,0.163,-0.84
ORD03679,C00257,2025-02-28 02:56:01,2025-03-04 02:56:01,Second Class,Consumer,South,Office Supplies,Binders,343.31,7,0.291,-8.13
ORD01746,C00817,2024-10-07 19:31:08,2024-10-11 19:31:08,Second Class,Consumer,North,Office Supplies,Paper,158.95,5,0.19,-7.41
ORD02808,C00157,2024-10-25 16:07:56,2024-10-29 16:07:56,Second Class,Consumer,West,Furniture,Chairs,378.64,3,0.272,-38.73
ORD01850,C00342,2024-01-08 10:33:53,2024-01-10 10:33:53,First Class,Home Office,North,Technology,Accessories,662.26,6,0.111,121.48
ORD03836,C00356,2025-03-15 07:05:37,2025-03-19 07:05:37,Standard Class,Consumer,East,Technology,Phones,182.9,1,0.145,17.68
ORD00356,C00168,2025-02-24 07:45:18,2025-02-27 07:45:18,First Class,Corporate,East,Technology,Laptops,491.96,4,0.09,49.75
ORD00779,C00085,2025-11-13 19:52:53,2025-11-16 19:52:53,Standard Class,Home Office,North,Office Supplies,Storage,461.95,8,0.008,61.32
ORD00919,C00002,2025-01-03 02:58:40,2025-01-07 02:58:40,Standard Class,Consumer,South,Office Supplies,Binders,131.17,7,0.249,-18.64
ORD00501,C00787,2024-12-07 09:03:26,2024-12-11 09:03:26,Second Class,Corporate,North,Office Supplies,Storage,67.32,1,0.085,6.25
ORD00280,C00111,2024-02-19 09:47:45,2024-02-22 09:47:45,Standard Class,Consumer,East,Technology,Phones,720.28,5,0.134,68.49
ORD02580,C00697,2024-05-23 14:55:22,2024-05-26 14:55:22,Standard Class,Corporate,North,Furniture,Furnishings,1304.56,6,0.234,-139.45
ORD02324,C00017,2024-09-03 18:25:02,2024-09-07 18:25:02,Standard Class,Consumer,North,Office Supplies,Storage,212.56,5,0.149,20.15
ORD02008,C00822,2024-10-02 08:38:55,2024-10-06 08:38:55,Standard Class,Home Office,South,Office Supplies,Appliances,133.85,3,0.07,10.73
ORD02898,C00237,2024-09-21 18:15:21,2024-09-25 18:15:21,Second Class,Consumer,West,Technology,Accessories,984.84,6,0.093,65.55
ORD03177,C00900,2024-10-14 16:45:15,2024-10-17 16:45:15,Standard Class,Consumer,West,Technology,Phones,417.7,4,0.066,95.5
ORD01052,C00449,2025-07-15 07:26:23,2025-07-19 07:26:23,Standard Class,Corporate,West,Technology,Phones,1110.47,8,0.041,145.97
ORD01673,C00536,2024-04-05 17:01:27,2024-04-09 17:01:27,Standard Class,Corporate,East,Office Supplies,Storage,193.6,7,0.234,-4.97
ORD02540,C00454,2024-08-30 13:11:14,2024-09-04 13:11:14,Standard Class,Corporate,East,Office Supplies,Art,400.58,8,0.155,20.57
ORD00008,C00708,2024-04-28 21:30:31,2024-05-02 21:30:31,Standard Class,Corporate,East,Technology,Accessories,668.69,4,0.297,-39.74
ORD01983,C00206,2024-08-12 16:34:39,2024-08-15 16:34:39,Standard Class,Consumer,West,Office Supplies,Appliances,151.75,6,0.178,8.11
ORD01892,C00466,2025-05-14 17:31:39,2025-05-17 17:31:39,First Class,Corporate,East,Technology,Accessories,359.55,2,0.172,21.85
ORD01068,C00235,2024-02-04 03:18:04,2024-02-07 03:18:04,Second Class,Consumer,South,Office Supplies,Paper,184.39,7,0.14,0.87
ORD02597,C00746,2024-09-04 19:39:00,2024-09-09 19:39:00,Standard Class,Consumer,East,Technology,Accessories,833.17,7,0.259,-95.62
ORD01288,C00814,2024-01-18 06:59:10,2024-01-22 06:59:10,Standard Class,Home Office,East,Technology,Phones,956.18,7,0.154,-4.04
ORD01218,C00510,2025-11-28 01:49:11,2025-12-03 01:49:11,Standard Class,Corporate,North,Technology,Laptops,127.3,1,0.052,37.41
ORD02829,C00592,2025-06-14 21:34:39,2025-06-17 21:34:39,Standard Class,Consumer,South,Office Supplies,Binders,47.79,4,0.088,4.83
ORD01958,C00699,2024-06-26 19:48:53,2024-06-30 19:48:53,Standard Class,Consumer,South,Furniture,Bookcases,655.88,3,0.131,23.28
ORD00776,C00386,2024-05-24 16:24:55,2024-05-25 16:24:55,First Class,Home Office,West,Office Supplies,Paper,452.88,8,0.094,91.03
ORD02353,C00262,2024-03-13 05:09:26,2024-03-15 05:09:26,Second Class,Consumer,South,Technology,Accessories,647.42,5,0.372,-99.4
ORD01278,C00900,2024-12-11 04:51:19,2024-12-15 04:51:19,Standard Class,Consumer,West,Furniture,Bookcases,546.82,5,0.227,-48.62
ORD02800,C00652,2025-07-04 01:23:59,2025-07-08 01:23:59,Standard Class,Consumer,South,Furniture,Bookcases,759.5,4,0.163,-94.25
ORD01878,C00024,2025-03-02 11:21:45,2025-03-06 11:21:45,Second Class,Consumer,East,Office Supplies,Appliances,66.53,1,0.071,5.67
ORD00919,C00550,2025-10-05 03:45:05,2025-10-07 03:45:05,First Class,Consumer,North,Technology,Phones,534.59,5,0.071,74.26
ORD00322,C00426,2024-09-07 23:41:10,2024-09-11 23:41:10,Standard Class,Home Office,West,Office Supplies,Appliances,130.03,5,0.138,3.92
ORD01049,C00238,2024-07-22 00:32:45,2024-07-24 00:32:45,First Class,Consumer,East,Furniture,Furnishings,541.64,4,0.295,-57.62
ORD02567,C00749,2024-12-14 23:27:55,2024-12-19 23:27:55,Standard Class,Consumer,North,Furniture,Furnishings,846.16,6,0.311,-110.32
ORD02678,C00651,2024-05-27 12:35:00,2024-05-31 12:35:00,Second Class,Corporate,North,Office Supplies,Appliances,107.07,4,0.195,3.57
ORD03227,C00440,2025-12-13 05:17:50,2025-12-16 05:17:50,Standard Class,Corporate,South,Office Supplies,Art,266.01,6,0.196,-22.48
ORD01382,C00352,2024-05-15 14:37:21,2024-05-18 14:37:21,Second Class,Corporate,South,Furniture,Tables,378.43,3,0.086,8.01
ORD03575,C00212,2024-12-15 13:44:39,2024-12-19 13:44:39,Standard Class,Corporate,East,Technology,Laptops,1150.57,7,0.069,190.23
ORD02926,C00597,2025-01-16 01:39:19,2025-01-19 01:39:19,Standard Class,Corporate,West,Technology,Laptops,1193.05,8,0.175,177.08
ORD01289,C00812,2024-02-11 15:27:08,2024-02-15 15:27:08,Second Class,Corporate,East,Furniture,Tables,760.89,4,0.349,-149.42
ORD01044,C00625,2024-12-07 22:39:34,2024-12-11 22:39:34,Second Class,Corporate,East,Technology,Laptops,193.49,1,0.398,-29.59
ORD02230,C00011,2024-11-27 22:23:04,2024-12-01 22:23:04,Second Class,Corporate,South,Office Supplies,Art,180.24,6,0.291,-11.92
ORD02944,C00637,2024-07-08 09:23:09,2024-07-11 09:23:09,Standard Class,Corporate,West,Technology,Accessories,1029.53,8,0.031,187.75
ORD01836,C00416,2024-04-03 10:00:17,2024-04-06 10:00:17,Second Class,Consumer,West,Technology,Laptops,1046.96,6,0.023,232.97
ORD00615,C00649,2024-02-02 23:25:58,2024-02-05 23:25:58,Standard Class,Corporate,South,Technology,Phones,388.0,3,0.137,36.3
ORD02993,C00361,2024-01-07 06:21:05,2024-01-10 06:21:05,Second Class,Corporate,West,Office Supplies,Art,290.73,5,0.26,-24.71
ORD01764,C00397,2024-12-17 11:43:41,2024-12-22 11:43:41,Standard Class,Consumer,South,Office Supplies,Art,173.11,3,0.114,2.33
ORD00117,C00428,2024-03-06 14:01:00,2024-03-11 14:01:00,Standard Class,Home Office,West,Office Supplies,Binders,438.0,7,0.171,6.27
ORD00747,C00593,2025-12-01 07:30:09,2025-12-04 07:30:09,Standard Class,Consumer,West,Office Supplies,Storage,428.73,6,0.348,-69.65
ORD02251,C00799,2024-06-27 15:58:13,2024-06-27 15:58:13,Same Day,Consumer,East,Furniture,Bookcases,663.36,6,0.298,-149.73
ORD02012,C00861,2025-04-21 08:08:11,2025-04-24 08:08:11,Second Class,Home Office,North,Office Supplies,Paper,103.17,4,0.218,0.15
ORD00650,C00168,2025-05-06 15:30:50,2025-05-09 15:30:50,Standard Class,Consumer,East,Furniture,Furnishings,286.68,2,0.175,-6.25
ORD02730,C00065,2024-12-27 17:16:29,2024-12-31 17:16:29,Second Class,Consumer,North,Office Supplies,Art,227.58,5,0.11,7.35
ORD02479,C00791,2025-10-07 00:53:35,2025-10-10 00:53:35,Standard Class,Consumer,West,Technology,Phones,317.68,3,0.163,11.31
ORD02057,C00744,2024-03-21 19:19:30,2024-03-24 19:19:30,Standard Class,Home Office,South,Furniture,Tables,616.28,8,0.13,-0.1
ORD00292,C00265,2024-06-19 20:14:02,2024-06-22 20:14:02,Standard Class,Consumer,East,Furniture,Chairs,278.92,1,0.224,-3.47
ORD00624,C00123,2024-07-03 06:41:01,2024-07-06 06:41:01,Second Class,Corporate,West,Technology,Phones,844.8,7,0.308,-9.84
ORD00707,C00120,2024-04-08 20:27:38,2024-04-11 20:27:38,First Class,Corporate,North,Office Supplies,Art,166.68,7,0.021,33.41
ORD03593,C00442,2024-08-03 04:26:22,2024-08-05 04:26:22,First Class,Corporate,South,Office Supplies,Appliances,122.32,5,0.047,10.93
ORD00877,C00269,2024-08-16 06:16:48,2024-08-19 06:16:48,Standard Class,Home Office,East,Technology,Phones,871.92,8,0.175,61.79
ORD00019,C00156,2025-07-12 07:21:29,2025-07-16 07:21:29,Standard Class,Corporate,South,Office Supplies,Paper,67.25,6,0.076,4.78
ORD01112,C00771,2024-08-08 04:29:49,2024-08-10 04:29:49,First Class,Consumer,North,Technology,Laptops,104.63,1,0.101,9.59
ORD02849,C00743,2025-10-01 23:58:23,2025-10-06 23:58:23,Standard Class,Home Office,North,Technology,Accessories,402.94,4,0.334,-31.06
ORD00827,C00503,2025-07-18 01:15:00,2025-07-22 01:15:00,Second Class,Consumer,South,Furniture,Chairs,1360.29,7,0.171,-133.2
ORD02818,C00036,2025-10-20 04:45:54,2025-10-22 04:45:54,Same Day,Consumer,East,Office Supplies,Art,237.11,7,0.241,-21.54
ORD00110,C00133,2024-03-17 19:32:07,2024-03-20 19:32:07,Standard Class,Consumer,East,Furniture,Chairs,474.02,2,0.156,-23.91
ORD03494,C00666,2025-12-19 17:38:31,2025-12-22 17:38:31,Standard Class,Corporate,North,Office Supplies,Binders,105.48,2,0.17,-0.35
ORD02134,C00356,2025-03-24 04:37:44,2025-03-25 04:37:44,First Class,Consumer,South,Furniture,Tables,1732.24,8,0.217,-175.62
ORD03358,C00382,2025-12-18 03:03:51,2025-12-21 03:03:51,Second Class,Corporate,South,Office Supplies,Art,54.87,1,0.24,-9.01
ORD02806,C00774,2024-09-16 00:50:12,2024-09-19 00:50:12,First Class,Consumer,South,Office Supplies,Storage,251.26,8,0.079,8.11
ORD00586,C00252,2025-11-26 16:32:41,2025-11-28 16:32:41,Second Class,Consumer,East,Technology,Accessories,568.29,5,0.207,53.67
ORD02588,C00929,2025-03-05 16:22:13,2025-03-10 16:22:13,Standard Class,Consumer,South,Office Supplies,Paper,80.24,7,0.042,8.58
ORD03689,C00912,2024-02-22 10:19:26,2024-02-23 10:19:26,First Class,Corporate,East,Office Supplies,Storage,45.33,2,0.14,2.7
ORD01861,C00566,2024-10-26 09:22:51,2024-10-29 09:22:51,Second Class,Consumer,West,Office Supplies,Art,158.5,3,0.079,18.71
ORD00589,C00278,2024-04-10 14:08:33,2024-04-12 14:08:33,First Class,Consumer,East,Office Supplies,Storage,303.51,6,0.395,-60.73
ORD02152,C00939,2025-11-18 03:13:13,2025-11-23 03:13:13,Standard Class,Consumer,East,Technology,Phones,223.54,2,0.18,1.9
ORD02199,C00201,2024-08-10 06:15:12,2024-08-13 06:15:12,Standard Class,Consumer,North,Furniture,Furnishings,80.32,1,0.083,1.24
ORD03048,C00822,2024-06-11 07:46:03,2024-06-14 07:46:03,Standard Class,Corporate,North,Furniture,Chairs,1117.93,5,0.214,11.77
ORD00611,C00410,2025-02-07 14:46:38,2025-02-11 14:46:38,Standard Class,Consumer,North,Office Supplies,Appliances,41.18,1,0.203,-1.7
ORD02557,C00817,2024-11-06 08:49:44,2024-11-06 08:49:44,Same Day,Consumer,West,Office Supplies,Art,166.06,8,0.106,25.24
ORD01479,C00287,2024-03-11 19:03:09,2024-03-12 19:03:09,Same Day,Home Office,West,Office Supplies,Binders,451.49,6,0.231,-25.64
ORD00940,C00680,2025-08-19 00:58:35,2025-08-22 00:58:35,Standard Class,Consumer,North,Furniture,Tables,1069.76,6,0.123,-11.1
ORD03091,C00691,2025-09-09 10:21:45,2025-09-10 10:21:45,Same Day,Consumer,North,Office Supplies,Paper,173.31,5,0.197,-1.59
ORD02142,C00354,2025-06-26 08:41:51,2025-06-30 08:41:51,Standard Class,Corporate,South,Office Supplies,Appliances,177.25,5,0.143,1.48
ORD03650,C00029,2025-03-26 05:34:05,2025-03-29 05:34:05,First Class,Corporate,East,Technology,Accessories,1353.88,8,0.393,-251.29
ORD00917,C00284,2024-10-20 20:48:39,2024-10-24 20:48:39,Second Class,Corporate,East,Technology,Phones,122.53,1,0.121,12.33
ORD01252,C00657,2025-01-30 22:13:27,2025-02-03 22:13:27,Second Class,Consumer,East,Furniture,Furnishings,457.52,2,0.37,-132.28
ORD03574,C00752,2025-01-15 07:51:25,2025-01-19 07:51:25,Second Class,Consumer,West,Office Supplies,Binders,361.58,6,0.039,54.71
ORD01700,C00401,2024-04-30 16:15:15,2024-05-04 16:15:15,Second Class,Consumer,South,Technology,Laptops,137.98,1,0.163,8.08
ORD01530,C00848,2024-02-29 17:22:04,2024-03-02 17:22:04,First Class,Consumer,East,Technology,Laptops,320.01,2,0.022,71.21
ORD03129,C00744,2024-07-03 21:02:09,2024-07-07 21:02:09,Standard Class,Consumer,East,Office Supplies,Paper,71.16,1,0.233,-5.1
ORD00422,C00097,2024-11-27 15:55:22,2024-11-30 15:55:22,First Class,Home Office,South,Office Supplies,Binders,9.86,1,0.254,-0.5
ORD02325,C00317,2024-04-27 00:40:00,2024-04-30 00:40:00,Standard Class,Corporate,West,Office Supplies,Appliances,57.79,4,0.187,1.24
ORD01374,C00498,2024-03-18 20:48:55,2024-03-23 20:48:55,Standard Class,Consumer,North,Office Supplies,Appliances,355.39,6,0.095,30.29
ORD03500,C00018,2025-09-13 21:52:08,2025-09-15 21:52:08,Second Class,Consumer,East,Furniture,Tables,90.2,1,0.066,12.56
ORD00502,C00261,2024-09-30 17:56:33,2024-10-04 17:56:33,Second Class,Corporate,East,Office Supplies,Binders,342.01,8,0.326,-38.27
ORD01282,C00725,2025-03-02 11:40:19,2025-03-03 11:40:19,First Class,Consumer,West,Furniture,Tables,1327.53,7,0.075,42.07
ORD00740,C00811,2025-01-17 12:58:29,2025-01-22 12:58:29,Standard Class,Consumer,East,Technology,Phones,741.16,6,0.117,129.14
ORD00732,C00126,2025-06-20 15:28:03,2025-06-25 15:28:03,Standard Class,Consumer,South,Office Supplies,Art,23.97,1,0.291,-2.26
ORD00986,C00567,2025-06-24 01:30:32,2025-06-29 01:30:32,Standard Class,Corporate,West,Technology,Accessories,997.81,5,0.11,200.19
ORD02138,C00454,2024-08-04 02:29:44,2024-08-06 02:29:44,First Class,Corporate,West,Technology,Accessories,884.48,8,0.056,76.15
ORD01927,C00811,2025-09-10 23:20:15,2025-09-10 23:20:15,Same Day,Consumer,East,Technology,Accessories,183.84,2,0.158,10.05
ORD01820,C00791,2024-09-28 00:20:46,2024-09-30 00:20:46,First Class,Consumer,West,Technology,Accessories,597.56,5,0.138,49.08
ORD03426,C00904,2025-09-01 16:48:51,2025-09-05 16:48:51,Standard Class,Corporate,South,Furniture,Chairs,325.69,5,0.126,-33.69
ORD03436,C00878,2024-10-22 13:03:32,2024-10-24 13:03:32,First Class,Corporate,East,Office Supplies,Storage,258.37,6,0.296,-25.54
ORD00821,C00702,2024-03-22 00:37:01,2024-03-27 00:37:01,Standard Class,Corporate,West,Furniture,Furnishings,2343.53,8,0.172,-120.37
ORD00347,C00234,2025-07-08 19:27:44,2025-07-10 19:27:44,First Class,Consumer,South,Office Supplies,Art,87.75,2,0.189,-10.11
ORD02636,C00237,2024-01-23 00:25:35,2024-01-25 00:25:35,Second Class,Corporate,East,Office Supplies,Appliances,50.33,1,0.081,2.66
ORD00178,C00796,2025-07-17 19:37:27,2025-07-22 19:37:27,Standard Class,Home Office,West,Technology,Laptops,143.96,1,0.141,22.4
ORD02359,C00664,2024-02-01 12:12:33,2024-02-03 12:12:33,Second Class,Corporate,West,Office Supplies,Binders,253.16,3,0.099,30.88
ORD00679,C00737,2024-05-30 23:22:22,2024-06-01 23:22:22,Second Class,Consumer,West,Office Supplies,Paper,200.3,3,0.109,8.01
ORD00667,C00268,2025-03-16 10:56:56,2025-03-19 10:56:56,Standard Class,Corporate,South,Furniture,Tables,1770.91,8,0.286,-346.36
ORD02620,C00877,2025-11-18 07:45:38,2025-11-23 07:45:38,Standard Class,Consumer,West,Furniture,Bookcases,541.4,5,0.354,-86.57
ORD03010,C00162,2024-10-25 04:31:46,2024-10-29 04:31:46,Second Class,Consumer,North,Technology,Laptops,521.29,6,0.069,33.53
ORD01269,C00774,2024-03-29 01:52:53,2024-03-30 01:52:53,Same Day,Consumer,East,Office Supplies,Art,118.52,5,0.169,4.1
ORD01396,C00319,2024-06-19 00:33:59,2024-06-22 00:33:59,Second Class,Home Office,South,Office Supplies,Art,183.4,8,0.205,-22.3
ORD00380,C00085,2025-10-16 04:03:31,2025-10-19 04:03:31,Standard Class,Consumer,West,Office Supplies,Binders,44.3,3,0.171,3.99
ORD03490,C00780,2025-06-14 12:24:40,2025-06-18 12:24:40,Second Class,Home Office,West,Technology,Laptops,1193.39,6,0.053,241.21
ORD03457,C00897,2024-03-14 06:55:54,2024-03-18 06:55:54,Standard Class,Consumer,East,Office Supplies,Art,65.32,3,0.022,3.76
ORD00616,C00922,2024-10-07 23:23:58,2024-10-10 23:23:58,Standard Class,Consumer,East,Furniture,Furnishings,205.49,2,0.125,-4.09
ORD02973,C00024,2024-07-12 02:44:14,2024-07-16 02:44:14,Standard Class,Consumer,South,Office Supplies,Storage,439.0,8,0.226,-19.41
ORD03589,C00431,2024-05-09 19:36:58,2024-05-12 19:36:58,Standard Class,Corporate,East,Office Supplies,Binders,73.41,1,0.293,-14.19
ORD03449,C00327,2025-09-09 22:18:14,2025-09-12 22:18:14,Standard Class,Consumer,East,Technology,Phones,330.83,3,0.024,61.78
ORD01659,C00319,2025-03-26 22:18:28,2025-03-29 22:18:28,Standard Class,Consumer,North,Furniture,Bookcases,498.57,4,0.245,-41.86
ORD00437,C00370,2024-05-11 00:42:03,2024-05-14 00:42:03,Standard Class,Consumer,East,Technology,Laptops,347.55,2,0.051,24.74
ORD02025,C00018,2025-04-20 00:10:41,2025-04-24 00:10:41,Second Class,Consumer,West,Technology,Laptops,1400.1,7,0.35,-86.3
ORD01229,C00461,2024-10-28 21:42:36,2024-11-01 21:42:36,Standard Class,Consumer,East,Technology,Accessories,425.45,3,0.101,48.16
ORD01358,C00071,2024-02-14 21:04:19,2024-02-18 21:04:19,Standard Class,Consumer,West,Furniture,Bookcases,624.47,4,0.274,-53.31
ORD02438,C00224,2024-11-24 09:32:05,2024-11-29 09:32:05,Standard Class,Consumer,South,Office Supplies,Binders,120.02,3,0.126,2.57
ORD02237,C00683,2024-05-15 05:15:44,2024-05-18 05:15:44,Second Class,Home Office,East,Technology,Accessories,1311.65,8,0.305,-147.07
ORD00308,C00118,2024-06-28 00:56:13,2024-06-30 00:56:13,First Class,Consumer,North,Technology,Phones,434.11,4,0.147,13.15
ORD02436,C00640,2025-10-03 16:02:38,2025-10-07 16:02:38,Standard Class,Consumer,South,Furniture,Furnishings,776.26,7,0.16,-49.13
ORD03867,C00795,2025-06-02 11:29:45,2025-06-05 11:29:45,Second Class,Consumer,South,Office Supplies,Art,259.77,5,0.032,28.0
ORD00761,C00929,2024-04-07 21:16:52,2024-04-08 21:16:52,First Class,Consumer,North,Technology,Phones,1207.77,8,0.135,170.59
ORD03871,C00610,2025-09-13 11:22:59,2025-09-16 11:22:59,Second Class,Corporate,North,Furniture,Furnishings,389.9,5,0.333,-76.95
ORD00409,C00837,2025-02-23 05:51:53,2025-02-28 05:51:53,Standard Class,Consumer,East,Technology,Laptops,1358.03,8,0.074,99.8
ORD02023,C00451,2025-09-30 10:33:23,2025-10-05 10:33:23,Standard Class,Consumer,South,Office Supplies,Paper,207.86,6,0.225,-16.32
ORD00373,C00857,2025-06-29 08:45:39,2025-07-02 08:45:39,Standard Class,Corporate,South,Technology,Accessories,105.89,1,0.113,2.58
ORD03875,C00736,2024-09-04 16:55:26,2024-09-09 16:55:26,Standard Class,Consumer,North,Office Supplies,Binders,51.39,2,0.066,6.23
ORD03082,C00871,2025-01-25 10:53:40,2025-01-28 10:53:40,Standard Class,Home Office,East,Furniture,Furnishings,928.51,7,0.074,64.6
ORD03654,C00869,2025-01-22 12:29:56,2025-01-22 12:29:56,Same Day,Home Office,South,Office Supplies,Binders,61.54,1,0.153,2.5
ORD00159,C00654,2025-06-09 13:22:31,2025-06-14 13:22:31,Standard Class,Consumer,South,Office Supplies,Appliances,38.68,2,0.168,-0.78
ORD02375,C00213,2024-06-30 08:04:48,2024-07-03 08:04:48,Standard Class,Consumer,East,Furniture,Bookcases,1726.44,7,0.302,-333.67
ORD03224,C00045,2024-08-31 03:42:30,2024-09-01 03:42:30,Same Day,Consumer,North,Furniture,Furnishings,420.25,3,0.11,-2.91
ORD00330,C00307,2024-06-27 16:50:04,2024-06-30 16:50:04,Second Class,Consumer,West,Office Supplies,Paper,118.97,2,0.274,-9.57
ORD03633,C00282,2024-08-04 04:25:24,2024-08-07 04:25:24,Standard Class,Consumer,North,Office Supplies,Appliances,125.75,2,0.014,16.24
ORD00494,C00887,2024-04-27 17:10:16,2024-04-27 17:10:16,Same Day,Corporate,South,Furniture,Tables,725.52,3,0.094,59.83
ORD00432,C00036,2024-01-27 16:17:37,2024-01-31 16:17:37,Standard Class,Consumer,North,Technology,Accessories,1068.39,7,0.112,104.02
ORD01160,C00517,2025-11-17 05:07:59,2025-11-22 05:07:59,Standard Class,Consumer,East,Technology,Accessories,494.7,4,0.014,95.52
ORD03580,C00938,2024-02-24 06:00:23,2024-02-29 06:00:23,Standard Class,Consumer,South,Technology,Laptops,895.08,8,0.092,70.25
ORD03212,C00267,2025-10-10 05:33:51,2025-10-13 05:33:51,Standard Class,Home Office,West,Furniture,Tables,710.07,6,0.231,-85.76
ORD01685,C00550,2024-01-03 05:55:26,2024-01-05 05:55:26,First Class,Home Office,South,Technology,Accessories,380.59,3,0.091,21.22
ORD02105,C00151,2025-07-21 11:19:28,2025-07-24 11:19:28,Standard Class,Consumer,East,Technology,Accessories,245.02,2,0.229,-10.36
ORD00151,C00400,2024-08-27 17:38:26,2024-08-29 17:38:26,First Class,Corporate,North,Office Supplies,Storage,251.25,8,0.125,34.34
ORD03240,C00939,2025-01-12 21:25:47,2025-01-17 21:25:47,Standard Class,Consumer,North,Technology,Accessories,746.94,8,0.127,93.57
ORD00202,C00638,2024-07-25 00:30:35,2024-07-26 00:30:35,First Class,Corporate,South,Office Supplies,Paper,45.23,1,0.048,3.9
ORD02777,C00508,2024-12-24 03:27:02,2024-12-27 03:27:02,Standard Class,Corporate,East,Office Supplies,Binders,55.58,3,0.099,2.29
ORD01446,C00921,2024-11-25 15:21:57,2024-11-26 15:21:57,First Class,Home Office,South,Technology,Laptops,637.71,6,0.126,87.67
ORD03178,C00819,2025-01-21 17:08:38,2025-01-24 17:08:38,Standard Class,Consumer,West,Furniture,Tables,1448.73,8,0.19,-128.97
ORD00103,C00264,2024-10-14 02:18:52,2024-10-17 02:18:52,First Class,Consumer,East,Technology,Laptops,961.46,8,0.379,-199.73
ORD01036,C00604,2025-01-26 16:40:17,2025-01-29 16:40:17,First Class,Home Office,West,Furniture,Tables,683.97,3,0.244,-53.34
ORD02542,C00617,2025-08-25 14:01:49,2025-08-27 14:01:49,Second Class,Consumer,South,Office Supplies,Storage,297.65,8,0.101,3.58
ORD02732,C00422,2024-11-13 05:32:42,2024-11-16 05:32:42,Standard Class,Consumer,West,Technology,Accessories,899.81,6,0.199,-15.32
ORD00022,C00174,2024-09-20 19:17:38,2024-09-23 19:17:38,Second Class,Corporate,East,Technology,Laptops,465.13,4,0.106,30.37
ORD00303,C00815,2024-04-06 04:20:40,2024-04-09 04:20:40,Second Class,Corporate,East,Office Supplies,Binders,76.86,4,0.178,1.43
ORD01421,C00154,2024-09-19 14:15:24,2024-09-21 14:15:24,Second Class,Corporate,West,Office Supplies,Storage,372.05,7,0.08,34.86
ORD02689,C00339,2024-04-01 17:37:50,2024-04-04 17:37:50,Second Class,Corporate,East,Technology,Phones,869.61,7,0.121,49.36
ORD02462,C00236,2024-05-13 05:26:53,2024-05-15 05:26:53,Same Day,Corporate,West,Furniture,Furnishings,2159.35,8,0.251,-182.14
ORD01900,C00730,2025-11-26 03:24:54,2025-11-26 03:24:54,Same Day,Consumer,East,Office Supplies,Storage,261.47,4,0.053,19.61
ORD02293,C00094,2024-03-06 06:32:31,2024-03-11 06:32:31,Standard Class,Corporate,North,Furniture,Furnishings,360.32,3,0.047,-0.46
ORD01308,C00431,2024-12-17 21:10:44,2024-12-20 21:10:44,Standard Class,Corporate,East,Technology,Phones,1218.0,7,0.117,55.66
ORD02228,C00801,2025-09-01 00:56:30,2025-09-05 00:56:30,Standard Class,Home Office,East,Technology,Phones,387.74,3,0.19,15.52
ORD02715,C00852,2025-11-26 20:09:38,2025-11-28 20:09:38,Second Class,Consumer,West,Office Supplies,Art,212.56,7,0.129,3.88
ORD00824,C00197,2024-04-17 02:25:36,2024-04-19 02:25:36,Same Day,Consumer,West,Technology,Phones,770.03,5,0.102,102.42
ORD00027,C00478,2024-04-29 09:52:00,2024-05-03 09:52:00,Standard Class,Corporate,North,Technology,Accessories,690.97,5,0.304,-5.63
ORD01120,C00464,2024-09-28 23:53:50,2024-10-02 23:53:50,Standard Class,Consumer,North,Technology,Phones,285.77,2,0.138,17.82
ORD03009,C00310,2025-02-08 17:22:40,2025-02-13 17:22:40,Standard Class,Consumer,North,Technology,Phones,241.48,2,0.014,77.78
ORD03273,C00762,2025-12-01 15:49:45,2025-12-06 15:49:45,Standard Class,Corporate,East,Furniture,Chairs,1117.44,6,0.191,-55.32
ORD02089,C00689,2024-05-31 15:12:22,2024-06-02 15:12:22,Same Day,Consumer,North,Technology,Accessories,383.03,3,0.176,18.71
ORD03336,C00079,2024-04-30 00:12:07,2024-05-03 00:12:07,Second Class,Consumer,East,Furniture,Furnishings,663.24,6,0.262,-123.25
ORD01679,C00817,2024-07-03 19:47:39,2024-07-08 19:47:39,Standard Class,Consumer,East,Technology,Accessories,1280.4,8,0.094,140.64
ORD02826,C00348,2025-09-30 06:04:35,2025-10-04 06:04:35,Standard Class,Consumer,West,Office Supplies,Paper,54.22,1,0.137,1.91
ORD02066,C00808,2024-01-22 22:33:22,2024-01-27 22:33:22,Standard Class,Corporate,South,Office Supplies,Binders,347.57,8,0.083,36.26
ORD00001,C00727,2024-10-04 11:56:21,2024-10-08 11:56:21,Second Class,Consumer,East,Office Supplies,Art,116.82,2,0.285,-14.37
ORD01059,C00455,2024-03-27 20:03:43,2024-03-31 20:03:43,Second Class,Consumer,North,Furniture,Furnishings,176.33,2,0.102,7.53
ORD02617,C00641,2024-04-24 15:55:02,2024-04-29 15:55:02,Standard Class,Consumer,West,Furniture,Bookcases,1434.43,7,0.19,-69.96
ORD02406,C00418,2025-10-31 07:11:02,2025-11-04 07:11:02,Standard Class,Consumer,North,Technology,Accessories,198.27,2,0.159,22.89
ORD02876,C00740,2024-01-02 05:06:38,2024-01-03 05:06:38,First Class,Consumer,North,Office Supplies,Art,336.91,6,0.014,67.18
ORD00892,C00142,2024-08-22 17:15:28,2024-08-25 17:15:28,First Class,Consumer,North,Furniture,Furnishings,62.61,1,0.158,-0.75
ORD00718,C00575,2025-10-30 06:14:12,2025-11-01 06:14:12,Second Class,Consumer,West,Technology,Laptops,106.4,1,0.184,9.41
ORD03617,C00038,2025-03-19 22:25:25,2025-03-23 22:25:25,Standard Class,Consumer,North,Office Supplies,Binders,123.2,2,0.158,9.06
ORD01430,C00686,2024-02-22 09:09:04,2024-02-22 09:09:04,Same Day,Consumer,East,Technology,Accessories,664.44,5,0.227,19.6
ORD03041,C00885,2024-12-05 11:02:51,2024-12-08 11:02:51,Second Class,Consumer,East,Office Supplies,Appliances,160.34,3,0.112,11.55
ORD00221,C00722,2025-12-09 18:58:24,2025-12-10 18:58:24,Same Day,Consumer,East,Office Supplies,Art,136.8,2,0.277,-9.67
ORD03447,C00689,2024-10-19 07:54:20,2024-10-22 07:54:20,Standard Class,Consumer,North,Office Supplies,Appliances,236.2,7,0.182,17.46
ORD03369,C00778,2025-01-20 21:37:13,2025-01-25 21:37:13,Standard Class,Consumer,North,Furniture,Furnishings,307.96,2,0.236,-28.36
ORD02789,C00548,2025-01-23 06:38:39,2025-01-28 06:38:39,Standard Class,Consumer,South,Office Supplies,Binders,54.51,1,0.151,2.27
ORD01133,C00583,2025-04-27 03:02:01,2025-04-29 03:02:01,First Class,Consumer,North,Furniture,Bookcases,222.49,1,0.255,-32.3
ORD00316,C00554,2024-05-16 16:25:34,2024-05-19 16:25:34,Second Class,Corporate,East,Office Supplies,Storage,188.39,8,0.019,39.69
ORD00816,C00448,2025-09-04 23:16:19,2025-09-08 23:16:19,Standard Class,Consumer,South,Office Supplies,Paper,183.99,4,0.219,-5.79
ORD02032,C00023,2025-12-22 16:20:25,2025-12-24 16:20:25,Same Day,Corporate,South,Office Supplies,Art,308.32,8,0.202,-16.2
ORD03717,C00078,2024-04-14 01:32:11,2024-04-16 01:32:11,Same Day,Corporate,North,Office Supplies,Binders,449.37,7,0.008,69.5
ORD02745,C00431,2025-08-20 08:45:13,2025-08-25 08:45:13,Standard Class,Consumer,East,Furniture,Tables,508.53,3,0.215,-47.45
ORD01865,C00259,2025-08-19 08:15:22,2025-08-21 08:15:22,Second Class,Consumer,North,Technology,Accessories,711.54,7,0.148,58.36
ORD02407,C00875,2025-06-25 09:05:18,2025-06-27 09:05:18,Second Class,Consumer,East,Furniture,Tables,833.68,4,0.139,-4.98
ORD02879,C00935,2024-09-27 17:45:32,2024-09-30 17:45:32,Standard Class,Consumer,North,Office Supplies,Art,44.86,5,0.104,2.8
ORD02670,C00439,2024-12-08 04:39:46,2024-12-11 04:39:46,Second Class,Consumer,West,Office Supplies,Appliances,335.79,5,0.027,24.86
ORD00414,C00662,2025-09-04 14:59:00,2025-09-07 14:59:00,Standard Class,Consumer,East,Office Supplies,Appliances,365.12,7,0.059,68.23
ORD02089,C00552,2024-04-21 14:24:25,2024-04-24 14:24:25,First Class,Corporate,North,Office Supplies,Art,134.77,2,0.085,13.52
ORD03507,C00237,2025-08-27 23:36:46,2025-08-29 23:36:46,First Class,Consumer,North,Office Supplies,Paper,11.75,1,0.131,0.7
ORD02469,C00358,2025-05-12 18:20:26,2025-05-13 18:20:26,First Class,Corporate,South,Office Supplies,Appliances,201.78,6,0.11,8.81
ORD01475,C00365,2024-09-06 05:06:05,2024-09-10 05:06:05,Second Class,Corporate,North,Technology,Laptops,762.16,8,0.164,82.4
ORD02187,C00100,2025-02-12 04:19:33,2025-02-17 04:19:33,Standard Class,Consumer,North,Office Supplies,Appliances,158.3,5,0.241,-7.88
ORD02806,C00018,2024-02-06 13:52:09,2024-02-09 13:52:09,Standard Class,Home Office,West,Office Supplies,Appliances,35.09,1,0.157,0.52
ORD00306,C00308,2025-11-11 05:12:05,2025-11-13 05:12:05,Second Class,Home Office,East,Office Supplies,Appliances,41.41,1,0.058,4.0
ORD00718,C00857,2024-09-06 22:54:44,2024-09-11 22:54:44,Standard Class,Consumer,North,Office Supplies,Art,151.47,5,0.095,20.61
ORD02282,C00081,2024-02-11 16:21:47,2024-02-14 16:21:47,Second Class,Consumer,East,Technology,Laptops,1574.81,8,0.089,218.5
ORD00360,C00494,2025-08-02 22:53:13,2025-08-07 22:53:13,Standard Class,Consumer,North,Office Supplies,Art,112.85,5,0.232,-5.16
ORD01817,C00550,2025-04-25 00:25:14,2025-04-30 00:25:14,Standard Class,Consumer,West,Office Supplies,Art,127.41,3,0.187,-2.27
ORD02966,C00632,2025-03-30 13:51:25,2025-04-04 13:51:25,Standard Class,Consumer,North,Office Supplies,Paper,268.12,5,0.373,-49.72
ORD01968,C00932,2024-02-09 11:46:30,2024-02-12 11:46:30,Second Class,Consumer,East,Office Supplies,Appliances,57.58,2,0.336,-5.39
ORD03138,C00371,2025-07-02 02:41:31,2025-07-07 02:41:31,Standard Class,Consumer,West,Office Supplies,Art,207.1,4,0.099,8.13
ORD00292,C00345,2025-04-10 05:48:05,2025-04-13 05:48:05,Second Class,Corporate,North,Office Supplies,Art,439.07,8,,52.63
ORD01802,C00484,2025-08-02 08:29:30,2025-08-07 08:29:30,Standard Class,Consumer,North,Technology,Laptops,737.38,6,0.192,54.42
ORD03525,C00815,2025-08-26 22:49:20,2025-08-30 22:49:20,Second Class,Consumer,South,Technology,Phones,113.21,1,0.072,15.84
ORD02342,C00557,2024-06-03 17:26:41,2024-06-06 17:26:41,Second Class,Consumer,West,Office Supplies,Appliances,124.03,2,0.197,-2.01
ORD03271,C00041,2024-06-02 18:24:28,2024-06-04 18:24:28,Second Class,Corporate,East,Technology,Accessories,185.07,1,0.118,6.82
ORD01568,C00426,2025-11-05 08:41:01,2025-11-10 08:41:01,Standard Class,Corporate,East,Technology,Laptops,374.15,4,0.094,57.99
ORD00196,C00480,2025-01-22 15:35:16,2025-01-25 15:35:16,Standard Class,Consumer,West,Technology,Phones,274.03,2,0.019,35.98
ORD01189,C00836,2024-11-15 17:34:40,2024-11-18 17:34:40,Standard Class,Corporate,West,Office Supplies,Paper,475.51,8,0.241,-18.64
ORD03508,C00622,2024-07-28 15:46:26,2024-07-31 15:46:26,Second Class,Consumer,South,Furniture,Furnishings,169.89,3,0.089,2.9
ORD00860,C00645,2025-04-11 11:31:08,2025-04-15 11:31:08,Standard Class,Corporate,East,Technology,Laptops,165.08,1,0.127,21.44
ORD03290,C00303,2025-07-04 09:21:14,2025-07-07 09:21:14,First Class,Corporate,East,Technology,Accessories,580.74,4,0.101,45.94
ORD02479,C00690,2024-01-02 16:26:58,2024-01-03 16:26:58,First Class,Consumer,South,Furniture,Tables,523.35,6,0.128,-32.68
ORD03030,C00094,2025-02-07 10:13:05,2025-02-12 10:13:05,Standard Class,Corporate,West,Furniture,Bookcases,996.75,6,0.144,14.09
ORD03696,C00186,2025-12-26 03:48:57,2025-12-27 03:48:57,First Class,Home Office,North,Technology,Accessories,1140.6,8,,112.63
ORD03628,C00207,2024-07-23 20:48:51,2024-07-26 20:48:51,Second Class,Corporate,North,Furniture,Chairs,208.58,3,0.229,-37.89
ORD01977,C00445,2024-07-24 01:18:16,2024-07-28 01:18:16,Standard Class,Consumer,West,Technology,Accessories,621.36,5,0.139,58.54
ORD02573,C00067,2025-10-03 00:50:48,2025-10-05 00:50:48,Second Class,Corporate,South,Furniture,Bookcases,828.55,5,0.352,-116.35
ORD00437,C00492,2024-02-15 07:20:44,2024-02-16 07:20:44,Same Day,Consumer,North,Technology,Phones,155.8,1,0.205,8.59
ORD00478,C00843,2024-10-17 04:34:14,2024-10-20 04:34:14,Standard Class,Corporate,North,Office Supplies,Paper,36.5,1,0.072,1.71
ORD03607,C00377,2024-11-30 12:45:03,2024-12-05 12:45:03,Standard Class,Corporate,East,Technology,Laptops,919.66,7,0.149,89.3
ORD00624,C00005,2025-08-05 10:50:46,2025-08-07 10:50:46,Second Class,Consumer,West,Office Supplies,Art,69.05,4,0.04,12.29
ORD00202,C00261,2024-04-04 04:36:23,2024-04-07 04:36:23,Standard Class,Consumer,North,Technology,Accessories,998.49,6,0.104,43.91
ORD00281,C00066,2024-11-12 20:42:40,2024-11-16 20:42:40,Second Class,Consumer,North,Office Supplies,Art,172.12,8,0.119,7.66
ORD00061,C00605,2024-04-21 04:45:50,2024-04-24 04:45:50,Second Class,Consumer,South,Office Supplies,Paper,113.39,2,0.054,17.61
ORD01635,C00756,2025-07-28 23:22:21,2025-07-31 23:22:21,Second Class,Consumer,West,Technology,Accessories,1220.51,7,0.081,96.08
ORD00329,C00274,2025-04-06 13:35:41,2025-04-10 13:35:41,Standard Class,Consumer,South,Furniture,Bookcases,149.72,2,0.297,
ORD00639,C00285,2024-12-28 14:51:05,2025-01-02 14:51:05,Standard Class,Corporate,West,Office Supplies,Paper,299.83,6,0.209,-8.42
ORD03435,C00306,2024-10-13 20:05:16,2024-10-15 20:05:16,First Class,Consumer,West,Technology,Phones,291.96,2,0.092,34.63
ORD00135,C00347,2024-04-21 19:36:50,2024-04-24 19:36:50,Standard Class,Consumer,South,Technology,Accessories,444.66,3,0.369,
ORD00456,C00661,2025-11-03 22:51:17,2025-11-08 22:51:17,Standard Class,Corporate,West,Office Supplies,Appliances,165.68,4,0.229,3.12
ORD02016,C00292,2025-04-17 19:01:41,2025-04-21 19:01:41,Standard Class,Consumer,East,Technology,Accessories,483.69,4,0.196,9.48
ORD00807,C00364,2024-08-20 23:37:18,2024-08-23 23:37:18,Standard Class,Consumer,East,Office Supplies,Appliances,46.61,1,0.047,3.35
ORD01198,C00846,2024-10-29 04:10:37,2024-11-01 04:10:37,Standard Class,Corporate,South,Office Supplies,Appliances,277.26,7,0.097,31.91
ORD01813,C00724,2025-06-14 02:40:33,2025-06-18 02:40:33,Standard Class,Home Office,West,Office Supplies,Art,51.44,1,0.07,7.28
ORD00775,C00882,2025-06-09 06:46:25,2025-06-13 06:46:25,Second Class,Corporate,West,Office Supplies,Appliances,243.27,8,0.019,37.02
ORD02844,C00339,2024-12-02 14:27:43,2024-12-06 14:27:43,Second Class,Consumer,East,Furniture,Tables,519.82,2,0.191,-16.71
ORD02734,C00882,2024-08-09 02:48:54,2024-08-10 02:48:54,First Class,Consumer,West,Office Supplies,Art,208.11,6,0.05,32.03
ORD00069,C00284,2025-04-26 18:20:48,2025-04-27 18:20:48,First Class,Home Office,South,Office Supplies,Binders,166.69,6,0.254,-20.51
ORD02235,C00292,2025-04-25 12:14:25,2025-04-28 12:14:25,Standard Class,Corporate,West,Furniture,Tables,553.27,4,0.209,-52.42
ORD01300,C00905,2025-03-13 18:39:45,2025-03-16 18:39:45,Standard Class,Corporate,West,Technology,Accessories,748.14,5,0.221,15.9
ORD02151,C00191,2024-02-23 04:22:10,2024-02-24 04:22:10,First Class,Corporate,North,Office Supplies,Binders,33.46,1,0.078,0.25
ORD02556,C00777,2024-12-11 03:10:30,2024-12-15 03:10:30,Standard Class,Consumer,North,Furniture,Furnishings,808.43,8,0.223,-81.82
ORD01377,C00786,2025-03-24 03:51:48,2025-03-27 03:51:48,Standard Class,,South,Office Supplies,Appliances,37.18,1,0.295,-5.81
ORD02375,C00879,2025-11-24 13:04:13,2025-11-28 13:04:13,Standard Class,Corporate,West,Furniture,Chairs,572.51,6,0.155,-6.5
ORD02946,C00806,2025-01-18 15:51:56,2025-01-20 15:51:56,Second Class,Home Office,South,Office Supplies,Appliances,25.69,1,0.19,-1.98
ORD03134,C00782,2024-09-07 04:20:34,2024-09-12 04:20:34,Standard Class,Consumer,East,Office Supplies,Binders,94.32,6,0.164,3.0
ORD00595,C00337,2025-02-09 17:29:39,2025-02-14 17:29:39,Standard Class,Corporate,North,Office Supplies,Binders,97.02,3,0.226,-2.78
ORD02161,C00528,2024-05-09 09:09:57,2024-05-14 09:09:57,Standard Class,Consumer,South,Technology,Laptops,515.24,4,0.146,30.59
ORD01733,C00549,2024-03-07 04:59:01,2024-03-11 04:59:01,Second Class,Home Office,East,Furniture,Bookcases,145.28,1,0.138,1.02
ORD03512,C00278,2025-05-10 00:12:28,2025-05-14 00:12:28,Standard Class,Consumer,North,Technology,Laptops,305.85,2,0.035,64.29
ORD01510,C00371,2025-12-20 21:56:07,2025-12-23 21:56:07,Second Class,Corporate,West,Furniture,Tables,697.62,4,0.119,1.41
ORD00920,C00808,2025-09-09 14:03:08,2025-09-13 14:03:08,Standard Class,Consumer,North,Office Supplies,Storage,257.81,6,0.014,39.79
ORD03106,C00015,2025-03-02 01:45:19,2025-03-07 01:45:19,Standard Class,Corporate,West,Furniture,Chairs,433.08,5,0.259,-62.34
ORD01531,C00074,2024-01-30 09:14:43,2024-02-02 09:14:43,Standard Class,Corporate,North,Furniture,Bookcases,441.46,3,0.06,13.07
ORD00727,C00390,2025-12-22 05:15:10,2025-12-26 05:15:10,Standard Class,Consumer,West,Office Supplies,Appliances,94.61,5,0.192,6.49
ORD02097,C00733,2024-11-24 05:33:52,2024-11-28 05:33:52,Standard Class,Corporate,East,Furniture,Bookcases,295.38,2,0.34,-60.54
ORD03849,C00850,2024-07-30 10:54:00,2024-08-02 10:54:00,First Class,Home Office,North,Furniture,Furnishings,869.66,5,0.317,-148.65
ORD01162,C00649,2025-10-13 12:23:03,2025-10-16 12:23:03,Standard Class,Home Office,North,Office Supplies,Paper,246.82,5,0.095,18.71
ORD00620,C00815,2025-06-28 20:58:36,2025-06-28 20:58:36,Same Day,Consumer,North,Office Supplies,Appliances,80.97,2,0.048,11.22
ORD01840,C00142,2025-07-01 05:19:05,2025-07-05 05:19:05,Standard Class,Corporate,East,Technology,Accessories,238.53,2,0.209,-0.57
ORD01716,C00099,2024-07-21 18:14:04,2024-07-25 18:14:04,Standard Class,Corporate,West,Technology,Phones,624.69,5,0.047,98.32
ORD01166,C00478,2025-12-25 00:28:16,2025-12-29 00:28:16,Second Class,Corporate,South,Technology,Accessories,718.88,5,0.08,118.61
ORD02365,C00292,2024-11-26 14:14:24,2024-11-27 14:14:24,First Class,Consumer,South,Office Supplies,Storage,138.12,8,0.212,-15.57
ORD00082,C00835,2025-01-22 22:22:11,2025-01-25 22:22:11,Standard Class,Corporate,East,Technology,Phones,418.1,4,0.188,20.69
ORD01648,C00071,2025-07-02 04:46:29,2025-07-07 04:46:29,Standard Class,Consumer,East,Office Supplies,Appliances,71.62,4,0.33,-12.44
ORD00520,C00347,2025-04-26 19:07:29,2025-04-29 19:07:29,Second Class,Consumer,East,Office Supplies,Paper,319.85,4,0.081,-1.0
ORD03416,C00283,2024-05-05 18:28:07,2024-05-09 18:28:07,Standard Class,Consumer,South,Office Supplies,Art,429.23,7,0.141,6.1
ORD02147,C00563,2024-08-08 19:27:16,2024-08-12 19:27:16,Second Class,Consumer,East,Furniture,Furnishings,362.3,3,0.134,-22.71
ORD02512,C00283,2024-09-20 15:58:18,2024-09-21 15:58:18,First Class,Consumer,West,Furniture,Tables,239.5,4,0.082,-3.25
ORD02343,C00893,2025-11-22 16:49:25,2025-11-26 16:49:25,Standard Class,Consumer,South,Furniture,Bookcases,483.17,3,0.17,28.44
ORD02657,C00051,2025-06-05 14:08:39,2025-06-06 14:08:39,First Class,Corporate,North,Office Supplies,Storage,125.28,5,0.1,12.41
ORD02657,C00069,2024-09-24 10:11:51,2024-09-29 10:11:51,Standard Class,Consumer,North,Technology,Laptops,518.03,6,0.062,95.63
ORD03437,C00850,2025-06-20 08:20:11,2025-06-22 08:20:11,First Class,Consumer,East,Furniture,Chairs,705.16,4,0.212,-58.67
ORD02388,C00500,2025-06-23 02:42:27,2025-06-23 02:42:27,Same Day,Corporate,South,Technology,Accessories,365.39,3,0.063,30.74
ORD00504,C00798,2024-10-14 18:45:45,2024-10-17 18:45:45,Second Class,Home Office,West,Technology,Accessories,731.4,6,0.078,104.06
ORD01451,C00437,2024-10-21 07:00:58,2024-10-22 07:00:58,Same Day,Home Office,East,Office Supplies,Binders,126.23,3,0.155,0.57
ORD01744,C00882,2025-10-14 20:01:30,2025-10-17 20:01:30,First Class,Corporate,East,Office Supplies,Appliances,371.52,8,0.386,-101.74
ORD03530,C00450,2025-02-14 03:04:03,2025-02-19 03:04:03,Standard Class,Home Office,West,Office Supplies,Art,262.43,5,0.096,43.18
ORD01567,C00707,2024-04-19 03:30:50,2024-04-24 03:30:50,Standard Class,Corporate,North,Technology,Phones,419.1,4,0.022,80.26
ORD03383,C00945,2025-06-09 10:35:24,2025-06-12 10:35:24,Standard Class,Home Office,West,Furniture,Chairs,164.17,2,0.252,-23.67
ORD02928,C00722,2025-03-06 09:13:56,2025-03-11 09:13:56,Standard Class,Home Office,North,Technology,Phones,1260.07,7,0.087,179.66
ORD01528,C00248,2025-01-06 12:31:34,2025-01-09 12:31:34,Second Class,Consumer,East,Technology,Accessories,606.08,5,0.21,-24.97
ORD03285,C00748,2025-06-13 07:49:33,2025-06-17 07:49:33,Standard Class,Home Office,West,Office Supplies,Storage,310.4,8,0.289,-41.11
ORD01848,C00365,2025-10-24 04:09:08,2025-10-26 04:09:08,Second Class,Corporate,West,Office Supplies,Storage,96.9,6,0.041,19.56
ORD01755,C00641,2024-08-29 05:14:29,2024-09-02 05:14:29,Standard Class,Corporate,West,Furniture,Bookcases,751.13,7,0.143,-24.39
ORD00509,C00623,2024-11-02 02:09:11,2024-11-06 02:09:11,Standard Class,Home Office,South,Technology,Accessories,113.07,1,0.306,-9.16
ORD00457,C00167,2024-05-18 07:57:17,2024-05-23 07:57:17,Standard Class,Consumer,West,Technology,Accessories,136.78,1,0.09,19.67
ORD02150,C00273,2025-04-17 08:41:52,2025-04-18 08:41:52,Same Day,Consumer,East,Technology,Phones,1029.93,6,0.153,66.27
ORD02969,C00169,2024-10-20 23:32:47,2024-10-24 23:32:47,Standard Class,Corporate,East,Furniture,Chairs,124.96,1,0.195,-11.17
ORD03308,C00065,2024-09-06 22:11:23,2024-09-09 22:11:23,Standard Class,Corporate,North,Furniture,Bookcases,1283.91,8,0.04,232.47
ORD03054,C00475,2025-05-23 11:05:16,2025-05-26 11:05:16,Standard Class,Home Office,North,Office Supplies,Art,337.87,8,0.178,-9.51
ORD01757,C00191,2024-10-24 22:54:17,2024-10-26 22:54:17,Same Day,Home Office,East,Office Supplies,Paper,113.58,5,0.147,-1.46
ORD01074,C00656,2024-12-04 23:43:31,2024-12-08 23:43:31,Standard Class,Corporate,North,Furniture,Chairs,1283.32,6,0.228,
ORD01590,C00225,2024-11-17 05:40:40,2024-11-21 05:40:40,Second Class,Home Office,East,Technology,Accessories,650.47,4,0.099,41.27
ORD00669,C00029,2024-07-07 17:35:24,2024-07-12 17:35:24,Standard Class,Consumer,West,Technology,Accessories,880.84,8,0.137,125.98
ORD02039,C00141,2024-04-01 20:08:20,2024-04-05 20:08:20,Standard Class,Home Office,West,Office Supplies,Storage,62.51,1,0.327,-8.36
ORD00552,C00519,2025-08-26 21:08:09,2025-08-30 21:08:09,Second Class,Consumer,North,Technology,Accessories,419.37,3,0.01,88.67
ORD02954,C00120,2024-03-07 22:59:55,2024-03-09 22:59:55,Second Class,Corporate,West,Office Supplies,Binders,338.41,6,0.252,-14.78
ORD00395,C00842,2024-08-25 03:52:39,2024-08-28 03:52:39,Second Class,Consumer,North,Office Supplies,Storage,74.81,7,0.077,6.03
ORD01592,C00710,2025-05-02 06:25:24,2025-05-07 06:25:24,Standard Class,Corporate,South,Office Supplies,Art,24.11,2,0.108,2.15
ORD01133,C00120,2024-04-05 20:17:14,2024-04-06 20:17:14,Same Day,Consumer,West,Office Supplies,Storage,234.76,7,0.116,22.28
ORD02435,C00815,2025-04-23 12:40:14,2025-04-26 12:40:14,Second Class,Consumer,North,Office Supplies,Appliances,68.43,4,0.243,-2.09
ORD02793,C00297,2025-06-19 03:18:59,2025-06-20 03:18:59,Same Day,Corporate,North,Technology,Laptops,883.94,7,0.103,47.82
ORD01521,C00851,2025-04-28 22:10:41,2025-05-03 22:10:41,Standard Class,Corporate,North,Furniture,Furnishings,695.24,3,0.07,25.34
ORD01115,C00937,2024-08-10 16:10:20,2024-08-15 16:10:20,Standard Class,Consumer,East,Office Supplies,Storage,173.63,6,0.285,-17.66
ORD03585,C00239,2024-01-15 10:18:29,2024-01-19 10:18:29,Standard Class,Corporate,West,Technology,Accessories,257.13,2,0.199,30.67
ORD03266,C00313,2025-10-09 18:24:38,2025-10-11 18:24:38,Second Class,Consumer,North,Technology,Accessories,208.08,2,0.166,0.35
ORD03290,C00136,2024-08-26 09:06:02,2024-08-30 09:06:02,Second Class,Consumer,North,Technology,Phones,705.61,6,0.072,85.92
ORD01304,C00028,2025-08-10 15:42:31,2025-08-15 15:42:31,Standard Class,Consumer,East,Technology,Accessories,904.45,6,0.032,207.93
ORD00168,C00489,2024-05-24 09:37:42,2024-05-29 09:37:42,Standard Class,Corporate,North,Technology,Phones,498.11,3,0.225,-14.68
ORD02750,C00649,2024-04-28 13:25:54,2024-05-01 13:25:54,Standard Class,Corporate,East,Technology,Accessories,738.74,5,0.035,110.09
ORD00814,C00525,2025-07-22 01:12:46,2025-07-27 01:12:46,Standard Class,Corporate,West,Furniture,Chairs,1093.34,8,0.205,11.38
ORD00826,C00933,2025-11-17 00:06:12,2025-11-18 00:06:12,First Class,Corporate,West,Furniture,Tables,285.8,3,0.177,-6.58
ORD03107,C00110,2025-09-20 06:14:40,2025-09-25 06:14:40,Standard Class,Corporate,West,Furniture,Furnishings,1177.85,5,0.174,1.99
ORD00446,C00219,2025-07-02 09:49:58,2025-07-07 09:49:58,Standard Class,Corporate,East,Office Supplies,Storage,57.74,2,0.081,6.9
ORD03259,C00845,2024-06-29 01:50:24,2024-07-03 01:50:24,Standard Class,Home Office,West,Office Supplies,Art,175.34,5,0.175,3.05
ORD00942,C00206,2025-10-28 15:26:53,2025-10-31 15:26:53,Standard Class,Consumer,North,Office Supplies,Storage,252.16,8,0.096,20.91
ORD01289,C00345,2025-05-02 12:43:02,2025-05-03 12:43:02,Same Day,Consumer,North,Furniture,Furnishings,484.84,6,0.154,8.02
ORD02442,C00410,2024-05-05 16:19:17,2024-05-08 16:19:17,Standard Class,Consumer,East,Office Supplies,Paper,64.16,2,0.132,0.21
ORD02694,C00203,2024-04-04 10:26:10,2024-04-07 10:26:10,First Class,Corporate,North,Office Supplies,Appliances,402.02,6,0.229,14.85
ORD02590,C00509,2025-09-27 22:45:15,2025-10-01 22:45:15,Second Class,Consumer,West,Furniture,Bookcases,284.86,4,0.236,-33.29
ORD01978,C00753,2024-07-19 20:40:20,2024-07-23 20:40:20,Second Class,Consumer,East,Office Supplies,Appliances,25.28,1,0.016,4.85
ORD02419,C00774,2025-07-13 02:26:04,2025-07-17 02:26:04,Standard Class,Home Office,West,Technology,Phones,602.73,5,0.273,-1.76
ORD01480,C00436,2024-04-11 05:13:36,2024-04-15 05:13:36,Second Class,Home Office,South,Technology,Laptops,345.33,3,0.212,-7.13
ORD01647,C00943,2024-07-23 19:02:33,2024-07-27 19:02:33,Second Class,Consumer,East,Office Supplies,Appliances,528.46,8,0.345,-67.96
ORD00479,C00298,2024-07-25 23:17:01,2024-07-30 23:17:01,Standard Class,Consumer,East,Technology,Phones,1226.2,8,0.062,196.06
ORD02182,C00772,2024-07-24 04:56:45,2024-07-25 04:56:45,First Class,Consumer,North,Technology,Accessories,963.69,6,0.031,104.06
ORD01348,C00834,2025-05-07 13:23:03,2025-05-12 13:23:03,Standard Class,Consumer,East,Technology,Accessories,1137.38,6,0.086,146.78
ORD03671,C00277,2025-10-29 12:05:37,2025-11-01 12:05:37,Standard Class,Home Office,East,Office Supplies,Binders,138.02,3,0.163,-5.87
ORD03755,C00052,2025-10-26 12:55:38,2025-10-30 12:55:38,Standard Class,Corporate,West,Furniture,Bookcases,166.15,1,0.068,13.57
ORD00292,C00747,2025-06-25 07:57:42,2025-06-27 07:57:42,Second Class,Consumer,East,Office Supplies,Art,42.64,1,0.065,4.06
ORD02493,C00084,2024-05-27 20:11:33,2024-06-01 20:11:33,Standard Class,Consumer,North,Technology,Phones,597.88,4,0.172,59.64
ORD00323,C00599,2025-12-02 05:21:43,2025-12-05 05:21:43,Standard Class,Consumer,South,Office Supplies,Paper,141.32,3,0.029,12.33
ORD01396,C00468,2025-01-30 17:13:28,2025-02-04 17:13:28,Standard Class,Consumer,East,Office Supplies,Storage,394.75,8,0.097,5.75
ORD01924,C00466,2025-02-02 13:20:29,2025-02-06 13:20:29,Standard Class,Consumer,North,Office Supplies,Appliances,112.85,3,0.168,-3.88
ORD01125,C00700,2025-05-27 00:22:19,2025-05-30 00:22:19,Standard Class,Corporate,South,Office Supplies,Binders,91.99,2,0.14,10.09
ORD03127,C00603,2025-07-15 10:33:10,2025-07-18 10:33:10,First Class,Consumer,South,Technology,Laptops,691.17,7,0.097,168.93
ORD00032,C00574,2025-11-26 15:12:05,2025-11-29 15:12:05,Standard Class,Home Office,North,Office Supplies,Appliances,261.64,7,0.181,24.02
ORD03426,C00418,2025-03-01 03:17:24,2025-03-02 03:17:24,Same Day,Consumer,East,Technology,Laptops,650.9,4,0.012,84.51
ORD03825,C00662,2025-03-21 08:15:34,2025-03-23 08:15:34,Second Class,Corporate,North,Office Supplies,Binders,43.25,1,0.333,-8.49
ORD02849,C00600,2025-06-28 05:38:53,2025-07-02 05:38:53,Second Class,Consumer,East,Furniture,Bookcases,173.87,1,0.109,-6.26
ORD03864,C00549,2024-07-05 05:28:24,2024-07-06 05:28:24,First Class,Consumer,North,Furniture,Tables,889.4,5,0.059,85.83
ORD00862,C00700,2024-08-12 15:07:46,2024-08-16 15:07:46,Standard Class,Home Office,East,Technology,Laptops,1081.27,7,0.185,149.67
ORD02412,C00115,2025-04-01 14:22:38,2025-04-03 14:22:38,Second Class,Corporate,North,Office Supplies,Art,115.38,4,0.286,-5.96
ORD02959,C00014,2024-02-16 19:31:41,2024-02-19 19:31:41,Standard Class,Consumer,West,Furniture,Bookcases,149.79,1,0.263,-16.25
ORD01351,C00034,2024-08-21 23:00:18,2024-08-24 23:00:18,Standard Class,Consumer,North,Furniture,Chairs,173.6,3,0.123,-6.43
ORD00849,C00585,2025-06-08 03:17:10,2025-06-11 03:17:10,Standard Class,Corporate,East,Technology,Laptops,112.39,1,0.307,-8.88
ORD01502,C00714,2025-12-13 13:46:09,2025-12-16 13:46:09,Second Class,Home Office,South,Office Supplies,Storage,96.72,4,0.134,2.71
ORD00059,C00146,2025-01-14 05:34:32,2025-01-16 05:34:32,First Class,Corporate,North,Technology,Phones,580.25,4,0.304,-11.07
ORD02051,C00056,2024-10-18 18:19:33,2024-10-22 18:19:33,Standard Class,Consumer,South,Technology,Laptops,641.92,6,0.108,48.38
ORD00595,C00320,2024-11-17 11:23:44,2024-11-19 11:23:44,Second Class,Consumer,West,Office Supplies,Appliances,25.23,1,0.35,-3.2
ORD01228,C00750,2025-05-15 08:41:37,2025-05-19 08:41:37,Standard Class,Consumer,West,Office Supplies,Storage,285.05,4,0.188,3.73
ORD03775,C00422,2025-02-01 11:12:08,2025-02-05 11:12:08,Standard Class,Consumer,South,Technology,Accessories,249.54,2,0.415,-43.48
ORD00270,C00633,2024-01-17 22:56:50,2024-01-21 22:56:50,Standard Class,Corporate,North,Furniture,Bookcases,739.93,4,0.167,-39.04
ORD02786,C00923,2025-01-28 15:29:05,2025-02-01 15:29:05,Second Class,Corporate,East,Office Supplies,Paper,335.46,8,0.14,13.2
ORD00954,C00490,2024-10-19 01:04:35,2024-10-23 01:04:35,Standard Class,Consumer,East,Furniture,Bookcases,1099.63,6,0.133,-15.02
ORD00573,C00309,2025-05-26 14:02:45,2025-05-30 14:02:45,Standard Class,Corporate,North,Furniture,Furnishings,926.12,7,0.137,-40.42
ORD02145,C00031,2025-09-30 19:53:07,2025-10-03 19:53:07,Standard Class,Corporate,West,Furniture,Furnishings,74.29,1,0.049,8.6
ORD01211,C00778,2025-12-03 14:05:51,2025-12-05 14:05:51,Second Class,Corporate,East,Furniture,Bookcases,801.78,7,0.077,89.5
ORD02664,C00712,2025-03-21 11:11:05,2025-03-24 11:11:05,First Class,Consumer,East,Technology,Accessories,1205.11,7,0.071,185.27
ORD03444,C00320,2024-09-21 16:05:18,2024-09-26 16:05:18,Standard Class,Consumer,South,Technology,Laptops,753.44,6,0.114,68.23
ORD02801,C00596,2024-11-20 01:52:45,2024-11-23 01:52:45,Second Class,Consumer,South,Furniture,Furnishings,1026.85,7,0.226,-75.92
ORD02783,C00218,2024-05-08 19:36:26,2024-05-11 19:36:26,Second Class,Consumer,North,Technology,Phones,151.7,1,0.113,18.4
ORD02468,C00635,2025-11-14 05:37:29,2025-11-17 05:37:29,Standard Class,Consumer,East,Office Supplies,Paper,69.28,6,0.016,13.66
ORD00951,C00412,2025-09-10 12:53:58,2025-09-14 12:53:58,Standard Class,Consumer,North,Office Supplies,Storage,320.02,7,0.064,35.91
ORD01757,C00193,2025-09-15 09:48:22,2025-09-18 09:48:22,First Class,Consumer,West,Technology,Accessories,306.11,2,0.032,66.6
ORD03810,C00086,2024-08-27 12:43:20,2024-08-30 12:43:20,Standard Class,Consumer,West,Technology,Laptops,522.99,4,0.116,101.14
ORD02063,C00020,2024-08-23 05:13:06,2024-08-27 05:13:06,Standard Class,Home Office,East,Office Supplies,Storage,144.6,4,0.034,26.91
ORD02270,C00778,2025-09-17 07:51:56,2025-09-20 07:51:56,First Class,Corporate,North,Office Supplies,Binders,11.76,1,0.022,1.63
ORD02443,C00067,2025-02-01 12:29:16,2025-02-02 12:29:16,First Class,Consumer,South,Office Supplies,Binders,36.2,2,0.071,4.71
ORD02143,C00473,2025-05-29 09:34:31,2025-06-01 09:34:31,Second Class,Home Office,South,Technology,Laptops,311.71,3,0.226,-17.61
ORD00446,C00117,2024-12-23 13:43:15,2024-12-25 13:43:15,First Class,Consumer,East,Office Supplies,Art,56.29,1,0.248,-4.07
ORD02287,C00653,2024-11-19 05:19:59,2024-11-24 05:19:59,Standard Class,Consumer,West,Technology,Accessories,787.06,5,0.136,106.16
ORD00624,C00370,2025-04-06 12:11:16,2025-04-09 12:11:16,Second Class,Corporate,South,Office Supplies,Storage,17.21,1,0.329,-1.41
ORD02858,C00758,2025-08-16 11:25:43,2025-08-21 11:25:43,Standard Class,Consumer,West,Technology,Phones,174.25,1,0.045,25.41
ORD03500,C00086,2024-08-31 21:37:45,2024-09-01 21:37:45,First Class,Consumer,North,Technology,Phones,802.78,6,0.317,-57.41
ORD01027,C00389,2025-08-13 16:13:23,2025-08-17 16:13:23,Standard Class,Consumer,South,Furniture,Bookcases,448.49,3,0.119,-5.51
ORD01145,C00384,2024-06-27 06:28:17,2024-06-30 06:28:17,Standard Class,Consumer,North,Technology,Accessories,592.9,4,0.064,90.94
ORD00094,C00428,2024-10-21 01:32:22,2024-10-25 01:32:22,Standard Class,Corporate,East,Office Supplies,Binders,173.87,3,0.129,-1.83
ORD01253,C00273,2025-10-28 06:00:37,2025-10-31 06:00:37,Second Class,Consumer,North,Technology,Accessories,375.48,4,0.123,47.62
ORD02537,C00241,2025-11-27 18:01:08,2025-11-30 18:01:08,Standard Class,Consumer,North,Technology,Laptops,621.31,4,0.039,75.94
ORD00685,C00905,2025-11-05 10:16:52,2025-11-09 10:16:52,Second Class,Consumer,West,Technology,Accessories,287.48,2,0.077,58.13
ORD01848,C00678,2024-08-18 17:05:30,2024-08-22 17:05:30,Standard Class,Consumer,East,Furniture,Furnishings,87.55,1,0.203,-1.04
ORD03145,C00434,2025-09-07 15:01:01,2025-09-10 15:01:01,Standard Class,Consumer,North,Office Supplies,Storage,73.09,4,0.317,-10.87
ORD03164,C00790,2025-11-14 08:14:55,2025-11-18 08:14:55,Second Class,Home Office,North,Technology,Accessories,662.95,5,0.216,-24.18
ORD00133,C00067,2025-12-15 02:08:29,2025-12-19 02:08:29,Standard Class,Corporate,East,Office Supplies,Appliances,470.93,7,0.094,34.99
ORD03616,C00545,2024-01-16 06:13:41,2024-01-19 06:13:41,Second Class,Consumer,South,Office Supplies,Storage,62.39,2,0.152,-0.92
ORD03296,C00646,2025-06-27 20:15:05,2025-06-27 20:15:05,Same Day,Corporate,North,Furniture,Chairs,164.71,1,0.285,-24.81
ORD02382,C00037,2025-12-28 14:59:03,2026-01-01 14:59:03,Second Class,Consumer,East,Furniture,Tables,598.84,5,0.206,-42.88
ORD03134,C00672,2025-07-12 04:58:11,2025-07-16 04:58:11,Standard Class,Consumer,North,Office Supplies,Art,430.73,8,0.082,21.19
ORD02321,C00676,2024-06-19 05:12:59,2024-06-23 05:12:59,Standard Class,Consumer,East,Office Supplies,Paper,39.14,2,0.121,4.91
ORD01614,C00501,2025-07-10 16:34:42,2025-07-11 16:34:42,First Class,Consumer,South,Office Supplies,Storage,39.87,1,0.326,-7.08
ORD02481,C00633,2024-03-17 19:52:43,2024-03-19 19:52:43,Second Class,Corporate,North,Furniture,Furnishings,704.34,4,0.097,49.31
ORD03464,C00898,2024-12-16 20:14:44,2024-12-19 20:14:44,First Class,Home Office,North,Office Supplies,Storage,53.2,5,0.277,-6.61
ORD00306,C00326,2025-04-02 03:30:27,2025-04-05 03:30:27,Standard Class,Consumer,North,Technology,Phones,866.77,5,0.185,44.07
ORD02857,C00208,2024-11-29 05:02:32,2024-12-03 05:02:32,Second Class,Consumer,North,Furniture,Chairs,194.15,1,0.086,11.28
ORD01416,C00389,2025-05-25 21:05:01,2025-05-28 21:05:01,Standard Class,Corporate,South,Furniture,Tables,828.6,6,0.157,-33.65
ORD03318,C00902,2024-06-24 08:45:51,2024-06-26 08:45:51,Second Class,Consumer,West,Office Supplies,Art,189.57,3,0.221,-7.61
ORD02564,C00470,2025-03-18 12:59:06,2025-03-21 12:59:06,First Class,Consumer,West,Office Supplies,Paper,75.5,1,0.209,-3.05
ORD00384,C00881,2025-04-15 17:13:56,2025-04-17 17:13:56,First Class,Home Office,South,Office Supplies,Storage,131.44,8,0.179,-4.54
ORD02055,C00751,2025-04-07 16:06:28,2025-04-10 16:06:28,Standard Class,Corporate,East,Furniture,Bookcases,484.95,5,0.144,-24.43
ORD03261,C00111,2024-07-30 04:53:19,2024-07-31 04:53:19,First Class,Home Office,East,Office Supplies,Appliances,144.42,3,0.18,1.88
ORD03060,C00646,2024-08-10 22:17:14,2024-08-15 22:17:14,Standard Class,Consumer,West,Office Supplies,Appliances,298.49,7,0.017,70.82
ORD02677,C00834,2024-07-07 04:48:12,2024-07-11 04:48:12,Standard Class,Consumer,North,Office Supplies,Paper,322.15,7,0.263,-17.88
ORD00462,C00491,2024-12-03 02:20:04,2024-12-06 02:20:04,Second Class,Consumer,South,Office Supplies,Binders,78.05,2,0.305,-8.03
ORD03883,C00290,2025-03-03 18:02:35,2025-03-08 18:02:35,Standard Class,Home Office,South,Technology,Laptops,1137.93,8,0.134,140.29
ORD02483,C00765,2024-09-21 15:37:51,2024-09-26 15:37:51,Standard Class,Consumer,North,Furniture,Tables,392.38,5,0.21,-36.86
ORD03174,C00055,2024-10-26 06:53:29,2024-10-30 06:53:29,Second Class,Consumer,South,Technology,Accessories,275.27,3,0.073,13.13
ORD03273,C00816,2024-07-28 01:55:42,2024-07-31 01:55:42,Second Class,Consumer,West,Office Supplies,Binders,98.46,4,0.216,-2.41
ORD03861,C00077,2024-06-08 18:22:04,2024-06-11 18:22:04,Second Class,Corporate,West,Furniture,Furnishings,328.18,2,0.097,23.3
ORD02587,C00050,2025-04-24 22:19:03,2025-04-29 22:19:03,Standard Class,Corporate,North,Office Supplies,Binders,415.54,7,0.159,46.72
ORD02142,C00491,2025-08-18 17:18:05,2025-08-20 17:18:05,Second Class,Corporate,South,Technology,Accessories,387.41,3,0.092,26.55
ORD00301,C00067,2024-07-31 05:08:27,2024-08-05 05:08:27,Standard Class,Consumer,South,Furniture,Tables,471.42,4,0.281,-51.22
ORD00528,C00684,2025-09-20 05:11:05,2025-09-24 05:11:05,Standard Class,Corporate,East,Technology,Phones,125.53,1,0.248,-0.19
ORD02586,C00452,2025-02-20 19:32:13,2025-02-23 19:32:13,Standard Class,Consumer,East,Furniture,Furnishings,1133.13,8,0.127,-24.81
ORD03612,C00702,2024-05-02 10:05:44,2024-05-04 10:05:44,Second Class,Consumer,North,Technology,Accessories,445.04,3,0.196,-3.64
ORD03317,C00742,2024-09-24 04:18:12,2024-09-28 04:18:12,Standard Class,Consumer,West,Office Supplies,Storage,372.13,6,0.082,25.92
ORD03320,C00750,2024-01-06 11:31:23,2024-01-09 11:31:23,Standard Class,Consumer,West,Office Supplies,Binders,90.7,3,0.053,13.41
ORD00580,C00105,2024-01-29 14:15:00,2024-01-30 14:15:00,First Class,Consumer,East,Office Supplies,Binders,277.29,5,0.213,6.59
ORD01750,C00806,2024-09-02 08:59:49,2024-09-04 08:59:49,First Class,Home Office,East,Office Supplies,Binders,60.21,5,0.164,-6.66
ORD02413,C00820,2024-11-27 18:10:54,2024-11-29 18:10:54,Second Class,Consumer,East,Technology,Accessories,337.48,3,0.09,51.47
ORD02413,C00482,2025-08-05 04:23:23,2025-08-07 04:23:23,Second Class,Consumer,South,Office Supplies,Art,144.65,4,0.117,2.01
ORD01897,C00131,2024-04-08 00:58:42,2024-04-08 00:58:42,Same Day,Corporate,North,Technology,Laptops,792.78,5,0.056,113.24
ORD03665,C00695,2025-09-04 14:19:34,2025-09-06 14:19:34,Second Class,Corporate,East,Furniture,Furnishings,310.72,2,0.25,-29.87
ORD00876,C00661,2024-06-20 04:50:19,2024-06-23 04:50:19,Standard Class,Consumer,North,Office Supplies,Paper,122.12,2,0.209,7.74
ORD03261,C00127,2024-04-10 23:31:31,2024-04-13 23:31:31,Second Class,Corporate,West,Office Supplies,Binders,145.26,2,0.143,1.32
ORD01723,C00763,2025-05-25 22:07:13,2025-05-27 22:07:13,First Class,Consumer,South,Technology,Phones,554.78,4,0.112,50.09
ORD02507,C00648,2025-07-19 06:21:53,2025-07-22 06:21:53,Second Class,Consumer,South,Office Supplies,Art,51.08,2,0.105,-1.05
ORD01649,C00044,2025-03-17 14:03:44,2025-03-21 14:03:44,Standard Class,Corporate,South,Office Supplies,Art,88.56,3,0.111,5.71
ORD01404,C00580,2024-03-25 11:08:13,2024-03-26 11:08:13,First Class,Corporate,West,Technology,Accessories,1123.49,6,0.11,100.65
ORD02229,C00806,2024-03-25 04:50:23,2024-03-29 04:50:23,Second Class,Consumer,North,Office Supplies,Binders,307.99,6,0.178,23.21
ORD02090,C00907,2024-10-11 17:53:47,2024-10-14 17:53:47,Standard Class,Consumer,North,Technology,Laptops,900.63,8,0.097,129.95
ORD02918,C00799,2024-11-24 22:30:50,2024-11-25 22:30:50,Same Day,Consumer,North,Technology,Laptops,853.57,7,0.118,82.1
ORD00284,C00816,2025-12-29 23:38:19,2026-01-02 23:38:19,Second Class,Consumer,East,Office Supplies,Paper,86.01,4,0.069,7.36
ORD00378,C00139,2024-07-28 03:02:33,2024-07-31 03:02:33,First Class,Home Office,West,Technology,Laptops,895.63,8,0.014,200.05
ORD01484,C00024,2024-05-20 14:11:28,2024-05-22 14:11:28,First Class,Consumer,North,Technology,Accessories,1046.18,8,0.084,178.36
ORD00785,C00199,2025-11-21 12:11:25,2025-11-25 12:11:25,Standard Class,Home Office,West,Office Supplies,Appliances,124.86,2,0.274,-16.18
ORD02795,C00837,2024-04-22 09:26:31,2024-04-26 09:26:31,Second Class,Consumer,South,Office Supplies,Art,111.39,2,0.07,8.37
ORD02504,C00817,2024-01-20 06:34:20,2024-01-24 06:34:20,Standard Class,Corporate,East,Technology,Phones,1258.75,8,0.147,97.44
ORD00553,C00079,2024-11-04 15:27:42,2024-11-05 15:27:42,First Class,Consumer,North,Technology,Accessories,1057.52,8,0.06,180.8
ORD00480,C00917,2024-10-19 18:57:07,2024-10-21 18:57:07,First Class,Consumer,East,Office Supplies,Binders,145.66,7,0.134,14.3
ORD03287,C00205,2025-03-28 08:35:33,2025-03-29 08:35:33,First Class,Consumer,East,Office Supplies,Paper,219.27,4,0.031,14.93
ORD02563,C00460,2025-10-02 17:54:45,2025-10-06 17:54:45,Second Class,Consumer,East,Office Supplies,Appliances,353.33,7,0.131,30.16
ORD03487,C00579,2025-11-12 00:25:18,2025-11-14 00:25:18,Second Class,Home Office,North,Office Supplies,Appliances,303.13,7,0.266,-17.68
ORD02562,C00120,2024-07-30 10:28:25,2024-08-02 10:28:25,Standard Class,Corporate,West,Furniture,Tables,966.98,6,0.103,4.39
ORD01575,C00362,2025-12-16 23:59:11,2025-12-20 23:59:11,Standard Class,Corporate,West,Furniture,Tables,945.32,5,0.166,6.61
ORD01313,C00266,2025-04-06 20:13:21,2025-04-09 20:13:21,Standard Class,Consumer,South,Office Supplies,Paper,34.8,3,0.174,-1.0
ORD03244,C00341,2024-02-20 20:06:14,2024-02-23 20:06:14,First Class,Corporate,East,Technology,Phones,760.31,6,0.061,56.08
ORD03855,C00322,2025-11-16 01:34:56,2025-11-20 01:34:56,Second Class,Corporate,West,Technology,Accessories,918.9,8,0.048,20.58
ORD01696,C00429,2024-04-10 17:42:59,2024-04-13 17:42:59,Second Class,Corporate,North,Technology,Accessories,1146.47,8,0.052,130.04
ORD01848,C00599,2025-03-05 16:11:44,2025-03-08 16:11:44,Standard Class,Corporate,West,Office Supplies,Binders,380.89,5,0.123,13.27
ORD01551,C00112,2025-07-31 05:43:45,2025-08-02 05:43:45,Second Class,Corporate,South,Furniture,Bookcases,89.43,1,0.092,1.78
ORD03751,C00685,2024-07-01 02:09:24,2024-07-04 02:09:24,Standard Class,Consumer,West,Office Supplies,Art,101.01,6,0.314,-8.66
ORD00471,C00112,2024-07-16 13:28:31,2024-07-18 13:28:31,Same Day,Home Office,North,Technology,Laptops,455.47,3,0.188,15.72
ORD00697,C00576,2024-12-13 14:37:23,2024-12-14 14:37:23,First Class,Consumer,South,Office Supplies,Appliances,115.52,2,0.297,-21.41
ORD03205,C00188,2025-10-07 22:33:19,2025-10-11 22:33:19,Standard Class,Consumer,East,Furniture,Bookcases,164.13,1,0.248,-21.39
ORD03648,C00845,2024-06-12 05:31:49,2024-06-13 05:31:49,First Class,Home Office,East,Technology,Laptops,285.02,2,0.056,42.75
ORD01074,C00307,2025-04-29 07:42:03,2025-05-03 07:42:03,Standard Class,Consumer,West,Furniture,Chairs,711.77,4,0.207,8.32
ORD02248,C00011,2024-11-26 09:24:19,2024-11-29 09:24:19,Standard Class,Consumer,West,Furniture,Tables,554.91,3,0.17,-4.65
ORD01112,C00096,2024-03-22 15:31:15,2024-03-25 15:31:15,Second Class,Consumer,North,Office Supplies,Storage,243.84,4,0.17,-15.14
ORD03860,C00371,2025-06-02 22:33:42,2025-06-04 22:33:42,Second Class,Consumer,South,Office Supplies,Appliances,106.26,5,0.174,-2.76
ORD00269,C00911,2025-08-30 17:54:47,2025-09-04 17:54:47,Standard Class,Home Office,South,Office Supplies,Storage,240.65,5,0.226,-6.55
ORD02332,C00277,2025-02-24 05:06:29,2025-03-01 05:06:29,Standard Class,Corporate,South,Technology,Laptops,581.37,4,0.345,-66.37
ORD02306,C00474,2024-05-08 17:45:49,2024-05-12 17:45:49,Standard Class,Consumer,East,Office Supplies,Storage,233.64,4,0.273,-37.13
ORD03632,C00714,2024-04-23 16:18:49,2024-04-28 16:18:49,Standard Class,Home Office,West,Technology,Phones,1014.28,8,0.037,226.93
ORD02205,C00221,2024-11-05 03:38:21,2024-11-09 03:38:21,Standard Class,Corporate,West,Office Supplies,Appliances,198.39,3,0.109,17.48
ORD01363,C00647,2025-01-04 16:27:25,2025-01-07 16:27:25,Standard Class,Home Office,North,Furniture,Bookcases,147.02,1,0.247,-16.85
ORD01920,C00394,2025-02-07 02:16:47,2025-02-09 02:16:47,First Class,Consumer,South,Office Supplies,Paper,209.28,7,0.135,
ORD02468,C00846,2024-06-26 20:51:07,2024-06-29 20:51:07,Standard Class,Consumer,East,Office Supplies,Binders,34.27,1,0.068,4.95
ORD03313,C00647,2024-12-31 13:25:22,2025-01-03 13:25:22,Standard Class,Consumer,South,Technology,Laptops,800.83,7,0.241,-82.83
ORD00125,C00298,2024-08-03 09:47:04,2024-08-08 09:47:04,Standard Class,Consumer,North,Technology,Phones,294.52,3,0.236,-19.83
ORD02797,C00430,2025-05-15 21:34:27,2025-05-19 21:34:27,Standard Class,Corporate,South,Office Supplies,Binders,86.79,7,0.285,-12.52
ORD02274,C00812,2025-08-04 10:13:34,2025-08-08 10:13:34,Second Class,Consumer,South,Technology,Accessories,197.32,2,0.132,17.72
ORD00772,C00353,2025-04-21 11:04:17,2025-04-25 11:04:17,Standard Class,Consumer,North,Furniture,Chairs,325.77,2,0.269,-61.29
ORD01463,C00511,2024-01-01 21:51:12,2024-01-05 21:51:12,Standard Class,Corporate,East,Technology,Phones,618.18,4,0.115,50.9
ORD02162,C00812,2025-12-25 04:34:33,2025-12-26 04:34:33,First Class,Consumer,South,Furniture,Furnishings,718.45,4,0.148,-38.49
ORD03213,C00146,2024-01-18 08:24:30,2024-01-21 08:24:30,Second Class,Consumer,East,Office Supplies,Binders,270.56,6,0.397,-49.26
ORD03281,C00799,2025-12-30 13:52:18,2026-01-03 13:52:18,Standard Class,Corporate,East,Office Supplies,Art,101.5,6,0.157,0.62
ORD01938,C00787,2024-01-24 04:41:18,2024-01-27 04:41:18,Standard Class,Home Office,West,Furniture,Bookcases,1340.31,8,0.051,83.39
ORD02723,C00515,2025-01-12 00:22:07,2025-01-14 00:22:07,First Class,Consumer,North,Office Supplies,Paper,258.02,6,0.075,16.87
ORD02040,C00222,2024-03-18 08:36:36,2024-03-20 08:36:36,Second Class,Home Office,North,Technology,Phones,342.48,2,0.125,51.97
ORD02661,C00134,2024-03-10 11:53:16,2024-03-12 11:53:16,First Class,Corporate,South,Furniture,Tables,118.69,1,0.224,-9.18
ORD03834,C00722,2025-05-13 21:05:44,2025-05-17 21:05:44,Standard Class,Corporate,South,Office Supplies,Storage,196.15,3,0.108,14.89
ORD00340,C00357,2025-06-15 07:48:52,2025-06-17 07:48:52,Second Class,Consumer,South,Technology,Laptops,1230.69,8,0.231,-58.86
ORD03473,C00510,2024-03-27 07:30:23,2024-03-31 07:30:23,Standard Class,Corporate,West,Office Supplies,Paper,524.13,7,0.229,-30.85
ORD00703,C00086,2025-12-13 23:09:16,2025-12-16 23:09:16,Standard Class,Corporate,North,Office Supplies,Storage,285.28,6,0.261,-13.85
ORD03632,C00489,2024-08-21 22:29:04,2024-08-25 22:29:04,Second Class,Consumer,North,Office Supplies,Art,85.27,3,0.208,-4.15
ORD01612,C00066,2024-08-20 09:04:41,2024-08-23 09:04:41,Second Class,Home Office,South,Furniture,Chairs,770.39,4,0.149,-61.97
ORD00662,C00508,2024-08-04 19:02:33,2024-08-07 19:02:33,Standard Class,Home Office,West,Office Supplies,Appliances,376.38,6,0.119,28.49
ORD00181,C00799,2024-12-02 16:22:46,2024-12-05 16:22:46,Standard Class,Consumer,West,Technology,Laptops,1443.0,8,0.11,90.05
ORD03432,C00926,2024-05-09 19:39:17,2024-05-11 19:39:17,Second Class,Corporate,East,Technology,Phones,871.25,5,0.247,-19.31
ORD02830,C00802,2024-11-06 02:05:30,2024-11-09 02:05:30,Standard Class,Consumer,East,Technology,Phones,156.94,1,0.163,16.27
ORD01668,C00555,2024-06-02 06:52:23,2024-06-07 06:52:23,Standard Class,Corporate,East,Office Supplies,Art,345.52,7,,37.56
ORD03635,C00705,2024-02-07 12:51:48,2024-02-12 12:51:48,Standard Class,Corporate,East,Technology,Laptops,968.45,8,0.096,74.34
ORD03323,C00042,2024-09-26 04:16:05,2024-10-01 04:16:05,Standard Class,Consumer,North,Office Supplies,Binders,34.99,1,0.164,1.35
ORD00689,C00649,2025-05-05 18:04:22,2025-05-07 18:04:22,First Class,Consumer,East,Office Supplies,Appliances,199.2,4,0.078,12.42
ORD01984,C00908,2025-07-11 01:20:03,2025-07-14 01:20:03,Standard Class,Consumer,West,Furniture,Tables,1777.05,8,0.094,130.36
ORD02509,C00144,2024-09-14 22:28:35,2024-09-18 22:28:35,Standard Class,Home Office,South,Technology,Phones,856.28,8,0.123,91.6
ORD02600,C00268,2024-08-24 08:02:03,2024-08-26 08:02:03,Second Class,Consumer,East,Technology,Accessories,1102.74,8,0.083,131.99
ORD01967,C00943,2025-07-28 20:22:01,2025-08-02 20:22:01,Standard Class,Home Office,East,Furniture,Bookcases,2128.57,8,0.137,-99.84
ORD00978,C00447,2025-05-12 06:25:10,2025-05-15 06:25:10,Second Class,Consumer,East,Office Supplies,Paper,41.93,1,0.209,-2.79
ORD00919,C00687,2025-08-30 10:44:37,2025-09-04 10:44:37,Standard Class,Consumer,North,Office Supplies,Storage,32.02,2,0.05,7.57
ORD00759,C00782,2025-10-23 10:53:49,2025-10-24 10:53:49,First Class,Home Office,East,Office Supplies,Binders,187.72,4,0.177,-19.3
ORD01874,C00908,2025-08-22 11:57:48,2025-08-26 11:57:48,Second Class,Corporate,West,Furniture,Chairs,732.79,5,,-70.43
ORD02174,C00081,2025-11-14 15:13:42,2025-11-18 15:13:42,Second Class,Consumer,North,Technology,Laptops,419.66,4,0.169,47.18
ORD03686,C00340,2024-10-31 03:59:17,2024-11-04 03:59:17,Standard Class,Consumer,South,Furniture,Tables,421.65,3,0.359,-79.51
ORD00559,C00221,2024-10-15 02:39:01,2024-10-16 02:39:01,First Class,Consumer,North,Technology,Laptops,439.85,3,0.184,28.66
ORD01853,C00773,2024-08-22 17:28:49,2024-08-25 17:28:49,Second Class,Consumer,North,Furniture,Bookcases,537.48,5,0.123,-45.72
ORD02436,C00833,2024-06-20 17:06:00,2024-06-23 17:06:00,Standard Class,Consumer,West,Technology,Laptops,1116.57,8,0.182,90.26
ORD01679,C00825,2025-06-30 15:20:24,2025-07-03 15:20:24,Standard Class,Corporate,East,Technology,Phones,1032.22,7,0.142,39.74
ORD00128,C00112,2025-06-05 13:11:09,2025-06-09 13:11:09,Standard Class,Consumer,South,Technology,Laptops,280.05,2,0.202,2.44
ORD02632,C00637,2025-08-08 00:20:34,2025-08-13 00:20:34,Standard Class,Consumer,South,Furniture,Furnishings,223.71,2,0.112,2.89
ORD00780,C00491,2024-05-02 04:41:19,2024-05-07 04:41:19,Standard Class,Consumer,West,Furniture,Tables,529.13,3,0.115,20.96
ORD02882,C00689,2024-12-24 14:49:49,2024-12-25 14:49:49,First Class,Consumer,North,Technology,Phones,797.87,6,0.27,-45.88
ORD01073,C00177,2024-06-11 00:43:16,2024-06-13 00:43:16,Same Day,Home Office,East,Office Supplies,Binders,70.58,1,0.111,8.3
ORD02637,C00123,2025-10-13 21:54:12,2025-10-17 21:54:12,Standard Class,Consumer,South,Technology,Accessories,539.68,6,0.087,82.58
ORD00658,C00336,2024-07-14 05:02:41,2024-07-16 05:02:41,First Class,Consumer,North,Technology,Phones,637.4,5,0.249,-33.18
ORD02411,C00336,2024-04-15 01:16:49,2024-04-19 01:16:49,Second Class,Corporate,East,Furniture,Chairs,1433.95,6,0.12,-28.07
ORD00462,C00751,2025-02-20 00:01:15,2025-02-23 00:01:15,Standard Class,Home Office,North,Technology,Accessories,756.56,7,0.088,76.84
ORD01162,C00182,2025-10-03 17:17:06,2025-10-03 17:17:06,Same Day,Corporate,East,Furniture,Bookcases,1046.89,5,0.143,-22.21
ORD02978,C00911,2025-10-30 11:36:31,2025-11-02 11:36:31,Second Class,Corporate,North,Furniture,Furnishings,545.78,5,0.263,-51.17
ORD01053,C00017,2024-03-11 03:35:18,2024-03-14 03:35:18,Second Class,Home Office,East,Technology,Laptops,463.01,4,0.075,27.4
ORD01633,C00545,2024-08-25 21:39:14,2024-08-28 21:39:14,Standard Class,Corporate,West,Office Supplies,Paper,68.86,6,0.072,1.11
ORD01690,C00504,2024-04-22 01:46:01,2024-04-25 01:46:01,Standard Class,Home Office,East,Furniture,Tables,314.68,4,0.068,3.6
ORD00994,C00344,2024-08-12 17:48:29,2024-08-13 17:48:29,First Class,Consumer,North,Furniture,Chairs,182.28,1,,-3.28
ORD02256,C00106,2025-01-24 16:52:37,2025-01-28 16:52:37,Standard Class,Corporate,East,Office Supplies,Paper,48.78,1,0.081,4.78
ORD01188,C00077,2024-07-23 19:37:04,2024-07-26 19:37:04,Standard Class,Home Office,West,Technology,Accessories,1159.86,6,0.127,205.29
ORD02057,C00263,2024-02-19 06:55:25,2024-02-24 06:55:25,Standard Class,Home Office,North,Technology,Laptops,841.28,6,0.048,138.9
ORD03095,C00382,2025-01-07 07:43:19,2025-01-10 07:43:19,Standard Class,Consumer,South,Furniture,Furnishings,472.82,4,0.144,-34.2
ORD02933,C00181,2024-02-08 13:10:49,2024-02-12 13:10:49,Standard Class,Corporate,West,Office Supplies,Appliances,440.8,6,0.068,14.78
ORD00881,C00773,2024-06-14 11:42:51,2024-06-16 11:42:51,First Class,Consumer,North,Office Supplies,Storage,238.1,4,0.16,-3.8
ORD02679,C00924,2024-01-01 09:05:18,2024-01-04 09:05:18,Standard Class,Corporate,East,Office Supplies,Art,84.97,3,0.135,0.9
ORD02971,C00719,2024-03-04 09:06:54,2024-03-07 09:06:54,First Class,Consumer,East,Office Supplies,Art,308.89,5,0.048,2.37
ORD02186,C00785,2024-11-14 12:16:04,2024-11-18 12:16:04,Second Class,Corporate,North,Technology,Phones,562.23,4,0.3,-52.33
ORD02847,C00339,2025-09-13 00:30:06,2025-09-16 00:30:06,Standard Class,Corporate,East,Office Supplies,Storage,293.38,8,0.195,-15.69
ORD01635,C00818,2025-07-19 11:24:37,2025-07-23 11:24:37,Standard Class,Consumer,East,Furniture,Bookcases,545.18,6,0.205,-39.93
ORD00264,C00162,2024-03-13 03:30:46,2024-03-17 03:30:46,Standard Class,Consumer,South,Office Supplies,Paper,183.91,6,0.183,-3.94
ORD02247,C00571,2024-01-26 10:22:04,2024-01-27 10:22:04,First Class,Consumer,West,Technology,Accessories,1008.6,6,0.042,198.57
ORD03533,C00516,2024-09-03 19:17:20,2024-09-05 19:17:20,Second Class,Corporate,North,Furniture,Tables,973.2,6,0.106,-51.84
ORD01879,C00454,2025-04-21 03:33:11,2025-04-25 03:33:11,Standard Class,Corporate,South,Office Supplies,Binders,424.85,7,0.036,26.01
ORD02200,C00790,2025-06-29 02:45:14,2025-07-01 02:45:14,First Class,Corporate,West,Office Supplies,Art,305.62,4,0.097,38.14
ORD02626,C00321,2025-08-23 21:11:26,2025-08-25 21:11:26,First Class,Consumer,North,Furniture,Furnishings,581.05,7,0.266,-79.22
ORD03270,C00534,2024-09-06 19:25:37,2024-09-10 19:25:37,Standard Class,Corporate,West,Office Supplies,Art,64.76,1,0.307,-4.41
ORD01916,C00440,2024-05-02 15:22:29,2024-05-06 15:22:29,Second Class,Corporate,North,Furniture,Furnishings,936.91,6,0.083,31.77
ORD01241,C00515,2024-01-20 05:36:58,2024-01-22 05:36:58,Second Class,Consumer,East,Furniture,Tables,1006.41,5,0.105,24.41
ORD02457,C00326,2024-04-17 05:03:09,2024-04-18 05:03:09,First Class,Consumer,North,Technology,Phones,140.64,1,0.115,19.08
ORD02691,C00671,2024-02-17 13:37:58,2024-02-22 13:37:58,Standard Class,Consumer,East,Office Supplies,Paper,201.7,6,0.205,-10.0
ORD02613,C00562,2025-09-20 09:13:59,2025-09-23 09:13:59,Standard Class,Consumer,West,Technology,Laptops,113.03,1,0.168,4.43
ORD02349,C00123,2024-07-14 22:36:02,2024-07-18 22:36:02,Standard Class,Consumer,West,Office Supplies,Binders,192.96,6,0.066,15.38
ORD03899,C00420,2025-08-23 21:08:35,2025-08-26 21:08:35,Standard Class,Consumer,West,Office Supplies,Storage,73.83,5,0.032,10.16
ORD01053,C00588,2025-02-07 19:20:41,2025-02-12 19:20:41,Standard Class,Consumer,East,Office Supplies,Binders,152.24,5,0.036,23.42
ORD01233,C00092,2025-01-28 10:15:35,2025-02-01 10:15:35,Second Class,Consumer,West,Furniture,Tables,1015.58,5,0.093,17.94
ORD03321,C00075,2024-11-27 23:58:42,2024-12-02 23:58:42,Standard Class,Consumer,East,Office Supplies,Binders,171.67,3,0.021,33.09
ORD00708,C00516,2025-08-21 00:22:54,2025-08-26 00:22:54,Standard Class,Corporate,West,Furniture,Chairs,363.99,5,0.158,20.62
ORD03174,C00152,2024-02-01 17:13:40,2024-02-03 17:13:40,Second Class,Consumer,East,Office Supplies,Binders,24.55,2,0.175,-0.91
ORD00967,C00542,2024-03-08 17:05:11,2024-03-12 17:05:11,Standard Class,Consumer,West,Office Supplies,Storage,368.73,7,0.12,42.51
ORD02613,C00049,2024-11-05 01:45:25,2024-11-10 01:45:25,Standard Class,Corporate,North,Technology,Laptops,136.17,1,0.275,-4.57
ORD03330,C00811,2024-10-14 23:18:58,2024-10-17 23:18:58,Second Class,Consumer,East,Office Supplies,Paper,83.04,2,0.182,1.1
ORD03385,C00583,2025-02-02 06:51:25,2025-02-05 06:51:25,First Class,Consumer,East,Office Supplies,Appliances,415.66,6,0.306,-50.36
ORD02356,C00602,2025-06-22 14:12:47,2025-06-26 14:12:47,Standard Class,Consumer,North,Technology,Accessories,120.94,1,0.038,28.47
ORD00854,C00916,2025-03-04 21:47:28,2025-03-06 21:47:28,First Class,Consumer,North,Furniture,Bookcases,1329.56,8,0.203,-69.33
ORD01319,C00593,2024-07-06 22:33:29,2024-07-08 22:33:29,First Class,Corporate,West,Office Supplies,Storage,68.69,1,0.151,1.27
ORD02770,C00141,2024-08-26 22:08:51,2024-08-30 22:08:51,Second Class,Consumer,South,Office Supplies,Art,187.03,5,0.193,-8.89
ORD02488,C00854,2025-07-03 04:48:09,2025-07-04 04:48:09,Same Day,Consumer,North,Furniture,Furnishings,1387.37,8,0.256,-235.13
ORD01124,C00447,2024-05-27 01:42:53,2024-05-31 01:42:53,Standard Class,Corporate,South,Office Supplies,Appliances,401.07,6,0.14,-2.57
ORD02231,C00637,2025-01-03 01:12:32,2025-01-07 01:12:32,Standard Class,Home Office,South,Office Supplies,Storage,146.48,6,0.063,20.97
ORD03663,C00849,2025-01-28 07:37:34,2025-01-30 07:37:34,First Class,Consumer,East,Office Supplies,Appliances,128.68,6,0.075,18.12
ORD00226,C00450,2025-07-01 16:39:36,2025-07-04 16:39:36,Standard Class,Consumer,West,Technology,Laptops,768.64,6,0.058,106.88
ORD02202,C00807,2025-06-05 11:29:23,2025-06-09 11:29:23,Standard Class,Consumer,West,Office Supplies,Paper,137.64,2,0.101,4.06
ORD02155,C00904,2024-12-05 05:11:14,2024-12-09 05:11:14,Standard Class,Corporate,East,Technology,Laptops,504.56,3,0.149,59.85
ORD03311,C00402,2024-08-13 16:33:44,2024-08-18 16:33:44,Standard Class,Corporate,East,Technology,Phones,218.89,2,0.031,44.12
ORD01005,C00025,2024-09-25 13:41:02,2024-09-29 13:41:02,Standard Class,Corporate,South,Office Supplies,Storage,62.86,2,0.183,-6.85
ORD00701,C00707,2024-10-27 11:03:37,2024-11-01 11:03:37,Standard Class,Consumer,West,Technology,Phones,283.61,2,0.099,73.78
ORD01726,C00762,2024-06-09 00:11:42,2024-06-11 00:11:42,Same Day,Consumer,North,Furniture,Furnishings,550.85,6,0.111,8.56
ORD01241,C00042,2025-04-01 13:08:15,2025-04-04 13:08:15,Standard Class,Corporate,North,Office Supplies,Appliances,553.41,8,0.147,60.67
ORD03465,C00905,2024-06-01 02:48:21,2024-06-02 02:48:21,First Class,Consumer,West,Technology,Laptops,711.15,5,0.07,117.35
ORD02976,C00718,2025-04-18 12:49:23,2025-04-22 12:49:23,Standard Class,Home Office,West,Furniture,Chairs,271.13,1,0.145,-15.43
ORD01532,C00184,2025-07-02 14:07:08,2025-07-05 14:07:08,Standard Class,Consumer,South,Office Supplies,Paper,287.28,6,0.109,15.85
ORD01399,C00689,2025-12-03 03:24:37,2025-12-04 03:24:37,First Class,Consumer,East,Office Supplies,Paper,145.39,5,0.122,-2.35
ORD00051,C00653,2024-03-27 19:18:33,2024-04-01 19:18:33,Standard Class,Consumer,South,Office Supplies,Binders,317.55,7,0.12,10.04
ORD00351,C00554,2025-07-08 14:29:32,2025-07-13 14:29:32,Standard Class,Consumer,South,Furniture,Bookcases,738.05,4,0.293,-160.64
ORD02170,C00541,2024-03-03 18:24:38,2024-03-04 18:24:38,First Class,Corporate,South,Technology,Phones,452.9,4,0.087,48.84
ORD02563,C00109,2024-09-03 04:34:38,2024-09-06 04:34:38,Standard Class,Consumer,North,Technology,Accessories,567.11,6,0.147,53.21
ORD03100,C00891,2024-05-08 16:37:28,2024-05-13 16:37:28,Standard Class,Corporate,East,Furniture,Bookcases,1434.15,6,0.165,-36.43
ORD00430,C00282,2024-04-28 11:13:08,2024-04-28 11:13:08,Same Day,Corporate,South,Technology,Accessories,288.58,2,0.173,-7.58
ORD00625,C00274,2024-05-08 00:04:15,2024-05-11 00:04:15,Standard Class,Home Office,East,Office Supplies,Appliances,297.02,5,0.195,-13.22
ORD02167,C00163,2024-02-02 01:47:49,2024-02-06 01:47:49,Second Class,Corporate,North,Office Supplies,Art,238.21,8,0.06,5.27
ORD00345,C00190,2025-08-23 20:50:43,2025-08-26 20:50:43,Standard Class,Home Office,West,Office Supplies,Paper,56.38,1,0.045,8.9
ORD03263,C00056,2024-02-14 14:58:17,2024-02-18 14:58:17,Standard Class,Home Office,East,Furniture,Bookcases,627.84,3,0.137,-2.34
ORD01727,C00787,2024-10-17 21:50:09,2024-10-21 21:50:09,Standard Class,Consumer,West,Furniture,Furnishings,585.58,5,0.118,-22.93
ORD02276,C00854,2025-05-25 09:19:44,2025-05-28 09:19:44,Second Class,Home Office,North,Technology,Laptops,972.71,8,0.136,151.85
ORD03043,C00051,2025-12-23 23:36:20,2025-12-28 23:36:20,Standard Class,Home Office,East,Office Supplies,Art,287.73,8,0.054,38.0
ORD01952,C00173,2025-09-15 04:55:10,2025-09-17 04:55:10,First Class,Consumer,West,Office Supplies,Binders,258.24,5,0.087,22.51
ORD00287,C00422,2024-04-10 03:56:28,2024-04-12 03:56:28,Second Class,Corporate,South,Office Supplies,Storage,102.24,5,0.186,-4.43
ORD00891,C00197,2025-12-22 01:10:56,2025-12-26 01:10:56,Second Class,Consumer,North,Furniture,Furnishings,967.87,4,0.172,-66.56
ORD01355,C00190,2025-04-22 02:01:03,2025-04-25 02:01:03,Standard Class,Corporate,South,Office Supplies,Binders,100.28,4,0.054,6.1
ORD00636,C00666,2024-05-11 02:02:04,2024-05-13 02:02:04,Second Class,Consumer,South,Technology,Accessories,907.57,6,0.122,125.18
ORD02011,C00835,2024-11-23 13:44:27,2024-11-26 13:44:27,Second Class,Corporate,South,Furniture,Bookcases,396.03,5,0.196,-27.32
ORD00073,C00306,2025-11-01 01:17:46,2025-11-04 01:17:46,Standard Class,Consumer,South,Furniture,Chairs,770.77,5,0.088,-23.98
ORD00566,C00494,2024-10-13 19:55:35,2024-10-16 19:55:35,First Class,Corporate,South,Technology,Accessories,729.41,7,0.206,49.37
ORD03123,C00385,2024-05-14 01:20:02,2024-05-18 01:20:02,Standard Class,Consumer,East,Furniture,Furnishings,428.66,2,0.055,24.09
ORD00492,C00356,2025-09-30 19:28:30,2025-10-02 19:28:30,First Class,Corporate,North,Technology,Accessories,1151.08,8,0.075,122.22
ORD00119,C00054,2025-11-26 16:08:01,2025-11-27 16:08:01,Same Day,Consumer,South,Technology,Laptops,530.84,6,0.121,92.69
ORD01743,C00672,2025-12-13 04:26:08,2025-12-17 04:26:08,Standard Class,Corporate,East,Technology,Accessories,503.25,5,,35.19
ORD03349,C00880,2025-11-28 16:02:31,2025-12-02 16:02:31,Standard Class,Consumer,North,Furniture,Furnishings,360.67,5,0.426,-110.16
ORD00951,C00721,2025-09-29 04:29:20,2025-10-03 04:29:20,Standard Class,Consumer,North,Technology,Accessories,558.25,5,0.118,60.9
ORD01548,C00946,2024-11-27 18:39:19,2024-12-01 18:39:19,Standard Class,Consumer,North,Technology,Laptops,650.62,5,0.158,56.94
ORD02971,C00779,2024-05-20 09:06:28,2024-05-23 09:06:28,First Class,Home Office,North,Office Supplies,Paper,39.51,3,0.076,2.47
ORD03549,C00350,2025-03-26 12:35:00,2025-03-30 12:35:00,Standard Class,Consumer,South,Office Supplies,Paper,311.63,6,0.231,-50.5
ORD01167,C00780,2024-06-10 04:22:46,2024-06-12 04:22:46,Second Class,Corporate,North,Technology,Phones,419.12,3,0.069,64.72
ORD00609,C00205,2024-12-11 09:41:01,2024-12-12 09:41:01,First Class,Consumer,South,Technology,Phones,964.37,6,0.431,-231.0
ORD00960,C00380,2025-04-23 22:24:51,2025-04-24 22:24:51,Same Day,Corporate,West,Furniture,Chairs,890.89,5,0.178,-50.51
ORD03159,C00670,2025-11-22 00:04:46,2025-11-25 00:04:46,Standard Class,Consumer,West,Office Supplies,Binders,203.73,3,0.124,4.54
ORD01311,C00274,2024-07-30 00:44:39,2024-07-31 00:44:39,Same Day,Consumer,North,Furniture,Tables,1096.74,7,0.401,-323.02
ORD03375,C00720,2024-07-02 21:31:52,2024-07-06 21:31:52,Standard Class,Consumer,South,Technology,Laptops,415.99,3,0.054,55.89
ORD01926,C00177,2025-06-20 08:23:03,2025-06-25 08:23:03,Standard Class,Consumer,South,Office Supplies,Paper,240.36,6,0.171,-8.92
ORD01630,C00146,2024-01-05 17:10:40,2024-01-08 17:10:40,Standard Class,Consumer,West,Furniture,Furnishings,416.33,3,0.071,7.55
ORD02828,C00715,2025-02-17 11:41:23,2025-02-21 11:41:23,Second Class,Consumer,West,Technology,Laptops,340.16,2,0.262,9.56
ORD03831,C00463,2025-06-28 12:27:01,2025-07-03 12:27:01,Standard Class,Consumer,North,Technology,Laptops,638.26,5,0.129,34.28
ORD02922,C00887,2025-02-06 03:55:17,2025-02-09 03:55:17,Standard Class,Home Office,North,Office Supplies,Storage,225.83,8,0.131,8.15
ORD00825,C00186,2024-10-07 06:53:29,2024-10-12 06:53:29,Standard Class,Consumer,South,Office Supplies,Appliances,93.7,3,0.193,-2.81
ORD01266,C00679,2025-08-27 20:08:31,2025-08-30 20:08:31,First Class,Home Office,West,Technology,Accessories,167.24,1,0.19,-4.56
ORD00435,C00222,2024-09-27 20:31:31,2024-09-30 20:31:31,Second Class,Consumer,West,Furniture,Bookcases,181.19,1,0.112,-5.61
ORD02303,C00449,2025-06-02 16:32:02,2025-06-06 16:32:02,Second Class,Consumer,North,Office Supplies,Appliances,74.71,4,0.03,10.15
ORD03788,C00469,2024-12-04 19:45:45,2024-12-06 19:45:45,Second Class,Consumer,East,Office Supplies,Binders,438.72,7,0.034,55.42
ORD01228,C00806,2024-01-20 09:38:32,2024-01-23 09:38:32,Standard Class,Consumer,North,Technology,Phones,708.86,6,0.147,33.65
ORD01000,C00380,2025-01-22 06:39:01,2025-01-25 06:39:01,Standard Class,Consumer,East,Office Supplies,Binders,32.01,2,0.103,2.12
ORD03620,C00345,2024-02-06 02:31:26,2024-02-09 02:31:26,Standard Class,Home Office,West,Office Supplies,Art,153.98,7,0.219,
ORD00111,C00451,2025-11-10 14:23:25,2025-11-14 14:23:25,Standard Class,Corporate,South,Furniture,Tables,125.61,2,0.191,-6.39
ORD00825,C00928,2025-03-15 03:18:14,2025-03-16 03:18:14,First Class,Corporate,North,Office Supplies,Paper,270.02,5,0.109,26.11
ORD01533,C00365,2024-09-28 14:00:19,2024-10-03 14:00:19,Standard Class,Consumer,East,Furniture,Furnishings,755.54,7,0.288,-71.77
ORD03659,C00522,2024-12-20 22:05:06,2024-12-23 22:05:06,Second Class,Consumer,South,Office Supplies,Binders,106.11,7,0.223,-5.4
ORD03866,C00070,2025-03-28 00:01:49,2025-03-29 00:01:49,First Class,Corporate,West,Office Supplies,Binders,218.49,6,0.151,-6.28
ORD03485,C00573,2024-07-08 22:26:06,2024-07-09 22:26:06,First Class,Consumer,South,Furniture,Tables,571.73,3,0.218,-65.31
ORD03278,C00073,2024-07-29 12:39:37,2024-08-01 12:39:37,Standard Class,Consumer,West,Office Supplies,Appliances,369.66,7,0.029,32.01
ORD00114,C00015,2024-11-01 14:51:16,2024-11-02 14:51:16,First Class,Consumer,South,Office Supplies,Art,134.65,4,0.249,-5.48
ORD00376,C00249,2024-07-07 18:11:04,2024-07-10 18:11:04,Second Class,Consumer,North,Furniture,Bookcases,522.8,3,0.253,-26.46
ORD03483,C00181,2025-07-07 06:35:19,2025-07-10 06:35:19,Standard Class,Corporate,South,Furniture,Bookcases,370.77,5,0.182,-25.58
ORD01404,C00497,2024-03-16 18:50:46,2024-03-19 18:50:46,Second Class,Consumer,North,Technology,Phones,812.52,5,0.24,41.35
ORD00632,C00199,2025-08-26 10:13:59,2025-08-31 10:13:59,Standard Class,Consumer,South,Technology,Accessories,190.24,2,0.273,-0.3
ORD02092,C00203,2024-09-11 10:12:07,2024-09-13 10:12:07,First Class,Home Office,East,Office Supplies,Appliances,100.79,8,0.221,-2.58
ORD03589,C00844,2025-02-13 16:37:41,2025-02-15 16:37:41,Second Class,Home Office,North,Furniture,Bookcases,837.21,7,0.153,0.69
ORD03106,C00594,2024-04-25 03:52:44,2024-04-29 03:52:44,Second Class,Consumer,North,Office Supplies,Storage,45.64,3,0.179,2.12
ORD01632,C00011,2024-10-08 07:40:23,2024-10-10 07:40:23,First Class,Consumer,North,Office Supplies,Binders,32.97,2,0.135,-0.62
ORD00750,C00723,2025-07-04 20:32:21,2025-07-08 20:32:21,Second Class,Corporate,North,Office Supplies,Art,50.58,1,0.087,4.93
ORD02988,C00687,2024-07-16 14:36:26,2024-07-20 14:36:26,Standard Class,Consumer,West,Technology,Accessories,543.28,4,0.14,64.61
ORD00355,C00847,2024-04-06 13:28:23,2024-04-10 13:28:23,Standard Class,Consumer,West,Technology,Accessories,212.08,2,0.363,-36.27
ORD00447,C00513,2025-01-16 00:00:41,2025-01-18 00:00:41,First Class,Consumer,North,Technology,Laptops,1052.05,8,0.022,295.47
ORD02861,C00896,2024-04-28 14:50:29,2024-04-30 14:50:29,Second Class,Consumer,West,Technology,Accessories,1499.87,8,0.191,145.7
ORD00722,C00893,2024-08-17 18:24:47,2024-08-19 18:24:47,First Class,Home Office,East,Office Supplies,Storage,446.67,7,0.269,-14.72
ORD00084,C00347,2024-11-24 20:04:25,2024-11-29 20:04:25,Standard Class,Corporate,West,Office Supplies,Binders,61.39,3,0.078,7.24
ORD03865,C00076,2025-02-15 18:56:48,2025-02-20 18:56:48,Standard Class,Home Office,South,Technology,Phones,969.24,6,0.07,86.22
ORD02011,C00895,2025-04-11 17:52:42,2025-04-13 17:52:42,First Class,Corporate,South,Office Supplies,Storage,196.04,4,0.092,1.04
ORD03056,C00622,2025-05-08 22:56:59,2025-05-11 22:56:59,Second Class,Corporate,South,Office Supplies,Appliances,121.03,3,0.392,-25.67
ORD02754,C00831,2025-09-08 07:54:33,2025-09-11 07:54:33,Standard Class,Corporate,West,Office Supplies,Art,127.97,5,0.32,-11.08
ORD03213,C00072,2024-02-18 05:42:27,2024-02-23 05:42:27,Standard Class,Corporate,East,Office Supplies,Storage,78.51,2,0.182,1.6
ORD02601,C00300,2024-09-21 11:54:41,2024-09-24 11:54:41,First Class,Consumer,South,Technology,Laptops,751.4,8,0.245,38.69
ORD02770,C00001,2024-01-01 18:42:07,2024-01-03 18:42:07,Second Class,Consumer,North,Office Supplies,Paper,89.88,2,0.231,-5.11
ORD01989,C00352,2024-01-07 21:26:08,2024-01-12 21:26:08,Standard Class,Consumer,East,Technology,Laptops,481.9,3,0.068,63.82
ORD00628,C00715,2024-06-03 23:05:43,2024-06-08 23:05:43,Standard Class,Consumer,West,Technology,Accessories,276.43,2,0.302,-14.33
ORD03047,C00160,2025-03-12 15:28:08,2025-03-16 15:28:08,Standard Class,Consumer,South,Technology,Phones,577.6,5,0.149,5.35
ORD01887,C00356,2025-10-14 23:50:29,2025-10-18 23:50:29,Standard Class,Consumer,East,Office Supplies,Binders,350.82,6,0.096,49.52
ORD02301,C00825,2025-07-18 16:26:34,2025-07-23 16:26:34,Standard Class,Corporate,South,Technology,Laptops,905.35,8,0.127,62.76
ORD01184,C00290,2025-04-16 19:00:51,2025-04-20 19:00:51,Standard Class,Consumer,South,Office Supplies,Art,158.88,4,0.15,3.45
ORD03211,C00503,2025-07-22 01:25:48,2025-07-25 01:25:48,First Class,Consumer,East,Technology,Phones,352.65,2,0.291,-5.33
ORD02945,C00414,2024-05-05 12:44:43,2024-05-10 12:44:43,Standard Class,Consumer,West,Technology,Laptops,132.17,1,0.138,8.2
ORD02265,C00196,2025-09-05 01:54:48,2025-09-08 01:54:48,First Class,Consumer,West,Furniture,Chairs,891.06,5,0.087,48.2
ORD00709,C00882,2025-10-11 21:25:28,2025-10-16 21:25:28,Standard Class,Home Office,South,Office Supplies,Paper,343.9,8,0.09,21.91
ORD01687,C00769,2024-03-10 09:21:13,2024-03-15 09:21:13,Standard Class,Consumer,South,Technology,Laptops,117.83,1,0.235,3.26
ORD01007,C00371,2024-12-09 01:37:41,2024-12-12 01:37:41,Standard Class,Consumer,South,Office Supplies,Binders,210.2,8,0.215,-10.18
ORD02331,C00808,2025-08-28 22:15:09,2025-09-02 22:15:09,Standard Class,Consumer,North,Technology,Laptops,448.49,3,0.28,-74.4
ORD00267,C00472,2024-12-13 13:07:39,2024-12-16 13:07:39,Second Class,Corporate,South,Furniture,Bookcases,601.59,8,0.218,-86.11
ORD01658,C00608,2025-09-05 13:04:50,2025-09-06 13:04:50,First Class,Corporate,North,Technology,Laptops,90.13,1,0.038,10.24
ORD03823,C00279,2025-11-13 22:41:41,2025-11-17 22:41:41,Second Class,Consumer,South,Office Supplies,Appliances,233.97,8,0.263,-1.26
ORD00818,C00375,2024-12-12 12:07:10,2024-12-15 12:07:10,Second Class,Consumer,North,Furniture,Furnishings,623.96,3,0.285,-48.75
ORD01925,C00879,2024-02-13 10:12:24,2024-02-15 10:12:24,First Class,Corporate,South,Technology,Phones,376.82,3,0.087,7.61
ORD01838,C00209,2024-09-05 05:43:21,2024-09-08 05:43:21,Second Class,Home Office,West,Technology,Phones,238.55,2,0.305,-23.86
ORD03380,C00393,2024-06-06 01:55:24,2024-06-09 01:55:24,Second Class,Consumer,North,Office Supplies,Paper,69.43,2,0.049,4.07
ORD03697,C00728,2024-12-12 02:29:45,2024-12-16 02:29:45,Second Class,Consumer,East,Furniture,Chairs,1070.63,7,0.14,-6.69
ORD03255,C00313,2025-03-03 14:42:49,2025-03-08 14:42:49,Standard Class,Consumer,West,Office Supplies,Art,60.95,1,0.002,7.63
ORD02293,C00732,2024-12-04 15:30:00,2024-12-09 15:30:00,Standard Class,Consumer,East,Office Supplies,Binders,255.37,4,0.093,16.38
ORD01638,C00373,2024-05-22 16:55:25,2024-05-26 16:55:25,Second Class,Corporate,North,Technology,Accessories,1034.33,8,0.239,-63.76
ORD02840,C00485,2024-08-07 20:24:37,2024-08-09 20:24:37,Second Class,Home Office,South,Office Supplies,Storage,173.12,4,0.105,12.13
ORD00198,C00941,2025-05-11 01:18:47,2025-05-15 01:18:47,Standard Class,Home Office,East,Technology,Accessories,1197.23,7,0.183,-35.81
ORD02563,C00705,2024-01-20 16:44:36,2024-01-22 16:44:36,Same Day,Corporate,East,Office Supplies,Storage,340.29,6,0.141,49.65
ORD01221,C00872,2024-06-05 06:53:48,2024-06-10 06:53:48,Standard Class,Consumer,North,Technology,Phones,924.8,7,0.091,185.65
ORD01799,C00190,2025-10-13 09:49:20,2025-10-15 09:49:20,Second Class,Home Office,South,Office Supplies,Binders,70.4,8,0.117,10.66
ORD02532,C00793,2024-03-13 09:13:48,2024-03-15 09:13:48,Same Day,Consumer,East,Technology,Laptops,171.58,1,0.127,21.03
ORD01588,C00503,2024-10-29 18:20:54,2024-11-03 18:20:54,Standard Class,Consumer,South,Office Supplies,Storage,101.34,3,0.116,11.2
ORD01155,C00727,2024-05-31 02:22:47,2024-06-02 02:22:47,First Class,Corporate,East,Office Supplies,Storage,155.7,3,0.006,30.39
ORD00774,C00309,2024-03-17 09:28:56,2024-03-18 09:28:56,First Class,Consumer,North,Furniture,Bookcases,120.29,1,0.181,-11.23
ORD01571,C00695,2024-11-04 14:18:01,2024-11-07 14:18:01,Second Class,Corporate,South,Furniture,Tables,67.41,1,0.375,-17.46
ORD00061,C00942,2025-01-15 15:39:54,2025-01-16 15:39:54,Same Day,Home Office,West,Office Supplies,Art,24.39,1,0.239,-0.62
ORD03359,C00472,2024-05-08 13:56:34,2024-05-10 13:56:34,Second Class,Corporate,North,Office Supplies,Paper,193.32,8,0.145,16.77
ORD03366,C00403,2024-02-26 18:57:05,2024-03-01 18:57:05,Standard Class,Corporate,East,Technology,Accessories,794.71,7,0.152,57.67
ORD02648,C00501,2024-04-08 07:48:15,2024-04-11 07:48:15,Second Class,Consumer,South,Furniture,Furnishings,551.39,5,0.229,-47.38
ORD01083,C00196,2025-04-20 15:03:20,2025-04-25 15:03:20,Standard Class,Consumer,South,Office Supplies,Paper,98.81,7,0.21,-5.85
ORD02986,C00533,2025-09-20 00:08:19,2025-09-23 00:08:19,Standard Class,Corporate,West,Office Supplies,Art,71.52,3,0.169,-0.07
ORD02308,C00187,2024-05-11 14:42:02,2024-05-15 14:42:02,Standard Class,Corporate,South,Office Supplies,Art,271.54,4,0.091,-0.93
ORD01032,C00657,2024-08-21 21:21:32,2024-08-24 21:21:32,Standard Class,Home Office,North,Furniture,Chairs,1047.75,8,0.295,-136.71
ORD01803,C00945,2024-09-07 23:38:52,2024-09-08 23:38:52,First Class,Consumer,West,Furniture,Bookcases,245.43,2,0.201,-20.38
ORD00313,C00724,2024-09-20 08:29:31,2024-09-23 08:29:31,First Class,Consumer,East,Furniture,Furnishings,365.85,2,0.144,-28.23
ORD00426,C00949,2024-06-27 08:08:39,2024-06-28 08:08:39,Same Day,Consumer,East,Office Supplies,Paper,202.86,5,0.131,3.18
ORD01471,C00418,2024-02-10 08:20:15,2024-02-13 08:20:15,Standard Class,Corporate,North,Office Supplies,Appliances,36.07,3,0.069,4.18
ORD00139,C00759,2025-01-18 08:43:41,2025-01-21 08:43:41,Second Class,Corporate,North,Furniture,Chairs,879.69,6,0.156,3.98
ORD03391,C00534,2024-09-17 21:06:56,2024-09-21 21:06:56,Second Class,Home Office,East,Office Supplies,Binders,148.9,6,0.086,11.12
ORD03672,C00457,2024-09-06 20:21:23,2024-09-10 20:21:23,Standard Class,Consumer,North,Office Supplies,Appliances,103.1,3,0.135,9.47
ORD01283,C00600,2024-07-12 07:25:18,2024-07-16 07:25:18,Second Class,Consumer,North,Office Supplies,Appliances,19.23,1,0.237,0.36
ORD01412,C00632,2025-11-09 10:01:43,2025-11-12 10:01:43,Standard Class,Consumer,West,Office Supplies,Art,38.05,1,0.183,-0.3
ORD03002,C00048,2025-03-21 15:41:54,2025-03-23 15:41:54,First Class,Consumer,South,Office Supplies,Art,78.8,4,0.197,0.9
ORD01225,C00667,2024-11-01 15:28:50,2024-11-06 15:28:50,Standard Class,Consumer,North,Office Supplies,Paper,72.07,3,0.006,9.33
ORD03065,C00500,2024-05-29 22:26:16,2024-05-30 22:26:16,First Class,Corporate,North,Furniture,Tables,190.43,1,0.201,-23.78
ORD00332,C00124,2025-08-07 19:41:07,2025-08-08 19:41:07,First Class,Consumer,South,Furniture,Bookcases,533.11,6,0.137,-37.76
ORD02080,C00171,2025-10-10 12:09:45,2025-10-12 12:09:45,Second Class,Consumer,East,Office Supplies,Binders,253.52,8,0.027,24.58
ORD00012,C00137,2024-01-24 14:13:31,2024-01-27 14:13:31,Standard Class,Corporate,West,Technology,Accessories,968.22,8,0.195,24.03
ORD02833,C00781,2025-11-09 15:45:33,2025-11-14 15:45:33,Standard Class,Corporate,North,Office Supplies,Binders,45.14,1,0.138,5.87
ORD02823,C00374,2025-05-25 13:50:24,2025-05-26 13:50:24,Same Day,Consumer,North,Office Supplies,Binders,81.05,2,0.062,6.93
ORD01794,C00410,2024-03-13 21:02:24,2024-03-16 21:02:24,Standard Class,Consumer,East,Office Supplies,Binders,230.09,4,0.063,19.9
ORD03458,C00356,2025-07-03 19:18:22,2025-07-06 19:18:22,Standard Class,Corporate,South,Furniture,Chairs,1054.61,8,0.177,-60.95
ORD02592,C00690,2024-03-19 09:41:59,2024-03-21 09:41:59,Same Day,Corporate,East,Technology,Phones,946.84,5,0.004,138.84
ORD00993,C00445,2024-02-07 03:05:56,2024-02-10 03:05:56,Second Class,Corporate,West,Technology,Laptops,495.05,4,0.119,59.0
ORD02303,C00941,2024-03-25 04:31:09,2024-03-29 04:31:09,Second Class,Consumer,East,Furniture,Furnishings,1756.71,8,0.251,-151.8
ORD01744,C00288,2024-12-01 16:15:27,2024-12-04 16:15:27,Standard Class,Consumer,South,Furniture,Bookcases,788.47,6,0.127,37.31
ORD02725,C00903,2025-03-28 06:51:12,2025-04-02 06:51:12,Standard Class,Home Office,West,Office Supplies,Paper,301.87,8,0.177,21.02
ORD02421,C00587,2024-10-24 08:19:54,2024-10-26 08:19:54,First Class,Consumer,North,Technology,Phones,891.43,7,0.294,-29.31
ORD03038,C00608,2024-03-30 00:53:46,2024-04-04 00:53:46,Standard Class,Consumer,West,Office Supplies,Appliances,609.32,8,0.127,27.64
ORD00652,C00717,2024-05-25 09:25:54,2024-05-29 09:25:54,Standard Class,Home Office,East,Office Supplies,Art,292.39,5,0.251,-21.35
ORD00087,C00831,2025-09-14 05:44:17,2025-09-19 05:44:17,Standard Class,Consumer,East,Office Supplies,Art,88.42,3,0.106,7.33
ORD01444,C00827,2025-12-03 17:10:08,2025-12-06 17:10:08,Second Class,Corporate,West,Technology,Accessories,154.33,1,0.053,26.3
ORD00283,C00848,2025-07-04 14:50:12,2025-07-08 14:50:12,Standard Class,Home Office,East,Office Supplies,Binders,143.17,6,0.088,10.92
ORD01909,C00389,2024-03-16 11:48:39,2024-03-17 11:48:39,First Class,Consumer,South,Office Supplies,Art,139.62,3,0.117,-0.31
ORD01398,C00741,2025-08-21 11:03:04,2025-08-26 11:03:04,Standard Class,Corporate,South,Office Supplies,Storage,29.04,1,0.164,0.79
ORD02514,C00278,2025-05-20 03:38:41,2025-05-24 03:38:41,Standard Class,Consumer,East,Office Supplies,Paper,184.86,7,0.107,14.3
ORD02639,C00466,2025-01-19 00:34:49,2025-01-19 00:34:49,Same Day,Home Office,East,Office Supplies,Paper,51.84,4,0.229,-4.14
ORD03829,C00143,2024-04-14 13:32:21,2024-04-16 13:32:21,Same Day,Home Office,North,Office Supplies,Binders,325.1,5,0.223,10.19
ORD00045,C00410,2025-12-28 13:47:05,2026-01-01 13:47:05,Second Class,Home Office,East,Office Supplies,Appliances,119.92,7,0.12,7.37
ORD01938,C00532,2024-11-19 02:27:53,2024-11-22 02:27:53,First Class,,East,Furniture,Chairs,336.94,3,0.148,-29.53
ORD03114,C00793,2024-02-02 05:56:52,2024-02-07 05:56:52,Standard Class,Corporate,South,Office Supplies,Appliances,138.87,7,0.069,17.38
ORD01003,C00037,2024-06-02 06:38:53,2024-06-05 06:38:53,Standard Class,Home Office,North,Office Supplies,Appliances,195.26,5,0.296,-25.75
ORD03367,C00568,2024-10-19 22:09:43,2024-10-22 22:09:43,Standard Class,Corporate,South,Office Supplies,Binders,86.14,5,0.071,5.38
ORD02548,C00814,2024-02-15 11:57:56,2024-02-19 11:57:56,Standard Class,Corporate,North,Furniture,Bookcases,568.47,3,0.319,-102.38
ORD01927,C00737,2024-08-24 11:22:13,2024-08-27 11:22:13,Second Class,Consumer,North,Office Supplies,Binders,133.45,7,0.135,10.98
ORD00448,C00453,2024-12-07 22:25:54,2024-12-09 22:25:54,First Class,Home Office,South,Office Supplies,Appliances,39.91,2,0.069,3.22
ORD02219,C00390,2025-11-23 12:16:08,2025-11-27 12:16:08,Standard Class,Consumer,North,Furniture,Bookcases,452.3,5,0.208,-20.24
ORD00022,C00579,2024-03-04 01:17:24,2024-03-07 01:17:24,Standard Class,Consumer,South,Technology,Phones,800.7,7,0.094,31.46
ORD01217,C00668,2025-02-25 02:36:14,2025-02-26 02:36:14,Same Day,Home Office,East,Office Supplies,Art,55.61,1,0.254,-6.55
ORD01467,C00380,2025-10-30 12:08:06,2025-11-02 12:08:06,Second Class,Home Office,South,Office Supplies,Art,69.24,4,0.05,6.99
ORD00332,C00518,2025-08-11 12:27:56,2025-08-14 12:27:56,Standard Class,Home Office,West,Furniture,Furnishings,1153.1,6,0.273,-182.72
ORD00272,C00004,2025-11-06 04:58:30,2025-11-11 04:58:30,Standard Class,Consumer,West,Office Supplies,Storage,98.48,3,0.171,0.72
ORD03466,C00302,2024-05-04 08:22:39,2024-05-09 08:22:39,Standard Class,Consumer,East,Technology,Laptops,120.8,1,0.048,24.21
ORD01862,C00749,2025-08-07 23:31:56,2025-08-12 23:31:56,Standard Class,Consumer,West,Furniture,Bookcases,465.27,4,0.058,14.9
ORD00360,C00394,2025-12-15 09:40:12,2025-12-20 09:40:12,Standard Class,Consumer,West,Office Supplies,Storage,178.69,4,0.102,8.13
ORD01275,C00450,2024-08-26 00:05:35,2024-08-29 00:05:35,Standard Class,Home Office,South,Office Supplies,Paper,220.25,8,0.132,6.78
ORD02321,C00891,2024-12-30 00:09:53,2025-01-02 00:09:53,Standard Class,Corporate,East,Technology,Phones,950.87,7,0.211,-71.48
ORD03487,C00386,2025-01-22 12:20:25,2025-01-26 12:20:25,Standard Class,Consumer,North,Technology,Accessories,283.76,2,0.024,67.87
ORD01740,C00415,2024-12-26 09:08:05,2024-12-30 09:08:05,Standard Class,Consumer,East,Office Supplies,Art,41.0,3,0.011,6.38
ORD00696,C00721,2024-07-30 12:58:38,2024-08-04 12:58:38,Standard Class,Consumer,East,Office Supplies,Binders,69.62,2,0.38,-12.39
ORD01882,C00803,2025-12-09 17:54:01,2025-12-12 17:54:01,Standard Class,Home Office,North,Furniture,Tables,1083.89,8,0.228,-123.94
ORD02705,C00330,2025-11-29 05:49:23,2025-12-01 05:49:23,First Class,Corporate,South,Technology,Phones,272.28,3,0.312,-14.96
ORD00502,C00167,2024-10-04 22:25:51,2024-10-08 22:25:51,Second Class,Consumer,West,Office Supplies,Paper,286.3,8,0.204,-5.91
ORD02463,C00615,2025-08-10 20:43:00,2025-08-15 20:43:00,Standard Class,Consumer,South,Technology,Laptops,118.59,1,0.074,21.77
ORD01344,C00098,2024-10-17 04:38:18,2024-10-22 04:38:18,Standard Class,Consumer,North,Office Supplies,Art,184.68,5,0.158,-10.03
ORD03881,C00689,2025-08-03 05:04:54,2025-08-07 05:04:54,Second Class,Consumer,North,Technology,Phones,132.07,1,0.272,-3.52
ORD01709,C00458,2025-03-02 20:52:02,2025-03-07 20:52:02,Standard Class,Home Office,South,Office Supplies,Art,70.46,5,0.303,-8.84
ORD02219,C00933,2024-12-09 05:22:21,2024-12-13 05:22:21,Second Class,Corporate,West,Technology,Phones,159.86,1,0.033,32.7
ORD02756,C00285,2024-04-03 11:28:54,2024-04-05 11:28:54,Same Day,Consumer,East,Office Supplies,Binders,123.0,2,0.165,9.24
ORD03148,C00730,2025-04-22 20:25:54,2025-04-27 20:25:54,Standard Class,Corporate,South,Office Supplies,Appliances,73.11,2,0.113,-1.31
ORD00216,C00004,2024-08-22 09:25:12,2024-08-25 09:25:12,Standard Class,Consumer,North,Furniture,Chairs,994.26,6,0.051,6.67
ORD01370,C00023,2024-06-07 07:21:48,2024-06-10 07:21:48,Standard Class,Consumer,North,Technology,Phones,805.75,6,0.171,36.33
ORD00045,C00426,2024-05-21 01:00:35,2024-05-25 01:00:35,Second Class,Corporate,South,Office Supplies,Binders,197.55,5,0.094,-4.97
ORD00282,C00594,2025-12-17 18:29:44,2025-12-22 18:29:44,Standard Class,Consumer,West,Office Supplies,Storage,34.75,2,0.352,-1.49
ORD01858,C00159,2024-03-16 09:31:35,2024-03-19 09:31:35,Second Class,Consumer,East,Technology,Accessories,493.19,3,0.118,72.05
ORD01578,C00585,2025-08-05 22:10:21,2025-08-08 22:10:21,Standard Class,Corporate,South,Technology,Laptops,445.71,4,0.208,13.74
ORD02816,C00631,2025-09-24 06:51:12,2025-09-28 06:51:12,Second Class,Home Office,East,Office Supplies,Appliances,86.56,8,0.166,3.98
ORD02623,C00118,2024-01-23 16:02:49,2024-01-27 16:02:49,Second Class,Consumer,South,Office Supplies,Art,126.04,6,0.06,18.64
ORD03599,C00819,2025-03-06 05:04:55,2025-03-10 05:04:55,Standard Class,Corporate,East,Furniture,Tables,86.41,1,0.213,-9.43
ORD00992,C00712,2025-02-25 12:07:54,2025-02-26 12:07:54,Same Day,Consumer,East,Technology,Phones,141.36,1,0.264,-6.18
ORD02136,C00317,2024-09-18 19:56:50,2024-09-19 19:56:50,First Class,Corporate,East,Office Supplies,Appliances,31.91,3,0.198,-0.1
ORD00541,C00356,2025-05-01 16:50:03,2025-05-06 16:50:03,Standard Class,Consumer,East,Office Supplies,Storage,132.32,2,0.042,13.2
ORD01661,C00259,2024-10-25 07:53:14,2024-10-26 07:53:14,Same Day,Corporate,West,Office Supplies,Paper,243.1,4,0.211,-14.93
ORD00409,C00592,2024-11-16 23:23:48,2024-11-17 23:23:48,First Class,Consumer,South,Office Supplies,Storage,414.28,8,0.207,-26.94
ORD03567,C00650,2024-11-11 00:12:46,2024-11-14 00:12:46,Standard Class,Home Office,North,Furniture,Tables,171.47,2,0.158,-1.79
ORD02063,C00255,2025-08-07 11:48:51,2025-08-09 11:48:51,Second Class,Home Office,North,Office Supplies,Paper,184.12,5,0.078,24.94
ORD00283,C00519,2025-04-07 04:46:25,2025-04-09 04:46:25,Second Class,Consumer,East,Furniture,Tables,1083.37,4,0.284,-220.03
ORD01307,C00169,2024-10-03 16:54:11,2024-10-05 16:54:11,Second Class,Corporate,East,Technology,Laptops,807.98,6,0.062,117.41
ORD03004,C00391,2025-11-07 12:59:59,2025-11-08 12:59:59,First Class,Consumer,East,Furniture,Chairs,553.1,5,0.366,-122.81
ORD02979,C00376,2025-08-08 12:04:17,2025-08-12 12:04:17,Standard Class,Corporate,East,Furniture,Furnishings,1064.36,5,0.233,-172.29
ORD02913,C00360,2025-11-11 22:17:56,2025-11-14 22:17:56,Standard Class,Consumer,South,Furniture,Chairs,422.42,3,0.085,16.29
ORD02491,C00196,2025-06-17 06:22:32,2025-06-20 06:22:32,Standard Class,Consumer,East,Office Supplies,Binders,445.26,8,0.177,-1.7
ORD03839,C00023,2024-10-12 18:56:22,2024-10-15 18:56:22,Second Class,Corporate,East,Furniture,Bookcases,667.05,3,0.185,-65.67
ORD03657,C00937,2025-07-18 05:56:19,2025-07-21 05:56:19,Standard Class,Consumer,South,Technology,Phones,309.82,2,0.151,11.47
ORD01566,C00384,2024-08-28 08:40:41,2024-08-31 08:40:41,Standard Class,Consumer,South,Office Supplies,Art,33.73,1,0.137,1.54
ORD03822,C00690,2024-07-16 18:40:19,2024-07-21 18:40:19,Standard Class,Consumer,North,Office Supplies,Art,17.65,1,0.255,-0.35
ORD02671,C00818,2024-11-25 06:20:04,2024-11-28 06:20:04,Second Class,Consumer,South,Office Supplies,Storage,115.95,3,0.108,7.29
ORD00003,C00036,2025-12-08 14:12:08,2025-12-13 14:12:08,Standard Class,Consumer,West,Office Supplies,Storage,399.35,7,0.112,61.75
ORD02908,C00379,2025-02-18 14:12:27,2025-02-22 14:12:27,Standard Class,Corporate,West,Technology,Laptops,330.58,2,0.255,13.48
ORD00917,C00365,2024-10-07 02:18:08,2024-10-11 02:18:08,Standard Class,Corporate,East,Technology,Laptops,129.68,1,0.166,11.1
ORD03352,C00603,2024-12-03 03:02:59,2024-12-06 03:02:59,Standard Class,Consumer,South,Technology,Accessories,639.42,5,0.149,18.46
ORD00943,C00867,2024-07-31 14:06:32,2024-08-05 14:06:32,Standard Class,Consumer,East,Office Supplies,Binders,192.77,5,0.165,12.05
ORD01872,C00643,2025-04-25 21:21:35,2025-04-28 21:21:35,Standard Class,Corporate,East,Furniture,Bookcases,1304.16,5,0.09,-6.71
ORD03428,C00566,2024-09-12 19:26:29,2024-09-14 19:26:29,Second Class,Corporate,South,Office Supplies,Binders,44.43,1,0.098,4.01
ORD03060,C00216,2025-02-08 17:04:15,2025-02-11 17:04:15,Standard Class,Corporate,West,Furniture,Tables,325.28,2,0.201,-55.47
ORD00518,C00461,2024-09-26 23:12:51,2024-10-01 23:12:51,Standard Class,Consumer,North,Furniture,Bookcases,443.26,3,0.074,11.57
ORD03805,C00704,2024-08-22 02:56:10,2024-08-25 02:56:10,Second Class,Consumer,North,Office Supplies,Storage,228.64,6,0.286,-35.52
ORD01628,C00510,2025-12-09 06:31:47,2025-12-13 06:31:47,Standard Class,Corporate,North,Office Supplies,Appliances,236.28,6,0.027,30.28
ORD02069,C00578,2024-09-09 09:12:13,2024-09-13 09:12:13,Standard Class,Consumer,North,Office Supplies,Appliances,90.92,7,0.077,2.43
ORD00208,C00289,2024-02-21 11:31:00,2024-02-24 11:31:00,Standard Class,Consumer,West,Technology,Phones,838.08,5,0.113,100.39
ORD00112,C00444,2024-10-03 08:56:44,2024-10-08 08:56:44,Standard Class,Consumer,South,Office Supplies,Appliances,161.3,4,0.138,6.81
ORD01865,C00369,2025-01-23 11:09:46,2025-01-27 11:09:46,Standard Class,Corporate,South,Office Supplies,Appliances,164.51,5,0.11,2.71
ORD01390,C00470,2024-03-10 02:05:19,2024-03-11 02:05:19,Same Day,Consumer,South,Office Supplies,Binders,226.48,4,0.3,-31.62
ORD00150,C00188,2024-08-11 03:35:27,2024-08-16 03:35:27,Standard Class,Corporate,South,Office Supplies,Paper,99.01,2,0.238,-5.87
ORD00341,C00615,2024-05-01 05:25:02,2024-05-03 05:25:02,Second Class,Corporate,South,Technology,Laptops,817.41,5,0.16,39.65
ORD02826,C00675,2024-12-31 11:21:28,2025-01-01 11:21:28,First Class,Consumer,North,Furniture,Chairs,658.61,3,0.127,40.19
ORD02294,C00721,2025-06-11 20:57:13,2025-06-16 20:57:13,Standard Class,Corporate,East,Technology,Phones,432.26,3,0.107,35.73
ORD02021,C00225,2025-12-07 23:46:25,2025-12-09 23:46:25,Second Class,Corporate,North,Furniture,Bookcases,1384.15,6,0.141,16.69
ORD02214,C00399,2024-10-11 00:58:27,2024-10-14 00:58:27,Standard Class,Consumer,West,Technology,Laptops,151.39,1,0.014,33.23
ORD03892,C00404,2025-09-22 04:17:27,2025-09-26 04:17:27,Second Class,Corporate,North,Office Supplies,Paper,37.2,1,0.096,0.25
ORD01801,C00836,2024-06-05 14:43:22,2024-06-07 14:43:22,First Class,Consumer,East,Office Supplies,Art,63.09,3,0.007,9.96
ORD03846,C00880,2025-07-23 18:18:28,2025-07-26 18:18:28,Standard Class,Consumer,West,Technology,Laptops,585.88,5,0.093,77.63
ORD01168,C00455,2025-02-14 18:01:14,2025-02-16 18:01:14,First Class,Corporate,North,Office Supplies,Binders,245.04,7,0.102,12.59
ORD03059,C00386,2025-07-07 11:11:46,2025-07-11 11:11:46,Standard Class,Corporate,North,Technology,Phones,736.72,5,0.27,38.32
ORD02453,C00021,2025-07-05 13:03:10,2025-07-07 13:03:10,Second Class,Consumer,West,Office Supplies,Art,125.89,3,0.174,8.96
ORD01142,C00320,2025-01-23 16:12:50,2025-01-26 16:12:50,Standard Class,Home Office,South,Furniture,Tables,559.39,3,0.141,-36.96
ORD00458,C00067,2024-07-06 22:02:23,2024-07-10 22:02:23,Standard Class,Corporate,East,Office Supplies,Paper,224.23,4,0.154,11.28
ORD00438,C00402,2025-01-19 02:44:47,2025-01-22 02:44:47,Standard Class,Corporate,North,Office Supplies,Paper,65.97,3,0.02,11.88
ORD02553,C00367,2025-08-26 13:21:31,2025-08-29 13:21:31,First Class,Consumer,South,Furniture,Bookcases,447.85,6,0.261,-59.76
ORD00611,C00237,2025-12-09 13:56:47,2025-12-13 13:56:47,Second Class,Consumer,East,Office Supplies,Appliances,363.46,7,0.063,19.47
ORD02421,C00927,2025-11-08 01:53:06,2025-11-11 01:53:06,First Class,Consumer,West,Furniture,Tables,799.97,6,0.269,-132.05
ORD02691,C00696,2024-05-12 11:18:10,2024-05-17 11:18:10,Standard Class,Corporate,South,Office Supplies,Appliances,241.33,4,0.302,-24.86
ORD02880,C00610,2025-03-12 02:21:07,2025-03-17 02:21:07,Standard Class,Consumer,West,Office Supplies,Art,208.9,3,0.035,33.72
ORD00524,C00645,2024-03-17 08:30:14,2024-03-21 08:30:14,Standard Class,Corporate,East,Technology,Accessories,141.77,1,0.081,17.56
ORD00480,C00328,2025-05-03 07:57:46,2025-05-06 07:57:46,Standard Class,Consumer,North,Technology,Laptops,902.44,7,0.369,-52.64
ORD01107,C00240,2025-12-25 09:43:19,2025-12-30 09:43:19,Standard Class,Corporate,South,Office Supplies,Storage,417.63,8,0.118,44.16
ORD01899,C00807,2024-02-08 09:07:52,2024-02-11 09:07:52,First Class,Corporate,North,Furniture,Furnishings,226.8,1,0.17,6.56
ORD00361,C00399,2025-04-24 07:09:09,2025-04-25 07:09:09,First Class,Corporate,South,Technology,Laptops,255.7,2,0.219,16.56
ORD01914,C00678,2025-11-21 05:30:30,2025-11-25 05:30:30,Standard Class,Corporate,East,Furniture,Furnishings,504.59,2,0.237,-52.56
ORD00202,C00505,2025-09-10 10:40:15,2025-09-13 10:40:15,Standard Class,Home Office,South,Office Supplies,Binders,197.72,7,0.116,-3.89
ORD00547,C00020,2024-10-13 12:19:57,2024-10-15 12:19:57,Second Class,Consumer,North,Office Supplies,Binders,20.84,2,0.248,-1.52
ORD01518,C00824,2024-03-16 20:42:42,2024-03-19 20:42:42,Second Class,Corporate,East,Furniture,Furnishings,175.36,1,0.263,-23.09
ORD02237,C00019,2025-11-05 10:44:06,2025-11-09 10:44:06,Second Class,Home Office,East,Furniture,Furnishings,622.03,3,0.059,17.74
ORD01618,C00319,2025-11-03 13:34:15,2025-11-06 13:34:15,Standard Class,Corporate,East,Office Supplies,Storage,198.42,3,0.057,18.18
ORD02759,C00715,2025-02-26 15:41:10,2025-03-01 15:41:10,Standard Class,Consumer,East,Technology,Phones,455.03,4,0.178,-1.0
ORD00749,C00549,2025-12-15 14:14:07,2025-12-19 14:14:07,Standard Class,Home Office,North,Technology,Laptops,592.25,5,0.067,110.42
ORD00375,C00783,2024-01-04 08:55:16,2024-01-06 08:55:16,Same Day,Consumer,East,Technology,Accessories,272.91,2,0.1,52.8
ORD03588,C00893,2025-03-26 03:01:05,2025-03-30 03:01:05,Second Class,Consumer,South,Furniture,Tables,221.65,1,0.297,-14.35
ORD01700,C00675,2024-01-29 03:15:20,2024-02-01 03:15:20,First Class,Consumer,South,Office Supplies,Paper,43.7,1,0.144,1.17
ORD02370,C00248,2025-11-14 01:21:49,2025-11-17 01:21:49,Standard Class,Consumer,North,Office Supplies,Paper,122.52,6,0.061,12.53
ORD02800,C00004,2025-05-11 16:56:14,2025-05-16 16:56:14,Standard Class,Consumer,East,Technology,Phones,1093.93,6,0.223,7.95
ORD01139,C00692,2025-10-28 19:16:13,2025-11-02 19:16:13,Standard Class,Consumer,East,Office Supplies,Paper,128.64,3,0.042,23.58
ORD00253,C00303,2025-02-14 17:56:36,2025-02-17 17:56:36,First Class,Home Office,South,Office Supplies,Art,419.17,8,0.101,47.87
ORD03255,C00622,2024-01-20 08:50:53,2024-01-24 08:50:53,Standard Class,Consumer,West,Office Supplies,Binders,297.01,5,0.002,46.69
ORD02665,C00485,2024-09-01 23:14:48,2024-09-03 23:14:48,Second Class,Consumer,West,Office Supplies,Paper,116.4,7,0.158,9.5
ORD02156,C00143,2025-06-26 17:25:06,2025-06-29 17:25:06,Standard Class,Home Office,North,Furniture,Chairs,1609.24,7,0.252,-168.13
ORD03380,C00347,2024-04-20 06:05:10,2024-04-24 06:05:10,Standard Class,Corporate,East,Furniture,Bookcases,510.65,3,0.145,-27.37
ORD01737,C00935,2025-09-14 01:35:10,2025-09-18 01:35:10,Standard Class,Consumer,South,Office Supplies,Appliances,262.88,5,0.292,-32.89
ORD00192,C00306,2024-06-23 19:45:00,2024-06-28 19:45:00,Standard Class,Consumer,West,Technology,Laptops,688.33,5,0.176,94.87
ORD02930,C00743,2024-12-28 09:14:03,2024-12-30 09:14:03,First Class,Corporate,North,Furniture,Chairs,759.63,4,0.173,-5.95
ORD03135,C00662,2024-05-28 05:58:46,2024-05-30 05:58:46,Same Day,Corporate,South,Furniture,Bookcases,710.71,6,0.251,-109.52
ORD01431,C00407,2024-12-06 00:04:13,2024-12-10 00:04:13,Second Class,Corporate,South,Furniture,Chairs,191.52,3,0.155,-0.4
ORD00776,C00721,2024-11-26 02:05:24,2024-11-30 02:05:24,Standard Class,Consumer,South,Office Supplies,Storage,60.79,1,0.054,7.81
ORD03131,C00532,2024-01-04 23:53:19,2024-01-08 23:53:19,Second Class,Corporate,East,Technology,Phones,123.09,1,0.178,4.41
ORD00220,C00592,2025-02-18 12:03:26,2025-02-23 12:03:26,Standard Class,Corporate,East,Furniture,Bookcases,334.79,4,0.083,0.57
ORD00017,C00343,2025-07-28 06:06:10,2025-07-30 06:06:10,First Class,Corporate,North,Office Supplies,Storage,453.62,8,0.175,-19.33
ORD03253,C00894,2025-11-14 11:33:23,2025-11-18 11:33:23,Second Class,Home Office,East,Office Supplies,Art,68.51,2,0.045,3.14
ORD00960,C00249,2024-08-29 10:08:43,2024-09-03 10:08:43,Standard Class,Corporate,West,Office Supplies,Storage,219.57,5,0.086,13.78
ORD03071,C00510,2025-10-04 19:52:13,2025-10-09 19:52:13,Standard Class,Corporate,West,Office Supplies,Appliances,132.26,2,0.369,-22.52
ORD02069,C00851,2025-10-03 11:56:19,2025-10-07 11:56:19,Standard Class,Corporate,East,Office Supplies,Binders,221.87,6,0.181,11.89
ORD03634,C00674,2025-12-22 12:27:56,2025-12-25 12:27:56,Standard Class,Corporate,South,Office Supplies,Appliances,27.96,2,0.095,2.7
ORD03261,C00556,2024-09-29 08:01:17,2024-09-30 08:01:17,First Class,Consumer,North,Office Supplies,Art,166.94,4,0.094,14.9
ORD01884,C00077,2025-09-13 03:37:08,2025-09-15 03:37:08,Second Class,Consumer,West,Office Supplies,Art,382.13,7,0.098,-1.11
ORD02901,C00351,2025-02-16 12:09:53,2025-02-21 12:09:53,Standard Class,Corporate,East,Technology,Laptops,376.09,3,0.188,20.33
ORD00636,C00426,2024-02-12 12:54:09,2024-02-15 12:54:09,Standard Class,Corporate,East,Furniture,Chairs,1349.44,8,0.13,-109.95
ORD03643,C00808,2024-07-16 08:23:17,2024-07-18 08:23:17,Second Class,Consumer,West,Office Supplies,Paper,34.85,1,0.052,5.67
ORD03577,C00812,2025-05-05 14:20:25,2025-05-10 14:20:25,Standard Class,Consumer,North,Office Supplies,Binders,13.97,1,0.08,1.86
ORD01017,C00420,2024-04-27 05:30:26,2024-05-01 05:30:26,Standard Class,Corporate,East,Office Supplies,Art,63.7,2,0.208,-1.6
ORD02034,C00338,2024-11-13 08:30:13,2024-11-15 08:30:13,Second Class,Corporate,North,Office Supplies,Paper,111.33,2,0.141,8.35
ORD03598,C00176,2025-07-19 16:23:11,2025-07-24 16:23:11,Standard Class,Consumer,North,Office Supplies,Paper,94.65,4,0.251,-1.42
ORD01275,C00454,2024-04-19 07:47:12,2024-04-22 07:47:12,Standard Class,Consumer,South,Technology,Accessories,976.09,8,0.321,-86.42
ORD00448,C00145,2024-12-28 12:15:54,2024-12-31 12:15:54,Standard Class,Consumer,South,Furniture,Tables,445.57,2,0.297,-79.5
ORD03824,C00158,2024-06-05 20:19:25,2024-06-10 20:19:25,Standard Class,Home Office,West,Technology,Accessories,399.45,3,0.18,-0.76
ORD00777,C00893,2025-01-26 15:16:06,2025-01-28 15:16:06,First Class,Home Office,South,Furniture,Furnishings,214.04,1,0.26,-33.17
ORD00615,C00511,2024-06-24 17:15:53,2024-06-26 17:15:53,First Class,Corporate,West,Office Supplies,Paper,432.21,6,0.22,-31.64
ORD01821,C00363,2025-12-05 18:05:15,2025-12-05 18:05:15,Same Day,Consumer,East,Technology,Laptops,761.06,5,0.079,71.07
ORD01803,C00400,2024-02-25 23:48:15,2024-02-25 23:48:15,Same Day,Corporate,East,Office Supplies,Storage,38.57,1,0.247,-3.67
ORD00823,C00376,2025-12-04 09:55:12,2025-12-07 09:55:12,Standard Class,Consumer,West,Office Supplies,Paper,92.8,4,0.077,1.13
ORD03439,C00798,2025-08-01 01:38:56,2025-08-05 01:38:56,Standard Class,Home Office,South,Furniture,Furnishings,161.89,2,0.356,-29.29
ORD00124,C00511,2025-09-16 14:50:59,2025-09-19 14:50:59,Second Class,Consumer,South,Furniture,Tables,346.19,4,0.168,-16.1
ORD03591,C00613,2025-09-13 14:26:21,2025-09-17 14:26:21,Standard Class,Consumer,North,Office Supplies,Binders,92.28,3,0.308,-5.51
ORD02494,C00547,2024-05-16 22:54:53,2024-05-18 22:54:53,Same Day,Corporate,South,Office Supplies,Paper,227.53,7,0.121,16.48
ORD01026,C00536,2025-11-10 16:43:38,2025-11-13 16:43:38,Standard Class,Consumer,West,Furniture,Furnishings,192.51,1,0.197,-6.65
ORD01590,C00411,2025-03-09 19:39:27,2025-03-12 19:39:27,Standard Class,Corporate,South,Office Supplies,Storage,125.61,5,0.323,-13.82
ORD00315,C00730,2025-12-03 08:59:45,2025-12-05 08:59:45,Second Class,Corporate,South,Office Supplies,Storage,218.55,7,0.095,14.4
ORD03598,C00889,2025-10-03 01:08:34,2025-10-06 01:08:34,First Class,Consumer,North,Office Supplies,Art,14.62,1,0.17,1.03
ORD02750,C00328,2025-02-27 02:46:07,2025-03-02 02:46:07,Second Class,Consumer,East,Office Supplies,Binders,229.77,8,0.328,-36.33
ORD03836,C00315,2024-09-30 08:36:29,2024-10-03 08:36:29,Second Class,Corporate,East,Office Supplies,Binders,378.11,7,0.168,3.04
ORD00170,C00723,2024-03-26 14:52:15,2024-03-31 14:52:15,Standard Class,Corporate,South,Office Supplies,Storage,143.5,3,0.31,-20.97
ORD03609,C00108,2024-03-14 19:22:48,2024-03-18 19:22:48,Second Class,Consumer,East,Furniture,Furnishings,584.6,4,0.153,36.95
ORD03249,C00431,2024-10-11 11:42:44,2024-10-14 11:42:44,Second Class,Consumer,East,Office Supplies,Binders,231.46,6,0.171,-5.27
ORD02013,C00945,2025-08-15 00:04:12,2025-08-20 00:04:12,Standard Class,Corporate,West,Office Supplies,Art,183.61,5,0.187,10.99
ORD02408,C00662,2025-01-03 21:37:24,2025-01-05 21:37:24,Second Class,Consumer,North,Office Supplies,Appliances,415.67,7,0.092,8.54
ORD01202,C00209,2024-12-17 16:29:50,2024-12-21 16:29:50,Standard Class,Corporate,East,Furniture,Chairs,1254.73,8,0.25,-138.78
ORD01985,C00389,2024-06-27 10:49:45,2024-07-01 10:49:45,Standard Class,Corporate,North,Office Supplies,Binders,165.54,3,0.233,-8.82
ORD03725,C00897,2025-02-16 00:09:35,2025-02-17 00:09:35,Same Day,Consumer,South,Furniture,Furnishings,102.62,1,0.089,-3.2
ORD03172,C00501,2025-04-10 19:04:48,2025-04-14 19:04:48,Standard Class,Corporate,East,Office Supplies,Binders,158.24,4,0.232,-12.52
ORD01457,C00803,2025-12-17 23:10:05,2025-12-20 23:10:05,Second Class,Consumer,East,Office Supplies,Art,216.13,5,0.07,25.94
ORD02146,C00771,2025-06-16 11:23:04,2025-06-21 11:23:04,Standard Class,Consumer,North,Furniture,Furnishings,594.17,7,0.37,-138.71
ORD01478,C00738,2025-03-19 06:20:39,2025-03-22 06:20:39,First Class,Corporate,West,Furniture,Tables,598.61,3,0.355,-145.27
ORD01357,C00615,2025-10-26 08:32:43,2025-10-30 08:32:43,Standard Class,Home Office,North,Office Supplies,Paper,276.98,8,0.035,48.24
ORD02477,C00127,2024-11-06 05:38:19,2024-11-11 05:38:19,Standard Class,Corporate,East,Office Supplies,Storage,19.39,1,0.022,2.7
ORD01629,C00279,2025-11-13 12:18:18,2025-11-16 12:18:18,First Class,Consumer,West,Technology,Accessories,820.11,5,0.038,164.78
ORD02473,C00034,2024-09-27 02:07:34,2024-09-30 02:07:34,Second Class,Corporate,East,Technology,Laptops,407.47,4,0.123,60.33
ORD03785,C00413,2024-04-03 06:41:29,2024-04-06 06:41:29,Standard Class,Consumer,West,Furniture,Bookcases,1643.3,6,0.088,181.87
ORD00408,C00163,2024-10-31 20:41:24,2024-11-05 20:41:24,Standard Class,Consumer,East,Furniture,Furnishings,429.13,3,0.124,-44.73
ORD01575,C00573,2024-04-03 23:59:12,2024-04-07 23:59:12,Standard Class,Consumer,West,Technology,Phones,1135.92,8,0.169,71.45
ORD00747,C00382,2024-03-27 10:21:06,2024-03-29 10:21:06,First Class,Consumer,East,Furniture,Tables,102.41,1,0.122,-7.72
ORD00260,C00893,2025-10-05 06:46:28,2025-10-08 06:46:28,Second Class,Consumer,East,Office Supplies,Paper,285.15,7,0.056,66.18
ORD00001,C00752,2025-08-03 04:01:47,2025-08-06 04:01:47,First Class,Home Office,North,Furniture,Bookcases,758.47,4,0.261,-85.95
ORD01454,C00214,2024-06-10 11:37:47,2024-06-11 11:37:47,Same Day,Consumer,East,Furniture,Chairs,1082.68,5,0.141,28.83
ORD00386,C00373,2025-09-03 12:47:57,2025-09-07 12:47:57,Standard Class,Corporate,North,Furniture,Furnishings,361.01,3,0.218,-39.38
ORD02806,C00396,2024-02-20 07:09:57,2024-02-24 07:09:57,Second Class,Corporate,West,Furniture,Furnishings,457.07,4,0.156,-16.51
ORD01337,C00030,2024-07-26 14:38:16,2024-07-28 14:38:16,Second Class,Consumer,North,Furniture,Furnishings,806.45,4,0.218,-25.72
ORD00854,C00690,2025-05-30 10:54:12,2025-06-01 10:54:12,First Class,Consumer,North,Office Supplies,Appliances,178.71,3,0.019,30.5
ORD03699,C00069,2024-08-09 18:31:00,2024-08-12 18:31:00,Second Class,Consumer,West,Technology,Phones,131.13,1,0.305,2.71
ORD02443,C00779,2025-06-17 06:25:22,2025-06-20 06:25:22,Standard Class,Consumer,North,Office Supplies,Art,243.18,4,0.077,14.22
ORD03117,C00438,2025-09-30 06:20:10,2025-10-03 06:20:10,First Class,Corporate,South,Furniture,Bookcases,518.34,4,0.185,-42.28
ORD03001,C00432,2024-02-18 05:24:02,2024-02-20 05:24:02,Second Class,Home Office,East,Technology,Laptops,915.53,6,0.127,108.44
ORD00889,C00028,2024-01-18 11:57:38,2024-01-21 11:57:38,First Class,Home Office,North,Furniture,Furnishings,663.33,4,0.064,57.94
ORD02450,C00596,2025-11-17 04:50:07,2025-11-21 04:50:07,Standard Class,Consumer,North,Technology,Accessories,480.83,5,0.198,26.72
ORD00454,C00718,2025-01-14 22:24:51,2025-01-18 22:24:51,Standard Class,Consumer,East,Furniture,Chairs,335.81,4,0.19,-40.48
ORD02075,C00392,2025-01-04 17:25:50,2025-01-06 17:25:50,Second Class,Consumer,North,Office Supplies,Appliances,188.0,4,0.2,-10.87
ORD03894,C00233,2024-12-04 11:35:54,2024-12-08 11:35:54,Second Class,Home Office,North,Furniture,Tables,1315.8,6,0.324,-211.8
ORD00822,C00948,2024-11-12 12:53:36,2024-11-15 12:53:36,Standard Class,Consumer,North,Furniture,Tables,770.14,6,0.048,1.61
ORD02809,C00463,2025-05-18 19:01:15,2025-05-23 19:01:15,Standard Class,Consumer,South,Office Supplies,Storage,112.2,8,0.13,-1.38
ORD00206,C00627,2025-02-27 05:08:29,2025-03-03 05:08:29,Second Class,Corporate,South,Office Supplies,Appliances,53.09,4,0.204,-1.94
ORD02041,C00752,2024-04-29 06:37:21,2024-04-29 06:37:21,Same Day,Corporate,North,Technology,Accessories,134.78,1,0.029,20.72
ORD00491,C00560,2025-04-02 10:42:31,2025-04-05 10:42:31,Standard Class,Consumer,East,Furniture,Chairs,1118.55,5,0.041,93.17
ORD03815,C00525,2025-05-02 21:09:16,2025-05-05 21:09:16,Standard Class,Corporate,East,Furniture,Bookcases,413.06,4,0.317,-74.23
ORD01740,C00650,2024-03-23 22:17:18,2024-03-26 22:17:18,Standard Class,Consumer,North,Technology,Accessories,109.28,1,0.354,-15.24
ORD03721,C00838,2024-10-02 00:22:47,2024-10-07 00:22:47,Standard Class,Consumer,South,Technology,Phones,780.2,7,0.071,75.72
ORD03519,C00650,2025-07-31 01:41:30,2025-08-03 01:41:30,Standard Class,Consumer,West,Office Supplies,Storage,123.23,6,0.154,10.9
ORD00452,C00804,2025-03-27 15:52:58,2025-03-30 15:52:58,Standard Class,Consumer,East,Technology,Laptops,846.9,6,0.224,21.73
ORD01973,C00267,2024-04-09 13:11:57,2024-04-11 13:11:57,Second Class,Home Office,South,Furniture,Furnishings,1205.72,6,0.22,-110.46
ORD02480,C00165,2024-01-30 06:27:52,2024-02-04 06:27:52,Standard Class,Consumer,South,Technology,Phones,748.33,8,0.098,81.76
ORD01679,C00096,2025-02-28 06:49:07,2025-03-05 06:49:07,Standard Class,Corporate,North,Furniture,Bookcases,898.89,6,0.317,-189.56
ORD02691,C00022,2024-12-03 01:27:37,2024-12-04 01:27:37,Same Day,Consumer,West,Furniture,Furnishings,583.76,6,0.165,-31.53
ORD01739,C00423,2025-12-02 13:37:20,2025-12-07 13:37:20,Standard Class,Corporate,West,Furniture,Bookcases,920.26,7,0.081,-56.08
ORD03368,C00821,2025-01-16 05:50:08,2025-01-19 05:50:08,Second Class,Home Office,West,Office Supplies,Storage,405.47,6,0.074,30.41
ORD02457,C00063,2025-11-10 23:40:57,2025-11-13 23:40:57,Standard Class,Consumer,North,Technology,Phones,723.79,6,0.252,-28.44
ORD01945,C00623,2024-06-05 10:59:54,2024-06-08 10:59:54,First Class,Home Office,South,Furniture,Chairs,65.14,1,0.307,-10.22
ORD03336,C00760,2024-11-22 13:21:15,2024-11-25 13:21:15,First Class,Corporate,North,Office Supplies,Art,66.55,4,0.173,-1.2
ORD02651,C00873,2024-04-11 22:12:23,2024-04-16 22:12:23,Standard Class,Corporate,South,Furniture,Furnishings,360.61,3,0.172,-8.93
ORD01055,C00770,2025-02-23 04:29:40,2025-02-25 04:29:40,Second Class,Consumer,South,Office Supplies,Art,456.69,8,0.047,41.36
ORD01383,C00079,2024-05-17 14:04:11,2024-05-19 14:04:11,Second Class,Corporate,East,Technology,Laptops,797.28,5,0.057,131.92
ORD00362,C00144,2024-12-25 08:26:56,2024-12-30 08:26:56,Standard Class,Consumer,North,Furniture,Bookcases,873.79,5,0.23,-81.35
ORD01565,C00937,2024-09-08 05:21:06,2024-09-10 05:21:06,Second Class,Home Office,West,Furniture,Tables,462.04,5,0.333,-68.5
ORD02209,C00090,2024-05-15 13:59:04,2024-05-19 13:59:04,Standard Class,Home Office,North,Technology,Accessories,1026.23,6,0.036,242.67
ORD02197,C00935,2024-03-11 16:06:49,2024-03-16 16:06:49,Standard Class,Consumer,North,Office Supplies,Paper,412.46,7,0.221,-32.13
ORD03088,C00896,2025-01-08 19:09:01,2025-01-10 19:09:01,Same Day,Home Office,West,Technology,Phones,229.71,2,0.037,61.03
ORD00835,C00255,2025-11-22 13:02:34,2025-11-27 13:02:34,Standard Class,Home Office,East,Office Supplies,Storage,260.15,8,0.2,-15.26
ORD01543,C00766,2024-05-25 02:04:09,2024-05-30 02:04:09,Standard Class,Corporate,South,Office Supplies,Art,237.32,7,0.27,-25.22
ORD03090,C00056,2024-10-22 15:29:45,2024-10-25 15:29:45,Standard Class,Consumer,East,Office Supplies,Appliances,74.87,2,0.183,-2.11
ORD02848,C00121,2024-06-12 23:06:30,2024-06-12 23:06:30,Same Day,Consumer,North,Technology,Phones,642.28,5,0.191,71.14
ORD01940,C00354,2025-08-13 13:08:50,2025-08-16 13:08:50,Standard Class,Consumer,North,Technology,Phones,391.19,4,0.119,23.68
ORD03077,C00217,2024-10-29 21:05:30,2024-11-03 21:05:30,Standard Class,Consumer,South,Office Supplies,Binders,152.33,4,0.1,13.32
ORD03320,C00413,2025-12-12 07:47:16,2025-12-15 07:47:16,Second Class,Home Office,South,Technology,Laptops,971.77,7,0.037,60.8
ORD01665,C00257,2024-06-27 23:20:04,2024-07-01 23:20:04,Second Class,Consumer,East,Office Supplies,Art,119.08,3,0.202,1.72
ORD03069,C00256,2024-02-28 22:28:55,2024-03-03 22:28:55,Standard Class,Corporate,North,Office Supplies,Paper,249.48,7,0.122,11.51
ORD00875,C00338,2025-03-01 05:45:13,2025-03-02 05:45:13,Same Day,Corporate,East,Office Supplies,Appliances,91.19,6,0.226,-5.5
ORD02192,C00052,2025-04-20 17:14:56,2025-04-25 17:14:56,Standard Class,Corporate,West,Office Supplies,Art,348.27,7,0.302,-46.22
ORD00972,C00658,2025-12-24 05:47:15,2025-12-27 05:47:15,Second Class,Consumer,North,Technology,Accessories,984.51,6,0.373,-121.38
ORD02682,C00823,2025-09-28 03:05:13,2025-10-02 03:05:13,Second Class,Corporate,North,Technology,Accessories,620.96,5,0.071,84.08
ORD01429,C00380,2025-10-07 10:39:26,2025-10-12 10:39:26,Standard Class,Corporate,South,Furniture,Bookcases,365.05,2,0.359,-107.67
ORD03308,C00201,2025-04-07 23:47:14,2025-04-09 23:47:14,First Class,Corporate,West,Furniture,Chairs,1821.06,8,0.19,-156.71
ORD03560,C00857,2024-09-19 15:57:23,2024-09-22 15:57:23,Second Class,Consumer,East,Furniture,Chairs,1130.02,6,0.121,41.38
ORD01321,C00829,2024-11-09 04:32:15,2024-11-13 04:32:15,Standard Class,Corporate,East,Furniture,Furnishings,418.02,3,0.307,-76.98
ORD00134,C00439,2024-04-07 15:12:34,2024-04-12 15:12:34,Standard Class,Consumer,South,Office Supplies,Paper,60.75,3,0.101,1.12
ORD02843,C00246,2024-11-10 16:27:28,2024-11-14 16:27:28,Standard Class,Corporate,North,Furniture,Chairs,188.26,1,0.202,-12.11
ORD03564,C00710,2024-09-23 00:57:49,2024-09-26 00:57:49,First Class,Consumer,East,Office Supplies,Appliances,139.31,3,0.043,19.93
ORD03603,C00807,2024-01-27 04:56:54,2024-01-31 04:56:54,Standard Class,Consumer,North,Furniture,Furnishings,374.54,2,0.152,2.9
ORD00905,C00031,2024-05-29 06:16:30,2024-05-31 06:16:30,First Class,Corporate,East,Furniture,Furnishings,1675.17,8,0.192,-80.21
ORD00122,C00269,2025-01-25 06:12:18,2025-01-30 06:12:18,Standard Class,Consumer,North,Furniture,Chairs,577.69,4,0.103,44.32
ORD00299,C00819,2024-09-26 14:53:21,2024-09-27 14:53:21,Same Day,Home Office,South,Office Supplies,Appliances,97.39,6,0.135,2.46
ORD01947,C00096,2025-12-26 06:52:23,2025-12-27 06:52:23,First Class,Home Office,East,Office Supplies,Paper,246.15,7,0.121,9.86
ORD01058,C00235,2024-12-15 07:48:20,2024-12-20 07:48:20,Standard Class,Consumer,East,Technology,Phones,1182.94,8,0.093,195.94
ORD00565,C00781,2025-11-30 20:33:21,2025-12-04 20:33:21,Standard Class,Consumer,East,Office Supplies,Appliances,245.86,4,0.031,24.67
ORD00778,C00774,2025-04-27 07:39:35,2025-04-28 07:39:35,First Class,Consumer,South,Furniture,Tables,218.67,1,0.092,-1.27
ORD01503,C00264,2024-01-30 11:47:40,2024-02-02 11:47:40,Standard Class,Home Office,West,Office Supplies,Art,217.46,5,0.084,4.9
ORD00210,C00825,2024-05-28 12:21:32,2024-06-02 12:21:32,Standard Class,Corporate,West,Technology,Phones,1193.55,8,0.097,256.26
ORD03232,C00294,2025-05-30 05:33:48,2025-06-02 05:33:48,First Class,Consumer,West,Office Supplies,Binders,47.3,3,0.117,7.52
ORD03725,C00197,2025-02-01 22:27:33,2025-02-03 22:27:33,First Class,Consumer,East,Office Supplies,Appliances,33.42,1,0.141,0.85
ORD00776,C00388,2024-08-08 06:55:13,2024-08-12 06:55:13,Second Class,Consumer,East,Office Supplies,Storage,365.32,6,0.031,60.86
ORD02245,C00565,2025-01-16 02:55:23,2025-01-19 02:55:23,First Class,Corporate,East,Office Supplies,Appliances,249.1,5,0.311,-21.99
ORD00141,C00575,2025-10-21 04:22:11,2025-10-23 04:22:11,Second Class,Consumer,South,Office Supplies,Binders,70.56,2,0.162,0.54
ORD00332,C00248,2024-10-10 18:09:54,2024-10-12 18:09:54,Second Class,Consumer,South,Office Supplies,Appliances,48.15,1,0.35,-5.55
ORD01110,C00604,2024-02-02 22:24:37,2024-02-07 22:24:37,Standard Class,Corporate,East,Office Supplies,Appliances,67.72,5,0.097,1.08
ORD03303,C00017,2024-08-15 00:00:20,2024-08-18 00:00:20,Second Class,Consumer,North,Furniture,Furnishings,419.78,2,0.102,6.3
ORD03040,C00072,2025-11-14 04:30:51,2025-11-17 04:30:51,Second Class,Consumer,North,Office Supplies,Binders,91.75,2,0.269,-15.73
ORD02772,C00237,2025-07-10 02:20:22,2025-07-13 02:20:22,Second Class,Corporate,West,Office Supplies,Binders,35.96,3,0.293,-5.01
ORD00420,C00905,2025-09-03 08:34:30,2025-09-05 08:34:30,Same Day,Home Office,North,Technology,Accessories,510.16,4,0.074,38.37
ORD00845,C00668,2025-10-27 11:20:55,2025-10-30 11:20:55,Standard Class,Consumer,East,Office Supplies,Binders,99.3,7,0.124,-3.39
ORD02286,C00050,2024-03-26 18:40:36,2024-03-30 18:40:36,Second Class,Home Office,East,Office Supplies,Binders,202.41,4,0.155,-0.36
ORD01440,C00067,2024-07-25 08:25:30,2024-07-30 08:25:30,Standard Class,Consumer,North,Office Supplies,Appliances,182.1,7,0.083,19.49
ORD02896,C00794,2024-02-13 16:07:20,2024-02-18 16:07:20,Standard Class,Home Office,West,Furniture,Bookcases,586.34,5,0.194,-49.6
ORD02155,C00480,2024-01-04 10:58:06,2024-01-09 10:58:06,Standard Class,Consumer,North,Office Supplies,Appliances,167.61,4,0.182,-3.97
ORD02224,C00679,2025-09-01 08:04:41,2025-09-01 08:04:41,Same Day,Corporate,West,Furniture,Furnishings,685.92,5,0.065,19.61
ORD02245,C00295,2025-11-14 23:18:50,2025-11-19 23:18:50,Standard Class,Consumer,West,Office Supplies,Binders,27.11,2,0.18,0.39
ORD03646,C00275,2024-04-23 16:52:27,2024-04-27 16:52:27,Second Class,Home Office,North,Office Supplies,Appliances,508.65,8,0.176,-10.27
ORD02167,C00151,2025-06-11 04:24:03,2025-06-15 04:24:03,Second Class,Home Office,North,Furniture,Chairs,363.7,3,0.092,-4.73
ORD02953,C00567,2025-01-25 11:24:56,2025-01-28 11:24:56,First Class,Consumer,South,Office Supplies,Paper,307.85,8,0.037,47.21
ORD01892,C00544,2024-02-20 12:49:52,2024-02-23 12:49:52,Second Class,Consumer,South,Furniture,Tables,1037.78,6,0.273,-197.29
ORD00344,C00522,2025-10-30 11:50:59,2025-11-04 11:50:59,Standard Class,Corporate,North,Furniture,Chairs,184.78,3,0.201,-22.72
ORD02113,C00886,2025-09-28 00:06:04,2025-10-01 00:06:04,Standard Class,Consumer,West,Technology,Laptops,673.3,4,0.151,79.31
ORD03337,C00633,2025-02-18 05:41:27,2025-02-22 05:41:27,Second Class,Corporate,North,Furniture,Chairs,136.0,1,0.199,-18.98
ORD02964,C00885,2025-05-31 18:12:20,2025-06-03 18:12:20,Standard Class,Corporate,West,Furniture,Furnishings,598.89,5,0.179,8.37
ORD02137,C00701,2024-10-16 23:31:38,2024-10-21 23:31:38,Standard Class,Consumer,North,Office Supplies,Appliances,30.16,1,0.104,0.77
ORD03729,C00125,2025-08-01 18:32:21,2025-08-04 18:32:21,Standard Class,Consumer,West,Technology,Accessories,837.74,6,0.072,132.89
ORD03774,C00489,2024-11-20 20:40:52,2024-11-24 20:40:52,Standard Class,Home Office,North,Office Supplies,Binders,18.57,2,0.126,0.13
ORD03675,C00923,2025-12-23 02:21:23,2025-12-23 02:21:23,Same Day,Consumer,South,Furniture,Bookcases,212.68,2,0.22,-21.85
ORD03842,C00680,2024-02-16 01:48:46,2024-02-17 01:48:46,First Class,Corporate,East,Furniture,Bookcases,293.15,2,0.056,10.58
ORD01297,C00111,2024-05-05 16:03:35,2024-05-07 16:03:35,Second Class,Consumer,North,Furniture,Tables,201.39,1,0.079,-0.11
ORD00639,C00188,2025-12-08 04:32:26,2025-12-12 04:32:26,Standard Class,Consumer,West,Office Supplies,Paper,268.55,8,0.235,-30.51
ORD01725,C00074,2024-07-29 19:27:18,2024-07-31 19:27:18,Same Day,Consumer,South,Technology,Accessories,917.0,8,0.163,21.95
ORD00969,C00658,2024-08-14 18:39:40,2024-08-16 18:39:40,Second Class,Consumer,East,Office Supplies,Appliances,188.72,8,0.055,24.88
ORD00625,C00416,2025-07-31 15:08:52,2025-07-31 15:08:52,Same Day,Corporate,East,Office Supplies,Binders,165.13,6,0.305,-13.9
ORD02549,C00406,2024-05-18 05:38:54,2024-05-21 05:38:54,Standard Class,Consumer,East,Technology,Accessories,367.82,2,0.021,58.5
ORD00430,C00927,2025-01-09 21:11:40,2025-01-12 21:11:40,Standard Class,Corporate,North,Technology,Phones,774.16,7,0.39,-130.01
ORD00218,C00894,2024-07-27 19:32:55,2024-07-29 19:32:55,Second Class,Corporate,North,Technology,Accessories,771.65,7,0.006,155.66
ORD00719,C00090,2024-05-24 11:50:28,2024-05-26 11:50:28,First Class,Consumer,North,Technology,Phones,245.01,2,0.074,36.28
ORD01564,C00812,2025-12-04 23:49:06,2025-12-08 23:49:06,Standard Class,Consumer,South,Furniture,Furnishings,1139.8,7,0.142,-37.21
ORD02573,C00888,2024-05-25 22:11:49,2024-05-29 22:11:49,Standard Class,Corporate,North,Office Supplies,Storage,348.9,8,0.13,9.94
ORD03854,C00002,2024-03-09 19:53:29,2024-03-13 19:53:29,Second Class,Corporate,West,Office Supplies,Appliances,162.95,4,0.092,11.46
ORD02437,C00868,2025-05-06 23:23:18,2025-05-07 23:23:18,Same Day,Corporate,East,Office Supplies,Binders,255.4,5,0.017,33.76
ORD02051,C00722,2025-09-25 03:08:57,2025-09-29 03:08:57,Second Class,Consumer,East,Furniture,Bookcases,1144.95,7,0.239,-244.62
ORD01152,C00269,2024-04-03 01:43:34,2024-04-06 01:43:34,First Class,Corporate,South,Furniture,Bookcases,175.51,3,0.254,-26.73
ORD01292,C00572,2025-05-31 17:25:30,2025-06-04 17:25:30,Second Class,Consumer,South,Office Supplies,Art,242.7,8,0.196,0.82
ORD02411,C00040,2025-01-29 18:39:24,2025-02-01 18:39:24,First Class,Corporate,East,Office Supplies,Binders,72.05,3,0.076,11.13
ORD00725,C00678,2025-08-28 21:56:09,2025-08-31 21:56:09,Standard Class,Consumer,South,Office Supplies,Art,373.19,8,0.115,35.2
ORD00306,C00327,2024-04-02 16:14:38,2024-04-05 16:14:38,Standard Class,Corporate,South,Office Supplies,Binders,49.31,2,0.216,-2.25
ORD02925,C00246,2025-12-13 09:43:29,2025-12-17 09:43:29,Second Class,Consumer,South,Office Supplies,Storage,162.6,6,0.16,-8.57
ORD03834,C00754,2025-03-27 22:49:10,2025-03-29 22:49:10,Second Class,Corporate,East,Office Supplies,Binders,227.64,5,0.169,-3.73
ORD03628,C00758,2025-09-06 18:32:58,2025-09-11 18:32:58,Standard Class,Consumer,West,Office Supplies,Binders,108.12,3,0.031,11.7
ORD02625,C00337,2024-09-21 05:34:39,2024-09-24 05:34:39,Standard Class,Corporate,North,Office Supplies,Art,193.72,4,0.094,3.35
ORD03605,C00134,2025-11-19 16:03:31,2025-11-23 16:03:31,Second Class,Consumer,East,Technology,Laptops,234.52,2,0.2,-2.82
ORD02954,C00703,2025-04-02 05:52:32,2025-04-03 05:52:32,First Class,Corporate,North,Office Supplies,Appliances,168.49,6,0.161,-2.13
ORD00254,C00854,2024-04-02 15:54:20,2024-04-05 15:54:20,Standard Class,Consumer,South,Office Supplies,Art,371.94,8,0.319,-76.23
ORD01521,C00832,2025-11-04 17:14:04,2025-11-05 17:14:04,First Class,Consumer,East,Office Supplies,Storage,237.96,5,0.043,38.9
ORD00296,C00413,2025-08-03 22:12:56,2025-08-08 22:12:56,Standard Class,Corporate,North,Office Supplies,Binders,177.11,3,0.233,-2.99
ORD01014,C00493,2024-08-07 03:31:38,2024-08-11 03:31:38,Standard Class,Consumer,East,Technology,Laptops,800.04,6,0.273,-30.65
ORD03863,C00101,2025-02-02 08:14:17,2025-02-06 08:14:17,Standard Class,Consumer,South,Office Supplies,Paper,151.23,4,0.228,-6.51
ORD03220,C00311,2024-10-10 06:48:53,2024-10-14 06:48:53,Standard Class,Corporate,North,Office Supplies,Binders,121.71,8,0.138,6.68
ORD03717,C00665,2025-01-31 18:02:34,2025-02-04 18:02:34,Standard Class,Corporate,West,Office Supplies,Art,219.07,3,0.174,-4.24
ORD01876,C00727,2025-12-05 17:21:25,2025-12-09 17:21:25,Second Class,Home Office,South,Office Supplies,Storage,213.05,5,0.179,13.82
ORD00856,C00368,2025-10-18 05:06:21,2025-10-20 05:06:21,Second Class,Consumer,West,Technology,Phones,441.26,4,0.146,23.69
ORD01478,C00875,2024-06-06 08:15:44,2024-06-09 08:15:44,Standard Class,Consumer,South,Technology,Accessories,1028.47,8,0.239,-97.52
ORD00771,C00242,2025-12-10 10:00:10,2025-12-13 10:00:10,First Class,Corporate,West,Office Supplies,Art,46.63,1,0.196,0.05
ORD03765,C00666,2024-11-15 16:48:12,2024-11-16 16:48:12,Same Day,Consumer,South,Technology,Accessories,473.78,5,0.195,21.13
ORD02299,C00635,2025-05-29 12:46:02,2025-06-03 12:46:02,Standard Class,Corporate,South,Office Supplies,Art,366.33,7,0.045,33.39
ORD00190,C00565,2025-07-11 21:11:19,2025-07-15 21:11:19,Standard Class,Consumer,East,Office Supplies,Storage,163.12,3,0.073,24.57
ORD01237,C00317,2024-12-18 13:04:50,2024-12-23 13:04:50,Standard Class,Home Office,South,Furniture,Tables,499.69,5,0.186,-32.05
ORD01942,C00674,2024-11-29 08:38:04,2024-12-03 08:38:04,Second Class,Corporate,South,Office Supplies,Paper,165.37,3,0.088,4.83
ORD02801,C00206,2024-11-29 04:11:44,2024-12-02 04:11:44,Standard Class,Consumer,West,Technology,Phones,683.67,4,0.247,-20.09
ORD03496,C00788,2025-09-21 15:51:48,2025-09-23 15:51:48,Second Class,Consumer,East,Office Supplies,Appliances,189.37,8,0.152,5.72
ORD00803,C00573,2024-10-09 00:42:08,2024-10-11 00:42:08,Second Class,Consumer,East,Furniture,Tables,408.33,3,0.144,-6.48
ORD02752,C00390,2024-07-23 08:15:15,2024-07-25 08:15:15,Second Class,,East,Technology,Laptops,322.03,2,0.299,-1.35
ORD03144,C00333,2024-09-20 23:12:53,2024-09-25 23:12:53,Standard Class,Corporate,West,Furniture,Tables,711.78,5,0.139,23.01
ORD03045,C00120,2024-05-22 06:20:45,2024-05-25 06:20:45,Standard Class,Consumer,West,Office Supplies,Storage,289.82,4,0.108,0.68
ORD01101,C00051,2024-10-12 19:11:59,2024-10-17 19:11:59,Standard Class,Consumer,East,Technology,Accessories,738.05,7,0.169,37.33
ORD01322,C00298,2024-03-24 06:39:15,2024-03-26 06:39:15,First Class,Consumer,South,Technology,Accessories,154.12,1,0.101,7.44
ORD00543,C00216,2024-03-06 12:28:36,2024-03-10 12:28:36,Second Class,Corporate,North,Furniture,Bookcases,1499.48,8,0.095,142.85
ORD02268,C00653,2025-06-12 09:51:21,2025-06-16 09:51:21,Second Class,Consumer,East,Furniture,Furnishings,844.64,6,0.048,19.05
ORD01335,C00428,2024-02-26 12:40:48,2024-03-01 12:40:48,Second Class,Consumer,West,Furniture,Furnishings,1619.69,7,0.209,-95.67
ORD01612,C00146,2025-02-18 18:57:14,2025-02-21 18:57:14,Standard Class,Home Office,South,Office Supplies,Appliances,44.51,4,0.18,-2.14
ORD00078,C00546,2025-07-23 07:19:10,2025-07-26 07:19:10,Standard Class,Consumer,North,Furniture,Chairs,377.66,4,0.204,-59.61
ORD03683,C00603,2025-06-12 20:55:00,2025-06-16 20:55:00,Standard Class,Consumer,South,Technology,Laptops,332.7,3,0.14,4.25
ORD02515,C00462,2024-11-21 15:11:49,2024-11-25 15:11:49,Standard Class,Home Office,East,Office Supplies,Art,117.87,7,0.02,15.45
ORD00929,C00620,2024-05-21 08:26:03,2024-05-24 08:26:03,Standard Class,Consumer,West,Office Supplies,Storage,16.09,1,0.201,0.24
ORD00265,C00872,2025-11-10 09:35:32,2025-11-13 09:35:32,Standard Class,Home Office,North,Furniture,Tables,562.15,5,0.111,22.03
ORD01522,C00568,2025-09-01 16:01:07,2025-09-04 16:01:07,Second Class,Corporate,East,Office Supplies,Binders,64.47,3,0.061,2.89
ORD00576,C00325,2025-03-22 22:06:43,2025-03-26 22:06:43,Standard Class,Corporate,East,Office Supplies,Appliances,126.46,6,0.044,16.97
ORD00735,C00595,2024-03-04 08:03:46,2024-03-07 08:03:46,Standard Class,Consumer,West,Technology,Laptops,1091.96,8,0.312,-19.34
ORD03094,C00824,2024-01-26 16:16:59,2024-01-29 16:16:59,Standard Class,Consumer,North,Office Supplies,Binders,340.08,6,0.077,40.32
ORD00207,C00609,2024-08-18 02:39:18,2024-08-22 02:39:18,Standard Class,Consumer,West,Technology,Accessories,103.1,1,0.256,-2.76
ORD01972,C00455,2024-04-24 23:48:32,2024-04-28 23:48:32,Standard Class,Consumer,East,Furniture,Bookcases,936.74,4,0.057,56.89
ORD03013,C00110,2025-09-20 01:27:11,2025-09-24 01:27:11,Standard Class,Consumer,West,Technology,Phones,99.34,1,0.252,0.01
ORD02312,C00647,2024-05-30 05:57:45,2024-06-04 05:57:45,Standard Class,Corporate,North,Office Supplies,Storage,56.06,4,0.354,-5.1
ORD00514,C00744,2024-07-25 08:02:36,2024-07-26 08:02:36,Same Day,Corporate,East,Technology,Laptops,288.31,2,0.148,44.12
ORD01097,C00513,2025-12-13 06:53:42,2025-12-18 06:53:42,Standard Class,Consumer,East,Office Supplies,Paper,185.98,6,0.099,18.62
ORD00673,C00600,2025-08-20 07:54:52,2025-08-25 07:54:52,Standard Class,Corporate,South,Technology,Laptops,607.04,5,0.301,-44.65
ORD03791,C00104,2024-06-08 15:41:52,2024-06-11 15:41:52,Standard Class,Home Office,South,Office Supplies,Appliances,140.87,3,0.082,9.83
ORD02643,C00918,2024-10-06 23:40:30,2024-10-10 23:40:30,Standard Class,Corporate,East,Office Supplies,Storage,171.72,7,0.058,19.04
ORD03849,C00401,2025-01-11 12:02:22,2025-01-15 12:02:22,Second Class,Corporate,East,Office Supplies,Binders,131.49,6,0.029,18.87
ORD00531,C00838,2025-04-29 22:00:56,2025-05-04 22:00:56,Standard Class,Corporate,North,Furniture,Tables,1283.34,6,0.169,-77.93
ORD01426,C00641,2025-11-14 09:49:11,2025-11-15 09:49:11,First Class,Consumer,South,Office Supplies,Binders,51.12,3,0.132,5.87
ORD01381,C00684,2025-09-27 22:07:26,2025-09-28 22:07:26,First Class,Consumer,North,Office Supplies,Paper,134.17,3,0.166,-2.69
ORD03073,C00262,2025-12-14 08:24:59,2025-12-18 08:24:59,Second Class,Home Office,West,Furniture,Bookcases,1036.15,5,0.224,-24.07
ORD00284,C00250,2024-01-30 16:06:25,2024-02-02 16:06:25,Standard Class,Corporate,West,Technology,Phones,947.67,7,0.081,45.46
ORD03128,C00314,2024-06-21 13:02:05,2024-06-25 13:02:05,Standard Class,Corporate,South,Furniture,Bookcases,804.35,7,0.313,-159.78
ORD01825,C00256,2025-02-14 23:46:53,2025-02-19 23:46:53,Standard Class,Home Office,North,Furniture,Furnishings,826.35,7,0.206,-71.09
ORD03563,C00666,2024-02-05 20:32:28,2024-02-07 20:32:28,Second Class,Consumer,North,Furniture,Tables,160.13,1,0.149,
ORD01286,C00146,2024-09-16 09:34:59,2024-09-21 09:34:59,Standard Class,Consumer,South,Office Supplies,Appliances,416.85,8,0.128,5.58
ORD03360,C00697,2024-04-22 03:06:14,2024-04-26 03:06:14,Second Class,Corporate,West,Office Supplies,Paper,70.67,2,0.187,4.55
ORD03488,C00140,2025-11-12 00:45:25,2025-11-17 00:45:25,Standard Class,Consumer,East,Office Supplies,Art,64.6,1,0.052,6.58
ORD01714,C00509,2024-02-16 05:30:53,2024-02-19 05:30:53,Standard Class,Corporate,North,Office Supplies,Binders,95.35,5,0.303,-14.69
ORD03502,C00278,2024-04-18 08:02:36,2024-04-21 08:02:36,Standard Class,Corporate,North,Furniture,Tables,344.09,4,0.231,-46.84
ORD01408,C00699,2024-05-22 10:34:36,2024-05-26 10:34:36,Standard Class,Corporate,North,Technology,Laptops,148.3,1,0.383,-22.36
ORD02577,C00273,2024-04-18 11:22:03,2024-04-21 11:22:03,Second Class,Consumer,West,Furniture,Bookcases,585.3,2,0.302,-69.79
ORD03646,C00800,2025-02-19 01:20:29,2025-02-23 01:20:29,Second Class,Corporate,East,Office Supplies,Storage,81.4,2,0.046,12.96
ORD00693,C00831,2024-09-22 23:22:10,2024-09-25 23:22:10,Standard Class,Consumer,East,Technology,Accessories,531.46,4,0.177,-1.93
ORD01592,C00483,2025-10-28 02:06:10,2025-11-01 02:06:10,Standard Class,Home Office,South,Office Supplies,Paper,183.92,6,0.061,10.02
ORD00208,C00023,2024-07-09 09:31:56,2024-07-10 09:31:56,First Class,Consumer,West,Furniture,Furnishings,1407.96,6,0.169,-112.72
ORD02029,C00661,2025-01-27 04:04:29,2025-02-01 04:04:29,Standard Class,Home Office,South,Office Supplies,Paper,52.79,1,0.121,1.24
ORD01075,C00649,2025-04-26 20:46:16,2025-04-29 20:46:16,Second Class,Consumer,West,Furniture,Chairs,499.45,2,0.102,35.78
ORD00375,C00012,2025-04-01 23:20:13,2025-04-05 23:20:13,Standard Class,Consumer,West,Office Supplies,Appliances,298.68,5,0.107,24.41
ORD03525,C00535,2025-08-04 08:37:35,2025-08-07 08:37:35,Second Class,Consumer,East,Furniture,Chairs,1072.53,7,0.135,13.79
ORD01147,C00028,2024-05-27 08:42:51,2024-05-29 08:42:51,Second Class,Consumer,West,Office Supplies,Appliances,76.73,1,0.075,10.42
ORD02848,C00235,2025-01-05 10:37:53,2025-01-08 10:37:53,Standard Class,,South,Furniture,Tables,426.61,3,0.455,-145.52
ORD00636,C00572,2025-08-07 10:13:30,2025-08-12 10:13:30,Standard Class,Corporate,East,Technology,Phones,130.39,1,0.144,2.91
ORD01038,C00440,2025-09-22 00:02:44,2025-09-25 00:02:44,Standard Class,Corporate,North,Office Supplies,Paper,202.46,4,0.198,-8.0
ORD00322,C00604,2025-03-26 23:39:42,2025-03-31 23:39:42,Standard Class,Consumer,South,Furniture,Bookcases,756.43,4,0.084,42.64
ORD02761,C00395,2025-04-20 21:08:09,2025-04-22 21:08:09,Second Class,Corporate,North,Technology,Accessories,299.92,2,0.056,57.59
ORD01446,C00279,2025-09-22 19:40:38,2025-09-26 19:40:38,Standard Class,Home Office,North,Office Supplies,Binders,326.09,8,0.191,-1.2
ORD03515,C00066,2025-04-01 03:44:42,2025-04-05 03:44:42,Standard Class,Corporate,North,Furniture,Tables,930.93,7,0.18,-3.78
ORD02010,C00587,2025-11-23 15:43:52,2025-11-24 15:43:52,First Class,Consumer,South,Office Supplies,Paper,151.21,5,0.157,1.57
ORD00743,C00515,2024-04-03 03:26:35,2024-04-06 03:26:35,First Class,Consumer,East,Furniture,Bookcases,807.29,7,0.086,14.11
ORD03039,C00097,2024-09-10 23:13:17,2024-09-13 23:13:17,Standard Class,Home Office,South,Office Supplies,Appliances,137.05,3,0.08,0.28
ORD03382,C00110,2024-03-22 21:25:49,2024-03-26 21:25:49,Second Class,Consumer,South,Furniture,Tables,1386.76,8,0.159,12.51
ORD02370,C00731,2024-03-07 02:56:42,2024-03-11 02:56:42,Standard Class,Consumer,West,Office Supplies,Appliances,282.68,4,0.265,-20.71
ORD02710,C00785,2024-12-10 12:24:33,2024-12-13 12:24:33,Second Class,Corporate,West,Office Supplies,Storage,127.8,4,0.113,6.09
ORD03215,C00336,2024-06-13 22:16:31,2024-06-18 22:16:31,Standard Class,Consumer,North,Furniture,Chairs,1260.97,5,0.151,-31.83
ORD00428,C00930,2024-10-24 05:23:40,2024-10-26 05:23:40,Second Class,Corporate,South,Office Supplies,Paper,135.54,5,0.258,-2.66
ORD00908,C00543,2024-11-15 14:59:03,2024-11-20 14:59:03,Standard Class,Consumer,East,Technology,Laptops,612.4,5,0.049,129.18
ORD03041,C00520,2025-03-29 06:34:50,2025-04-03 06:34:50,Standard Class,Corporate,East,Office Supplies,Appliances,564.51,7,0.067,46.95
ORD03100,C00930,2025-11-21 08:33:09,2025-11-24 08:33:09,First Class,Home Office,South,Office Supplies,Art,114.24,3,0.082,10.5
ORD00733,C00584,2025-09-12 01:16:25,2025-09-16 01:16:25,Standard Class,Home Office,East,Furniture,Tables,1340.6,6,0.223,-47.22
ORD00202,C00491,2024-10-03 03:59:17,2024-10-07 03:59:17,Standard Class,Home Office,North,Office Supplies,Art,81.0,2,0.222,-1.55
ORD02111,C00118,2024-08-25 16:14:47,2024-08-28 16:14:47,Standard Class,Home Office,South,Furniture,Bookcases,193.53,2,0.15,-6.67
ORD01081,C00500,2025-07-16 15:56:48,2025-07-19 15:56:48,Second Class,Consumer,East,Furniture,Furnishings,593.2,4,0.168,-80.39
ORD00643,C00311,2024-03-31 06:23:16,2024-04-04 06:23:16,Standard Class,Home Office,East,Technology,Accessories,915.55,5,0.339,-35.48
ORD01731,C00098,2025-01-29 13:09:05,2025-02-01 13:09:05,Second Class,Home Office,West,Office Supplies,Storage,264.59,6,0.159,-5.03
ORD01038,C00507,2024-11-04 19:14:52,2024-11-09 19:14:52,Standard Class,Consumer,North,Office Supplies,Appliances,85.06,2,0.203,-8.7
ORD03733,C00043,2024-05-13 10:48:34,2024-05-15 10:48:34,Second Class,Consumer,North,Technology,Laptops,865.48,7,0.1,37.57
ORD03171,C00881,2025-03-26 00:10:59,2025-03-27 00:10:59,First Class,Consumer,North,Office Supplies,Storage,165.14,5,0.033,15.96
ORD00354,C00876,2024-08-22 03:15:42,2024-08-26 03:15:42,Standard Class,Corporate,North,Office Supplies,Paper,273.79,5,0.135,17.84
ORD03755,C00687,2024-05-15 11:41:23,2024-05-19 11:41:23,Second Class,Corporate,North,Furniture,Tables,1545.28,6,0.158,38.65
ORD01024,C00823,2025-04-21 19:55:18,2025-04-25 19:55:18,Standard Class,Consumer,East,Office Supplies,Storage,211.82,6,0.166,5.59
ORD00639,C00785,2024-05-07 03:57:05,2024-05-11 03:57:05,Standard Class,Consumer,East,Technology,Laptops,554.63,4,0.262,29.01
ORD00595,C00770,2025-05-06 04:23:29,2025-05-10 04:23:29,Second Class,Corporate,East,Office Supplies,Paper,57.87,4,0.23,-3.75
ORD01478,C00120,2024-04-28 07:53:07,2024-05-01 07:53:07,First Class,Consumer,South,Furniture,Chairs,161.38,2,0.143,-7.06
ORD01659,C00944,2024-11-13 08:59:26,2024-11-16 08:59:26,First Class,Home Office,North,Office Supplies,Appliances,263.15,5,0.01,18.92
ORD03523,C00224,2025-08-12 20:02:11,2025-08-14 20:02:11,First Class,Consumer,East,Office Supplies,Appliances,64.03,2,0.051,5.64
ORD01283,C00092,2024-06-15 21:52:15,2024-06-19 21:52:15,Standard Class,Consumer,North,Furniture,Chairs,699.28,6,0.077,-32.59
ORD02670,C00834,2025-07-14 08:50:23,2025-07-17 08:50:23,Second Class,Consumer,West,Technology,Phones,665.91,4,0.084,55.75
ORD00360,C00727,2025-06-10 23:48:24,2025-06-14 23:48:24,Standard Class,Home Office,North,Office Supplies,Storage,114.56,2,0.077,14.24
ORD03202,C00569,2025-10-20 22:33:07,2025-10-21 22:33:07,Same Day,Home Office,East,Office Supplies,Art,108.58,4,0.275,-17.7
ORD01877,C00107,2024-05-03 06:39:20,2024-05-07 06:39:20,Second Class,Consumer,West,Office Supplies,Art,574.99,8,0.197,-45.41
ORD02260,C00303,2025-06-06 00:50:24,2025-06-10 00:50:24,Standard Class,Consumer,East,Furniture,Tables,830.94,5,0.176,-105.8
ORD01894,C00603,2025-11-14 18:27:10,2025-11-15 18:27:10,First Class,Consumer,East,Technology,Phones,358.41,3,0.251,6.68
ORD02890,C00668,2025-07-11 00:05:15,2025-07-14 00:05:15,Second Class,Consumer,East,Furniture,Tables,939.27,4,0.21,-5.24
ORD02458,C00682,2024-05-17 04:04:14,2024-05-19 04:04:14,First Class,Corporate,North,Office Supplies,Paper,112.61,5,0.022,15.95
ORD01423,C00237,2025-08-23 04:15:55,2025-08-27 04:15:55,Second Class,Consumer,East,Furniture,Tables,467.13,2,0.186,-7.0
ORD03280,C00659,2024-03-19 08:06:45,2024-03-22 08:06:45,First Class,Consumer,West,Furniture,Tables,1102.41,5,0.253,-176.91
ORD00424,C00106,2025-03-05 20:33:06,2025-03-09 20:33:06,Standard Class,Consumer,West,Furniture,Chairs,284.68,1,0.131,16.33
ORD03796,C00252,2024-12-29 06:47:15,2025-01-03 06:47:15,Standard Class,Consumer,South,Technology,Laptops,701.13,7,0.215,-21.81
ORD02427,C00017,2025-01-22 16:30:42,2025-01-24 16:30:42,Second Class,Consumer,South,Office Supplies,Art,154.08,5,0.29,-13.19
ORD00405,C00839,2025-01-14 06:30:32,2025-01-19 06:30:32,Standard Class,Consumer,East,Furniture,Tables,219.59,1,0.187,-12.99
ORD01948,C00350,2024-01-23 23:28:18,2024-01-28 23:28:18,Standard Class,Consumer,East,Office Supplies,Storage,214.44,4,0.272,-36.68
ORD01320,C00538,2025-01-05 23:32:23,2025-01-07 23:32:23,Same Day,Consumer,North,Office Supplies,Storage,449.46,8,0.301,-65.63
ORD00201,C00010,2025-11-14 19:45:42,2025-11-17 19:45:42,First Class,Consumer,North,Furniture,Chairs,802.37,8,0.237,-72.53
ORD03792,C00867,2024-11-14 18:24:51,2024-11-16 18:24:51,Same Day,Home Office,North,Furniture,Bookcases,327.91,2,0.058,-6.56
ORD03416,C00380,2024-07-21 03:30:59,2024-07-24 03:30:59,Standard Class,Consumer,South,Office Supplies,Storage,81.4,3,0.105,5.21
ORD02214,C00422,2025-12-27 05:09:24,2025-12-30 05:09:24,Standard Class,Consumer,North,Furniture,Furnishings,246.42,2,0.263,-45.64
ORD00483,C00341,2024-03-13 06:20:50,2024-03-15 06:20:50,First Class,Consumer,North,Technology,Accessories,432.82,3,0.085,70.41
ORD01548,C00326,2024-12-20 23:38:10,2024-12-24 23:38:10,Standard Class,Corporate,North,Furniture,Furnishings,1353.83,7,0.066,-7.99
ORD02798,C00292,2025-01-09 04:42:49,2025-01-13 04:42:49,Standard Class,Home Office,West,Furniture,Tables,1099.9,6,0.073,81.74
ORD01696,C00853,2024-12-14 21:37:26,2024-12-18 21:37:26,Standard Class,Corporate,North,Technology,Phones,336.85,3,0.183,29.43
ORD02114,C00076,2025-11-03 20:38:20,2025-11-05 20:38:20,First Class,Corporate,North,Technology,Accessories,416.63,3,0.221,3.51
ORD03286,C00775,2024-11-03 21:20:29,2024-11-07 21:20:29,Standard Class,Corporate,South,Furniture,Furnishings,1023.11,5,0.09,10.31
ORD00710,C00243,2025-12-11 12:14:41,2025-12-15 12:14:41,Standard Class,Consumer,North,Office Supplies,Paper,152.36,5,0.081,24.18
ORD03368,C00082,2024-02-18 18:47:13,2024-02-23 18:47:13,Standard Class,Home Office,West,Technology,Laptops,695.76,4,0.096,68.34
ORD03820,C00828,2025-06-19 18:33:49,2025-06-23 18:33:49,Standard Class,Corporate,West,Technology,Accessories,735.83,4,0.147,46.8
ORD01151,C00417,2025-03-08 20:36:00,2025-03-11 20:36:00,Second Class,Consumer,South,Office Supplies,Art,196.16,8,0.063,22.89
ORD03624,C00859,2024-06-24 14:21:51,2024-06-28 14:21:51,Second Class,Consumer,South,Office Supplies,Art,230.23,5,0.275,-19.23
ORD01205,C00072,2024-06-15 09:59:43,2024-06-17 09:59:43,Second Class,Consumer,South,Furniture,Bookcases,1514.97,7,0.153,-81.8
ORD02733,C00069,2025-06-09 08:47:54,2025-06-12 08:47:54,Standard Class,Consumer,North,Office Supplies,Art,423.65,8,0.151,-10.67
ORD02729,C00826,2025-04-10 10:54:33,2025-04-14 10:54:33,Standard Class,Corporate,South,Office Supplies,Binders,36.46,3,0.239,-0.96
ORD03651,C00241,2025-03-22 03:41:50,2025-03-26 03:41:50,Standard Class,Consumer,North,Technology,Laptops,1079.25,7,0.149,27.3
ORD00264,C00454,2024-02-07 02:36:08,2024-02-10 02:36:08,First Class,Corporate,North,Office Supplies,Art,399.28,7,0.139,56.96
ORD02320,C00156,2025-03-12 10:54:39,2025-03-16 10:54:39,Standard Class,Home Office,East,Office Supplies,Binders,91.56,2,0.2,-6.74
ORD03299,C00249,2025-12-17 09:54:07,2025-12-21 09:54:07,Standard Class,Consumer,North,Furniture,Bookcases,126.29,2,0.066,0.72
ORD00357,C00548,2024-01-13 15:30:07,2024-01-16 15:30:07,Standard Class,Consumer,North,Furniture,Bookcases,142.65,2,0.058,11.17
ORD00027,C00067,2024-12-08 08:58:08,2024-12-08 08:58:08,Same Day,Corporate,East,Office Supplies,Paper,296.2,5,0.164,10.98
ORD00253,C00732,2024-12-26 21:29:43,2024-12-29 21:29:43,Second Class,Corporate,South,Furniture,Chairs,967.05,7,0.277,-191.18
ORD01798,C00279,2025-10-16 15:09:14,2025-10-20 15:09:14,Standard Class,Consumer,North,Technology,Phones,982.96,7,0.251,64.39
ORD02186,C00864,2024-07-25 11:27:37,2024-07-29 11:27:37,Second Class,Consumer,North,Office Supplies,Paper,134.33,4,0.168,3.89
ORD03091,C00347,2024-12-13 03:49:54,2024-12-16 03:49:54,Standard Class,Corporate,North,Furniture,Chairs,1253.35,6,0.217,-115.07
ORD01644,C00685,2025-06-07 13:12:13,2025-06-09 13:12:13,Second Class,Home Office,North,Office Supplies,Paper,12.36,1,0.348,-1.62
ORD03565,C00921,2024-02-14 00:59:45,2024-02-14 00:59:45,Same Day,Consumer,West,Furniture,Bookcases,1517.78,6,0.188,8.36
ORD00442,C00621,2025-08-07 19:05:04,2025-08-11 19:05:04,Second Class,Consumer,West,Technology,Accessories,648.33,4,0.18,84.7
ORD02445,C00940,2025-08-23 05:10:52,2025-08-24 05:10:52,First Class,Home Office,South,Furniture,Chairs,700.0,7,,-145.54
ORD01814,C00680,2025-06-09 08:12:55,2025-06-14 08:12:55,Standard Class,Consumer,South,Technology,Phones,945.95,8,0.259,-90.06
ORD02070,C00440,2025-04-18 04:10:44,2025-04-23 04:10:44,Standard Class,Consumer,East,Technology,Accessories,969.86,5,0.077,81.72
ORD01963,C00934,2025-06-29 18:08:42,2025-07-03 18:08:42,Second Class,Corporate,East,Office Supplies,Appliances,320.35,5,0.212,-30.32
ORD02719,C00868,2025-07-24 16:23:00,2025-07-26 16:23:00,Second Class,Consumer,North,Furniture,Furnishings,1222.93,8,0.198,-112.41
ORD02794,C00885,2025-10-21 11:28:49,2025-10-26 11:28:49,Standard Class,Consumer,North,Office Supplies,Art,80.96,3,0.028,11.45
ORD03284,C00759,2024-11-08 13:32:09,2024-11-11 13:32:09,Standard Class,Corporate,South,Office Supplies,Paper,98.17,2,0.173,-0.1
ORD01431,C00093,2024-11-28 22:06:23,2024-12-02 22:06:23,Standard Class,Corporate,East,Technology,Laptops,750.86,5,0.156,
ORD00051,C00731,2025-04-10 16:39:06,2025-04-13 16:39:06,Standard Class,,North,Technology,Phones,423.92,3,0.095,15.53
ORD00623,C00217,2024-05-20 22:55:28,2024-05-22 22:55:28,First Class,Consumer,South,Technology,Phones,796.71,6,0.139,54.98
ORD02364,C00256,2025-09-17 01:07:55,2025-09-22 01:07:55,Standard Class,Corporate,South,Furniture,Chairs,458.11,7,0.18,-21.31
ORD00627,C00740,2025-07-16 11:23:37,2025-07-18 11:23:37,First Class,Corporate,South,Technology,Phones,724.36,5,0.082,-3.81
ORD02991,C00705,2025-04-05 16:15:59,2025-04-08 16:15:59,Standard Class,Corporate,South,Office Supplies,Paper,169.07,3,0.122,9.46
ORD00002,C00071,2024-08-08 04:55:57,2024-08-11 04:55:57,Second Class,Corporate,East,Office Supplies,Binders,157.31,5,0.054,36.79
ORD03609,C00941,2024-09-10 19:14:31,2024-09-12 19:14:31,First Class,Corporate,East,Office Supplies,Appliances,114.71,4,0.171,4.64
ORD03869,C00654,2024-11-13 12:45:16,2024-11-17 12:45:16,Second Class,Home Office,North,Office Supplies,Art,41.77,2,0.082,4.37
ORD01558,C00798,2025-04-28 15:31:06,2025-04-29 15:31:06,First Class,Corporate,North,Technology,Accessories,806.16,7,0.128,70.35
ORD03345,C00858,2025-07-21 23:10:14,2025-07-24 23:10:14,Standard Class,Consumer,West,Office Supplies,Binders,197.3,3,0.03,30.19
ORD03516,C00515,2025-05-05 10:53:07,2025-05-10 10:53:07,Standard Class,Home Office,South,Office Supplies,Appliances,248.88,5,0.148,20.23
ORD03163,C00316,2025-11-09 20:25:20,2025-11-11 20:25:20,Second Class,Home Office,North,Technology,Phones,932.44,8,0.173,40.47
ORD02457,C00001,2025-12-02 05:29:00,2025-12-04 05:29:00,Second Class,Consumer,North,Office Supplies,Appliances,30.48,2,0.073,4.67
ORD00808,C00684,2025-05-29 13:56:52,2025-06-02 13:56:52,Second Class,Consumer,West,Technology,Laptops,503.98,4,0.198,31.45
ORD01300,C00358,2024-09-27 18:23:01,2024-09-30 18:23:01,Second Class,Corporate,East,Furniture,Chairs,375.77,2,0.103,33.88
ORD01397,C00399,2025-03-13 07:41:13,2025-03-16 07:41:13,Standard Class,Consumer,West,Furniture,Chairs,496.33,4,0.266,-35.1
ORD03835,C00621,2024-11-06 07:25:57,2024-11-09 07:25:57,Standard Class,Corporate,East,Technology,Laptops,370.63,3,0.446,-67.68
ORD02505,C00395,2025-04-04 05:46:25,2025-04-07 05:46:25,First Class,Consumer,South,Office Supplies,Appliances,479.82,8,0.145,9.46
ORD00229,C00132,2025-08-15 20:23:39,2025-08-18 20:23:39,Second Class,Consumer,South,Office Supplies,Storage,108.95,3,0.278,-13.02
ORD00626,C00826,2024-09-26 14:42:15,2024-09-30 14:42:15,Second Class,Consumer,North,Furniture,Chairs,975.7,5,0.145,27.34
ORD03392,C00385,2025-01-04 04:57:20,2025-01-06 04:57:20,Second Class,Home Office,East,Office Supplies,Storage,33.14,2,0.149,-0.01
ORD01896,C00684,2024-02-03 07:33:05,2024-02-06 07:33:05,First Class,Consumer,East,Office Supplies,Storage,125.42,4,0.138,5.17
ORD02061,C00675,2025-06-21 16:45:38,2025-06-22 16:45:38,First Class,Corporate,North,Technology,Phones,1176.41,7,0.114,122.46
ORD03583,C00237,2024-12-23 14:13:21,2024-12-26 14:13:21,Standard Class,Consumer,West,Technology,Laptops,1030.21,6,0.233,-51.34
ORD02280,C00846,2024-12-01 14:06:35,2024-12-03 14:06:35,First Class,Consumer,South,Office Supplies,Paper,147.38,3,0.241,-9.17
ORD01615,C00939,2025-01-23 16:11:12,2025-01-28 16:11:12,Standard Class,Consumer,North,Office Supplies,Paper,301.45,8,0.259,-41.35
ORD03246,C00666,2024-06-06 07:28:29,2024-06-11 07:28:29,Standard Class,Consumer,South,Furniture,Bookcases,651.39,7,0.194,-64.72
ORD01307,C00807,2025-03-12 12:23:25,2025-03-14 12:23:25,First Class,Corporate,West,Furniture,Bookcases,841.45,4,0.113,40.9
ORD03615,C00580,2025-06-27 23:58:16,2025-07-02 23:58:16,Standard Class,Corporate,West,Office Supplies,Art,120.8,8,0.198,-0.09
ORD00282,C00293,2024-09-12 06:19:36,2024-09-15 06:19:36,Standard Class,Consumer,East,Office Supplies,Storage,39.82,2,0.191,-0.19
ORD03492,C00215,2024-04-05 17:50:18,2024-04-09 17:50:18,Second Class,Consumer,West,Furniture,Tables,610.87,3,0.118,-15.25
ORD00477,C00895,2024-10-09 09:22:13,2024-10-09 09:22:13,Same Day,Corporate,West,Furniture,Tables,515.12,8,0.171,7.02
ORD01819,C00637,2024-05-24 23:11:08,2024-05-28 23:11:08,Standard Class,Corporate,West,Furniture,Chairs,969.76,8,0.179,-78.54
ORD00835,C00461,2024-09-29 23:24:54,2024-10-01 23:24:54,Second Class,Consumer,West,Furniture,Chairs,649.97,7,0.147,12.83
ORD02777,C00796,2025-04-02 13:58:25,2025-04-06 13:58:25,Standard Class,Corporate,South,Office Supplies,Storage,59.01,2,0.252,-1.4
ORD01814,C00533,2024-03-23 18:40:24,2024-03-27 18:40:24,Standard Class,Consumer,East,Office Supplies,Storage,137.61,2,0.267,-20.47
ORD02934,C00416,2025-06-29 12:10:00,2025-07-03 12:10:00,Second Class,Consumer,East,Office Supplies,Art,420.86,6,0.285,-48.18
ORD02197,C00057,2024-06-12 23:13:50,2024-06-15 23:13:50,Second Class,Corporate,East,Technology,Laptops,111.05,1,0.097,11.17
ORD01351,C00844,2025-10-15 02:55:54,2025-10-18 02:55:54,Second Class,Corporate,North,Office Supplies,Storage,152.32,8,0.063,18.4
ORD02858,C00068,2025-06-18 16:24:52,2025-06-22 16:24:52,Second Class,Corporate,East,Office Supplies,Binders,450.32,8,0.015,46.88
ORD01184,C00322,2024-07-17 23:42:55,2024-07-17 23:42:55,Same Day,Consumer,West,Office Supplies,Binders,159.31,7,0.024,15.32
ORD00878,C00572,2025-02-15 03:44:57,2025-02-16 03:44:57,First Class,Consumer,South,Technology,Phones,1162.65,8,0.087,133.39
ORD03204,C00601,2024-03-21 19:53:20,2024-03-24 19:53:20,Standard Class,Corporate,West,Office Supplies,Paper,36.5,2,0.104,1.88
ORD03880,C00616,2024-03-13 19:25:57,2024-03-16 19:25:57,Second Class,Consumer,South,Office Supplies,Binders,367.47,8,0.262,-35.67
ORD02090,C00799,2025-11-28 21:56:14,2025-12-02 21:56:14,Second Class,Consumer,North,Office Supplies,Art,64.86,3,0.062,9.71
ORD03740,C00486,2025-08-08 18:35:48,2025-08-11 18:35:48,Standard Class,Corporate,North,Technology,Accessories,143.83,1,0.162,-0.56
ORD00870,C00843,2024-04-22 17:29:32,2024-04-26 17:29:32,Second Class,Consumer,West,Office Supplies,Art,138.57,3,0.296,-14.03
ORD00020,C00554,2024-07-25 08:42:57,2024-07-29 08:42:57,Second Class,Consumer,East,Technology,Phones,787.83,7,0.134,49.55
ORD03434,C00445,2024-05-24 07:07:31,2024-05-27 07:07:31,Standard Class,Consumer,South,Office Supplies,Binders,244.22,8,0.105,12.61
ORD03243,C00367,2024-10-15 11:13:25,2024-10-18 11:13:25,Standard Class,Home Office,East,Office Supplies,Binders,182.65,5,0.08,11.29
ORD01929,C00438,2024-07-31 16:05:31,2024-08-05 16:05:31,Standard Class,Consumer,South,Furniture,Tables,455.91,2,0.125,-32.33
ORD03336,C00451,2024-08-27 11:39:30,2024-09-01 11:39:30,Standard Class,Consumer,South,Office Supplies,Storage,140.99,5,0.25,-8.73
ORD03401,C00898,2025-01-21 10:56:11,2025-01-24 10:56:11,First Class,Consumer,West,Office Supplies,Storage,109.56,5,0.08,24.43
ORD01407,C00158,2024-05-18 00:13:07,2024-05-23 00:13:07,Standard Class,Consumer,East,Furniture,Furnishings,1016.16,5,0.298,-165.11
ORD00643,C00443,2025-10-06 11:06:14,2025-10-09 11:06:14,Second Class,Consumer,West,Office Supplies,Art,67.76,3,0.113,2.41
ORD02396,C00119,2025-06-15 04:27:13,2025-06-18 04:27:13,Second Class,Corporate,East,Furniture,Bookcases,473.2,2,0.216,-55.27
ORD03474,C00004,2025-07-09 04:45:58,2025-07-12 04:45:58,Standard Class,Consumer,West,Technology,Phones,523.34,3,0.057,110.54
ORD02257,C00432,2024-05-03 17:14:28,2024-05-07 17:14:28,Standard Class,Consumer,North,Office Supplies,Storage,145.9,8,0.226,-11.42
ORD01578,C00460,2025-05-31 22:55:13,2025-06-05 22:55:13,Standard Class,Consumer,South,Technology,Accessories,603.88,4,0.279,1.51
ORD00911,C00279,2025-09-02 11:00:39,2025-09-05 11:00:39,Standard Class,Consumer,North,Office Supplies,Storage,44.07,1,0.053,1.91
ORD01141,C00574,2024-05-07 21:09:48,2024-05-10 21:09:48,Standard Class,Consumer,East,Furniture,Furnishings,392.18,3,0.263,-46.33
ORD02990,C00016,2025-07-02 10:23:29,2025-07-06 10:23:29,Standard Class,Corporate,East,Office Supplies,Storage,210.7,4,0.122,16.88
ORD01439,C00706,2024-09-18 02:35:58,2024-09-19 02:35:58,First Class,Corporate,East,Office Supplies,Paper,181.81,5,0.205,1.84
ORD01973,C00396,2025-07-28 22:23:19,2025-08-01 22:23:19,Second Class,Corporate,South,Technology,Laptops,701.55,6,0.044,131.09
ORD02351,C00076,2024-12-15 05:39:15,2024-12-19 05:39:15,Standard Class,Consumer,North,Furniture,Tables,645.41,4,0.151,-5.51
ORD01178,C00883,2025-08-08 14:41:47,2025-08-12 14:41:47,Standard Class,Home Office,East,Office Supplies,Storage,93.06,2,0.097,11.6
ORD01172,C00546,2024-04-17 14:54:09,2024-04-18 14:54:09,First Class,Corporate,West,Technology,Phones,710.83,4,0.072,78.81
ORD02812,C00448,2024-10-11 00:40:57,2024-10-16 00:40:57,Standard Class,Consumer,South,Furniture,Chairs,112.88,1,0.133,-6.11
ORD02510,C00580,2024-07-18 14:29:18,2024-07-22 14:29:18,Second Class,Consumer,North,Office Supplies,Binders,230.68,5,0.03,27.6
ORD03029,C00524,2024-06-30 07:20:25,2024-07-04 07:20:25,Standard Class,Corporate,South,Office Supplies,Storage,130.09,4,0.356,-14.19
ORD01966,C00646,2024-08-13 01:59:51,2024-08-14 01:59:51,First Class,Consumer,South,Technology,Laptops,348.72,3,0.161,24.82
ORD00041,C00690,2024-10-06 04:14:20,2024-10-09 04:14:20,Standard Class,Consumer,North,Technology,Phones,557.57,6,0.246,13.64
ORD02556,C00259,2024-04-02 21:52:44,2024-04-07 21:52:44,Standard Class,Corporate,South,Furniture,Furnishings,1091.58,7,0.25,-150.49
ORD00054,C00613,2025-05-31 04:05:13,2025-06-02 04:05:13,Second Class,Consumer,East,Office Supplies,Appliances,130.83,3,0.179,4.68
ORD01316,C00728,2025-02-05 16:11:57,2025-02-09 16:11:57,Standard Class,Home Office,South,Furniture,Chairs,557.48,5,0.271,-122.13
ORD02885,C00132,2025-08-28 08:48:13,2025-08-31 08:48:13,Second Class,Consumer,South,Technology,Phones,446.54,5,0.221,-10.03
ORD01012,C00750,2025-05-29 16:05:38,2025-06-02 16:05:38,Standard Class,Consumer,North,Office Supplies,Appliances,207.39,5,0.227,-10.15
ORD03397,C00330,2024-04-18 19:14:31,2024-04-23 19:14:31,Standard Class,Consumer,West,Office Supplies,Storage,56.2,4,0.227,-3.11
ORD02628,C00131,2024-02-21 01:12:07,2024-02-24 01:12:07,Standard Class,Consumer,South,Office Supplies,Binders,60.49,2,0.142,0.18
ORD03526,C00675,2024-11-04 15:36:24,2024-11-06 15:36:24,Second Class,Home Office,South,Office Supplies,Appliances,57.52,2,0.155,1.74
ORD02064,C00733,2024-12-17 05:16:36,2024-12-18 05:16:36,First Class,Corporate,North,Office Supplies,Storage,44.66,1,0.143,2.11
ORD01794,C00527,2024-06-24 09:10:33,2024-06-27 09:10:33,Standard Class,Home Office,East,Office Supplies,Art,76.01,1,0.071,11.39
ORD00556,C00585,2025-07-25 00:20:24,2025-07-26 00:20:24,First Class,Consumer,West,Furniture,Bookcases,1594.47,7,0.088,-84.91
ORD03509,C00431,2025-02-28 13:19:31,2025-03-03 13:19:31,First Class,Consumer,North,Office Supplies,Paper,64.96,1,0.015,14.18
ORD02546,C00415,2025-06-30 00:47:13,2025-07-04 00:47:13,Standard Class,Consumer,North,Office Supplies,Paper,496.0,7,0.092,26.41
ORD03182,C00310,2024-03-20 13:51:49,2024-03-24 13:51:49,Standard Class,Consumer,North,Office Supplies,Binders,128.62,8,0.127,14.19
ORD01080,C00740,2025-08-18 00:04:50,2025-08-21 00:04:50,Standard Class,Home Office,East,Office Supplies,Storage,48.08,2,0.136,0.89
ORD00806,C00465,2024-05-30 10:42:15,2024-06-04 10:42:15,Standard Class,Consumer,West,Technology,Laptops,550.58,4,0.149,56.6
ORD01421,C00121,2024-11-23 05:10:33,2024-11-26 05:10:33,Second Class,Consumer,South,Furniture,Bookcases,206.59,3,0.19,-25.73
ORD01854,C00229,2024-11-16 17:47:21,2024-11-21 17:47:21,Standard Class,Consumer,South,Technology,Laptops,531.27,4,0.127,13.79
ORD03335,C00340,2025-08-22 00:09:36,2025-08-26 00:09:36,Standard Class,Corporate,West,Technology,Phones,499.83,3,0.149,56.07
ORD01042,C00708,2024-07-21 02:21:15,2024-07-25 02:21:15,Second Class,Consumer,East,Office Supplies,Storage,133.5,3,0.09,-5.44
ORD00789,C00848,2024-06-24 17:59:37,2024-06-29 17:59:37,Standard Class,Corporate,North,Technology,Laptops,962.3,6,0.047,113.47
ORD00468,C00158,2024-09-04 22:17:05,2024-09-05 22:17:05,First Class,Corporate,North,Technology,Phones,543.18,4,0.178,48.61
ORD01680,C00136,2024-09-20 09:24:03,2024-09-23 09:24:03,Second Class,Corporate,South,Technology,Phones,198.79,2,0.1,17.19
ORD00406,C00494,2024-05-12 15:07:52,2024-05-16 15:07:52,Standard Class,Consumer,West,Technology,Laptops,512.24,4,0.123,35.78
ORD00335,C00881,2024-05-08 17:44:58,2024-05-12 17:44:58,Standard Class,Consumer,East,Office Supplies,Binders,608.38,8,0.304,-27.19
ORD01393,C00275,2024-06-17 21:03:05,2024-06-21 21:03:05,Standard Class,Consumer,East,Furniture,Chairs,1574.88,8,0.147,97.42
ORD01756,C00598,2024-12-07 06:19:44,2024-12-09 06:19:44,Same Day,Home Office,West,Office Supplies,Appliances,33.53,1,0.15,1.17
ORD01609,C00686,2024-09-07 15:35:31,2024-09-12 15:35:31,Standard Class,Home Office,South,Office Supplies,Binders,71.35,5,0.074,9.7
ORD03591,C00007,2024-10-13 04:53:29,2024-10-15 04:53:29,First Class,Corporate,South,Office Supplies,Storage,348.11,8,0.295,-18.14
ORD03579,C00347,2025-06-08 21:51:40,2025-06-10 21:51:40,Same Day,Consumer,North,Office Supplies,Paper,107.45,2,0.13,5.06
ORD02179,C00148,2024-06-24 21:02:35,2024-06-27 21:02:35,Standard Class,Consumer,West,Office Supplies,Paper,49.42,1,0.144,0.85
ORD03665,C00939,2025-10-26 05:18:48,2025-10-30 05:18:48,Second Class,Corporate,East,Office Supplies,Paper,123.3,2,0.056,14.04
ORD03386,C00050,2025-07-02 19:11:52,2025-07-04 19:11:52,Second Class,Consumer,South,Office Supplies,Paper,77.83,3,,1.34
ORD00187,C00125,2024-05-07 12:31:15,2024-05-10 12:31:15,Standard Class,Corporate,North,Office Supplies,Art,553.1,8,0.038,86.58
ORD02114,C00733,2024-08-17 02:35:43,2024-08-17 02:35:43,Same Day,Corporate,East,Technology,Phones,406.7,3,0.077,51.25
ORD01360,C00151,2024-05-13 23:49:08,2024-05-17 23:49:08,Standard Class,Consumer,East,Furniture,Chairs,703.43,3,0.269,-90.82
ORD00229,C00242,2024-07-18 03:31:54,2024-07-21 03:31:54,First Class,Consumer,East,Furniture,Tables,788.35,3,0.352,-161.36
ORD02551,C00527,2024-09-23 19:29:50,2024-09-25 19:29:50,Second Class,Consumer,North,Furniture,Furnishings,724.84,4,0.338,-165.07
ORD01967,C00541,2024-04-05 13:11:54,2024-04-08 13:11:54,Standard Class,Consumer,West,Technology,Accessories,1134.16,8,0.128,116.62
ORD02385,C00947,2024-01-11 12:53:15,2024-01-16 12:53:15,Standard Class,Corporate,East,Furniture,Chairs,244.46,1,0.084,-6.54
ORD00908,C00808,2024-11-16 08:09:22,2024-11-20 08:09:22,Standard Class,Consumer,East,Office Supplies,Storage,152.48,4,0.094,8.12
ORD03282,C00795,2025-05-26 17:21:49,2025-05-31 17:21:49,Standard Class,Consumer,East,Technology,Accessories,629.5,5,0.043,76.43
ORD01687,C00857,2024-08-09 03:56:25,2024-08-11 03:56:25,Second Class,Consumer,West,Furniture,Tables,188.48,1,0.179,-15.26
ORD00928,C00530,2025-09-20 03:12:27,2025-09-24 03:12:27,Standard Class,Consumer,West,Furniture,Chairs,147.96,1,0.17,-19.97
ORD00925,C00799,2024-09-26 13:39:36,2024-09-27 13:39:36,Same Day,Corporate,East,Technology,Laptops,1133.3,8,0.06,155.4
ORD01078,C00672,2025-10-19 13:57:55,2025-10-24 13:57:55,Standard Class,Corporate,South,Furniture,Furnishings,330.11,3,0.127,0.8
ORD00441,C00478,2024-06-21 06:40:19,2024-06-25 06:40:19,Standard Class,Consumer,South,Technology,Laptops,207.54,2,0.162,11.88
ORD03382,C00890,2025-01-28 17:07:30,2025-01-31 17:07:30,Standard Class,Consumer,West,Office Supplies,Appliances,68.96,3,0.108,8.38
ORD00826,C00136,2025-07-11 02:29:03,2025-07-14 02:29:03,Standard Class,Consumer,East,Technology,Phones,157.22,1,0.179,0.93
ORD02890,C00365,2024-02-13 02:22:00,2024-02-16 02:22:00,Second Class,Consumer,North,Technology,Accessories,196.11,2,0.243,-4.98
ORD01565,C00330,2025-11-09 21:39:31,2025-11-12 21:39:31,Standard Class,Consumer,North,Furniture,Furnishings,165.26,1,0.128,6.84
ORD00471,C00516,2024-09-23 10:04:55,2024-09-25 10:04:55,Second Class,Home Office,West,Office Supplies,Storage,207.66,5,0.021,30.63
ORD03209,C00318,2024-12-29 11:45:57,2025-01-02 11:45:57,Second Class,Consumer,West,Technology,Laptops,518.64,4,0.262,-3.88
ORD03155,C00403,2025-04-03 18:15:08,2025-04-06 18:15:08,Standard Class,Consumer,West,Furniture,Bookcases,438.14,3,0.35,-43.58
ORD03001,C00941,2025-04-14 09:19:56,2025-04-19 09:19:56,Standard Class,Consumer,South,Furniture,Furnishings,1062.18,8,0.286,-184.3
ORD01429,C00714,2024-01-18 06:40:20,2024-01-22 06:40:20,Standard Class,Corporate,West,Furniture,Chairs,704.69,3,0.098,6.89
ORD00144,C00766,2025-09-25 00:51:29,2025-09-30 00:51:29,Standard Class,Consumer,West,Furniture,Bookcases,236.06,1,0.091,-1.56
ORD03057,C00334,2025-03-31 05:33:02,2025-04-03 05:33:02,Second Class,Home Office,South,Furniture,Furnishings,129.93,1,0.199,-12.6
ORD03030,C00307,2025-12-30 03:29:42,2026-01-02 03:29:42,Standard Class,Consumer,North,Office Supplies,Binders,81.5,6,0.092,10.44
ORD03394,C00489,2024-12-10 04:54:14,2024-12-14 04:54:14,Standard Class,Corporate,West,Office Supplies,Art,251.94,5,0.236,-4.26
ORD00120,C00392,2025-03-23 20:48:31,2025-03-28 20:48:31,Standard Class,Corporate,North,Furniture,Chairs,427.03,3,0.209,-3.85
ORD03307,C00619,2024-11-17 23:25:12,2024-11-20 23:25:12,Standard Class,Consumer,East,Technology,Laptops,251.36,2,0.099,34.51
ORD00296,C00258,2025-10-11 12:56:10,2025-10-12 12:56:10,First Class,Consumer,East,Technology,Laptops,225.77,2,0.25,-26.25
ORD00109,C00135,2025-08-30 15:25:37,2025-09-01 15:25:37,First Class,Consumer,East,Office Supplies,Binders,180.13,4,0.051,25.68
ORD02970,C00383,2025-10-25 06:48:59,2025-10-28 06:48:59,Second Class,Corporate,North,Technology,Accessories,610.62,6,0.259,-8.39
ORD02891,C00779,2025-01-03 02:59:56,2025-01-06 02:59:56,Standard Class,Home Office,East,Office Supplies,Paper,364.12,6,0.081,31.59
ORD01534,C00077,2025-07-31 18:13:48,2025-08-05 18:13:48,Standard Class,Consumer,North,Furniture,Furnishings,749.21,6,0.286,-65.86
ORD02847,C00080,2024-09-18 22:05:08,2024-09-23 22:05:08,Standard Class,Consumer,West,Office Supplies,Paper,30.78,1,0.058,3.24
ORD01254,C00793,2024-12-02 11:31:04,2024-12-03 11:31:04,First Class,Consumer,North,Office Supplies,Art,306.02,5,0.111,27.98
ORD00464,C00362,2025-07-08 23:01:06,2025-07-13 23:01:06,Standard Class,Consumer,East,Office Supplies,Binders,232.14,7,0.145,-4.48
ORD01464,C00506,2024-02-29 05:49:05,2024-03-04 05:49:05,Standard Class,Corporate,West,Office Supplies,Paper,35.61,2,0.481,-11.78
ORD03497,C00727,2025-06-02 15:47:09,2025-06-04 15:47:09,Second Class,Consumer,North,Technology,Laptops,529.76,5,0.126,39.61
ORD02044,C00575,2024-01-12 12:54:47,2024-01-14 12:54:47,Second Class,Consumer,North,Technology,Accessories,129.2,1,0.335,-12.99
ORD02855,C00922,2025-02-27 21:00:07,2025-03-04 21:00:07,Standard Class,Home Office,West,Office Supplies,Art,373.99,8,0.203,4.4
ORD02365,C00187,2024-12-14 08:33:18,2024-12-17 08:33:18,Standard Class,Corporate,North,Office Supplies,Appliances,230.3,6,0.033,19.77
ORD02564,C00785,2024-12-08 03:15:11,2024-12-09 03:15:11,First Class,Corporate,North,Office Supplies,Appliances,76.47,5,0.359,-6.92
ORD02614,C00429,2024-12-26 20:23:26,2024-12-31 20:23:26,Standard Class,Consumer,South,Office Supplies,Binders,91.49,5,0.096,1.38
ORD00420,C00120,2024-12-25 02:40:30,2024-12-26 02:40:30,Same Day,Home Office,West,Technology,Phones,825.67,6,0.033,154.2
ORD00375,C00439,2024-10-24 08:59:20,2024-10-27 08:59:20,Standard Class,Corporate,East,Office Supplies,Art,112.64,4,0.22,-4.22
ORD00474,C00476,2024-11-25 11:43:36,2024-11-28 11:43:36,First Class,Consumer,South,Office Supplies,Appliances,216.78,8,0.148,5.54
ORD00642,C00092,2025-02-18 18:17:31,2025-02-20 18:17:31,First Class,Consumer,West,Office Supplies,Appliances,95.26,2,0.079,11.32
ORD02688,C00459,2025-07-11 07:55:15,2025-07-14 07:55:15,Standard Class,Home Office,South,Furniture,Bookcases,1280.74,7,0.164,62.48
ORD01693,C00029,2025-02-07 01:53:26,2025-02-10 01:53:26,First Class,Consumer,South,Office Supplies,Binders,291.12,7,0.11,5.48
ORD01425,C00632,2025-04-14 00:59:57,2025-04-19 00:59:57,Standard Class,Corporate,South,Technology,Laptops,1038.65,7,0.188,41.72
ORD03370,C00587,2025-09-02 17:27:37,2025-09-06 17:27:37,Standard Class,Corporate,South,Office Supplies,Paper,34.4,1,0.071,2.66
ORD01863,C00117,2025-12-23 08:15:17,2025-12-28 08:15:17,Standard Class,Corporate,South,Technology,Laptops,425.19,4,0.075,72.91
ORD02974,C00543,2024-03-20 07:40:20,2024-03-22 07:40:20,Second Class,Corporate,East,Technology,Accessories,940.85,6,0.125,110.65
ORD02426,C00253,2025-06-04 10:27:40,2025-06-07 10:27:40,Standard Class,Home Office,North,Office Supplies,Binders,97.77,5,0.213,-1.68
ORD00728,C00613,2024-06-13 09:06:45,2024-06-16 09:06:45,Standard Class,Consumer,East,Technology,Laptops,1073.97,6,0.068,87.75
ORD01442,C00225,2024-05-23 15:36:09,2024-05-24 15:36:09,Same Day,Consumer,North,Technology,Laptops,886.05,6,0.137,63.49
ORD01121,C00851,2025-08-01 21:26:50,2025-08-03 21:26:50,First Class,Corporate,South,Furniture,Bookcases,281.53,2,0.18,-31.15
ORD02797,C00486,2024-02-20 03:28:14,2024-02-25 03:28:14,Standard Class,Consumer,North,Office Supplies,Appliances,419.93,7,0.26,-37.31
ORD01477,C00948,2025-09-10 22:06:06,2025-09-15 22:06:06,Standard Class,Corporate,East,Furniture,Chairs,434.21,4,0.127,-17.88
ORD02206,C00076,2025-07-16 11:57:06,2025-07-20 11:57:06,Standard Class,Corporate,East,Furniture,Tables,719.65,8,0.324,-147.43
ORD03353,C00797,2025-12-27 05:19:12,2026-01-01 05:19:12,Standard Class,Consumer,South,Office Supplies,Binders,291.17,5,0.038,26.88
ORD01436,C00054,2025-05-02 14:21:35,2025-05-05 14:21:35,First Class,Corporate,North,Office Supplies,Paper,165.99,5,0.16,0.57
ORD03815,C00022,2025-09-29 05:25:06,2025-09-30 05:25:06,Same Day,Consumer,North,Office Supplies,Paper,138.07,5,0.208,-4.93
ORD00791,C00161,2024-03-27 12:43:46,2024-03-30 12:43:46,Standard Class,Home Office,West,Office Supplies,Storage,234.21,7,0.182,-8.29
ORD00298,C00292,2025-10-11 15:01:50,2025-10-15 15:01:50,Standard Class,Consumer,South,Office Supplies,Paper,230.22,8,0.102,12.55
ORD00753,C00852,2024-04-27 00:54:36,2024-04-30 00:54:36,Standard Class,Corporate,West,Technology,Accessories,852.53,5,0.047,116.76
ORD01899,C00738,2024-08-17 11:22:33,2024-08-21 11:22:33,Standard Class,Home Office,South,Technology,Phones,750.15,5,0.133,36.4
ORD00116,C00072,2024-04-03 13:56:46,2024-04-08 13:56:46,Standard Class,Consumer,North,Furniture,Tables,214.31,1,0.27,-27.97
ORD01414,C00856,2024-10-20 05:06:42,2024-10-25 05:06:42,Standard Class,Consumer,East,Technology,Laptops,117.21,1,0.113,-0.92
ORD01239,C00225,2025-06-30 18:27:33,2025-07-03 18:27:33,Standard Class,Consumer,South,Office Supplies,Storage,296.62,6,0.233,13.94
ORD01255,C00866,2024-07-14 16:51:03,2024-07-18 16:51:03,Standard Class,Corporate,North,Furniture,Chairs,595.37,3,0.148,3.13
ORD00771,C00193,2025-08-23 04:51:43,2025-08-26 04:51:43,First Class,Consumer,West,Office Supplies,Paper,60.54,4,0.128,4.2
ORD01946,C00637,2025-03-18 14:21:55,2025-03-22 14:21:55,Second Class,Consumer,North,Office Supplies,Appliances,291.83,6,0.043,30.1
ORD01079,C00595,2025-04-04 02:47:06,2025-04-07 02:47:06,Standard Class,Home Office,South,Technology,Phones,216.96,2,0.297,-14.87
ORD02803,C00804,2025-11-16 07:52:11,2025-11-19 07:52:11,Standard Class,Consumer,South,Furniture,Furnishings,293.27,3,0.363,-83.89
ORD02266,C00589,2024-11-11 05:56:16,2024-11-14 05:56:16,First Class,Consumer,East,Office Supplies,Paper,53.14,1,0.387,-8.81
ORD02303,C00152,2024-09-08 14:06:29,2024-09-13 14:06:29,Standard Class,Corporate,West,Office Supplies,Art,406.86,7,0.255,-55.15
ORD02997,C00946,2025-12-27 00:35:41,2025-12-30 00:35:41,First Class,Consumer,North,Furniture,Tables,1187.45,5,0.144,-85.09
ORD01655,C00373,2025-02-10 14:40:16,2025-02-14 14:40:16,Standard Class,Consumer,West,Technology,Accessories,293.85,2,0.181,7.34
ORD00652,C00896,2025-03-24 15:51:45,2025-03-27 15:51:45,First Class,Home Office,East,Office Supplies,Art,90.97,5,0.118,11.1
ORD02817,C00080,2024-08-04 07:10:10,2024-08-08 07:10:10,Standard Class,Corporate,West,Technology,Phones,208.15,2,0.278,-16.61
ORD03680,C00860,2024-06-06 06:27:11,2024-06-08 06:27:11,First Class,Consumer,West,Technology,Accessories,915.58,7,0.056,168.65
ORD01605,C00276,2024-05-03 22:53:43,2024-05-06 22:53:43,Standard Class,Corporate,West,Office Supplies,Storage,72.1,2,0.331,-15.88
ORD02792,C00917,2024-06-12 04:45:14,2024-06-14 04:45:14,First Class,Consumer,East,Office Supplies,Paper,128.61,3,0.288,-12.62
ORD02541,C00737,2024-05-22 11:39:01,2024-05-24 11:39:01,Second Class,Consumer,South,Office Supplies,Paper,341.85,8,0.155,28.45
ORD00182,C00925,2025-06-29 02:32:36,2025-07-03 02:32:36,Standard Class,Corporate,South,Office Supplies,Appliances,105.39,6,0.203,-1.6
ORD00655,C00177,2024-02-12 07:12:08,2024-02-15 07:12:08,Second Class,Consumer,East,Furniture,Chairs,616.75,6,0.182,-90.89
ORD02666,C00700,2025-04-04 10:48:57,2025-04-09 10:48:57,Standard Class,Consumer,South,Furniture,Chairs,480.32,5,0.237,-55.96
ORD01324,C00705,2025-11-23 23:37:21,2025-11-28 23:37:21,Standard Class,Home Office,East,Technology,Accessories,740.16,5,0.182,18.77
ORD01025,C00855,2025-07-12 20:28:54,2025-07-17 20:28:54,Standard Class,Consumer,North,Furniture,Chairs,206.04,2,0.159,5.58
ORD02218,C00730,2024-10-21 02:27:02,2024-10-24 02:27:02,Second Class,Consumer,West,Technology,Phones,363.12,3,0.061,58.18
ORD02168,C00087,2024-02-13 08:43:58,2024-02-16 08:43:58,First Class,Consumer,North,Office Supplies,Appliances,273.8,8,0.122,-2.54
ORD03579,C00835,2025-08-31 21:47:52,2025-09-04 21:47:52,Standard Class,Corporate,West,Office Supplies,Paper,190.92,8,0.184,-0.29
ORD03822,C00258,2024-01-03 07:09:58,2024-01-06 07:09:58,Second Class,Corporate,North,Office Supplies,Binders,183.96,6,0.113,5.82
ORD00076,C00918,2025-05-12 08:53:32,2025-05-13 08:53:32,First Class,Home Office,North,Technology,Accessories,1316.6,8,0.135,-4.69
ORD01782,C00732,2025-05-04 19:01:39,2025-05-06 19:01:39,Second Class,Consumer,West,Office Supplies,Storage,241.38,7,0.105,16.27
ORD02835,C00710,2024-05-20 02:27:31,2024-05-23 02:27:31,Standard Class,Corporate,West,Technology,Accessories,547.53,4,0.039,101.31
ORD01330,C00610,2025-06-24 02:31:42,2025-06-27 02:31:42,Standard Class,Corporate,East,Technology,Accessories,727.54,6,0.1,
ORD01887,C00642,2024-05-08 02:05:54,2024-05-12 02:05:54,Standard Class,Consumer,West,Office Supplies,Binders,106.28,7,0.104,13.02
ORD02703,C00537,2024-06-13 17:21:08,2024-06-17 17:21:08,Standard Class,Consumer,South,Office Supplies,Appliances,123.93,2,0.209,-6.95
ORD02904,C00744,2025-08-15 18:01:59,2025-08-20 18:01:59,Standard Class,Corporate,West,Office Supplies,Binders,416.94,8,0.046,25.58
ORD03685,C00875,2025-12-15 18:20:26,2025-12-16 18:20:26,First Class,Consumer,South,Office Supplies,Storage,139.88,4,0.139,-2.48
ORD00448,C00180,2024-07-12 05:44:56,2024-07-15 05:44:56,Second Class,Corporate,East,Office Supplies,Paper,127.79,3,0.234,-6.57
ORD01746,C00791,2025-11-03 13:50:40,2025-11-06 13:50:40,Second Class,Consumer,South,Office Supplies,Art,83.69,4,0.287,-4.91
ORD02308,C00702,2025-10-28 16:45:23,2025-10-31 16:45:23,Standard Class,Consumer,North,Furniture,Bookcases,329.1,3,0.263,-40.02
ORD03481,C00554,2025-07-15 16:01:19,2025-07-19 16:01:19,Standard Class,Home Office,East,Furniture,Tables,362.87,3,0.171,-18.21
ORD01645,C00864,2024-04-12 05:46:14,2024-04-15 05:46:14,Second Class,Corporate,East,Technology,Accessories,894.72,5,0.062,128.78
ORD00203,C00889,2024-08-06 13:50:02,2024-08-09 13:50:02,Standard Class,Consumer,North,Office Supplies,Paper,360.8,8,0.188,-1.57
ORD01215,C00431,2025-05-09 17:27:17,2025-05-11 17:27:17,First Class,Corporate,West,Office Supplies,Binders,136.81,4,0.032,31.02
ORD03634,C00065,2025-12-30 10:19:33,2026-01-02 10:19:33,Standard Class,Consumer,East,Technology,Laptops,339.07,2,0.291,-18.81
ORD00127,C00021,2025-08-17 13:34:56,2025-08-22 13:34:56,Standard Class,Corporate,North,Technology,Accessories,574.73,7,0.063,84.41
ORD03697,C00583,2024-11-02 19:06:36,2024-11-05 19:06:36,Second Class,Consumer,East,Technology,Accessories,354.19,3,0.229,2.15
ORD02049,C00320,2024-06-20 17:41:30,2024-06-23 17:41:30,Second Class,Consumer,North,Office Supplies,Appliances,86.42,5,0.036,8.8
ORD00806,C00213,2025-12-02 01:06:02,2025-12-05 01:06:02,Standard Class,Consumer,North,Office Supplies,Appliances,75.27,3,0.153,-3.27
ORD01333,C00092,2024-07-20 15:09:10,2024-07-24 15:09:10,Second Class,Consumer,East,Office Supplies,Storage,48.1,2,0.217,-5.47
ORD01381,C00253,2024-09-06 19:40:42,2024-09-09 19:40:42,Standard Class,Consumer,North,Office Supplies,Art,144.44,3,0.064,10.74
ORD03595,C00595,2025-12-05 02:22:15,2025-12-09 02:22:15,Standard Class,Consumer,North,Office Supplies,Storage,80.3,3,0.169,5.29
ORD03160,C00755,2025-02-14 00:22:05,2025-02-18 00:22:05,Standard Class,Home Office,East,Technology,Phones,1174.92,8,0.054,250.98
ORD02929,C00793,2024-07-12 03:45:00,2024-07-14 03:45:00,Second Class,Consumer,North,Furniture,Bookcases,427.57,6,0.211,-53.38
ORD00056,C00627,2024-01-04 21:39:11,2024-01-06 21:39:11,Second Class,Consumer,West,Office Supplies,Appliances,88.64,6,0.025,12.44
ORD00340,C00087,2024-11-09 20:50:51,2024-11-12 20:50:51,Standard Class,Consumer,West,Technology,Laptops,114.67,1,0.165,8.9
ORD03430,C00666,2025-12-20 18:44:46,2025-12-24 18:44:46,Second Class,Corporate,North,Technology,Accessories,98.21,1,0.204,-0.11
ORD01209,C00406,2024-11-11 17:40:23,2024-11-14 17:40:23,Second Class,Consumer,East,Office Supplies,Appliances,89.8,3,0.088,12.53
ORD00758,C00124,2025-05-25 15:45:04,2025-05-28 15:45:04,Standard Class,Consumer,North,Furniture,Chairs,840.58,8,0.165,0.59
ORD01013,C00639,2024-07-03 17:10:07,2024-07-08 17:10:07,Standard Class,Corporate,East,Office Supplies,Binders,21.9,1,0.096,1.97
ORD02569,C00908,2025-07-20 04:44:17,2025-07-25 04:44:17,Standard Class,Consumer,North,Technology,Accessories,928.99,7,0.102,117.72
ORD02668,C00862,2025-07-20 07:51:35,2025-07-24 07:51:35,Standard Class,Home Office,West,Technology,Phones,1302.98,7,0.055,131.07
ORD01078,C00742,2025-03-20 01:25:51,2025-03-21 01:25:51,Same Day,Consumer,North,Technology,Laptops,335.54,3,0.212,28.7
ORD02243,C00210,2025-07-17 10:48:01,2025-07-20 10:48:01,First Class,Corporate,East,Office Supplies,Binders,48.42,1,0.171,1.58
ORD03211,C00471,2025-02-26 12:58:16,2025-03-02 12:58:16,Standard Class,Consumer,North,Furniture,Bookcases,388.22,2,0.322,-60.72
ORD01400,C00502,2024-10-03 04:07:53,2024-10-06 04:07:53,Standard Class,Corporate,North,Office Supplies,Art,37.79,1,0.066,2.73
ORD00516,C00392,2025-06-22 15:39:26,2025-06-27 15:39:26,Standard Class,Corporate,South,Furniture,Chairs,1239.39,7,0.258,-206.49
ORD00865,C00017,2025-09-01 15:24:13,2025-09-04 15:24:13,Standard Class,Consumer,East,Technology,Phones,880.77,7,0.122,108.0
ORD03826,C00542,2025-09-05 23:23:10,2025-09-09 23:23:10,Standard Class,Consumer,West,Office Supplies,Storage,379.68,6,0.17,25.17
ORD01718,C00371,2024-06-04 13:04:22,2024-06-07 13:04:22,Standard Class,Consumer,North,Furniture,Furnishings,88.32,1,0.415,-15.97
ORD02806,C00328,2025-05-08 21:54:08,2025-05-12 21:54:08,Standard Class,Consumer,North,Office Supplies,Binders,286.64,8,0.236,-22.96
ORD00979,C00328,2024-01-04 03:26:13,2024-01-08 03:26:13,Standard Class,Home Office,South,Furniture,Chairs,1013.61,6,0.1,-1.92
ORD03360,C00706,2025-02-21 13:25:43,2025-02-24 13:25:43,Standard Class,Corporate,South,Technology,Laptops,1010.9,7,0.032,72.46
ORD00739,C00169,2025-02-20 22:51:07,2025-02-24 22:51:07,Standard Class,Corporate,West,Office Supplies,Art,168.72,4,0.145,-12.04
ORD00447,C00521,2024-09-22 08:26:25,2024-09-26 08:26:25,Standard Class,Home Office,West,Office Supplies,Art,126.57,2,0.097,13.47
ORD03181,C00136,2025-12-26 16:14:33,2025-12-31 16:14:33,Standard Class,Corporate,West,Technology,Phones,1184.76,7,0.039,173.56
ORD02392,C00888,2025-10-06 13:28:31,2025-10-11 13:28:31,Standard Class,Corporate,North,Furniture,Tables,154.7,1,0.298,-37.41
ORD03776,C00351,2024-01-29 05:02:53,2024-02-02 05:02:53,Standard Class,Consumer,South,Office Supplies,Storage,97.01,2,0.172,-6.03
ORD02074,C00865,2024-06-01 10:48:01,2024-06-01 10:48:01,Same Day,Consumer,East,Technology,Phones,347.11,2,0.084,52.1
ORD02944,C00059,2024-05-31 20:07:34,2024-06-04 20:07:34,Standard Class,Consumer,South,Furniture,Tables,152.69,1,0.141,-2.25
ORD02041,C00691,2025-10-17 05:13:53,2025-10-19 05:13:53,Second Class,Consumer,East,Office Supplies,Appliances,236.83,5,0.056,8.44
ORD00244,C00861,2025-01-13 19:23:04,2025-01-18 19:23:04,Standard Class,Consumer,North,Furniture,Bookcases,135.83,2,0.176,1.69
ORD01480,C00146,2025-06-16 01:53:05,2025-06-21 01:53:05,Standard Class,Consumer,South,Furniture,Furnishings,1756.67,8,0.191,-190.65
ORD03660,C00906,2025-08-14 06:09:42,2025-08-19 06:09:42,Standard Class,Consumer,West,Technology,Accessories,1309.6,8,0.227,36.19
ORD03702,C00897,2025-07-14 08:41:56,2025-07-18 08:41:56,Second Class,Consumer,North,Office Supplies,Art,90.11,2,0.158,2.17
ORD01769,C00820,2024-03-06 00:00:57,2024-03-06 00:00:57,Same Day,Consumer,West,Furniture,Tables,646.99,7,0.28,-85.51
ORD03364,C00686,2024-04-12 10:40:03,2024-04-15 10:40:03,Standard Class,Consumer,South,Technology,Accessories,123.16,1,0.158,1.3
ORD01036,C00004,2024-10-15 12:30:40,2024-10-20 12:30:40,Standard Class,Consumer,North,Office Supplies,Art,57.94,3,0.14,2.2
ORD01196,C00110,2024-09-04 00:23:07,2024-09-08 00:23:07,Second Class,Consumer,North,Furniture,Furnishings,596.85,6,0.14,0.74
ORD03010,C00328,2025-06-29 08:46:04,2025-07-03 08:46:04,Standard Class,Corporate,North,Technology,Laptops,280.45,2,0.06,42.52
ORD00263,C00741,2024-04-24 01:14:49,2024-04-28 01:14:49,Standard Class,Corporate,East,Furniture,Chairs,236.89,1,0.071,11.96
ORD00015,C00415,2024-09-28 05:26:13,2024-09-30 05:26:13,First Class,Consumer,North,Office Supplies,Art,79.91,2,0.153,6.16
ORD00954,C00044,2024-06-21 16:47:03,2024-06-24 16:47:03,Standard Class,Consumer,East,Furniture,Bookcases,868.67,6,0.217,-92.49
ORD00119,C00313,2024-05-17 20:24:50,2024-05-21 20:24:50,Second Class,Consumer,West,Office Supplies,Art,153.14,2,0.238,-2.32
ORD02159,C00795,2024-05-06 03:31:24,2024-05-09 03:31:24,Standard Class,Consumer,South,Office Supplies,Binders,110.41,2,0.155,-0.42
ORD02958,C00760,2024-05-22 17:05:12,2024-05-27 17:05:12,Standard Class,Consumer,North,Furniture,Tables,412.7,2,0.225,-9.56
ORD02498,C00781,2025-02-15 23:49:08,2025-02-16 23:49:08,Same Day,Home Office,South,Technology,Laptops,909.68,8,0.227,-66.1
ORD00626,C00641,2024-10-26 08:03:17,2024-10-31 08:03:17,Standard Class,Consumer,West,Office Supplies,Appliances,339.04,8,0.094,48.94
ORD03299,C00173,2024-11-13 18:14:55,2024-11-18 18:14:55,Standard Class,Consumer,East,Furniture,Chairs,918.14,7,0.265,-140.25
ORD01842,C00186,2024-12-15 23:23:13,2024-12-20 23:23:13,Standard Class,Corporate,North,Furniture,Tables,99.82,1,0.112,10.94
ORD01189,C00939,2025-06-24 23:22:15,2025-06-29 23:22:15,Standard Class,Consumer,East,Furniture,Furnishings,548.38,3,0.099,22.17
ORD02047,C00083,2025-09-21 02:59:18,2025-09-25 02:59:18,Standard Class,Consumer,South,Office Supplies,Appliances,303.53,8,0.19,3.73
ORD00624,C00743,2025-01-19 07:09:04,2025-01-23 07:09:04,Standard Class,Consumer,South,Office Supplies,Paper,131.95,5,0.205,-6.19
ORD03875,C00570,2025-04-13 20:15:44,2025-04-16 20:15:44,Standard Class,Home Office,North,Office Supplies,Appliances,71.9,1,0.091,8.16
ORD01801,C00041,2025-06-23 03:32:41,2025-06-28 03:32:41,Standard Class,Consumer,West,Office Supplies,Appliances,135.05,2,0.033,23.07
ORD01285,C00801,2025-05-18 23:50:32,2025-05-21 23:50:32,Second Class,Corporate,North,Office Supplies,Binders,301.78,7,0.026,40.68
ORD02695,C00859,2024-04-08 00:17:03,2024-04-12 00:17:03,Standard Class,Corporate,North,Technology,Phones,878.73,8,0.183,74.76
ORD01185,C00602,2025-12-18 13:56:06,2025-12-21 13:56:06,First Class,Consumer,North,Technology,Phones,393.94,4,0.068,0.97
ORD02977,C00939,2024-04-30 07:29:07,2024-05-03 07:29:07,Standard Class,Corporate,East,Office Supplies,Binders,110.91,2,0.102,4.33
ORD01847,C00233,2024-10-27 15:29:49,2024-10-30 15:29:49,Standard Class,Consumer,South,Office Supplies,Art,41.75,1,0.381,-8.22
ORD03414,C00907,2025-04-21 09:35:42,2025-04-24 09:35:42,First Class,Consumer,North,Office Supplies,Paper,80.03,2,0.027,13.07
ORD01887,C00529,2024-10-21 10:46:08,2024-10-24 10:46:08,First Class,Consumer,South,Technology,Laptops,572.08,7,0.095,87.83
ORD02528,C00631,2024-06-26 11:39:28,2024-07-01 11:39:28,Standard Class,Home Office,East,Furniture,Chairs,706.4,7,0.202,-58.97
ORD02139,C00504,2025-11-05 01:02:19,2025-11-08 01:02:19,Standard Class,Consumer,South,Furniture,Bookcases,264.82,3,0.209,-29.26
ORD03794,C00845,2024-02-22 05:12:06,2024-02-24 05:12:06,First Class,Consumer,West,Office Supplies,Art,429.67,8,0.112,46.5
ORD03425,C00747,2024-06-28 11:44:25,2024-07-02 11:44:25,Standard Class,Home Office,South,Furniture,Furnishings,1203.35,8,0.09,79.19
ORD01767,C00770,2025-12-25 21:18:50,2025-12-28 21:18:50,Standard Class,Consumer,North,Furniture,Tables,658.42,8,0.166,-0.99
ORD02765,C00405,2025-06-16 18:21:47,2025-06-19 18:21:47,Standard Class,Home Office,West,Technology,Accessories,1069.23,7,0.254,-16.93
ORD00843,C00888,2024-03-04 11:49:34,2024-03-05 11:49:34,First Class,Corporate,West,Technology,Accessories,1017.03,5,0.148,204.85
ORD03361,C00685,2025-07-04 20:07:16,2025-07-08 20:07:16,Second Class,Corporate,South,Technology,Accessories,878.64,8,0.061,126.31
ORD02403,C00331,2025-12-08 17:48:53,2025-12-13 17:48:53,Standard Class,Corporate,West,Technology,Accessories,803.88,6,0.088,121.37
ORD01508,C00247,2024-03-12 09:14:44,2024-03-13 09:14:44,Same Day,Corporate,East,Office Supplies,Storage,363.11,7,0.285,-8.48
ORD03468,C00759,2024-10-29 06:11:23,2024-11-01 06:11:23,Standard Class,Consumer,South,Technology,Laptops,508.56,4,0.355,-28.51
ORD03007,C00023,2024-12-07 19:24:51,2024-12-10 19:24:51,Second Class,Home Office,West,Furniture,Chairs,193.16,2,0.213,-7.64
ORD00657,C00847,2024-04-05 15:20:31,2024-04-09 15:20:31,Standard Class,Home Office,East,Office Supplies,Paper,113.83,5,0.131,0.19
ORD03748,C00731,2024-05-26 09:51:16,2024-05-28 09:51:16,Second Class,Home Office,South,Office Supplies,Storage,165.41,4,0.238,-10.58
ORD01109,C00543,2024-05-06 20:10:44,2024-05-09 20:10:44,Standard Class,Corporate,East,Furniture,Bookcases,458.48,3,0.127,8.71
ORD00308,C00937,2024-05-15 07:46:29,2024-05-19 07:46:29,Standard Class,Consumer,South,Furniture,Furnishings,1292.71,6,0.249,-52.96
ORD01365,C00254,2024-10-21 13:49:31,2024-10-24 13:49:31,Standard Class,Consumer,North,Furniture,Bookcases,743.16,5,0.12,103.71
ORD01697,C00937,2024-12-04 14:16:06,2024-12-06 14:16:06,First Class,Consumer,West,Furniture,Chairs,307.86,3,0.101,0.56
ORD00296,C00128,2024-06-22 17:29:30,2024-06-25 17:29:30,Standard Class,Consumer,East,Furniture,Tables,504.5,2,0.068,44.14
ORD02326,C00713,2024-07-30 06:48:30,2024-08-02 06:48:30,Standard Class,Corporate,East,Office Supplies,Appliances,254.68,5,0.248,-25.38
ORD01693,C00191,2024-05-20 07:59:18,2024-05-25 07:59:18,Standard Class,Corporate,East,Furniture,Furnishings,528.47,3,0.146,-14.28
ORD02284,C00634,2025-08-04 02:58:44,2025-08-06 02:58:44,Second Class,Consumer,East,Technology,Laptops,218.81,2,0.166,4.76
ORD01939,C00334,2024-06-03 13:55:57,2024-06-06 13:55:57,Second Class,Consumer,South,Office Supplies,Storage,88.68,2,0.207,2.98
ORD02001,C00356,2025-10-24 13:14:15,2025-10-29 13:14:15,Standard Class,Corporate,West,Office Supplies,Binders,345.32,6,0.133,21.05
ORD00602,C00246,2025-01-28 08:44:54,2025-01-31 08:44:54,Standard Class,Consumer,East,Technology,Phones,367.02,4,0.268,-6.46
ORD03207,C00878,2025-08-08 23:39:54,2025-08-10 23:39:54,Second Class,Home Office,East,Technology,Laptops,348.72,3,0.019,68.13
ORD02442,C00534,2025-04-09 13:37:49,2025-04-13 13:37:49,Standard Class,Corporate,South,Technology,Accessories,168.88,1,0.195,6.22
ORD00821,C00457,2024-07-13 04:51:39,2024-07-16 04:51:39,Standard Class,Consumer,South,Technology,Laptops,109.71,1,0.21,2.68
ORD00433,C00256,2025-03-14 23:51:56,2025-03-18 23:51:56,Standard Class,Consumer,North,Technology,Phones,617.18,6,0.168,20.19
ORD03765,C00691,2024-07-19 02:50:04,2024-07-22 02:50:04,Standard Class,Corporate,South,Office Supplies,Storage,122.97,8,0.254,-19.67
ORD02041,C00234,2024-03-27 13:10:48,2024-03-29 13:10:48,Same Day,Consumer,North,Furniture,Furnishings,563.76,3,0.124,-31.57
ORD03154,C00539,2024-07-04 22:50:26,2024-07-07 22:50:26,Second Class,Corporate,East,Office Supplies,Paper,347.19,7,0.048,15.49
ORD01874,C00346,2024-07-20 05:13:17,2024-07-24 05:13:17,Standard Class,Consumer,West,Office Supplies,Binders,96.42,5,0.194,0.4
ORD01143,C00852,2024-04-08 13:52:02,2024-04-10 13:52:02,First Class,Consumer,South,Technology,Phones,326.0,3,0.189,-3.91
ORD01145,C00291,2024-01-18 05:38:09,2024-01-21 05:38:09,Standard Class,Consumer,South,Furniture,Chairs,710.04,5,0.234,-50.75
ORD00128,C00655,2025-11-19 23:20:50,2025-11-19 23:20:50,Same Day,Corporate,East,Technology,Accessories,308.03,2,0.058,51.81
ORD02137,C00172,2025-01-09 19:09:16,2025-01-14 19:09:16,Standard Class,Home Office,North,Office Supplies,Binders,52.47,3,0.149,-2.71
ORD02812,C00292,2024-10-20 11:52:38,2024-10-21 11:52:38,First Class,Home Office,West,Office Supplies,Paper,204.31,6,0.186,-3.27
ORD00430,C00493,2025-11-09 20:45:52,2025-11-10 20:45:52,First Class,Consumer,South,Furniture,Bookcases,984.3,7,0.26,-230.98
ORD00104,C00870,2024-06-13 00:33:34,2024-06-14 00:33:34,First Class,Corporate,North,Furniture,Tables,145.92,2,0.112,-5.48
ORD00649,C00386,2024-10-21 02:17:37,2024-10-25 02:17:37,Standard Class,Consumer,North,Furniture,Bookcases,647.94,8,0.175,-41.74
ORD01898,C00168,2025-09-10 01:40:36,2025-09-13 01:40:36,First Class,Corporate,West,Office Supplies,Appliances,336.16,5,0.215,-22.25
ORD02020,C00847,2025-04-06 09:11:59,2025-04-08 09:11:59,Second Class,Home Office,North,Office Supplies,Appliances,122.55,2,0.103,19.21
ORD02270,C00202,2024-10-18 09:54:06,2024-10-23 09:54:06,Standard Class,Consumer,East,Office Supplies,Art,181.68,7,0.215,-0.04
ORD03277,C00211,2024-07-05 18:06:09,2024-07-09 18:06:09,Standard Class,Home Office,North,Technology,Laptops,1243.82,8,0.039,205.16
ORD03816,C00341,2024-01-26 15:14:47,2024-01-30 15:14:47,Second Class,Consumer,North,Technology,Laptops,451.72,3,0.095,87.51
ORD03501,C00776,2024-03-03 02:07:13,2024-03-05 02:07:13,First Class,Consumer,West,Furniture,Chairs,288.5,1,0.27,-48.08
ORD01225,C00349,2024-04-28 05:12:58,2024-05-01 05:12:58,Second Class,Consumer,North,Furniture,Furnishings,724.62,3,0.174,-40.7
ORD01759,C00909,2025-07-28 05:34:20,2025-07-31 05:34:20,Standard Class,Home Office,North,Office Supplies,Storage,308.29,7,0.102,34.43
ORD02801,C00782,2025-04-11 15:39:57,2025-04-14 15:39:57,Second Class,Consumer,East,Technology,Phones,168.43,1,0.175,0.44
ORD01036,C00790,2024-11-12 10:21:28,2024-11-17 10:21:28,Standard Class,Corporate,West,Technology,Accessories,336.43,3,0.12,47.92
ORD03722,C00416,2025-07-25 12:30:01,2025-07-28 12:30:01,Standard Class,Consumer,South,Office Supplies,Paper,106.36,3,0.132,4.17
ORD00491,C00789,2024-04-27 08:53:10,2024-04-30 08:53:10,Second Class,Corporate,North,Technology,Accessories,136.68,1,0.209,7.28
ORD01805,C00829,2024-06-02 23:34:13,2024-06-06 23:34:13,Second Class,Corporate,West,Office Supplies,Art,246.6,5,0.067,47.07
ORD02934,C00379,2024-10-13 16:37:01,2024-10-15 16:37:01,Second Class,Consumer,East,Technology,Phones,642.23,7,0.298,-24.04
ORD00471,C00315,2025-10-31 16:46:14,2025-11-05 16:46:14,Standard Class,Corporate,West,Technology,Accessories,279.65,2,0.021,57.92
ORD03860,C00103,2025-03-24 09:20:53,2025-03-27 09:20:53,Standard Class,Corporate,East,Technology,Phones,1508.25,8,0.068,122.45
ORD00481,C00368,2025-09-13 05:28:10,2025-09-17 05:28:10,Second Class,Consumer,East,Furniture,Chairs,736.12,8,0.182,-32.48
ORD00986,C00454,2024-06-30 03:47:47,2024-07-05 03:47:47,Standard Class,Consumer,South,Office Supplies,Paper,264.6,7,0.123,3.25
ORD01519,C00724,2025-09-11 07:37:50,2025-09-13 07:37:50,Same Day,Consumer,South,Office Supplies,Art,268.62,6,0.26,-25.38
ORD02506,C00527,2024-02-22 21:50:43,2024-02-24 21:50:43,First Class,Home Office,East,Office Supplies,Storage,189.53,4,0.372,-37.18
ORD01266,C00235,2024-06-15 04:37:23,2024-06-18 04:37:23,First Class,Corporate,East,Furniture,Chairs,506.97,2,0.062,38.82
ORD02224,C00283,2025-01-16 19:24:18,2025-01-19 19:24:18,First Class,Corporate,West,Office Supplies,Art,322.22,8,0.051,25.6
ORD01235,C00118,2024-02-06 21:23:25,2024-02-09 21:23:25,Standard Class,Corporate,East,Office Supplies,Storage,151.23,5,0.171,2.34
ORD01357,C00208,2025-09-18 12:44:58,2025-09-21 12:44:58,Standard Class,Corporate,South,Technology,Phones,458.99,4,0.046,48.94
ORD01890,C00132,2025-09-25 05:15:37,2025-09-28 05:15:37,First Class,Consumer,East,Office Supplies,Storage,144.37,4,0.032,7.24
ORD01155,C00733,2025-01-30 06:29:48,2025-02-03 06:29:48,Standard Class,Consumer,East,Office Supplies,Paper,50.8,2,0.165,-0.18
ORD02096,C00221,2024-08-11 05:37:12,2024-08-12 05:37:12,First Class,Corporate,South,Furniture,Bookcases,676.8,4,0.164,-21.48
ORD01627,C00049,2024-03-13 05:50:52,2024-03-17 05:50:52,Standard Class,Consumer,West,Furniture,Furnishings,1532.08,7,0.242,-202.72
ORD01035,C00570,2025-03-27 19:24:53,2025-03-28 19:24:53,First Class,Consumer,East,Furniture,Tables,751.64,5,0.233,-70.57
ORD01573,C00527,2025-01-27 12:00:15,2025-01-31 12:00:15,Standard Class,Corporate,North,Furniture,Bookcases,542.5,4,0.248,-67.62
ORD01717,C00039,2025-07-08 18:37:11,2025-07-11 18:37:11,First Class,Home Office,East,Technology,Phones,131.8,1,0.053,15.23
ORD01898,C00655,2025-03-15 20:24:37,2025-03-19 20:24:37,Standard Class,Corporate,East,Office Supplies,Storage,158.04,4,0.054,21.64
ORD02541,C00630,2024-04-03 15:41:52,2024-04-06 15:41:52,Second Class,Consumer,West,Technology,Laptops,322.4,2,0.031,52.41
ORD01134,C00914,2024-03-29 21:19:09,2024-03-31 21:19:09,First Class,Home Office,South,Technology,Phones,469.53,4,0.178,24.32
ORD02172,C00727,2025-07-24 00:17:16,2025-07-27 00:17:16,Standard Class,Consumer,East,Office Supplies,Appliances,120.17,2,0.096,0.92
ORD01696,C00759,2024-04-26 02:05:57,2024-05-01 02:05:57,Standard Class,Consumer,South,Office Supplies,Binders,461.2,8,0.08,36.4
ORD02945,C00710,2025-11-16 02:43:14,2025-11-20 02:43:14,Standard Class,Home Office,East,Office Supplies,Storage,76.85,2,0.061,10.27
ORD02420,C00617,2024-03-18 08:11:52,2024-03-21 08:11:52,Second Class,Corporate,North,Furniture,Chairs,200.97,1,0.176,-5.57
ORD01069,C00601,2025-06-15 17:07:45,2025-06-19 17:07:45,Second Class,Home Office,West,Office Supplies,Binders,431.93,6,0.284,-19.5
ORD00843,C00593,2025-12-12 22:02:47,2025-12-15 22:02:47,Second Class,Corporate,West,Furniture,Tables,363.71,3,0.155,3.52
ORD01470,C00418,2024-11-18 02:13:21,2024-11-21 02:13:21,Standard Class,Corporate,East,Furniture,Bookcases,808.58,8,0.229,-66.62
ORD01370,C00091,2024-02-11 09:37:56,2024-02-16 09:37:56,Standard Class,Consumer,East,Furniture,Bookcases,345.21,4,0.142,6.89
ORD02158,C00933,2025-10-01 23:24:03,2025-10-03 23:24:03,First Class,Consumer,North,Technology,Phones,705.31,6,0.264,-27.68
ORD00971,C00926,2024-05-16 17:37:03,2024-05-18 17:37:03,Second Class,Home Office,East,Office Supplies,Storage,244.95,7,0.322,-25.94
ORD03541,C00086,2025-01-20 01:03:27,2025-01-23 01:03:27,Standard Class,Home Office,South,Office Supplies,Binders,301.79,8,0.182,-5.46
ORD03252,C00743,2025-12-19 17:04:08,2025-12-24 17:04:08,Standard Class,Consumer,East,Furniture,Bookcases,1070.87,7,0.139,73.36
ORD02387,C00719,2025-06-27 16:23:11,2025-07-01 16:23:11,Standard Class,Consumer,North,Technology,Phones,547.09,5,0.151,50.08
ORD02589,C00236,2024-02-03 19:28:02,2024-02-06 19:28:02,First Class,Consumer,East,Office Supplies,Appliances,256.02,7,0.247,-30.69
ORD01123,C00363,2025-08-21 23:15:50,2025-08-23 23:15:50,Second Class,Consumer,South,Office Supplies,Binders,30.29,3,0.095,2.13
ORD02182,C00730,2024-04-27 16:57:27,2024-05-01 16:57:27,Second Class,Home Office,East,Technology,Accessories,1024.68,7,0.097,82.01
ORD00144,C00784,2025-07-01 00:39:43,2025-07-05 00:39:43,Second Class,Consumer,East,Furniture,Tables,803.09,7,0.217,-42.36
ORD00537,C00380,2025-03-29 07:08:13,2025-03-30 07:08:13,First Class,Consumer,North,Technology,Laptops,463.91,4,0.169,44.69
ORD02007,C00598,2024-07-29 03:13:02,2024-08-01 03:13:02,Standard Class,Home Office,South,Office Supplies,Paper,11.14,1,0.26,-1.3
ORD00384,C00434,2024-11-05 05:38:10,2024-11-08 05:38:10,Standard Class,Consumer,West,Office Supplies,Appliances,337.72,6,0.233,-29.32
ORD03707,C00132,2024-03-27 00:37:30,2024-03-31 00:37:30,Standard Class,Consumer,East,Office Supplies,Appliances,28.94,1,0.232,-1.23
ORD02885,C00153,2025-12-21 08:27:32,2025-12-22 08:27:32,Same Day,Consumer,North,Technology,Accessories,141.53,1,0.398,-26.07
ORD02601,C00797,2024-06-22 23:41:27,2024-06-26 23:41:27,Second Class,Consumer,South,Office Supplies,Storage,431.77,8,0.16,-15.67
ORD03500,C00017,2024-08-13 08:02:39,2024-08-16 08:02:39,Standard Class,Consumer,South,Office Supplies,Paper,169.7,5,0.043,14.17
ORD01656,C00073,2025-01-02 02:22:08,2025-01-03 02:22:08,First Class,Consumer,East,Furniture,Tables,547.44,6,0.059,46.77
ORD03356,C00281,2025-05-05 20:06:19,2025-05-08 20:06:19,Standard Class,Consumer,East,Office Supplies,Storage,433.49,8,0.352,-96.91
ORD00300,C00770,2025-01-03 20:27:06,2025-01-07 20:27:06,Standard Class,Consumer,North,Furniture,Chairs,606.76,8,0.167,-41.89
ORD03121,C00669,2025-01-03 18:02:16,2025-01-07 18:02:16,Second Class,Consumer,East,Technology,Phones,1312.0,8,0.111,285.55
ORD00454,C00539,2025-03-01 07:55:44,2025-03-01 07:55:44,Same Day,Consumer,East,Furniture,Furnishings,435.57,2,0.341,-47.64
ORD00481,C00592,2025-09-18 02:50:32,2025-09-23 02:50:32,Standard Class,Home Office,West,Office Supplies,Appliances,98.43,3,0.135,10.15
ORD02900,C00143,2024-10-15 10:11:03,2024-10-19 10:11:03,Standard Class,Consumer,North,Office Supplies,Binders,135.29,7,0.081,12.67
ORD02744,C00151,2025-08-30 10:55:30,2025-08-31 10:55:30,First Class,Consumer,South,Office Supplies,Art,43.15,1,0.274,-2.91
ORD01232,C00565,2025-07-28 10:20:13,2025-08-01 10:20:13,Second Class,Home Office,South,Technology,Phones,241.14,2,0.296,-21.44
ORD00592,C00338,2025-12-02 12:49:54,2025-12-04 12:49:54,Second Class,Consumer,North,Technology,Accessories,515.03,5,0.206,-47.23
ORD01142,C00527,2025-10-28 14:27:13,2025-11-02 14:27:13,Standard Class,Consumer,South,Furniture,Bookcases,487.13,3,0.234,-69.01
ORD01819,C00610,2025-08-05 16:06:56,2025-08-10 16:06:56,Standard Class,Corporate,North,Furniture,Furnishings,207.24,2,0.194,-16.81
ORD00901,C00301,2024-06-29 02:37:22,2024-07-04 02:37:22,Standard Class,Corporate,North,Technology,Laptops,1312.75,8,0.12,142.71
ORD03647,C00810,2025-07-19 05:41:30,2025-07-24 05:41:30,Standard Class,Consumer,East,Office Supplies,Appliances,233.46,4,0.161,8.53
ORD03499,C00772,2025-06-21 15:53:12,2025-06-24 15:53:12,First Class,Corporate,South,Office Supplies,Appliances,97.76,4,0.243,0.05
ORD01574,C00103,2024-07-30 08:03:58,2024-08-02 08:03:58,Second Class,Corporate,East,Office Supplies,Art,157.89,6,0.144,5.06
ORD01191,C00120,2025-05-09 22:04:00,2025-05-10 22:04:00,First Class,Consumer,North,Office Supplies,Storage,226.32,6,0.115,3.77
ORD00772,C00199,2024-07-03 16:01:22,2024-07-07 16:01:22,Standard Class,Consumer,East,Furniture,Tables,885.01,4,0.045,53.82
ORD00690,C00133,2025-01-16 20:32:43,2025-01-20 20:32:43,Standard Class,Consumer,South,Office Supplies,Paper,136.89,8,0.123,8.72
ORD00342,C00522,2025-08-04 15:03:17,2025-08-08 15:03:17,Second Class,Corporate,West,Office Supplies,Paper,94.88,3,0.256,-6.17
ORD01432,C00230,2024-05-17 15:02:58,2024-05-22 15:02:58,Standard Class,Consumer,West,Office Supplies,Paper,423.34,7,0.026,46.58
ORD03485,C00617,2024-09-02 23:24:48,2024-09-07 23:24:48,Standard Class,Consumer,South,Office Supplies,Paper,63.63,7,0.16,1.59
ORD02771,C00822,2025-08-03 12:28:09,2025-08-08 12:28:09,Standard Class,Consumer,East,Technology,Accessories,97.54,1,0.06,10.17
ORD00206,C00133,2024-11-27 06:25:44,2024-12-02 06:25:44,Standard Class,Home Office,North,Furniture,Tables,1183.82,7,0.156,-77.11
ORD01616,C00158,2025-12-02 06:10:21,2025-12-06 06:10:21,Standard Class,Consumer,East,Technology,Accessories,333.58,2,0.081,51.89
ORD01286,C00169,2024-01-06 19:28:01,2024-01-10 19:28:01,Standard Class,Consumer,North,Furniture,Bookcases,592.8,4,0.166,-41.36
ORD02984,C00766,2025-06-10 22:34:21,2025-06-11 22:34:21,First Class,Consumer,South,Furniture,Tables,758.47,8,0.22,-90.31
ORD02047,C00928,2025-08-17 08:45:12,2025-08-21 08:45:12,Standard Class,Corporate,North,Office Supplies,Binders,62.26,2,0.091,5.22
ORD02660,C00735,2025-11-01 00:54:25,2025-11-04 00:54:25,Second Class,Consumer,West,Office Supplies,Binders,202.67,5,0.121,11.91
ORD00260,C00651,2024-04-24 10:20:07,2024-04-26 10:20:07,Second Class,Home Office,South,Technology,Laptops,893.04,7,0.186,-14.48
ORD01387,C00579,2025-12-19 10:55:33,2025-12-24 10:55:33,Standard Class,Consumer,East,Office Supplies,Appliances,294.88,4,0.027,44.44
ORD01398,C00192,2024-10-13 08:42:47,2024-10-18 08:42:47,Standard Class,Consumer,South,Office Supplies,Art,9.96,1,0.272,-1.41
ORD03413,C00446,2024-09-13 23:55:40,2024-09-18 23:55:40,Standard Class,Consumer,South,Technology,Phones,107.46,1,0.172,12.26
ORD02967,C00864,2024-09-16 13:06:01,2024-09-19 13:06:01,Standard Class,Consumer,North,Technology,Accessories,676.3,5,0.192,16.29
ORD00289,C00339,2025-04-10 21:40:35,2025-04-13 21:40:35,Standard Class,Consumer,West,Furniture,Tables,122.17,1,0.194,-3.29
ORD00647,C00028,2025-04-26 06:49:17,2025-04-26 06:49:17,Same Day,Corporate,West,Office Supplies,Paper,78.95,1,0.195,2.15
ORD02867,C00205,2024-12-11 23:18:05,2024-12-14 23:18:05,Standard Class,Consumer,North,Office Supplies,Appliances,292.09,8,0.017,38.99
ORD01407,C00480,2024-02-21 20:33:17,2024-02-26 20:33:17,Standard Class,Corporate,East,Technology,Laptops,598.51,5,0.209,-12.74
ORD01981,C00660,2025-12-21 05:44:08,2025-12-23 05:44:08,Same Day,Consumer,South,Office Supplies,Art,55.6,4,0.103,4.73
ORD01490,C00411,2024-06-11 03:14:14,2024-06-14 03:14:14,Second Class,Corporate,North,Office Supplies,Storage,29.82,1,0.196,-2.24
ORD01250,C00439,2024-03-09 11:30:47,2024-03-12 11:30:47,Second Class,Consumer,East,Furniture,Bookcases,1880.84,7,0.078,-33.28
ORD00490,C00660,2025-03-12 02:08:32,2025-03-16 02:08:32,Standard Class,Consumer,North,Office Supplies,Appliances,328.67,5,0.068,43.03
ORD01594,C00260,2024-10-28 00:48:30,2024-10-31 00:48:30,First Class,Consumer,North,Technology,Accessories,242.51,2,0.224,1.03
ORD03104,C00757,2025-03-25 08:44:15,2025-03-29 08:44:15,Second Class,Home Office,East,Office Supplies,Storage,122.96,7,0.068,8.27
ORD02292,C00309,2025-10-01 03:26:38,2025-10-05 03:26:38,Second Class,Home Office,North,Technology,Phones,221.63,2,0.219,-1.05
ORD00676,C00106,2024-03-12 01:07:38,2024-03-14 01:07:38,Second Class,Corporate,West,Furniture,Furnishings,883.81,5,0.209,-91.46
ORD01067,C00133,2024-07-26 08:34:44,2024-07-31 08:34:44,Standard Class,Home Office,East,Technology,Laptops,548.51,5,0.04,149.32
ORD02778,C00345,2025-01-12 02:19:58,2025-01-12 02:19:58,Same Day,Consumer,West,Technology,Accessories,315.67,3,0.235,17.01
ORD02367,C00043,2025-07-29 02:07:50,2025-07-30 02:07:50,Same Day,Consumer,East,Office Supplies,Paper,279.7,8,0.164,-6.91
ORD03879,C00180,2025-03-14 11:15:55,2025-03-16 11:15:55,Second Class,Consumer,West,Technology,Laptops,964.26,6,0.055,150.65
ORD02067,C00416,2024-10-06 10:21:39,2024-10-10 10:21:39,Standard Class,Home Office,South,Office Supplies,Appliances,125.83,3,0.2,-1.02
ORD03708,C00894,2025-03-21 08:16:24,2025-03-23 08:16:24,Second Class,Consumer,East,Office Supplies,Storage,72.54,2,0.173,-2.9
ORD02998,C00927,2025-12-16 09:13:26,2025-12-20 09:13:26,Standard Class,Consumer,East,Furniture,Chairs,216.22,3,0.051,8.33
ORD03412,C00726,2024-12-16 10:32:19,2024-12-20 10:32:19,Second Class,Corporate,West,Technology,Laptops,461.56,4,0.065,68.31
ORD00700,C00896,2025-10-06 23:26:33,2025-10-09 23:26:33,Standard Class,Consumer,North,Office Supplies,Art,188.06,5,0.114,4.26
ORD01532,C00584,2025-07-23 08:49:59,2025-07-26 08:49:59,First Class,Corporate,East,Office Supplies,Appliances,199.77,4,0.064,30.39
ORD01391,C00129,2024-08-07 23:07:57,2024-08-08 23:07:57,Same Day,Consumer,East,Technology,Accessories,106.88,1,0.102,9.24
ORD00393,C00627,2024-07-01 03:17:39,2024-07-05 03:17:39,Standard Class,Corporate,South,Office Supplies,Storage,328.14,6,0.161,-1.58
ORD01992,C00524,2025-07-16 05:47:00,2025-07-19 05:47:00,Second Class,Home Office,West,Furniture,Chairs,788.92,4,0.22,-57.17
ORD00220,C00809,2024-05-31 11:02:40,2024-06-01 11:02:40,First Class,Corporate,South,Furniture,Bookcases,286.6,3,0.173,3.03
ORD02837,C00331,2024-09-02 21:43:35,2024-09-05 21:43:35,Standard Class,Consumer,North,Furniture,Tables,493.77,5,0.11,6.11
ORD01045,C00779,2024-06-20 20:09:11,2024-06-23 20:09:11,Standard Class,Consumer,East,Office Supplies,Paper,545.82,7,0.205,39.18
ORD01311,C00617,2025-03-18 15:28:37,2025-03-22 15:28:37,Standard Class,Consumer,South,Office Supplies,Art,34.18,1,0.165,-0.67
ORD00957,C00702,2024-08-02 17:19:43,2024-08-03 17:19:43,First Class,Consumer,North,Furniture,Tables,770.47,8,0.159,-29.38
ORD01192,C00026,2025-04-25 16:34:59,2025-04-29 16:34:59,Standard Class,Corporate,North,Technology,Phones,811.78,6,0.175,80.95
ORD01789,C00917,2025-11-13 10:28:14,2025-11-17 10:28:14,Standard Class,Consumer,North,Office Supplies,Appliances,92.14,5,0.03,20.66
ORD03482,C00516,2025-08-28 14:30:41,2025-09-02 14:30:41,Standard Class,Consumer,West,Furniture,Furnishings,232.33,1,0.331,-44.01
ORD00512,C00616,2025-11-23 00:09:08,2025-11-28 00:09:08,Standard Class,,West,Furniture,Tables,1344.71,6,0.08,139.52
ORD00425,C00438,2024-01-18 20:22:43,2024-01-23 20:22:43,Standard Class,Home Office,East,Furniture,Tables,1278.99,6,0.375,-242.29
ORD01240,C00129,2024-11-28 11:34:35,2024-11-30 11:34:35,Second Class,Consumer,North,Technology,Phones,617.88,5,0.049,84.17
ORD02836,C00533,2024-06-09 17:09:58,2024-06-14 17:09:58,Standard Class,Consumer,East,Office Supplies,Art,386.29,7,0.202,-8.76
ORD02941,C00657,2025-11-01 01:03:19,2025-11-03 01:03:19,Second Class,Consumer,West,Technology,Accessories,815.55,7,0.228,10.9
ORD03137,C00145,2025-06-03 16:48:00,2025-06-07 16:48:00,Second Class,Consumer,East,Furniture,Bookcases,1673.04,7,0.208,-207.5
ORD02644,C00351,2024-08-21 18:16:20,2024-08-24 18:16:20,First Class,Home Office,South,Office Supplies,Art,48.53,3,0.19,-0.89
ORD01020,C00588,2025-02-15 08:55:37,2025-02-18 08:55:37,Standard Class,Consumer,North,Technology,Accessories,724.06,6,0.094,97.33
ORD02565,C00274,2025-03-17 23:10:18,2025-03-20 23:10:18,Second Class,Corporate,West,Furniture,Bookcases,291.51,1,0.166,-3.75
ORD01705,C00282,2024-12-27 19:00:03,2024-12-30 19:00:03,Second Class,Corporate,West,Office Supplies,Art,401.33,5,0.207,-5.31
ORD02659,C00107,2024-12-12 06:39:02,2024-12-15 06:39:02,Standard Class,Corporate,North,Office Supplies,Art,81.32,2,0.077,5.33
ORD02027,C00483,2024-02-10 07:16:42,2024-02-13 07:16:42,Standard Class,Corporate,West,Furniture,Bookcases,520.86,3,0.33,-35.07
ORD03631,C00115,2024-11-26 07:07:53,2024-11-29 07:07:53,Standard Class,Corporate,North,Office Supplies,Binders,86.0,6,0.197,-0.25
ORD03005,C00825,2024-09-11 05:47:36,2024-09-14 05:47:36,Second Class,Consumer,North,Office Supplies,Art,167.0,4,0.166,12.4
ORD03833,C00165,2025-08-20 07:44:46,2025-08-25 07:44:46,Standard Class,Consumer,East,Technology,Laptops,663.43,7,0.041,128.16
ORD03408,C00089,2025-09-23 12:33:21,2025-09-26 12:33:21,First Class,Corporate,East,Technology,Accessories,108.05,1,0.048,25.38
ORD01932,C00880,2025-07-01 19:17:13,2025-07-04 19:17:13,First Class,Corporate,South,Technology,Accessories,918.21,8,0.061,96.34
ORD01532,C00378,2024-01-23 13:14:33,2024-01-27 13:14:33,Second Class,Consumer,West,Office Supplies,Art,418.56,6,0.192,-2.89
ORD01091,C00188,2025-09-06 02:17:49,2025-09-07 02:17:49,Same Day,Consumer,West,Office Supplies,Storage,268.14,4,0.154,2.97
ORD01359,C00521,2024-10-16 09:33:46,2024-10-19 09:33:46,Second Class,Consumer,North,Office Supplies,Storage,54.69,1,0.076,3.89
ORD00765,C00098,2024-10-30 22:46:57,2024-11-02 22:46:57,Standard Class,Consumer,East,Office Supplies,Appliances,44.87,1,0.116,3.05
ORD01370,C00392,2025-11-20 22:59:52,2025-11-24 22:59:52,Standard Class,Consumer,West,Technology,Phones,513.54,4,0.171,28.26
ORD03413,C00625,2025-09-25 03:01:07,2025-09-27 03:01:07,First Class,Consumer,East,Office Supplies,Appliances,59.03,5,0.157,-2.67
ORD00763,C00456,2024-02-07 03:25:49,2024-02-10 03:25:49,Standard Class,Consumer,West,Furniture,Chairs,837.66,5,0.092,19.7
ORD03421,C00879,2024-09-19 16:16:17,2024-09-21 16:16:17,First Class,Corporate,East,Technology,Phones,329.39,3,0.281,-19.75
ORD00217,C00684,2025-07-01 06:50:41,2025-07-06 06:50:41,Standard Class,Corporate,North,Office Supplies,Art,300.35,6,0.004,60.48
ORD00638,C00616,2025-01-28 08:36:03,2025-01-31 08:36:03,Standard Class,Corporate,North,Technology,Accessories,649.65,5,0.148,10.81
ORD03467,C00636,2024-07-07 01:22:22,2024-07-09 01:22:22,Second Class,Corporate,West,Office Supplies,Appliances,196.78,3,0.21,-8.34
ORD02055,C00652,2025-01-18 02:05:06,2025-01-19 02:05:06,First Class,Consumer,West,Office Supplies,Paper,98.09,3,0.082,6.16
ORD01217,C00453,2025-09-24 14:59:12,2025-09-26 14:59:12,First Class,Consumer,North,Technology,Phones,397.13,4,0.127,53.34
ORD00753,C00101,2024-06-12 00:01:43,2024-06-17 00:01:43,Standard Class,Corporate,North,Office Supplies,Paper,325.8,6,0.054,29.99
ORD00044,C00244,2025-06-28 15:06:39,2025-07-01 15:06:39,Standard Class,Corporate,West,Furniture,Bookcases,972.18,5,0.123,54.93
ORD00802,C00297,2025-06-20 09:00:41,2025-06-22 09:00:41,Second Class,Corporate,North,Technology,Accessories,219.85,2,0.287,-9.89
ORD00566,C00245,2025-10-08 13:33:16,2025-10-09 13:33:16,First Class,Corporate,North,Office Supplies,Paper,316.41,8,0.197,3.01
ORD02677,C00267,2024-08-05 11:56:08,2024-08-09 11:56:08,Standard Class,Corporate,West,Office Supplies,Appliances,89.94,2,0.109,10.92
ORD03675,C00726,2024-06-06 15:00:08,2024-06-10 15:00:08,Second Class,Corporate,West,Technology,Accessories,734.31,6,0.052,87.51
ORD00977,C00897,2025-02-03 18:54:34,2025-02-06 18:54:34,Standard Class,Corporate,West,Office Supplies,Art,42.25,1,0.099,2.95
ORD00239,C00428,2025-01-22 20:14:56,2025-01-25 20:14:56,Second Class,Corporate,East,Office Supplies,Art,190.25,3,0.142,9.77
ORD03873,C00461,2024-10-25 23:03:06,2024-10-30 23:03:06,Standard Class,Consumer,South,Technology,Accessories,436.98,5,0.116,43.36
ORD02699,C00313,2025-07-22 20:48:33,2025-07-24 20:48:33,Same Day,Consumer,West,Furniture,Bookcases,1086.11,7,0.151,-80.34
ORD01545,C00599,2025-08-06 07:19:53,2025-08-11 07:19:53,Standard Class,Consumer,South,Office Supplies,Appliances,110.92,5,0.028,16.8
ORD03045,C00651,2024-06-28 08:39:34,2024-07-02 08:39:34,Second Class,Consumer,South,Office Supplies,Art,35.3,1,0.15,0.44
ORD02716,C00054,2025-08-03 17:40:42,2025-08-07 17:40:42,Second Class,Corporate,West,Technology,Phones,1411.54,8,0.112,176.41
ORD02918,C00478,2024-06-17 10:40:30,2024-06-21 10:40:30,Standard Class,Consumer,East,Technology,Laptops,387.88,3,0.234,-4.24
ORD00660,C00405,2024-10-24 13:44:38,2024-10-29 13:44:38,Standard Class,Consumer,West,Office Supplies,Paper,159.24,3,0.087,-8.25
ORD01301,C00419,2024-01-20 20:13:51,2024-01-24 20:13:51,Second Class,Corporate,North,Office Supplies,Binders,53.73,1,0.187,1.15
ORD02032,C00482,2024-09-05 11:42:10,2024-09-09 11:42:10,Second Class,,West,Technology,Accessories,730.47,6,0.21,42.13
ORD02494,C00132,2025-11-30 17:11:16,2025-12-02 17:11:16,Second Class,Corporate,East,Office Supplies,Storage,218.4,4,0.191,-6.74
ORD02168,C00760,2024-11-19 01:41:36,2024-11-22 01:41:36,Second Class,Consumer,East,Office Supplies,Storage,129.07,2,0.137,-3.94
ORD01099,C00855,2025-06-02 07:29:44,2025-06-06 07:29:44,Standard Class,Consumer,West,Office Supplies,Paper,431.7,6,0.148,5.33
ORD01445,C00103,2024-03-19 18:52:36,2024-03-22 18:52:36,First Class,Consumer,South,Furniture,Tables,316.92,2,0.268,-32.05
ORD01625,C00789,2025-04-08 23:01:02,2025-04-13 23:01:02,Standard Class,Consumer,East,Office Supplies,Appliances,106.3,5,0.104,5.11
ORD00294,C00533,2024-09-28 05:59:52,2024-10-02 05:59:52,Second Class,Consumer,East,Office Supplies,Paper,97.02,6,0.144,3.08
ORD03241,C00795,2025-06-27 02:47:15,2025-06-30 02:47:15,First Class,Consumer,West,Furniture,Furnishings,920.89,7,0.116,0.21
ORD02530,C00175,2025-11-08 10:53:45,2025-11-09 10:53:45,First Class,Consumer,West,Office Supplies,Paper,267.14,6,0.242,-8.92
ORD02366,C00178,2025-01-23 01:51:29,2025-01-27 01:51:29,Standard Class,Consumer,East,Furniture,Chairs,723.09,5,0.231,-113.35
ORD02986,C00005,2024-03-16 01:32:29,2024-03-20 01:32:29,Standard Class,Corporate,North,Furniture,Chairs,202.82,1,0.087,5.58
ORD01827,C00479,2024-12-13 13:51:52,2024-12-17 13:51:52,Second Class,Consumer,North,Office Supplies,Paper,93.94,2,0.15,7.44
ORD02294,C00393,2024-03-30 20:51:58,2024-04-02 20:51:58,Standard Class,Consumer,West,Office Supplies,Appliances,127.81,5,0.178,-3.97
ORD02679,C00900,2024-11-24 03:48:17,2024-11-28 03:48:17,Second Class,Consumer,West,Furniture,Tables,1221.81,5,0.305,-203.34
ORD02534,C00529,2024-02-14 15:17:44,2024-02-19 15:17:44,Standard Class,Home Office,West,Furniture,Bookcases,442.58,5,0.272,-34.22
ORD02887,C00881,2025-04-12 12:29:41,2025-04-15 12:29:41,Standard Class,Corporate,North,Technology,Laptops,763.96,6,0.16,79.97
ORD00270,C00250,2024-08-14 15:05:39,2024-08-18 15:05:39,Standard Class,Home Office,South,Technology,Phones,1032.99,8,0.062,164.99
ORD03627,C00037,2024-05-27 02:53:33,2024-05-30 02:53:33,Second Class,Home Office,East,Office Supplies,Binders,119.84,5,0.133,6.87
ORD02057,C00789,2024-01-13 15:09:29,2024-01-16 15:09:29,Second Class,Consumer,East,Furniture,Furnishings,214.34,2,0.18,-7.56
ORD02997,C00007,2025-10-10 06:47:18,2025-10-14 06:47:18,Standard Class,Corporate,North,Furniture,Bookcases,808.77,4,0.156,-28.88
ORD00157,C00806,2025-09-03 03:40:15,2025-09-06 03:40:15,Standard Class,Consumer,East,Furniture,Bookcases,619.05,3,0.277,-55.55
ORD01867,C00486,2025-08-15 13:54:05,2025-08-18 13:54:05,Standard Class,Home Office,North,Technology,Accessories,735.27,5,0.208,4.85
ORD01772,C00551,2024-02-12 10:33:25,2024-02-14 10:33:25,Second Class,Consumer,East,Furniture,Furnishings,560.46,5,0.24,-84.34
ORD00851,C00202,2024-09-12 04:21:16,2024-09-15 04:21:16,Second Class,Consumer,North,Technology,Accessories,478.86,5,0.254,-36.44
ORD03482,C00255,2025-12-10 02:02:35,2025-12-11 02:02:35,First Class,Home Office,North,Office Supplies,Paper,110.92,5,0.157,-0.47
ORD01835,C00200,2025-02-26 09:14:05,2025-02-28 09:14:05,Same Day,Corporate,North,Office Supplies,Art,59.92,3,0.148,0.19
ORD03480,C00703,2024-04-03 19:14:29,2024-04-06 19:14:29,Standard Class,Home Office,West,Office Supplies,Binders,164.74,2,0.181,-4.1
ORD01716,C00442,2024-04-12 22:47:53,2024-04-15 22:47:53,First Class,Consumer,East,Office Supplies,Paper,167.48,7,0.021,14.84
ORD02309,C00097,2024-07-11 01:42:51,2024-07-14 01:42:51,Standard Class,Consumer,West,Technology,Phones,684.67,4,0.119,88.6
ORD02336,C00045,2025-12-10 19:30:22,2025-12-12 19:30:22,Second Class,Consumer,South,Technology,Laptops,191.21,2,0.102,11.57
ORD02472,C00682,2024-05-03 19:35:56,2024-05-06 19:35:56,Standard Class,Consumer,South,Furniture,Bookcases,1236.12,8,0.257,-138.13
ORD02439,C00636,2025-10-21 02:40:47,2025-10-23 02:40:47,Second Class,Consumer,South,Technology,Phones,72.1,1,0.271,-1.2
ORD03128,C00300,2025-05-09 22:47:42,2025-05-13 22:47:42,Second Class,Consumer,East,Office Supplies,Appliances,47.42,3,0.139,7.15
ORD00846,C00333,2025-11-03 23:38:39,2025-11-06 23:38:39,Standard Class,Corporate,South,Technology,Laptops,616.11,6,0.04,85.12
ORD02792,C00761,2025-08-25 23:44:39,2025-08-26 23:44:39,First Class,Consumer,East,Office Supplies,Storage,247.52,4,0.405,-52.36
ORD03144,C00070,2024-08-30 11:29:47,2024-08-31 11:29:47,First Class,Corporate,West,Technology,Phones,1068.66,7,0.141,63.56
ORD03196,C00915,2025-08-27 08:43:41,2025-08-28 08:43:41,First Class,Home Office,West,Office Supplies,Storage,154.08,3,0.204,-10.19
ORD01612,C00806,2024-05-03 11:14:24,2024-05-06 11:14:24,Standard Class,Corporate,North,Office Supplies,Storage,164.85,6,0.266,-15.35
ORD01638,C00127,2024-07-31 09:46:51,2024-07-31 09:46:51,Same Day,Consumer,East,Technology,Accessories,628.97,4,0.364,-96.06
ORD03070,C00498,2024-06-03 14:14:53,2024-06-07 14:14:53,Second Class,Consumer,North,Furniture,Tables,770.88,4,0.182,-78.39
ORD02007,C00537,2024-04-07 05:06:42,2024-04-10 05:06:42,Second Class,Consumer,North,Technology,Phones,529.92,4,0.325,-35.54
ORD00061,C00869,2024-03-06 16:49:27,2024-03-10 16:49:27,Standard Class,Corporate,East,Furniture,Bookcases,1745.24,8,0.168,-155.37
ORD02930,C00567,2024-05-16 19:14:04,2024-05-17 19:14:04,First Class,Consumer,East,Technology,Laptops,1368.77,7,0.016,303.0
ORD03002,C00005,2024-03-28 16:20:17,2024-04-01 16:20:17,Second Class,Consumer,East,Furniture,Tables,798.86,3,0.238,-52.47
ORD01992,C00271,2024-10-04 17:02:48,2024-10-06 17:02:48,Second Class,Home Office,North,Technology,Accessories,518.06,4,0.371,-81.77
ORD02142,C00555,2024-02-22 01:15:19,2024-02-24 01:15:19,Same Day,Corporate,West,Office Supplies,Storage,180.25,4,0.012,40.07
ORD02065,C00356,2024-02-14 17:34:05,2024-02-19 17:34:05,Standard Class,Corporate,West,Office Supplies,Storage,85.26,6,0.062,11.26
ORD01651,C00446,2025-12-23 13:42:00,2025-12-25 13:42:00,Second Class,Consumer,South,Office Supplies,Binders,109.87,5,0.344,-18.48
ORD02721,C00894,2024-03-05 00:24:16,2024-03-09 00:24:16,Standard Class,Home Office,West,Furniture,Tables,581.14,5,0.342,-155.7
ORD00557,C00890,2024-02-24 01:29:26,2024-02-29 01:29:26,Standard Class,Consumer,North,Technology,Accessories,480.3,4,0.059,40.77
ORD01125,C00255,2024-01-22 23:27:31,2024-01-26 23:27:31,Standard Class,Consumer,East,Office Supplies,Appliances,136.17,4,0.237,2.43
ORD03458,C00168,2024-04-06 18:08:14,2024-04-11 18:08:14,Standard Class,Home Office,West,Furniture,Furnishings,1142.17,5,0.222,-23.44
ORD03128,C00907,2025-01-20 09:08:36,2025-01-25 09:08:36,Standard Class,Home Office,West,Furniture,Furnishings,1128.2,7,0.146,68.44
ORD00208,C00518,2025-08-26 21:30:01,2025-08-29 21:30:01,Standard Class,Consumer,West,Office Supplies,Storage,399.7,8,0.164,42.21
ORD00669,C00562,2025-06-20 11:19:03,2025-06-25 11:19:03,Standard Class,Consumer,South,Office Supplies,Paper,61.54,1,0.144,4.77
ORD00444,C00164,2025-02-27 13:48:30,2025-03-01 13:48:30,Second Class,Consumer,West,Furniture,Tables,172.2,2,0.183,-5.91
ORD03735,C00611,2024-03-03 01:37:51,2024-03-06 01:37:51,Standard Class,Corporate,East,Furniture,Furnishings,478.21,6,0.118,13.84
ORD03299,C00816,2025-07-19 07:47:21,2025-07-24 07:47:21,Standard Class,Corporate,North,Furniture,Bookcases,339.88,2,0.189,-29.08
ORD02239,C00129,2024-01-28 04:38:37,2024-02-01 04:38:37,Standard Class,Consumer,North,Furniture,Bookcases,759.33,5,0.283,-97.82
ORD02685,C00318,2025-04-05 13:34:42,2025-04-09 13:34:42,Standard Class,Consumer,West,Office Supplies,Storage,177.64,4,0.046,28.74
ORD02407,C00390,2024-10-25 19:29:40,2024-10-28 19:29:40,Standard Class,Corporate,East,Office Supplies,Art,107.97,2,0.075,13.71
ORD03291,C00428,2025-10-05 23:42:26,2025-10-08 23:42:26,First Class,Corporate,East,Office Supplies,Appliances,90.23,5,0.028,11.68
ORD03591,C00213,2024-08-12 11:58:46,2024-08-14 11:58:46,Second Class,Consumer,West,Technology,Laptops,713.36,5,0.113,19.21
ORD03790,C00653,2025-04-11 01:57:03,2025-04-14 01:57:03,Standard Class,Corporate,East,Furniture,Tables,1678.74,6,0.101,-81.59
ORD01331,C00210,2024-11-17 04:42:45,2024-11-22 04:42:45,Standard Class,Home Office,South,Office Supplies,Appliances,197.26,7,0.048,24.33
ORD01327,C00257,2025-01-16 03:37:53,2025-01-21 03:37:53,Standard Class,Consumer,South,Technology,Laptops,998.12,8,0.086,94.37
ORD00448,C00524,2025-11-16 07:44:23,2025-11-18 07:44:23,Second Class,Corporate,East,Office Supplies,Art,58.48,4,0.225,-0.73
ORD03155,C00115,2025-06-04 07:22:28,2025-06-05 07:22:28,Same Day,Corporate,West,Technology,Laptops,839.53,6,0.279,-72.05
ORD01633,C00802,2024-10-29 15:01:14,2024-11-01 15:01:14,Standard Class,Consumer,East,Technology,Phones,596.24,7,0.273,15.51
ORD00150,C00424,2024-11-22 14:19:15,2024-11-26 14:19:15,Standard Class,Home Office,East,Office Supplies,Storage,304.36,8,0.251,-32.89
ORD03231,C00916,2025-05-29 08:05:26,2025-06-02 08:05:26,Second Class,Corporate,East,Office Supplies,Paper,303.45,6,0.12,36.03
ORD03555,C00350,2024-09-09 15:02:17,2024-09-12 15:02:17,Standard Class,Consumer,East,Office Supplies,Paper,129.15,2,0.103,-0.36
ORD03334,C00015,2024-05-02 12:52:11,2024-05-07 12:52:11,Standard Class,Consumer,West,Technology,Laptops,510.52,3,0.276,-0.46
ORD02484,C00337,2024-12-07 09:16:15,2024-12-10 09:16:15,Second Class,Corporate,North,Office Supplies,Art,21.9,2,0.19,-1.04
ORD03407,C00594,2024-02-19 19:18:12,2024-02-21 19:18:12,Second Class,Consumer,East,Technology,Phones,305.13,2,0.065,46.06
ORD03522,C00008,2024-05-03 21:23:28,2024-05-07 21:23:28,Standard Class,Consumer,East,Furniture,Furnishings,431.6,3,0.375,-77.39
ORD02122,C00458,2024-11-03 02:48:40,2024-11-04 02:48:40,First Class,Consumer,North,Technology,Phones,501.09,4,0.065,98.8
ORD02200,C00740,2025-08-04 11:56:12,2025-08-07 11:56:12,Standard Class,Corporate,East,Furniture,Chairs,745.92,7,0.317,-158.61
ORD01259,C00846,2025-07-24 10:26:05,2025-07-27 10:26:05,Standard Class,Home Office,East,Technology,Accessories,476.69,3,0.215,-5.4
ORD02461,C00703,2024-07-09 07:31:48,2024-07-13 07:31:48,Second Class,Corporate,East,Technology,Phones,313.45,2,0.221,-18.77
ORD03888,C00235,2024-11-04 00:10:36,2024-11-08 00:10:36,Second Class,Corporate,West,Office Supplies,Appliances,36.3,2,0.075,0.8
ORD03626,C00669,2024-04-22 01:52:21,2024-04-24 01:52:21,Second Class,Consumer,South,Furniture,Chairs,313.13,2,0.168,-29.23
ORD03301,C00744,2025-07-05 07:52:39,2025-07-07 07:52:39,Second Class,Consumer,North,Furniture,Chairs,630.92,4,0.12,-19.79
ORD01179,C00391,2024-06-28 20:05:28,2024-06-30 20:05:28,Second Class,Home Office,South,Office Supplies,Art,108.43,4,0.181,-9.27
ORD02952,C00622,2025-08-06 15:42:05,2025-08-07 15:42:05,First Class,Consumer,South,Office Supplies,Paper,101.3,4,0.122,2.67
ORD01343,C00471,2025-09-06 17:04:08,2025-09-08 17:04:08,Second Class,Corporate,East,Technology,Laptops,383.32,3,0.045,64.34
ORD00069,C00390,2025-05-18 00:46:16,2025-05-21 00:46:16,Standard Class,Consumer,West,Office Supplies,Art,133.13,4,0.073,13.81
ORD03321,C00630,2024-08-29 01:07:36,2024-09-02 01:07:36,Second Class,Consumer,East,Office Supplies,Binders,65.92,6,0.114,1.38
ORD01186,C00924,2025-11-26 14:58:05,2025-12-01 14:58:05,Standard Class,Corporate,North,Furniture,Bookcases,177.02,1,,-2.17
ORD03763,C00907,2025-05-15 19:35:37,2025-05-17 19:35:37,Second Class,Consumer,South,Office Supplies,Storage,389.56,8,0.271,-43.92
ORD02130,C00018,2025-04-16 11:06:30,2025-04-20 11:06:30,Standard Class,Consumer,North,Furniture,Chairs,322.9,3,0.296,-37.12
ORD02604,C00269,2025-09-17 04:17:48,2025-09-22 04:17:48,Standard Class,Consumer,East,Furniture,Furnishings,423.33,2,0.158,-26.58
ORD02246,C00789,2025-10-05 11:20:25,2025-10-08 11:20:25,Second Class,Consumer,North,Technology,Laptops,296.66,2,0.138,4.65
ORD01677,C00710,2024-02-26 18:05:11,2024-03-01 18:05:11,Second Class,Consumer,East,Office Supplies,Appliances,353.2,5,0.198,-11.63
ORD03543,C00697,2025-10-05 12:42:44,2025-10-10 12:42:44,Standard Class,Home Office,West,Furniture,Chairs,727.04,5,0.324,-138.96
ORD00434,C00584,2025-07-12 11:13:39,2025-07-17 11:13:39,Standard Class,Consumer,East,Office Supplies,Binders,25.26,1,0.155,-1.32
ORD00632,C00407,2024-05-30 18:15:51,2024-06-02 18:15:51,First Class,Corporate,South,Office Supplies,Appliances,78.38,4,0.116,1.79
ORD02369,C00603,2024-08-12 14:17:56,2024-08-12 14:17:56,Same Day,Corporate,South,Furniture,Tables,339.69,2,0.149,-26.76
ORD03773,C00786,2025-07-03 10:41:38,2025-07-08 10:41:38,Standard Class,Consumer,East,Technology,Accessories,1253.67,8,0.319,-101.58
ORD03214,C00089,2024-06-07 03:13:25,2024-06-11 03:13:25,Standard Class,Consumer,East,Furniture,Tables,719.02,3,0.119,15.92
ORD02756,C00011,2024-11-26 06:18:36,2024-11-29 06:18:36,Standard Class,Home Office,North,Office Supplies,Paper,283.97,8,0.072,21.49
ORD00429,C00725,2025-05-17 21:33:12,2025-05-22 21:33:12,Standard Class,Corporate,West,Office Supplies,Art,211.45,5,0.271,-10.83
ORD00228,C00060,2025-04-19 20:34:37,2025-04-23 20:34:37,Standard Class,Home Office,East,Office Supplies,Paper,442.26,8,0.113,19.68
ORD01134,C00390,2025-10-26 03:38:12,2025-10-29 03:38:12,First Class,Consumer,South,Office Supplies,Binders,43.79,5,0.21,-2.44
ORD02787,C00117,2024-03-22 10:07:39,2024-03-26 10:07:39,Standard Class,Corporate,North,Technology,Accessories,281.09,2,0.186,9.45
ORD00397,C00313,2024-08-03 08:44:11,2024-08-07 08:44:11,Standard Class,Corporate,South,Technology,Phones,715.21,6,0.07,88.41
ORD01383,C00177,2025-12-19 23:05:08,2025-12-23 23:05:08,Standard Class,Home Office,South,Office Supplies,Binders,198.05,4,0.127,-6.13
ORD01322,C00411,2025-02-19 05:58:05,2025-02-24 05:58:05,Standard Class,Consumer,South,Office Supplies,Art,224.28,7,0.082,-2.52
ORD00594,C00013,2024-06-30 13:20:47,2024-07-04 13:20:47,Standard Class,Home Office,East,Office Supplies,Storage,244.89,4,0.065,37.26
ORD02251,C00828,2024-07-30 13:53:37,2024-08-02 13:53:37,Standard Class,Consumer,South,Technology,Accessories,189.55,2,0.097,22.2
ORD00929,C00670,2024-09-04 15:00:14,2024-09-09 15:00:14,Standard Class,Corporate,West,Technology,Phones,112.22,1,0.042,17.67
ORD00507,C00620,2025-02-08 15:05:00,2025-02-10 15:05:00,Second Class,Consumer,West,Technology,Phones,763.05,6,0.304,-4.19
ORD01690,C00738,2024-07-26 17:10:48,2024-07-31 17:10:48,Standard Class,Corporate,North,Office Supplies,Paper,55.6,2,0.139,9.36
ORD01847,C00009,2025-03-29 23:01:21,2025-04-01 23:01:21,Second Class,Consumer,North,Technology,Accessories,701.82,6,0.234,-44.3
ORD00800,C00515,2024-11-21 01:05:03,2024-11-24 01:05:03,First Class,Corporate,West,Technology,Accessories,244.98,2,0.126,25.61
ORD00053,C00223,2025-03-21 13:04:33,2025-03-24 13:04:33,Standard Class,Consumer,West,Office Supplies,Binders,44.58,1,0.265,-1.73
ORD00279,C00818,2024-04-23 05:43:21,2024-04-26 05:43:21,Standard Class,Consumer,West,Office Supplies,Appliances,256.93,6,0.02,20.27
ORD03214,C00660,2025-03-31 04:31:56,2025-04-03 04:31:56,First Class,Corporate,North,Office Supplies,Paper,123.91,3,0.025,9.12
ORD03202,C00075,2025-11-06 01:28:24,2025-11-09 01:28:24,Standard Class,Corporate,North,Technology,Laptops,693.72,5,0.135,94.89
ORD02635,C00831,2024-04-08 14:35:52,2024-04-11 14:35:52,Standard Class,Consumer,North,Furniture,Tables,92.33,1,0.169,-3.68
ORD01041,C00570,2024-08-27 00:48:19,2024-08-29 00:48:19,First Class,Corporate,West,Office Supplies,Storage,60.15,2,0.209,-2.96
ORD02531,C00511,2025-05-21 06:49:44,2025-05-23 06:49:44,Second Class,Consumer,East,Office Supplies,Binders,12.71,1,0.124,-0.33
ORD03593,C00123,2025-03-26 16:55:33,2025-03-28 16:55:33,First Class,Corporate,East,Technology,Laptops,344.12,3,0.138,34.49
ORD03306,C00563,2025-05-07 13:37:34,2025-05-11 13:37:34,Standard Class,Corporate,East,Technology,Phones,470.56,3,0.131,13.65
ORD02764,C00358,2025-02-12 11:34:15,2025-02-16 11:34:15,Standard Class,Corporate,North,Office Supplies,Art,170.19,3,0.133,-0.06
ORD00542,C00267,2025-05-13 06:56:38,2025-05-18 06:56:38,Standard Class,Corporate,East,Technology,Laptops,264.37,2,0.027,37.65
ORD01738,C00204,2025-03-20 20:28:00,2025-03-25 20:28:00,Standard Class,Consumer,North,Office Supplies,Paper,141.94,4,0.206,-5.07
ORD03774,C00133,2024-02-24 01:42:57,2024-02-27 01:42:57,Standard Class,Consumer,East,Office Supplies,Appliances,214.3,8,0.225,-19.67
ORD03034,C00792,2025-07-02 10:29:13,2025-07-05 10:29:13,Standard Class,Corporate,East,Technology,Laptops,110.41,1,0.078,10.73
ORD00183,C00416,2024-11-22 04:36:59,2024-11-27 04:36:59,Standard Class,Consumer,East,Technology,Phones,1203.09,8,0.154,137.0
ORD03433,C00253,2024-02-07 13:25:04,2024-02-12 13:25:04,Standard Class,Consumer,South,Technology,Phones,579.99,4,0.087,72.07
ORD01738,C00511,2024-10-25 14:17:43,2024-10-30 14:17:43,Standard Class,Corporate,West,Office Supplies,Art,240.07,5,0.114,16.45
ORD00591,C00317,2024-11-13 16:20:53,2024-11-17 16:20:53,Standard Class,Consumer,East,Technology,Laptops,903.25,6,0.174,66.03
ORD00008,C00536,2024-03-04 07:11:06,2024-03-07 07:11:06,Second Class,Consumer,North,Office Supplies,Binders,268.98,6,0.205,-18.01
ORD01584,C00033,2025-12-28 03:28:00,2025-12-31 03:28:00,Standard Class,Home Office,North,Technology,Laptops,850.55,8,0.312,-41.88
ORD03591,C00181,2024-06-11 07:53:09,2024-06-13 07:53:09,Second Class,Consumer,East,Office Supplies,Appliances,474.49,8,0.153,19.74
ORD02365,C00623,2024-08-29 09:07:29,2024-09-02 09:07:29,Standard Class,Consumer,South,Furniture,Chairs,152.31,1,0.154,-13.62
ORD01862,C00074,2024-11-17 21:39:55,2024-11-20 21:39:55,Standard Class,Consumer,North,Furniture,Furnishings,506.68,4,0.161,-1.51
ORD02024,C00927,2025-08-30 17:30:25,2025-08-31 17:30:25,First Class,Consumer,North,Office Supplies,Storage,201.83,5,0.141,9.91
ORD01067,C00319,2025-06-26 07:43:06,2025-06-27 07:43:06,First Class,Corporate,North,Office Supplies,Art,185.11,5,0.099,16.17
ORD00073,C00545,2025-07-16 19:16:22,2025-07-19 19:16:22,Standard Class,Corporate,South,Office Supplies,Binders,205.45,8,0.15,17.37
ORD01731,C00762,2024-06-22 01:19:39,2024-06-25 01:19:39,Standard Class,Corporate,East,Furniture,Bookcases,1206.93,6,0.064,69.38
ORD00717,C00461,2025-09-09 04:00:51,2025-09-10 04:00:51,First Class,Consumer,North,Office Supplies,Storage,83.91,4,0.038,7.46
ORD03709,C00259,2025-08-28 17:13:06,2025-09-01 17:13:06,Standard Class,Consumer,East,Technology,Accessories,922.88,8,0.112,106.49
ORD00978,C00817,2024-12-04 14:48:37,2024-12-08 14:48:37,Standard Class,Consumer,South,Furniture,Furnishings,758.0,6,0.135,-19.32
ORD00898,C00649,2025-02-02 10:23:09,2025-02-06 10:23:09,Standard Class,Corporate,South,Technology,Phones,900.2,7,0.269,-87.38
ORD01757,C00679,2024-01-28 02:41:35,2024-02-01 02:41:35,Standard Class,Corporate,North,Furniture,Chairs,1374.26,6,0.18,-189.55
ORD01347,C00247,2025-07-09 02:35:16,2025-07-11 02:35:16,Second Class,Consumer,West,Technology,Accessories,165.04,1,0.183,8.64
ORD02358,C00082,2025-12-02 11:21:48,2025-12-06 11:21:48,Second Class,Corporate,West,Technology,Laptops,1415.46,8,0.095,250.07
ORD00041,C00223,2024-12-10 23:10:50,2024-12-15 23:10:50,Standard Class,Corporate,East,Furniture,Chairs,738.29,6,0.18,-6.57
ORD03794,C00697,2025-01-29 13:35:03,2025-02-02 13:35:03,Standard Class,Consumer,North,Office Supplies,Appliances,86.2,2,0.208,-0.78
ORD00856,C00201,2024-12-30 09:52:58,2025-01-03 09:52:58,Standard Class,Corporate,South,Office Supplies,Art,46.51,3,0.202,1.58
ORD02588,C00742,2024-03-01 07:56:15,2024-03-05 07:56:15,Second Class,Corporate,North,Furniture,Furnishings,465.96,3,0.119,7.15
ORD03448,C00407,2025-03-28 09:29:01,2025-03-30 09:29:01,First Class,Consumer,West,Furniture,Tables,672.04,3,0.104,11.81
ORD00184,C00291,2025-06-10 15:43:42,2025-06-14 15:43:42,Standard Class,Consumer,North,Office Supplies,Binders,105.86,5,0.104,8.48
ORD01869,C00256,2025-11-08 10:02:42,2025-11-12 10:02:42,Second Class,Corporate,West,Furniture,Chairs,1273.2,5,0.099,-3.13
ORD02316,C00064,2025-11-09 17:50:58,2025-11-14 17:50:58,Standard Class,Home Office,East,Office Supplies,Storage,66.49,2,0.174,-3.58
ORD00386,C00344,2024-12-25 00:33:23,2024-12-29 00:33:23,Second Class,Corporate,East,Technology,Accessories,933.13,6,0.084,84.27
ORD02575,C00890,2025-12-01 01:23:38,2025-12-04 01:23:38,Standard Class,Corporate,West,Furniture,Bookcases,515.79,3,0.288,-82.78
ORD03243,C00548,2025-01-20 22:04:48,2025-01-25 22:04:48,Standard Class,Corporate,North,Office Supplies,Art,98.44,2,0.218,0.77
ORD00498,C00741,2025-04-13 16:36:56,2025-04-18 16:36:56,Standard Class,Consumer,West,Furniture,Furnishings,1632.94,8,0.194,-194.92
ORD03301,C00790,2025-03-15 10:59:12,2025-03-16 10:59:12,First Class,Consumer,North,Technology,Accessories,320.92,3,0.024,47.99
ORD01831,C00666,2025-12-30 00:54:34,2026-01-04 00:54:34,Standard Class,Consumer,West,Technology,Phones,393.77,2,0.285,-0.13
ORD03814,C00728,2025-06-22 09:15:54,2025-06-26 09:15:54,Standard Class,Home Office,East,Technology,Accessories,1016.22,6,0.171,40.35
ORD01118,C00411,2024-03-28 14:28:55,2024-03-31 14:28:55,First Class,Corporate,North,Office Supplies,Appliances,303.36,7,0.345,-46.94
ORD00239,C00416,2024-02-22 10:49:04,2024-02-25 10:49:04,Second Class,Home Office,West,Furniture,Furnishings,446.35,2,0.067,19.32
ORD02568,C00399,2024-10-26 05:06:39,2024-10-30 05:06:39,Standard Class,Consumer,North,Office Supplies,Appliances,21.26,1,0.124,2.98
ORD01716,C00287,2025-01-11 10:50:38,2025-01-14 10:50:38,Standard Class,Consumer,North,Technology,Phones,1063.04,7,0.022,234.78
ORD02479,C00043,2025-05-03 02:17:05,2025-05-06 02:17:05,First Class,Corporate,West,Office Supplies,Storage,196.86,5,0.174,4.83
ORD03452,C00624,2024-12-17 13:29:04,2024-12-22 13:29:04,Standard Class,Consumer,South,Office Supplies,Art,213.27,4,0.211,-7.69
ORD03363,C00616,2025-01-10 16:30:24,2025-01-15 16:30:24,Standard Class,Consumer,West,Office Supplies,Paper,121.37,4,0.054,16.93
ORD00464,C00412,2025-11-03 19:55:15,2025-11-06 19:55:15,Standard Class,Corporate,East,Office Supplies,Storage,280.9,5,0.238,8.23
ORD00261,C00632,2024-09-01 11:04:28,2024-09-05 11:04:28,Standard Class,Corporate,East,Technology,Phones,986.38,6,0.042,153.3
ORD01414,C00719,2024-12-26 06:14:07,2024-12-30 06:14:07,Second Class,Corporate,South,Office Supplies,Binders,58.96,1,0.083,4.58
ORD00517,C00862,2025-02-10 21:23:21,2025-02-13 21:23:21,First Class,Consumer,North,Office Supplies,Binders,159.66,3,0.258,-10.46
ORD03531,C00816,2024-12-07 20:58:32,2024-12-12 20:58:32,Standard Class,Consumer,West,Technology,Laptops,1352.2,8,0.291,-1.34
ORD02138,C00325,2025-12-07 17:28:00,2025-12-08 17:28:00,Same Day,Consumer,North,Office Supplies,Appliances,74.26,2,0.117,10.13
ORD00360,C00273,2025-12-03 09:44:37,2025-12-05 09:44:37,Second Class,Consumer,East,Office Supplies,Storage,147.32,8,0.146,0.27
ORD02168,C00452,2025-01-09 13:52:47,2025-01-11 13:52:47,Second Class,Consumer,South,Office Supplies,Binders,154.81,4,0.102,11.36
ORD02829,C00366,2024-11-24 22:05:58,2024-11-28 22:05:58,Standard Class,Consumer,South,Technology,Accessories,236.55,2,0.134,19.38
ORD03017,C00640,2025-03-05 22:44:05,2025-03-09 22:44:05,Standard Class,Home Office,East,Technology,Accessories,587.75,5,0.224,-31.89
ORD03703,C00028,2024-05-12 01:05:42,2024-05-14 01:05:42,Second Class,Consumer,West,Furniture,Chairs,1451.36,6,0.394,-277.22
ORD02410,C00255,2024-11-06 23:11:10,2024-11-09 23:11:10,Second Class,Consumer,West,Technology,Accessories,345.32,3,0.084,74.01
ORD02348,C00408,2024-06-07 08:22:13,2024-06-12 08:22:13,Standard Class,Consumer,West,Furniture,Furnishings,1366.14,7,0.167,9.5
ORD00226,C00092,2024-04-15 03:45:36,2024-04-19 03:45:36,Standard Class,Corporate,South,Office Supplies,Appliances,31.59,1,0.142,-0.36
ORD03428,C00416,2024-03-10 11:41:08,2024-03-15 11:41:08,Standard Class,Consumer,South,Office Supplies,Appliances,57.72,1,0.256,-8.43
ORD03021,C00148,2025-03-04 13:25:18,2025-03-07 13:25:18,Standard Class,Consumer,North,Furniture,Furnishings,554.57,5,0.186,-13.23
ORD03118,C00870,2024-01-01 09:57:13,2024-01-06 09:57:13,Standard Class,Consumer,East,Office Supplies,Binders,105.52,5,0.257,-12.67
ORD03795,C00097,2025-04-16 16:56:48,2025-04-21 16:56:48,Standard Class,Consumer,South,Technology,Accessories,813.27,6,0.356,-138.09
ORD03145,C00386,2024-11-11 07:41:16,2024-11-14 07:41:16,Standard Class,Corporate,East,Technology,Accessories,864.64,7,0.099,112.97
ORD01682,C00247,2024-09-24 12:46:37,2024-09-25 12:46:37,First Class,Consumer,North,Office Supplies,Binders,128.53,8,0.225,-0.51
ORD02455,C00404,2025-07-15 13:07:48,2025-07-18 13:07:48,First Class,Consumer,West,Office Supplies,Binders,236.78,5,0.08,19.59
ORD03449,C00694,2025-01-28 06:53:47,2025-02-02 06:53:47,Standard Class,Corporate,West,Furniture,Bookcases,1285.62,5,0.123,0.44
ORD00274,C00313,2025-06-19 10:19:55,2025-06-23 10:19:55,Standard Class,Consumer,West,Office Supplies,Art,516.74,8,,-55.88
ORD00579,C00691,2025-06-01 21:59:29,2025-06-05 21:59:29,Standard Class,Corporate,North,Office Supplies,Paper,169.25,8,0.018,18.19
ORD01558,C00099,2024-01-24 11:15:07,2024-01-28 11:15:07,Standard Class,Consumer,West,Technology,Accessories,126.36,1,0.031,22.16
ORD02573,C00933,2024-06-06 07:25:31,2024-06-08 07:25:31,First Class,Corporate,North,Technology,Phones,720.02,5,0.056,65.88
ORD03250,C00573,2025-02-20 02:06:01,2025-02-25 02:06:01,Standard Class,Consumer,South,Furniture,Chairs,1390.55,8,0.234,-115.2
ORD01202,C00869,2025-12-13 03:34:01,2025-12-14 03:34:01,First Class,Consumer,North,Technology,Accessories,172.17,1,0.255,19.03
ORD00794,C00201,2024-04-22 15:02:25,2024-04-27 15:02:25,Standard Class,Consumer,South,Furniture,Bookcases,694.44,8,0.076,20.34
ORD00737,C00657,2024-03-18 01:22:41,2024-03-18 01:22:41,Same Day,Home Office,East,Technology,Laptops,959.79,6,0.062,199.37
ORD01172,C00495,2025-11-17 23:39:23,2025-11-21 23:39:23,Second Class,Consumer,North,Office Supplies,Appliances,114.45,2,0.176,-0.64
ORD00236,C00268,2025-12-06 18:22:13,2025-12-09 18:22:13,Second Class,Home Office,South,Technology,Phones,622.38,6,0.078,40.22
ORD02000,C00730,2024-05-02 04:14:05,2024-05-03 04:14:05,First Class,Home Office,East,Furniture,Tables,1082.34,4,0.09,141.24
ORD03359,C00473,2024-10-20 05:55:19,2024-10-23 05:55:19,Standard Class,Consumer,West,Technology,Laptops,377.13,3,0.173,9.92
ORD01648,C00697,2025-04-02 10:43:08,2025-04-05 10:43:08,Standard Class,Consumer,East,Office Supplies,Binders,303.57,5,0.174,13.97
ORD01896,C00019,2024-05-22 12:23:32,2024-05-25 12:23:32,Standard Class,Consumer,East,Furniture,Furnishings,951.52,6,0.16,-22.72
ORD03188,C00104,2024-08-26 03:41:45,2024-08-27 03:41:45,First Class,Home Office,North,Office Supplies,Appliances,408.23,8,0.102,51.56
ORD00050,C00755,2024-10-15 13:27:28,2024-10-17 13:27:28,First Class,Corporate,West,Technology,Phones,624.46,4,0.204,20.68
ORD03796,C00400,2025-04-13 08:09:15,2025-04-16 08:09:15,Standard Class,Consumer,North,Furniture,Chairs,197.65,2,0.227,-27.97
ORD00796,C00187,2024-08-12 21:17:11,2024-08-15 21:17:11,Second Class,Consumer,South,Office Supplies,Art,310.9,7,0.239,-31.19
ORD00417,C00759,2024-10-27 22:46:14,2024-11-01 22:46:14,Standard Class,Corporate,North,Technology,Accessories,222.72,3,0.263,18.69
ORD02305,C00146,2024-07-30 09:29:45,2024-08-02 09:29:45,Standard Class,Consumer,East,Office Supplies,Appliances,189.5,7,0.167,4.53
ORD00071,C00007,2025-07-08 12:56:46,2025-07-11 12:56:46,Second Class,Consumer,South,Furniture,Bookcases,928.2,7,0.203,9.48
ORD01747,C00525,2024-04-21 17:10:18,2024-04-25 17:10:18,Standard Class,Consumer,East,Office Supplies,Art,50.69,1,0.156,0.16
ORD03020,C00141,2024-06-17 09:29:53,2024-06-20 09:29:53,Standard Class,Consumer,South,Furniture,Chairs,497.48,4,0.126,6.92
ORD02682,C00671,2024-07-01 11:49:01,2024-07-04 11:49:01,Second Class,Home Office,South,Office Supplies,Paper,22.62,1,0.245,-3.02
ORD00291,C00397,2025-10-23 05:28:23,2025-10-26 05:28:23,Standard Class,Corporate,South,Office Supplies,Binders,82.3,5,0.325,-12.06
ORD02839,C00864,2025-11-20 11:13:29,2025-11-23 11:13:29,Standard Class,Consumer,North,Office Supplies,Binders,152.63,7,0.071,30.64
ORD00936,C00481,2024-12-31 03:40:22,2025-01-03 03:40:22,Standard Class,Consumer,South,Office Supplies,Binders,74.24,5,0.099,1.54
ORD00717,C00190,2024-04-24 04:08:01,2024-04-29 04:08:01,Standard Class,Corporate,East,Office Supplies,Appliances,93.63,3,0.156,-1.05
ORD01363,C00496,2025-07-05 22:45:07,2025-07-08 22:45:07,Second Class,Consumer,East,Technology,Phones,1319.38,8,0.139,161.54
ORD01735,C00616,2024-12-25 05:25:45,2024-12-28 05:25:45,First Class,Consumer,North,Office Supplies,Storage,25.7,1,0.072,2.71
ORD01165,C00846,2025-09-12 07:16:22,2025-09-15 07:16:22,Standard Class,Consumer,East,Furniture,Bookcases,413.49,2,0.378,-59.92
ORD02076,C00120,2024-09-19 19:06:14,2024-09-20 19:06:14,First Class,Corporate,South,Technology,Phones,246.32,3,0.351,-32.45
ORD02530,C00711,2025-12-30 03:28:38,2026-01-02 03:28:38,Second Class,Home Office,North,Technology,Laptops,1061.12,8,0.055,179.12
ORD00301,C00571,2025-08-12 02:41:56,2025-08-15 02:41:56,First Class,Corporate,North,Technology,Accessories,805.54,8,0.206,35.28
ORD01080,C00903,2024-06-12 11:31:41,2024-06-14 11:31:41,Second Class,Consumer,East,Technology,Phones,522.69,5,0.221,-19.37
ORD01199,C00554,2025-06-13 15:33:43,2025-06-16 15:33:43,Standard Class,Corporate,South,Furniture,Chairs,1272.68,8,0.262,-253.85
ORD02368,C00917,2024-07-28 10:21:18,2024-07-30 10:21:18,Second Class,Consumer,East,Office Supplies,Art,247.73,8,0.065,9.71
ORD01004,C00535,2024-09-12 08:21:20,2024-09-15 08:21:20,Standard Class,Home Office,North,Office Supplies,Art,135.33,5,0.242,-27.33
ORD02713,C00048,2024-07-01 19:35:15,2024-07-05 19:35:15,Standard Class,Consumer,West,Furniture,Tables,160.37,1,0.259,-18.75
ORD02832,C00112,2025-05-13 00:29:18,2025-05-18 00:29:18,Standard Class,Consumer,South,Office Supplies,Storage,444.34,8,0.076,8.04
ORD00085,C00096,2024-07-10 21:30:20,2024-07-14 21:30:20,Standard Class,Consumer,East,Furniture,Chairs,931.92,6,0.104,-7.56
ORD02463,C00505,2025-04-11 07:45:39,2025-04-16 07:45:39,Standard Class,Consumer,West,Furniture,Chairs,205.84,2,0.16,4.54
ORD01433,C00765,2025-03-01 04:25:54,2025-03-02 04:25:54,First Class,Consumer,South,Office Supplies,Storage,191.38,7,0.225,-19.17
ORD01139,C00539,2025-07-02 01:59:51,2025-07-06 01:59:51,Standard Class,Corporate,North,Office Supplies,Paper,163.91,4,0.059,23.36
ORD00201,C00888,2025-12-26 06:30:52,2025-12-31 06:30:52,Standard Class,Corporate,East,Office Supplies,Paper,493.05,7,0.028,31.33
ORD01895,C00477,2024-01-07 10:31:54,2024-01-07 10:31:54,Same Day,Corporate,West,Furniture,Tables,314.41,3,0.111,-3.25
ORD02986,C00648,2025-12-23 21:40:19,2025-12-26 21:40:19,Standard Class,Consumer,West,Technology,Accessories,132.13,1,0.282,5.89
ORD00607,C00191,2024-03-20 19:52:22,2024-03-23 19:52:22,Standard Class,Consumer,North,Office Supplies,Paper,162.25,4,0.075,12.71
ORD00229,C00009,2025-01-19 13:04:01,2025-01-22 13:04:01,First Class,Consumer,East,Office Supplies,Paper,256.28,4,0.087,35.89
ORD00546,C00681,2024-09-05 20:23:21,2024-09-06 20:23:21,Same Day,Consumer,South,Office Supplies,Paper,95.13,7,0.126,13.12
ORD03359,C00091,2025-04-11 11:45:24,2025-04-15 11:45:24,Second Class,Consumer,North,Furniture,Bookcases,223.04,1,0.106,0.11
ORD00806,C00910,2025-06-10 20:49:34,2025-06-14 20:49:34,Standard Class,Home Office,East,Office Supplies,Binders,454.58,8,0.302,-64.28
ORD03305,C00918,2025-09-19 18:41:02,2025-09-24 18:41:02,Standard Class,Home Office,East,Technology,Laptops,221.97,2,0.293,-33.54
ORD00741,C00205,2024-10-20 10:40:57,2024-10-22 10:40:57,First Class,Consumer,East,Office Supplies,Storage,405.68,8,0.041,55.27
ORD02015,C00086,2025-11-12 00:59:39,2025-11-15 00:59:39,First Class,Corporate,West,Furniture,Chairs,1077.88,6,0.077,73.14
ORD01739,C00844,2024-08-23 09:03:59,2024-08-27 09:03:59,Standard Class,Corporate,South,Office Supplies,Art,47.35,3,0.03,7.22
ORD03677,C00855,2024-05-28 19:38:17,2024-05-31 19:38:17,First Class,Consumer,East,Furniture,Furnishings,1054.76,8,0.146,43.87
ORD01064,C00512,2024-10-03 18:23:39,2024-10-07 18:23:39,Second Class,Corporate,South,Furniture,Chairs,282.9,3,0.245,-48.57
ORD01430,C00355,2025-01-20 20:03:03,2025-01-23 20:03:03,Standard Class,Consumer,North,Furniture,Chairs,701.75,6,0.22,1.09
ORD01742,C00429,2025-05-02 18:09:35,2025-05-07 18:09:35,Standard Class,Consumer,South,Office Supplies,Binders,50.53,1,0.37,-10.12
ORD01180,C00884,2025-08-30 23:18:18,2025-09-02 23:18:18,Standard Class,Home Office,West,Office Supplies,Binders,52.82,1,0.287,-3.79
ORD00652,C00524,2024-06-13 03:29:48,2024-06-15 03:29:48,First Class,Corporate,East,Furniture,Bookcases,696.61,3,0.187,-42.77
ORD00445,C00188,2024-08-09 08:06:01,2024-08-13 08:06:01,Standard Class,Consumer,North,Furniture,Chairs,291.98,2,0.134,-11.66
ORD02313,C00651,2025-11-16 05:39:37,2025-11-18 05:39:37,Second Class,Consumer,East,Technology,Accessories,226.98,2,0.128,9.36
ORD02837,C00923,2024-11-17 01:27:15,2024-11-21 01:27:15,Standard Class,Home Office,West,Technology,Laptops,417.11,4,0.075,67.5
ORD00663,C00055,2024-06-25 08:19:17,2024-06-27 08:19:17,Second Class,Consumer,West,Office Supplies,Art,314.15,5,0.068,20.51
ORD01659,C00495,2025-12-20 12:04:54,2025-12-25 12:04:54,Standard Class,Home Office,East,Furniture,Bookcases,170.02,2,0.218,-16.38
ORD02755,C00510,2024-11-23 17:58:40,2024-11-25 17:58:40,First Class,Home Office,South,Furniture,Chairs,648.06,7,0.243,-92.45
ORD03816,C00729,2025-12-20 02:01:05,2025-12-23 02:01:05,Standard Class,Consumer,East,Office Supplies,Appliances,333.07,7,0.102,17.27
ORD00509,C00530,2025-11-02 02:24:51,2025-11-06 02:24:51,Second Class,Corporate,West,Technology,Phones,1073.65,7,0.188,-32.62
ORD03394,C00200,2025-10-23 10:59:28,2025-10-25 10:59:28,Second Class,Corporate,West,Office Supplies,Art,29.1,2,0.045,-0.38
ORD01506,C00579,2025-02-28 17:48:39,2025-03-04 17:48:39,Standard Class,Corporate,West,Furniture,Bookcases,1562.52,8,0.142,47.24
ORD01999,C00127,2025-08-05 20:48:53,2025-08-08 20:48:53,First Class,Consumer,South,Office Supplies,Storage,31.14,2,0.131,2.43
ORD00258,C00504,2025-12-02 04:55:44,2025-12-07 04:55:44,Standard Class,Consumer,North,Technology,Laptops,145.42,1,0.083,3.64
ORD01761,C00222,2024-07-15 11:09:58,2024-07-17 11:09:58,First Class,Consumer,East,Office Supplies,Appliances,293.27,6,0.065,35.38
ORD01115,C00948,2024-01-28 13:20:47,2024-02-01 13:20:47,Standard Class,Corporate,North,Furniture,Chairs,1376.93,7,0.177,-47.94
ORD00918,C00710,2024-08-22 05:17:35,2024-08-25 05:17:35,Second Class,Corporate,North,Office Supplies,Appliances,26.26,2,0.158,-0.96
ORD03410,C00709,2025-04-09 22:27:36,2025-04-10 22:27:36,First Class,Corporate,East,Technology,Phones,639.78,4,0.155,71.23
ORD00595,C00001,2025-02-03 12:23:43,2025-02-04 12:23:43,First Class,Corporate,East,Office Supplies,Art,106.69,4,0.228,0.63
ORD00920,C00407,2024-02-28 19:50:35,2024-03-04 19:50:35,Standard Class,Consumer,West,Furniture,Furnishings,1067.98,6,0.103,79.83
ORD00943,C00655,2025-02-13 08:49:10,2025-02-18 08:49:10,Standard Class,Consumer,West,Office Supplies,Storage,368.24,5,0.228,16.12
ORD03023,C00463,2024-05-07 07:27:47,2024-05-08 07:27:47,First Class,Corporate,West,Office Supplies,Appliances,102.58,5,0.171,6.28
ORD02148,C00098,2025-01-04 00:24:33,2025-01-09 00:24:33,Standard Class,Consumer,West,Technology,Laptops,154.64,1,0.053,20.85
ORD01785,C00499,2025-02-24 06:16:19,2025-02-27 06:16:19,First Class,Corporate,East,Office Supplies,Storage,178.65,8,0.21,-5.01
ORD00554,C00630,2025-04-09 18:27:47,2025-04-12 18:27:47,Standard Class,Consumer,North,Furniture,Chairs,807.49,5,0.298,-109.45
ORD01541,C00687,2024-10-28 03:57:37,2024-10-31 03:57:37,Standard Class,Consumer,East,Furniture,Tables,883.91,6,0.128,55.47
ORD03448,C00287,2024-10-25 01:49:09,2024-10-29 01:49:09,Second Class,Home Office,North,Office Supplies,Appliances,128.09,4,0.205,-3.98
ORD01944,C00552,2025-05-10 08:36:13,2025-05-15 08:36:13,Standard Class,Consumer,North,Furniture,Chairs,378.65,2,0.257,-54.89
ORD03774,C00855,2025-06-30 21:31:52,2025-07-03 21:31:52,Standard Class,Consumer,North,Office Supplies,Appliances,401.34,6,0.215,-41.14
ORD00177,C00907,2025-08-12 15:37:05,2025-08-17 15:37:05,Standard Class,Corporate,West,Furniture,Chairs,681.61,3,0.3,-75.19
ORD01039,C00299,2024-08-31 11:47:40,2024-09-01 11:47:40,Same Day,Corporate,East,Technology,Accessories,337.26,2,0.231,3.83
ORD00592,C00647,2024-11-05 13:48:58,2024-11-09 13:48:58,Second Class,,West,Office Supplies,Art,116.18,5,0.175,-3.09
ORD02513,C00865,2024-08-29 09:27:39,2024-08-30 09:27:39,Same Day,Home Office,West,Furniture,Chairs,771.11,3,0.369,-136.96
ORD00406,C00073,2025-01-20 02:34:09,2025-01-23 02:34:09,Standard Class,Corporate,West,Furniture,Tables,1069.4,8,0.356,-230.41
ORD01600,C00539,2024-04-02 20:59:55,2024-04-06 20:59:55,Standard Class,Consumer,North,Furniture,Chairs,451.1,6,0.314,-102.38
ORD00150,C00718,2024-11-09 23:12:05,2024-11-13 23:12:05,Standard Class,Consumer,West,Office Supplies,Paper,114.01,3,0.168,8.96
ORD02041,C00207,2024-05-17 18:14:16,2024-05-21 18:14:16,Standard Class,Home Office,West,Furniture,Furnishings,129.37,1,0.354,-37.69
ORD00729,C00282,2025-01-23 15:46:23,2025-01-26 15:46:23,Standard Class,Consumer,West,Office Supplies,Binders,182.16,3,0.038,25.89
ORD03004,C00808,2025-09-12 21:07:32,2025-09-16 21:07:32,Standard Class,Home Office,North,Technology,Laptops,98.07,1,0.061,15.21
ORD01798,C00161,2025-12-20 08:07:47,2025-12-23 08:07:47,Standard Class,Corporate,North,Office Supplies,Art,83.22,2,0.097,0.33
ORD02376,C00286,2024-11-21 18:51:59,2024-11-25 18:51:59,Second Class,Consumer,West,Office Supplies,Art,78.67,3,0.043,11.45
ORD00738,C00791,2024-02-11 02:54:03,2024-02-14 02:54:03,Standard Class,Consumer,North,Office Supplies,Paper,132.5,6,0.099,5.95
ORD02595,C00580,2024-06-15 08:14:37,2024-06-18 08:14:37,Standard Class,Corporate,South,Furniture,Furnishings,215.71,1,0.244,-10.51
ORD00132,C00612,2024-03-17 12:25:32,2024-03-22 12:25:32,Standard Class,Consumer,South,Office Supplies,Paper,75.17,2,0.03,12.25
ORD00567,C00517,2025-07-08 07:39:21,2025-07-12 07:39:21,Standard Class,Consumer,North,Technology,Accessories,109.05,1,0.117,13.04
ORD03190,C00362,2025-12-19 19:28:01,2025-12-23 19:28:01,Second Class,Corporate,North,Technology,Phones,1113.38,8,0.355,-241.28
ORD00934,C00746,2025-02-08 09:44:57,2025-02-10 09:44:57,First Class,Consumer,West,Furniture,Furnishings,2023.49,8,0.147,-75.6
ORD02868,C00276,2024-05-09 02:22:54,2024-05-12 02:22:54,First Class,Consumer,West,Technology,Laptops,512.36,3,0.154,26.97
ORD03372,C00243,2024-01-16 10:39:11,2024-01-21 10:39:11,Standard Class,Corporate,West,Furniture,Chairs,416.52,4,0.372,-66.8
ORD00509,C00433,2025-12-13 13:07:02,2025-12-16 13:07:02,Standard Class,Corporate,South,Technology,Accessories,491.21,3,0.174,22.67
ORD03781,C00120,2024-08-18 22:39:09,2024-08-21 22:39:09,First Class,Consumer,North,Office Supplies,Binders,135.53,5,0.052,17.98
ORD03177,C00598,2024-03-22 18:25:45,2024-03-25 18:25:45,First Class,Home Office,South,Furniture,Tables,485.6,5,0.375,-95.49
ORD02165,C00867,2024-07-05 08:03:55,2024-07-10 08:03:55,Standard Class,Home Office,South,Office Supplies,Storage,45.11,3,0.181,2.52
ORD01243,C00681,2025-04-23 18:53:33,2025-04-27 18:53:33,Standard Class,Consumer,North,Furniture,Furnishings,506.94,6,0.081,54.41
ORD00810,C00297,2025-10-13 00:02:37,2025-10-16 00:02:37,Second Class,Consumer,West,Technology,Phones,175.02,1,0.131,22.22
ORD00896,C00094,2024-07-19 18:32:37,2024-07-19 18:32:37,Same Day,Corporate,West,Office Supplies,Binders,435.03,6,0.034,55.21
ORD01994,C00591,2025-05-16 16:27:43,2025-05-19 16:27:43,Standard Class,Consumer,East,Office Supplies,Storage,330.68,7,0.018,53.89
ORD00591,C00503,2024-02-17 09:52:03,2024-02-22 09:52:03,Standard Class,Corporate,South,Furniture,Furnishings,175.67,1,0.222,-18.73
ORD01853,C00827,2024-01-08 09:00:16,2024-01-09 09:00:16,First Class,Corporate,South,Technology,Laptops,863.03,6,0.089,129.56
ORD01978,C00461,2024-02-10 02:27:39,2024-02-13 02:27:39,Second Class,Consumer,North,Office Supplies,Binders,264.98,6,0.295,-33.46
ORD02586,C00077,2025-11-04 21:12:36,2025-11-09 21:12:36,Standard Class,Corporate,South,Office Supplies,Binders,318.94,8,0.17,10.45
ORD00028,C00856,2025-02-28 15:51:44,2025-03-05 15:51:44,Standard Class,Consumer,East,Furniture,Furnishings,1755.45,7,0.132,-11.0
ORD01278,C00278,2025-08-10 18:34:27,2025-08-14 18:34:27,Second Class,Home Office,South,Furniture,Bookcases,75.61,1,0.319,-13.2
ORD00521,C00732,2024-01-16 20:35:41,2024-01-19 20:35:41,Second Class,Consumer,East,Furniture,Bookcases,90.21,1,0.084,-1.77
ORD03434,C00080,2024-01-17 05:31:36,2024-01-21 05:31:36,Second Class,Home Office,West,Office Supplies,Binders,118.5,2,0.105,7.53
ORD03274,C00916,2025-09-11 14:50:16,2025-09-15 14:50:16,Standard Class,Consumer,North,Office Supplies,Paper,211.4,5,0.204,0.3
ORD03815,C00875,2024-03-15 21:44:24,2024-03-20 21:44:24,Standard Class,Corporate,North,Furniture,Furnishings,596.68,6,0.226,-57.82
ORD03527,C00066,2024-04-23 10:33:27,2024-04-25 10:33:27,Second Class,,North,Furniture,Chairs,780.25,6,0.328,-222.82
ORD03553,C00893,2025-01-13 19:55:03,2025-01-16 19:55:03,Standard Class,Consumer,North,Furniture,Chairs,521.41,3,0.306,-112.47
ORD01272,C00755,2025-03-18 19:02:31,2025-03-21 19:02:31,Standard Class,Consumer,East,Furniture,Tables,340.14,2,0.092,14.47
ORD03855,C00859,2024-06-16 02:03:59,2024-06-20 02:03:59,Standard Class,Corporate,West,Furniture,Bookcases,276.54,1,0.117,22.7
ORD00009,C00220,2024-11-20 14:56:03,2024-11-23 14:56:03,Standard Class,Corporate,West,Technology,Laptops,505.05,3,0.098,61.27
ORD00538,C00347,2025-05-07 15:44:43,2025-05-09 15:44:43,Second Class,Consumer,East,Technology,Accessories,427.87,3,0.483,-105.6
ORD01168,C00479,2024-11-19 06:45:31,2024-11-22 06:45:31,Standard Class,Consumer,South,Furniture,Tables,429.46,3,0.144,5.56
ORD00982,C00456,2024-10-06 08:05:08,2024-10-09 08:05:08,Second Class,Corporate,North,Office Supplies,Paper,36.89,1,0.033,5.0
ORD03094,C00688,2024-02-22 09:53:09,2024-02-24 09:53:09,Second Class,Consumer,South,Technology,Phones,293.28,3,0.277,-6.14
ORD02983,C00868,2024-11-25 20:51:16,2024-11-30 20:51:16,Standard Class,Corporate,South,Office Supplies,Paper,213.29,7,0.219,-13.98
ORD00647,C00828,2025-08-09 00:13:09,2025-08-12 00:13:09,First Class,Consumer,West,Office Supplies,Paper,78.91,2,0.061,7.61
ORD01819,C00840,2025-04-02 12:48:47,2025-04-06 12:48:47,Standard Class,Consumer,East,Furniture,Chairs,2178.47,8,0.062,198.22
ORD00365,C00310,2025-10-13 22:16:46,2025-10-14 22:16:46,First Class,Corporate,North,Furniture,Bookcases,204.58,1,0.135,4.84
ORD03746,C00011,2024-04-02 02:31:21,2024-04-06 02:31:21,Standard Class,Consumer,South,Technology,Accessories,611.81,6,0.155,25.38
ORD02751,C00168,2024-01-09 01:00:43,2024-01-11 01:00:43,Same Day,Home Office,North,Office Supplies,Storage,58.18,1,0.406,-14.62
ORD00581,C00170,2025-02-04 03:44:41,2025-02-07 03:44:41,Standard Class,Corporate,West,Technology,Phones,646.03,4,0.099,35.99
ORD02995,C00739,2024-05-10 09:08:42,2024-05-12 09:08:42,Second Class,Consumer,North,Furniture,Bookcases,515.21,8,0.104,-24.77
ORD01200,C00388,2025-03-09 14:43:41,2025-03-13 14:43:41,Standard Class,Consumer,North,Technology,Phones,901.88,7,0.127,64.89
ORD00901,C00357,2025-10-21 20:24:04,2025-10-25 20:24:04,Standard Class,Consumer,North,Office Supplies,Art,251.0,5,0.115,19.07
ORD02519,C00713,2024-09-03 02:38:35,2024-09-06 02:38:35,Standard Class,Corporate,West,Office Supplies,Art,206.86,6,0.224,-22.06
ORD00866,C00069,2025-02-05 03:07:41,2025-02-08 03:07:41,Standard Class,Corporate,East,Office Supplies,Paper,320.95,6,0.178,-23.06
ORD01598,C00364,2025-05-12 15:18:32,2025-05-16 15:18:32,Standard Class,Corporate,East,Office Supplies,Paper,322.83,7,0.114,24.0
ORD03441,C00381,2024-04-19 12:41:36,2024-04-24 12:41:36,Standard Class,Consumer,South,Office Supplies,Art,228.56,5,0.103,28.09
ORD01412,C00196,2025-10-17 02:00:51,2025-10-19 02:00:51,Second Class,Consumer,North,Office Supplies,Paper,151.23,5,0.199,5.27
ORD00587,C00308,2024-05-28 00:53:19,2024-05-31 00:53:19,Standard Class,Consumer,West,Technology,Phones,162.79,1,0.053,14.62
ORD02151,C00787,2025-08-13 00:57:53,2025-08-16 00:57:53,Standard Class,Corporate,North,Office Supplies,Paper,456.69,8,0.042,66.2
ORD00564,C00652,2025-04-26 18:57:32,2025-04-28 18:57:32,First Class,Consumer,North,Office Supplies,Appliances,171.72,5,0.023,32.21
ORD03139,C00324,2024-04-12 21:42:27,2024-04-16 21:42:27,Second Class,Consumer,East,Office Supplies,Storage,80.36,3,0.194,-2.96
ORD02883,C00829,2025-06-13 02:47:26,2025-06-18 02:47:26,Standard Class,Consumer,North,Furniture,Tables,296.51,2,0.24,-33.23
ORD01689,C00108,2024-05-23 10:13:38,2024-05-26 10:13:38,Standard Class,Consumer,North,Office Supplies,Storage,276.05,5,0.153,11.62
ORD02098,C00836,2025-03-13 13:57:27,2025-03-16 13:57:27,Standard Class,Corporate,West,Furniture,Tables,1391.5,7,0.208,-63.15
ORD00135,C00602,2025-12-01 13:37:25,2025-12-04 13:37:25,Second Class,Corporate,East,Technology,Accessories,1115.02,7,0.08,172.33
ORD02498,C00200,2025-11-26 19:09:34,2025-11-27 19:09:34,First Class,Home Office,North,Furniture,Tables,790.82,8,0.151,9.36
ORD03049,C00821,2025-09-28 00:05:59,2025-10-01 00:05:59,Second Class,Consumer,South,Technology,Accessories,902.48,8,0.055,140.24
ORD03524,C00134,2024-12-26 15:59:39,2024-12-28 15:59:39,Same Day,Corporate,East,Office Supplies,Storage,309.11,5,0.333,-51.79
ORD02814,C00548,2025-02-12 11:06:01,2025-02-15 11:06:01,Second Class,Consumer,North,Office Supplies,Storage,314.98,8,0.112,13.95
ORD01127,C00561,2024-08-07 04:45:50,2024-08-09 04:45:50,Same Day,Corporate,North,Office Supplies,Storage,45.59,1,0.415,-11.09
ORD01972,C00946,2025-11-03 07:11:23,2025-11-07 07:11:23,Second Class,Corporate,East,Technology,Accessories,599.74,4,0.141,37.32
ORD01258,C00209,2024-12-14 09:07:14,2024-12-16 09:07:14,Second Class,Consumer,East,Furniture,Furnishings,889.79,4,0.15,0.5
ORD02352,C00830,2025-07-17 06:53:24,2025-07-20 06:53:24,Second Class,Corporate,West,Office Supplies,Paper,195.17,6,0.084,11.62
ORD03395,C00135,2024-09-19 13:21:12,2024-09-21 13:21:12,Second Class,Consumer,South,Furniture,Furnishings,438.11,3,0.09,27.06
ORD01437,C00233,2025-06-24 12:13:51,2025-06-29 12:13:51,Standard Class,Consumer,North,Office Supplies,Art,100.78,3,0.007,11.52
ORD03105,C00036,2024-06-12 19:45:59,2024-06-17 19:45:59,Standard Class,Consumer,East,Office Supplies,Storage,311.39,8,0.121,18.71
ORD00413,C00313,2025-06-19 16:05:53,2025-06-22 16:05:53,Standard Class,Consumer,East,Furniture,Tables,1047.03,6,0.192,-26.54
ORD02787,C00691,2024-02-03 13:16:34,2024-02-06 13:16:34,Standard Class,Home Office,North,Technology,Accessories,800.6,6,0.178,60.05
ORD03109,C00186,2024-03-17 12:25:34,2024-03-18 12:25:34,First Class,Corporate,East,Office Supplies,Appliances,28.94,2,0.156,-1.85
ORD03052,C00070,2024-09-14 02:45:46,2024-09-17 02:45:46,Second Class,Corporate,North,Office Supplies,Binders,221.38,5,0.281,-18.04
ORD01533,C00530,2024-12-17 21:15:55,2024-12-21 21:15:55,Standard Class,Home Office,West,Office Supplies,Storage,205.01,4,0.113,7.23
ORD02890,C00006,2025-06-03 07:53:30,2025-06-08 07:53:30,Standard Class,Corporate,West,Technology,Laptops,677.11,5,0.123,33.48
ORD03842,C00619,2024-09-19 02:35:46,2024-09-23 02:35:46,Standard Class,Consumer,South,Office Supplies,Art,165.37,8,0.169,0.53
ORD00249,C00713,2024-01-14 11:01:49,2024-01-16 11:01:49,First Class,Consumer,West,Office Supplies,Binders,143.03,3,0.21,-10.8
ORD03811,C00712,2024-08-25 12:53:53,2024-08-26 12:53:53,First Class,Consumer,West,Office Supplies,Storage,307.63,7,0.309,-29.97
ORD01406,C00088,2024-11-16 14:24:27,2024-11-20 14:24:27,Standard Class,Home Office,North,Technology,Phones,771.33,6,0.029,195.9
ORD01246,C00503,2025-01-31 21:58:23,2025-02-04 21:58:23,Standard Class,Home Office,South,Office Supplies,Appliances,135.46,4,0.069,13.07
ORD00410,C00306,2025-04-15 03:02:40,2025-04-17 03:02:40,Same Day,Corporate,East,Furniture,Tables,1963.49,8,0.072,68.38
ORD00761,C00117,2024-06-29 19:03:26,2024-07-02 19:03:26,Second Class,Consumer,North,Technology,Accessories,179.76,2,0.186,7.21
ORD02011,C00154,2025-03-21 14:16:47,2025-03-22 14:16:47,First Class,Consumer,South,Office Supplies,Appliances,267.93,6,0.098,26.35
ORD02961,C00238,2025-04-06 01:24:47,2025-04-11 01:24:47,Standard Class,Home Office,South,Furniture,Tables,578.07,4,0.217,-66.01
ORD02825,C00716,2025-07-20 22:52:50,2025-07-23 22:52:50,Standard Class,Consumer,West,Furniture,Chairs,804.09,6,0.103,5.07
ORD02981,C00445,2025-01-16 02:18:51,2025-01-18 02:18:51,Second Class,Corporate,South,Technology,Laptops,338.82,2,0.305,-41.07
ORD02839,C00084,2025-08-14 16:18:19,2025-08-18 16:18:19,Standard Class,Consumer,West,Office Supplies,Art,366.39,6,0.22,-25.03
ORD00124,C00256,2024-06-10 18:29:52,2024-06-11 18:29:52,First Class,Consumer,South,Technology,Accessories,105.36,1,0.188,6.99
ORD01763,C00169,2025-06-03 13:05:09,2025-06-06 13:05:09,Second Class,Corporate,North,Furniture,Chairs,222.46,3,0.234,-26.08
ORD02095,C00049,2024-02-03 11:11:41,2024-02-06 11:11:41,Standard Class,Home Office,West,Office Supplies,Storage,558.63,8,0.096,60.86
ORD00191,C00832,2024-03-16 01:00:56,2024-03-21 01:00:56,Standard Class,Corporate,North,Office Supplies,Storage,129.17,6,0.251,-4.18
ORD01107,C00845,2025-09-23 05:54:28,2025-09-27 05:54:28,Second Class,Consumer,North,Technology,Phones,602.61,4,0.185,3.08
ORD01108,C00055,2024-12-12 18:23:35,2024-12-14 18:23:35,First Class,Consumer,South,Office Supplies,Storage,69.77,3,0.301,-11.28
ORD00195,C00495,2025-03-29 05:13:03,2025-04-01 05:13:03,Standard Class,Home Office,East,Technology,Phones,145.69,1,0.034,29.95
ORD01752,C00817,2025-03-16 11:40:20,2025-03-20 11:40:20,Second Class,Corporate,South,Furniture,Tables,72.74,1,0.163,-3.32
ORD01678,C00565,2025-05-22 05:58:48,2025-05-25 05:58:48,Standard Class,Consumer,North,Office Supplies,Appliances,273.06,6,0.078,23.74
ORD02115,C00324,2024-06-28 06:19:01,2024-06-30 06:19:01,First Class,Corporate,South,Office Supplies,Art,53.68,3,0.1,4.09
ORD00520,C00098,2024-05-10 03:07:57,2024-05-13 03:07:57,Second Class,Consumer,North,Furniture,Tables,137.94,1,0.056,15.22
ORD03799,C00089,2024-02-01 01:30:28,2024-02-04 01:30:28,Standard Class,Consumer,North,Technology,Phones,661.55,4,0.225,7.36
ORD01105,C00865,2025-09-23 06:44:05,2025-09-25 06:44:05,Second Class,Home Office,East,Technology,Phones,453.79,4,0.046,64.89
ORD02409,C00608,2024-06-12 05:18:08,2024-06-16 05:18:08,Second Class,Corporate,North,Office Supplies,Paper,363.57,8,0.102,28.5
ORD02209,C00819,2025-02-23 20:58:29,2025-02-27 20:58:29,Second Class,Consumer,South,Furniture,Chairs,195.32,2,0.257,-33.62
ORD00027,C00926,2024-11-28 01:44:59,2024-12-01 01:44:59,Standard Class,Consumer,East,Technology,Phones,453.34,3,0.166,30.49
ORD00967,C00371,2024-04-28 12:29:18,2024-04-30 12:29:18,Second Class,Home Office,East,Furniture,Furnishings,269.71,2,0.18,-14.05
ORD02725,C00668,2024-10-29 04:03:33,2024-10-30 04:03:33,First Class,Corporate,South,Office Supplies,Appliances,75.71,2,0.088,2.17
ORD01416,C00189,2024-03-01 17:41:53,2024-03-05 17:41:53,Standard Class,Corporate,South,Office Supplies,Storage,270.94,5,0.127,3.32
ORD01295,C00641,2024-05-08 23:12:19,2024-05-13 23:12:19,Standard Class,Consumer,North,Office Supplies,Art,127.0,2,0.273,-12.07
ORD02765,C00754,2024-04-11 23:26:17,2024-04-12 23:26:17,First Class,Home Office,West,Technology,Accessories,1235.9,6,0.087,215.48
ORD03115,C00508,2025-08-24 19:45:37,2025-08-28 19:45:37,Second Class,Home Office,North,Technology,Accessories,709.68,7,0.097,62.44
ORD03147,C00545,2025-02-18 05:09:44,2025-02-22 05:09:44,Standard Class,Consumer,North,Furniture,Furnishings,345.66,4,0.215,-39.8
ORD01710,C00430,2025-11-06 18:01:49,2025-11-07 18:01:49,First Class,Consumer,South,Office Supplies,Binders,21.2,2,0.119,0.44
ORD01793,C00790,2024-11-14 06:28:03,2024-11-17 06:28:03,Standard Class,Corporate,North,Office Supplies,Paper,327.39,7,0.076,39.9
ORD02633,C00482,2024-05-26 23:37:21,2024-05-27 23:37:21,First Class,Corporate,North,Furniture,Chairs,774.48,8,0.106,40.2
ORD02300,C00458,2025-03-20 06:25:57,2025-03-23 06:25:57,Standard Class,Corporate,North,Technology,Laptops,1249.13,8,0.073,201.49
ORD01453,C00361,2025-11-09 14:07:02,2025-11-12 14:07:02,Standard Class,Home Office,East,Office Supplies,Appliances,473.46,8,0.155,24.89
ORD01288,C00846,2025-01-23 19:01:35,2025-01-25 19:01:35,Same Day,Corporate,East,Office Supplies,Art,135.66,7,0.253,-2.06
ORD03774,C00085,2024-01-14 00:55:26,2024-01-18 00:55:26,Second Class,Consumer,East,Technology,Accessories,734.27,6,0.138,68.38
ORD03451,C00680,2024-08-09 15:28:59,2024-08-14 15:28:59,Standard Class,Consumer,West,Furniture,Tables,1245.99,8,0.185,-103.01
ORD01185,C00404,2025-11-06 05:20:33,2025-11-09 05:20:33,First Class,Corporate,South,Furniture,Chairs,348.76,3,0.162,-18.82
ORD00317,C00335,2025-01-13 09:28:37,2025-01-15 09:28:37,First Class,Consumer,West,Office Supplies,Art,308.68,8,0.186,-18.23
ORD03721,C00416,2025-11-25 21:47:32,2025-11-27 21:47:32,First Class,Consumer,East,Furniture,Furnishings,92.16,1,0.276,-11.16
ORD00380,C00717,2025-01-06 18:25:34,2025-01-10 18:25:34,Standard Class,Corporate,West,Technology,Laptops,1206.94,7,0.147,79.4
ORD00913,C00335,2024-01-09 19:08:55,2024-01-14 19:08:55,Standard Class,Consumer,East,Furniture,Tables,634.18,3,0.114,7.84
ORD00148,C00306,2025-09-29 07:51:47,2025-10-03 07:51:47,Second Class,Corporate,South,Furniture,Chairs,211.12,3,0.244,-27.16
ORD03021,C00942,2025-07-11 00:05:53,2025-07-13 00:05:53,First Class,Consumer,South,Technology,Accessories,538.55,6,0.104,45.19
ORD00398,C00408,2025-06-06 03:08:52,2025-06-11 03:08:52,Standard Class,Consumer,South,Office Supplies,Binders,98.27,2,0.124,4.24
ORD01241,C00762,2025-12-09 05:55:53,2025-12-14 05:55:53,Standard Class,Consumer,North,Furniture,Chairs,531.06,8,0.074,22.9
ORD02452,C00380,2024-05-23 05:19:13,2024-05-27 05:19:13,Standard Class,Corporate,South,Office Supplies,Appliances,339.81,6,0.054,23.23
ORD00209,C00927,2025-10-23 07:24:24,2025-10-28 07:24:24,Standard Class,Corporate,North,Office Supplies,Appliances,30.51,1,0.129,-0.01
ORD03893,C00398,2024-06-18 19:33:51,2024-06-21 19:33:51,Second Class,Consumer,North,Office Supplies,Storage,432.76,7,0.056,56.51
ORD03042,C00346,2025-12-09 14:50:31,2025-12-14 14:50:31,Standard Class,Consumer,West,Technology,Accessories,180.45,1,0.041,23.24
ORD02346,C00689,2024-05-19 17:52:12,2024-05-23 17:52:12,Second Class,Consumer,East,Technology,Accessories,1345.54,7,0.158,200.29
ORD02187,C00775,2025-02-05 17:40:04,2025-02-09 17:40:04,Second Class,Corporate,East,Technology,Phones,1173.51,7,0.062,248.77
ORD00994,C00234,2025-07-30 05:18:29,2025-08-03 05:18:29,Standard Class,Home Office,South,Office Supplies,Paper,220.72,6,0.127,-9.0
ORD02297,C00891,2024-02-27 01:17:44,2024-03-01 01:17:44,First Class,Corporate,East,Office Supplies,Paper,117.32,5,0.057,16.09
ORD03190,C00307,2024-02-18 16:40:39,2024-02-22 16:40:39,Standard Class,Consumer,West,Office Supplies,Appliances,407.74,7,0.155,33.29
ORD01955,C00850,2025-09-12 08:18:24,2025-09-16 08:18:24,Standard Class,Corporate,East,Technology,Accessories,882.98,7,0.164,31.79
ORD01383,C00487,2024-02-14 02:40:34,2024-02-17 02:40:34,Standard Class,Consumer,East,Technology,Laptops,817.56,6,0.206,32.87
ORD01143,C00544,2025-03-24 02:16:15,2025-03-27 02:16:15,Standard Class,Consumer,South,Office Supplies,Binders,80.77,2,0.058,7.06
ORD02316,C00263,2025-11-15 21:36:53,2025-11-20 21:36:53,Standard Class,Consumer,South,Technology,Laptops,561.37,6,0.146,52.68
ORD03485,C00155,2025-03-24 18:11:15,2025-03-26 18:11:15,Same Day,Consumer,East,Office Supplies,Appliances,77.58,2,0.278,-8.56
ORD01717,C00127,2024-12-17 03:07:52,2024-12-21 03:07:52,Standard Class,Consumer,West,Office Supplies,Storage,18.95,1,0.101,2.37
ORD02593,C00108,2024-10-31 14:16:59,2024-11-03 14:16:59,Standard Class,Corporate,South,Office Supplies,Paper,51.5,2,0.197,-1.99
ORD01993,C00668,2025-04-10 20:37:34,2025-04-12 20:37:34,First Class,Consumer,South,Office Supplies,Appliances,141.07,4,0.106,5.03
ORD01904,C00583,2025-02-21 10:40:17,2025-02-23 10:40:17,First Class,Corporate,South,Furniture,Furnishings,1684.63,8,0.19,-79.02
ORD00412,C00567,2025-01-01 06:57:28,2025-01-05 06:57:28,Standard Class,Home Office,South,Technology,Accessories,122.38,1,0.056,22.64
ORD01322,C00879,2024-04-22 02:43:03,2024-04-25 02:43:03,Standard Class,Corporate,West,Furniture,Tables,267.99,1,0.202,-44.65
ORD03628,C00899,2025-04-28 17:55:48,2025-05-02 17:55:48,Standard Class,Consumer,East,Technology,Accessories,199.65,1,0.043,8.19
ORD03444,C00462,2025-06-24 00:46:15,2025-06-27 00:46:15,Standard Class,Corporate,South,Technology,Accessories,189.4,2,0.366,-22.62
ORD01191,C00705,2025-06-01 11:08:15,2025-06-05 11:08:15,Standard Class,Consumer,South,Office Supplies,Art,216.55,5,0.202,-14.44
ORD02298,C00076,2024-02-24 18:18:11,2024-02-27 18:18:11,Second Class,Consumer,South,Technology,Laptops,759.6,7,0.115,24.38
ORD02344,C00543,2025-05-28 02:29:07,2025-06-01 02:29:07,Standard Class,Consumer,North,Office Supplies,Storage,63.02,1,0.383,-12.39
ORD03440,C00410,2025-06-16 17:45:32,2025-06-21 17:45:32,Standard Class,Corporate,East,Furniture,Chairs,1228.89,7,0.075,212.87
ORD00029,C00254,2024-05-13 21:25:38,2024-05-15 21:25:38,Second Class,Corporate,West,Furniture,Bookcases,763.63,8,0.129,-42.96
ORD01189,C00360,2025-09-11 18:06:07,2025-09-15 18:06:07,Standard Class,Corporate,East,Office Supplies,Appliances,23.37,1,0.195,0.56
ORD01794,C00190,2025-01-17 09:46:43,2025-01-22 09:46:43,Standard Class,Corporate,North,Furniture,Chairs,721.13,4,0.205,-74.59
ORD02024,C00487,2024-12-10 21:39:04,2024-12-12 21:39:04,First Class,Consumer,East,Office Supplies,Appliances,124.55,7,0.026,8.83
ORD02990,C00497,2025-06-11 14:19:46,2025-06-14 14:19:46,Standard Class,Corporate,East,Technology,Accessories,927.17,6,0.138,54.3
ORD01330,C00114,2025-01-07 04:13:40,2025-01-11 04:13:40,Standard Class,Home Office,South,Furniture,Bookcases,360.54,2,0.261,-73.38
ORD02388,C00438,2025-02-01 15:55:46,2025-02-06 15:55:46,Standard Class,Consumer,East,Technology,Laptops,230.95,2,0.2,-9.28
ORD03304,C00301,2024-08-15 21:59:38,2024-08-19 21:59:38,Second Class,Home Office,East,Technology,Phones,591.8,4,0.091,56.32
ORD01242,C00385,2025-11-08 08:23:49,2025-11-12 08:23:49,Second Class,Home Office,West,Technology,Phones,1074.37,7,0.229,-37.9
ORD01952,C00851,2025-12-08 16:54:51,2025-12-12 16:54:51,Standard Class,Consumer,North,Office Supplies,Appliances,218.89,8,0.392,-42.63
ORD02537,C00420,2024-04-05 05:09:19,2024-04-10 05:09:19,Standard Class,Consumer,North,Office Supplies,Art,69.07,4,0.212,-1.24
ORD03131,C00621,2025-06-19 04:20:26,2025-06-22 04:20:26,Standard Class,Consumer,East,Office Supplies,Art,85.6,5,0.108,2.32
ORD03102,C00202,2024-01-18 00:49:14,2024-01-21 00:49:14,Standard Class,Corporate,North,Office Supplies,Paper,342.92,5,0.476,-80.46
ORD01585,C00913,2024-09-26 08:40:46,2024-09-29 08:40:46,First Class,Consumer,South,Furniture,Chairs,607.46,4,0.11,-20.4
ORD00617,C00400,2025-12-09 02:21:33,2025-12-09 02:21:33,Same Day,Consumer,West,Furniture,Tables,847.55,6,0.278,-116.58
ORD00467,C00298,2024-05-07 14:37:31,2024-05-11 14:37:31,Standard Class,Corporate,North,Technology,Accessories,469.91,3,0.041,37.71
ORD00257,C00038,2024-10-02 05:01:21,2024-10-06 05:01:21,Standard Class,Home Office,South,Technology,Laptops,368.15,5,0.075,48.43
ORD01879,C00805,2024-06-09 07:02:04,2024-06-11 07:02:04,Second Class,Corporate,West,Office Supplies,Paper,110.68,5,0.138,16.29
ORD01800,C00532,2025-06-15 14:25:02,2025-06-18 14:25:02,Standard Class,Corporate,East,Technology,Phones,614.79,5,0.134,76.84
ORD00971,C00137,2024-12-04 15:55:06,2024-12-07 15:55:06,Standard Class,Consumer,East,Office Supplies,Paper,473.83,8,0.068,43.06
ORD01706,C00529,2025-03-08 23:25:03,2025-03-11 23:25:03,First Class,Consumer,East,Office Supplies,Appliances,231.13,6,0.234,-23.82
ORD02697,C00254,2025-11-19 01:47:54,2025-11-22 01:47:54,Standard Class,Corporate,North,Furniture,Bookcases,1003.53,6,0.13,71.98
ORD00183,C00633,2025-01-15 08:49:16,2025-01-19 08:49:16,Standard Class,Consumer,North,Technology,Laptops,742.56,7,0.278,-31.65
ORD00982,C00169,2025-06-19 22:14:38,2025-06-24 22:14:38,Standard Class,Corporate,East,Office Supplies,Binders,302.99,5,0.198,-14.82
ORD02651,C00678,2024-03-12 11:21:08,2024-03-16 11:21:08,Second Class,Home Office,South,Office Supplies,Storage,166.19,3,0.047,12.15
ORD00942,C00170,2024-06-06 03:04:13,2024-06-08 03:04:13,Second Class,Corporate,South,Furniture,Tables,614.53,5,0.136,40.5
ORD02268,C00640,2025-11-22 04:59:06,2025-11-27 04:59:06,Standard Class,Corporate,North,Office Supplies,Storage,153.57,8,0.16,2.4
ORD03033,C00277,2025-09-19 11:30:39,2025-09-22 11:30:39,Second Class,Corporate,West,Furniture,Tables,1387.44,8,0.304,-184.82
ORD01220,C00763,2025-04-24 08:58:04,2025-04-29 08:58:04,Standard Class,Corporate,North,Furniture,Chairs,356.32,3,0.245,-40.76
ORD00395,C00505,2024-10-03 02:04:23,2024-10-04 02:04:23,First Class,Consumer,East,Technology,Phones,421.65,4,0.082,56.11
ORD01081,C00127,2024-05-25 20:33:07,2024-05-28 20:33:07,Standard Class,Consumer,South,Office Supplies,Art,134.0,3,0.124,1.91
ORD02502,C00825,2025-09-13 18:10:21,2025-09-17 18:10:21,Standard Class,Consumer,East,Office Supplies,Storage,36.53,1,0.092,5.16
ORD01126,C00841,2025-07-27 06:32:42,2025-07-31 06:32:42,Second Class,Corporate,North,Technology,Phones,445.74,3,0.063,71.28
ORD03559,C00308,2024-06-25 10:34:37,2024-06-30 10:34:37,Standard Class,Consumer,North,Office Supplies,Paper,27.02,1,0.222,-2.65
ORD00443,C00369,2025-03-06 13:51:09,2025-03-08 13:51:09,Second Class,Consumer,East,Office Supplies,Appliances,80.06,3,0.095,7.4
ORD01781,C00010,2025-03-27 14:56:02,2025-04-01 14:56:02,Standard Class,Corporate,East,Furniture,Tables,221.13,1,0.208,-18.15
ORD03620,C00633,2024-12-14 13:10:06,2024-12-19 13:10:06,Standard Class,Consumer,North,Technology,Laptops,433.83,3,0.241,6.72
ORD02875,C00428,2025-11-07 11:16:01,2025-11-12 11:16:01,Standard Class,Corporate,South,Office Supplies,Binders,171.44,6,0.179,-5.3
ORD00235,C00115,2024-03-31 14:14:40,2024-04-05 14:14:40,Standard Class,Consumer,South,Technology,Phones,860.49,7,0.209,-15.15
ORD01098,C00618,2024-07-07 06:18:10,2024-07-11 06:18:10,Standard Class,Consumer,North,Office Supplies,Storage,142.13,8,0.202,3.3
ORD00170,C00213,2024-03-10 08:54:05,2024-03-13 08:54:05,Standard Class,Consumer,East,Office Supplies,Art,202.37,5,0.228,7.84
ORD03737,C00223,2025-05-20 20:04:25,2025-05-25 20:04:25,Standard Class,Consumer,North,Office Supplies,Appliances,337.15,5,0.2,-33.33
ORD03051,C00884,2025-04-15 03:02:59,2025-04-17 03:02:59,First Class,Home Office,East,Office Supplies,Storage,166.44,8,0.122,8.94
ORD00972,C00710,2025-12-21 17:43:01,2025-12-24 17:43:01,Second Class,Home Office,North,Office Supplies,Paper,200.82,5,0.236,-14.39
ORD01792,C00131,2025-01-30 21:21:00,2025-02-03 21:21:00,Standard Class,Corporate,East,Office Supplies,Storage,12.69,1,0.141,-0.1
ORD01746,C00542,2024-04-19 22:28:55,2024-04-24 22:28:55,Standard Class,Corporate,South,Office Supplies,Paper,206.99,8,0.128,-13.95
ORD03164,C00442,2024-11-25 03:26:43,2024-11-29 03:26:43,Standard Class,Corporate,South,Technology,Phones,600.55,5,0.161,39.89
ORD00420,C00137,2024-03-05 12:48:29,2024-03-10 12:48:29,Standard Class,Home Office,South,Furniture,Chairs,974.44,6,0.317,-206.86
ORD01988,C00090,2025-05-04 18:22:42,2025-05-09 18:22:42,Standard Class,Consumer,West,Office Supplies,Art,20.86,1,0.203,-0.78
ORD02844,C00824,2025-05-07 03:53:59,2025-05-10 03:53:59,Standard Class,Consumer,East,Furniture,Bookcases,670.88,4,0.263,-48.42
ORD03505,C00089,2025-09-18 02:02:18,2025-09-18 02:02:18,Same Day,Corporate,West,Technology,Phones,411.64,4,0.183,14.68
ORD01364,C00570,2024-09-05 00:10:25,2024-09-08 00:10:25,Second Class,Home Office,North,Office Supplies,Storage,199.09,7,0.203,-7.86
ORD01361,C00944,2024-08-14 09:19:43,2024-08-18 09:19:43,Standard Class,Consumer,South,Technology,Laptops,484.4,4,0.169,-8.52
ORD02517,C00367,2024-02-22 00:12:11,2024-02-25 00:12:11,Standard Class,Consumer,North,Furniture,Furnishings,282.54,3,0.194,-28.36
ORD02283,C00607,2024-10-30 01:28:32,2024-11-04 01:28:32,Standard Class,Consumer,South,Office Supplies,Storage,184.33,6,0.117,
ORD03547,C00422,2024-12-12 23:21:15,2024-12-17 23:21:15,Standard Class,Consumer,East,Office Supplies,Binders,43.09,1,0.319,-4.27
ORD00858,C00604,2025-07-04 18:32:33,2025-07-07 18:32:33,Standard Class,Corporate,West,Office Supplies,Art,380.2,6,0.072,62.01
ORD01513,C00264,2025-07-04 06:03:44,2025-07-09 06:03:44,Standard Class,Consumer,East,Technology,Accessories,110.3,1,0.103,8.79
ORD01749,C00257,2024-04-12 09:13:31,2024-04-16 09:13:31,Standard Class,Home Office,East,Office Supplies,Appliances,101.69,2,0.217,-1.89
ORD02026,C00536,2024-07-27 03:20:40,2024-08-01 03:20:40,Standard Class,Corporate,North,Furniture,Bookcases,261.32,4,0.218,-8.93
ORD00518,C00145,2025-01-08 08:59:20,2025-01-11 08:59:20,Second Class,Consumer,North,Technology,Laptops,198.65,2,0.094,31.03
ORD00608,C00535,2024-09-01 14:01:16,2024-09-05 14:01:16,Standard Class,Corporate,West,Furniture,Bookcases,113.23,1,0.171,4.24
ORD01944,C00583,2024-01-19 15:34:51,2024-01-21 15:34:51,Same Day,Corporate,North,Furniture,Bookcases,689.53,4,0.221,-45.13
ORD00334,C00932,2025-09-09 08:39:12,2025-09-13 08:39:12,Standard Class,Consumer,North,Furniture,Tables,372.43,6,0.312,-61.72
ORD01793,C00237,2025-06-17 19:54:00,2025-06-22 19:54:00,Standard Class,Consumer,West,Furniture,Tables,516.52,2,0.23,-99.45
ORD00632,C00102,2025-01-14 15:39:35,2025-01-17 15:39:35,Standard Class,Corporate,West,Technology,Phones,459.32,3,0.254,4.87
ORD00104,C00258,2024-08-19 18:25:25,2024-08-24 18:25:25,Standard Class,Consumer,East,Office Supplies,Storage,342.83,6,0.143,19.95
ORD01623,C00761,2025-09-07 04:39:50,2025-09-11 04:39:50,Standard Class,Consumer,South,Technology,Laptops,697.63,8,0.086,118.04
ORD00354,C00399,2024-01-26 18:07:36,2024-01-30 18:07:36,Standard Class,Consumer,West,Furniture,Tables,638.67,5,0.126,-18.72
ORD02505,C00158,2024-11-21 20:44:38,2024-11-26 20:44:38,Standard Class,Consumer,North,Technology,Accessories,654.87,5,0.092,85.72
ORD02197,C00214,2025-08-07 16:49:57,2025-08-11 16:49:57,Standard Class,Corporate,South,Furniture,Furnishings,781.11,7,0.194,-117.84
ORD00580,C00761,2025-11-26 16:07:29,2025-12-01 16:07:29,Standard Class,Consumer,South,Technology,Phones,118.13,1,0.107,3.13
ORD02795,C00892,2024-07-02 12:50:10,2024-07-05 12:50:10,Second Class,Corporate,West,Technology,Phones,1306.64,8,0.049,259.47
ORD01146,C00144,2025-04-20 01:55:16,2025-04-22 01:55:16,Second Class,Consumer,West,Technology,Accessories,687.35,4,0.117,118.22
ORD02580,C00549,2024-05-18 11:16:55,2024-05-22 11:16:55,Second Class,Corporate,East,Office Supplies,Storage,257.26,4,0.211,7.36
ORD03686,C00933,2024-03-25 14:32:53,2024-03-27 14:32:53,First Class,Consumer,North,Technology,Accessories,520.69,5,0.093,78.73
ORD02808,C00066,2024-09-14 16:57:07,2024-09-18 16:57:07,Standard Class,Home Office,East,Technology,Laptops,1025.07,8,,301.2
ORD01185,C00153,2025-10-08 02:49:44,2025-10-09 02:49:44,First Class,Home Office,North,Technology,Accessories,896.87,8,0.239,-15.94
ORD01866,C00458,2025-05-18 07:36:45,2025-05-21 07:36:45,Standard Class,Consumer,West,Office Supplies,Paper,390.67,7,0.413,-63.04
ORD01174,C00066,2024-12-23 03:55:34,2024-12-27 03:55:34,Standard Class,Corporate,North,Furniture,Tables,655.12,4,0.157,-55.89
ORD01328,C00533,2024-07-25 10:58:43,2024-07-28 10:58:43,Second Class,Consumer,North,Office Supplies,Appliances,97.38,2,0.114,-7.72
ORD03437,C00654,2024-04-13 09:30:52,2024-04-18 09:30:52,Standard Class,Corporate,East,Technology,Laptops,374.33,2,0.16,16.45
ORD02679,C00341,2024-07-16 15:48:03,2024-07-19 15:48:03,Standard Class,Corporate,South,Technology,Phones,660.05,7,0.239,-16.88
ORD02123,C00871,2024-04-21 11:07:52,2024-04-24 11:07:52,Standard Class,Consumer,West,Technology,Phones,267.44,2,0.184,17.49
ORD01056,C00830,2024-05-16 13:44:30,2024-05-21 13:44:30,Standard Class,Consumer,North,Office Supplies,Binders,62.8,4,0.079,5.37
ORD02036,C00686,2025-05-16 21:35:40,2025-05-20 21:35:40,Standard Class,Consumer,West,Technology,Accessories,536.78,4,0.287,-11.93
ORD02454,C00495,2024-04-06 20:52:43,2024-04-08 20:52:43,Second Class,Corporate,North,Technology,Accessories,917.84,6,0.101,185.49
ORD02762,C00099,2024-02-04 13:57:58,2024-02-09 13:57:58,Standard Class,Corporate,North,Technology,Phones,379.43,3,0.015,89.1
ORD00356,C00227,2025-01-30 21:48:14,2025-02-03 21:48:14,Standard Class,Consumer,South,Office Supplies,Storage,162.09,6,0.368,-35.79
ORD03378,C00921,2024-07-28 05:07:21,2024-08-01 05:07:21,Standard Class,Consumer,North,Furniture,Tables,1087.22,5,0.111,-106.5
ORD02097,C00514,2024-11-27 22:47:08,2024-11-28 22:47:08,First Class,Consumer,East,Technology,Laptops,1189.86,8,0.147,35.3
ORD01379,C00411,2024-04-12 01:04:42,2024-04-14 01:04:42,Same Day,Corporate,North,Office Supplies,Art,93.8,2,0.322,-6.05
ORD02804,C00687,2024-06-02 06:48:40,2024-06-05 06:48:40,Second Class,Consumer,North,Office Supplies,Storage,247.37,7,0.073,19.05
ORD02141,C00228,2024-11-17 23:40:35,2024-11-20 23:40:35,Standard Class,Consumer,East,Furniture,Bookcases,658.4,6,0.299,-84.62
ORD01234,C00293,2025-05-18 17:11:40,2025-05-21 17:11:40,Standard Class,Home Office,North,Technology,Phones,1013.61,7,0.143,116.65
ORD03559,C00367,2024-10-29 11:28:41,2024-11-02 11:28:41,Standard Class,Consumer,East,Furniture,Tables,495.33,4,0.167,-21.1
ORD03581,C00829,2025-01-30 10:52:03,2025-02-02 10:52:03,Second Class,Corporate,East,Furniture,Tables,204.76,3,0.109,1.64
ORD03548,C00444,2025-01-15 23:16:30,2025-01-18 23:16:30,Standard Class,Consumer,North,Furniture,Chairs,848.01,5,0.172,-59.08
ORD00285,C00055,2024-07-15 06:26:04,2024-07-19 06:26:04,Second Class,Consumer,West,Furniture,Tables,1140.48,8,0.134,113.71
ORD03579,C00446,2024-07-23 03:13:42,2024-07-27 03:13:42,Standard Class,Corporate,South,Technology,Accessories,201.42,2,0.144,4.48
ORD01036,C00283,2024-11-06 18:41:06,2024-11-09 18:41:06,First Class,Consumer,South,Furniture,Bookcases,928.32,6,0.177,-13.19
ORD01356,C00449,2024-01-24 09:24:13,2024-01-29 09:24:13,Standard Class,Consumer,North,Furniture,Furnishings,289.56,2,0.185,-4.13
ORD02638,C00881,2025-05-15 08:07:16,2025-05-18 08:07:16,Standard Class,Home Office,West,Technology,Phones,1067.47,7,0.079,188.84
ORD01860,C00306,2025-03-24 12:02:40,2025-03-28 12:02:40,Standard Class,Home Office,East,Technology,Laptops,480.59,4,0.093,58.29
ORD03221,C00254,2024-08-11 11:27:00,2024-08-14 11:27:00,Second Class,Corporate,East,Furniture,Bookcases,540.43,7,0.212,-79.69
ORD02590,C00451,2024-09-29 19:32:21,2024-10-02 19:32:21,First Class,Consumer,West,Technology,Laptops,249.59,2,0.17,3.77
ORD00443,C00072,2024-08-27 22:50:19,2024-08-31 22:50:19,Standard Class,Consumer,South,Furniture,Furnishings,114.74,1,0.335,-27.65
ORD00550,C00198,2025-04-20 11:23:21,2025-04-23 11:23:21,First Class,Consumer,West,Office Supplies,Art,125.51,8,0.017,21.47
ORD00387,C00043,2025-07-08 14:17:52,2025-07-12 14:17:52,Standard Class,Home Office,East,Office Supplies,Storage,198.92,3,0.19,5.74
ORD01285,C00859,2024-03-20 07:50:43,2024-03-23 07:50:43,Standard Class,Corporate,West,Technology,Accessories,185.02,1,0.161,16.46
ORD01815,C00716,2024-10-28 17:20:50,2024-11-02 17:20:50,Standard Class,Consumer,West,Office Supplies,Art,259.32,7,0.163,8.99
ORD03439,C00153,2024-01-11 01:22:45,2024-01-14 01:22:45,Standard Class,Home Office,West,Office Supplies,Appliances,257.69,4,0.015,52.38
ORD01347,C00320,2024-11-26 03:25:06,2024-11-29 03:25:06,First Class,Consumer,North,Furniture,Chairs,1057.18,8,0.325,-287.4
ORD00379,C00106,2024-06-30 06:06:54,2024-07-04 06:06:54,Standard Class,Corporate,West,Technology,Laptops,488.03,4,,4.9
ORD02144,C00726,2024-09-02 03:16:31,2024-09-07 03:16:31,Standard Class,Consumer,West,Technology,Laptops,1039.41,7,0.148,18.1
ORD01626,C00125,2024-11-29 06:42:32,2024-12-02 06:42:32,Standard Class,Consumer,East,Technology,Phones,564.6,5,0.039,122.09
ORD03286,C00619,2024-08-24 07:38:28,2024-08-27 07:38:28,Second Class,Home Office,South,Technology,Phones,421.02,4,0.101,5.62
ORD00137,C00545,2024-10-14 16:08:27,2024-10-15 16:08:27,First Class,Home Office,West,Furniture,Chairs,926.35,4,0.115,14.57
ORD01126,C00713,2025-07-12 06:46:57,2025-07-15 06:46:57,First Class,Consumer,North,Technology,Accessories,353.59,3,0.215,-6.89
ORD02716,C00809,2025-08-14 12:30:02,2025-08-19 12:30:02,Standard Class,Consumer,East,Technology,Phones,637.94,6,0.248,-3.83
ORD00040,C00871,2024-01-05 06:43:24,2024-01-09 06:43:24,Standard Class,Corporate,East,Furniture,Tables,472.73,5,0.138,-9.61
ORD02196,C00314,2024-10-02 19:42:55,2024-10-06 19:42:55,Standard Class,Consumer,North,Technology,Phones,135.9,1,0.102,18.28
ORD02616,C00774,2025-09-10 05:26:48,2025-09-11 05:26:48,First Class,Corporate,East,Technology,Phones,365.71,4,0.121,30.51
ORD00130,C00166,2025-01-22 05:19:46,2025-01-26 05:19:46,Standard Class,Corporate,North,Office Supplies,Storage,240.26,4,0.123,20.79
ORD02195,C00144,2024-05-29 20:30:51,2024-05-30 20:30:51,Same Day,Consumer,East,Office Supplies,Paper,124.18,8,0.065,20.76
ORD03630,C00839,2025-03-09 06:23:35,2025-03-12 06:23:35,First Class,Consumer,West,Furniture,Bookcases,947.46,4,0.083,96.62
ORD02011,C00861,2024-04-15 19:09:15,2024-04-18 19:09:15,Second Class,Consumer,South,Office Supplies,Paper,135.12,5,0.266,-14.95
ORD00673,C00640,2024-01-16 22:29:09,2024-01-18 22:29:09,Second Class,Home Office,East,Technology,Phones,125.26,1,,11.36
ORD03058,C00319,2025-04-06 16:05:46,2025-04-11 16:05:46,Standard Class,Consumer,North,Office Supplies,Appliances,87.24,4,0.219,-2.02
ORD00233,C00395,2025-01-11 01:08:12,2025-01-16 01:08:12,Standard Class,Corporate,West,Furniture,Furnishings,287.72,3,0.085,38.04
ORD03315,C00764,2025-07-06 05:54:23,2025-07-11 05:54:23,Standard Class,Consumer,West,Office Supplies,Paper,57.04,4,0.083,5.28
ORD03718,C00219,2024-09-08 17:26:37,2024-09-12 17:26:37,Standard Class,Corporate,North,Office Supplies,Binders,127.26,8,0.155,8.0
ORD00563,C00495,2025-09-15 15:02:30,2025-09-19 15:02:30,Second Class,Consumer,East,Office Supplies,Appliances,298.23,8,0.116,27.19
ORD01070,C00373,2024-11-03 12:49:40,2024-11-07 12:49:40,Standard Class,Consumer,East,Office Supplies,Art,115.56,3,0.086,13.61
ORD03245,C00167,2025-06-22 18:06:09,2025-06-25 18:06:09,First Class,Corporate,East,Office Supplies,Storage,148.15,5,0.24,0.17
ORD02892,C00547,2024-03-14 05:02:06,2024-03-17 05:02:06,First Class,Corporate,East,Technology,Laptops,1567.18,8,0.052,163.35
ORD02109,C00655,2024-03-11 22:06:27,2024-03-15 22:06:27,Standard Class,Consumer,East,Office Supplies,Paper,124.59,2,0.12,1.09
ORD02627,C00221,2025-07-25 11:00:58,2025-07-29 11:00:58,Standard Class,Consumer,East,Technology,Accessories,711.24,4,0.16,48.4
ORD03397,C00635,2025-08-31 19:26:08,2025-09-03 19:26:08,Standard Class,Home Office,North,Office Supplies,Paper,151.66,5,0.16,11.54
ORD02787,C00871,2025-11-18 22:55:20,2025-11-21 22:55:20,Standard Class,Consumer,South,Office Supplies,Art,25.01,1,0.247,-0.55
ORD02214,C00862,2024-08-24 23:22:57,2024-08-26 23:22:57,Second Class,Consumer,West,Office Supplies,Binders,299.61,4,0.096,24.48
ORD01512,C00867,2024-01-17 06:08:59,2024-01-19 06:08:59,Second Class,Consumer,North,Technology,Accessories,150.95,1,0.118,23.16
ORD03487,C00390,2025-12-16 07:55:39,2025-12-18 07:55:39,Second Class,Consumer,East,Furniture,Furnishings,673.6,3,0.152,-30.83
ORD02231,C00649,2025-03-15 00:03:02,2025-03-19 00:03:02,Standard Class,Corporate,North,Office Supplies,Binders,47.54,1,0.226,-3.57
ORD03246,C00697,2024-06-29 09:34:12,2024-06-30 09:34:12,First Class,Corporate,West,Technology,Phones,979.14,6,0.07,95.21
ORD03339,C00924,2025-07-11 14:32:53,2025-07-13 14:32:53,Second Class,Consumer,East,Technology,Laptops,1232.34,7,0.215,12.78
ORD01271,C00492,2025-10-21 20:15:20,2025-10-23 20:15:20,Same Day,Corporate,South,Office Supplies,Appliances,95.22,3,0.078,5.67
ORD02901,C00801,2024-07-26 21:49:44,2024-07-28 21:49:44,First Class,Consumer,North,Technology,Accessories,108.89,1,0.052,23.27
ORD02509,C00523,2025-07-15 20:35:37,2025-07-19 20:35:37,Second Class,Corporate,South,Furniture,Chairs,869.68,4,0.135,-0.78
ORD00891,C00780,2025-07-28 21:58:25,2025-07-31 21:58:25,Standard Class,Consumer,West,Office Supplies,Storage,66.23,1,0.177,0.85
ORD02215,C00326,2025-01-01 05:30:15,2025-01-03 05:30:15,First Class,Consumer,East,Technology,Phones,476.97,4,0.09,62.69
ORD03722,C00070,2025-04-06 14:51:37,2025-04-11 14:51:37,Standard Class,Corporate,South,Office Supplies,Storage,94.29,5,0.081,5.05
ORD02087,C00343,2024-07-15 17:59:18,2024-07-18 17:59:18,Standard Class,Consumer,East,Technology,Phones,659.37,4,0.077,39.92
ORD02686,C00319,2025-11-09 06:55:45,2025-11-12 06:55:45,Standard Class,Consumer,South,Technology,Laptops,519.24,5,0.118,18.57
ORD00429,C00762,2025-12-18 15:58:43,2025-12-22 15:58:43,Standard Class,Consumer,South,Office Supplies,Art,250.65,5,0.181,4.45
ORD01519,C00657,2025-12-17 03:12:15,2025-12-21 03:12:15,Standard Class,Corporate,South,Technology,Accessories,202.37,2,0.168,7.56
ORD00093,C00603,2025-06-22 02:25:48,2025-06-27 02:25:48,Standard Class,Consumer,North,Furniture,Bookcases,568.62,6,0.248,-95.04
ORD01428,C00180,2024-01-31 21:54:14,2024-02-01 21:54:14,First Class,Corporate,East,Office Supplies,Paper,319.41,6,0.19,16.05
ORD01336,C00652,2024-09-24 12:17:39,2024-09-26 12:17:39,Second Class,Corporate,West,Technology,Laptops,335.87,2,0.092,71.81
ORD00740,C00648,2024-11-20 19:18:34,2024-11-21 19:18:34,First Class,Corporate,West,Furniture,Tables,603.64,4,0.048,79.28
ORD01942,C00884,2025-12-01 16:26:16,2025-12-02 16:26:16,First Class,Consumer,West,Office Supplies,Paper,47.24,3,0.106,4.45
ORD01968,C00253,2025-02-03 07:13:33,2025-02-07 07:13:33,Standard Class,Corporate,South,Technology,Laptops,460.67,4,0.199,13.25
ORD02155,C00655,2025-01-26 09:40:48,2025-01-30 09:40:48,Second Class,Consumer,South,Office Supplies,Binders,138.02,7,0.14,2.46
ORD01552,C00073,2024-04-17 02:56:29,2024-04-20 02:56:29,Second Class,Home Office,East,Furniture,Chairs,1321.62,5,0.109,25.02
ORD02020,C00697,2025-08-02 09:58:57,2025-08-05 09:58:57,Standard Class,Corporate,West,Office Supplies,Art,269.63,8,0.135,20.74
ORD02259,C00772,2024-09-02 11:43:39,2024-09-04 11:43:39,Same Day,Consumer,East,Office Supplies,Paper,303.77,5,0.197,4.48
ORD00569,C00734,2024-03-08 01:35:50,2024-03-10 01:35:50,First Class,Corporate,East,Office Supplies,Storage,67.44,1,0.198,0.15
ORD01878,C00429,2025-12-21 23:34:59,2025-12-24 23:34:59,Standard Class,Consumer,East,Technology,Accessories,780.92,6,0.206,-96.22
ORD03188,C00408,2024-05-18 18:02:33,2024-05-21 18:02:33,First Class,Consumer,West,Technology,Laptops,138.53,1,0.132,21.17
ORD02749,C00033,2024-01-12 20:21:27,2024-01-16 20:21:27,Standard Class,Consumer,West,Office Supplies,Art,197.45,3,0.09,19.36
ORD02808,C00437,2024-02-26 19:42:43,2024-02-27 19:42:43,First Class,Corporate,West,Furniture,Tables,571.12,8,0.226,-82.3
ORD01148,C00683,2024-11-26 07:56:20,2024-11-29 07:56:20,Second Class,Corporate,South,Office Supplies,Storage,409.44,8,0.159,4.5
ORD03367,C00929,2024-03-16 02:52:33,2024-03-19 02:52:33,Standard Class,Home Office,South,Technology,Laptops,258.09,2,0.28,-11.19
ORD01904,C00102,2025-09-07 03:18:32,2025-09-08 03:18:32,First Class,Consumer,East,Office Supplies,Paper,197.89,8,0.247,-26.39
ORD03444,C00532,2025-01-09 02:05:18,2025-01-13 02:05:18,Standard Class,Corporate,South,Technology,Phones,867.71,8,0.135,39.04
ORD00614,C00235,2024-08-24 10:45:00,2024-08-27 10:45:00,Standard Class,Corporate,West,Office Supplies,Storage,261.45,8,0.19,-13.37
ORD03245,C00357,2024-01-03 07:11:06,2024-01-05 07:11:06,Second Class,Corporate,East,Office Supplies,Appliances,365.2,7,0.035,30.95
ORD01156,C00745,2024-12-16 06:04:11,2024-12-19 06:04:11,Second Class,Consumer,South,Technology,Phones,123.93,1,0.083,18.11
ORD02591,C00056,2024-04-20 10:50:49,2024-04-25 10:50:49,Standard Class,Consumer,South,Furniture,Chairs,115.18,1,0.262,-19.44
ORD00068,C00053,2025-12-14 23:21:41,2025-12-17 23:21:41,Second Class,Corporate,East,Office Supplies,Appliances,223.55,5,0.233,-10.26
ORD01716,C00205,2024-07-31 11:52:04,2024-08-03 11:52:04,Standard Class,Consumer,East,Office Supplies,Appliances,36.98,1,0.053,5.38
ORD03040,C00241,2024-12-12 15:50:31,2024-12-17 15:50:31,Standard Class,Consumer,North,Furniture,Chairs,679.22,3,0.1,3.97
ORD02477,C00739,2024-01-14 14:14:40,2024-01-16 14:14:40,Second Class,Consumer,West,Office Supplies,Paper,559.69,8,0.023,103.17
ORD01210,C00259,2024-04-05 13:44:28,2024-04-08 13:44:28,Standard Class,Consumer,South,Furniture,Bookcases,1380.71,8,0.388,-266.32
ORD00966,C00880,2024-05-31 11:09:45,2024-06-04 11:09:45,Standard Class,Consumer,South,Furniture,Furnishings,720.36,3,0.237,-57.59
ORD00899,C00927,2024-02-07 18:09:37,2024-02-08 18:09:37,First Class,Consumer,North,Office Supplies,Art,162.4,5,0.057,22.83
ORD03595,C00745,2025-06-13 23:24:34,2025-06-16 23:24:34,First Class,Corporate,East,Technology,Laptops,593.64,5,0.169,57.38
ORD01177,C00454,2025-11-21 03:41:54,2025-11-25 03:41:54,Second Class,Home Office,East,Technology,Accessories,300.8,3,0.075,48.13
ORD02467,C00756,2025-12-20 07:25:35,2025-12-23 07:25:35,Second Class,Consumer,West,Furniture,Furnishings,446.75,2,0.069,42.87
ORD00046,C00155,2024-07-13 00:58:51,2024-07-16 00:58:51,First Class,Consumer,North,Technology,Accessories,459.8,4,0.101,32.89
ORD02335,C00832,2025-07-29 18:50:06,2025-07-30 18:50:06,First Class,Corporate,West,Furniture,Tables,1217.77,5,0.459,-360.89
ORD02532,C00318,2025-01-02 23:11:58,2025-01-07 23:11:58,Standard Class,Consumer,East,Office Supplies,Art,270.71,7,0.186,2.68
ORD02264,C00423,2024-02-03 11:25:16,2024-02-07 11:25:16,Standard Class,Home Office,South,Office Supplies,Storage,77.74,7,0.203,-3.17
ORD03251,C00853,2024-03-07 05:05:41,2024-03-12 05:05:41,Standard Class,Corporate,North,Office Supplies,Art,43.41,1,0.051,10.08
ORD02666,C00133,2025-02-03 21:13:17,2025-02-06 21:13:17,Standard Class,Consumer,South,Furniture,Furnishings,933.97,6,0.156,-50.09
ORD00822,C00096,2024-11-05 06:26:15,2024-11-08 06:26:15,Standard Class,Consumer,West,Technology,Laptops,704.57,5,0.276,-76.56
ORD02673,C00588,2024-01-07 02:50:45,2024-01-09 02:50:45,Second Class,Consumer,South,Office Supplies,Storage,49.24,1,0.18,-0.72
ORD00923,C00933,2025-11-09 23:26:55,2025-11-12 23:26:55,Second Class,Corporate,South,Furniture,Chairs,1115.74,7,0.125,22.04
ORD00173,C00863,2025-06-17 03:30:09,2025-06-19 03:30:09,First Class,Consumer,East,Technology,Accessories,725.63,5,0.267,-50.8
ORD03625,C00938,2025-01-01 18:16:32,2025-01-04 18:16:32,Standard Class,Home Office,West,Technology,Phones,992.5,6,0.189,47.99
ORD01654,C00423,2025-12-21 12:08:04,2025-12-26 12:08:04,Standard Class,Corporate,East,Furniture,Chairs,761.09,6,0.079,27.09
ORD01685,C00585,2025-12-09 22:17:16,2025-12-13 22:17:16,Standard Class,Home Office,East,Furniture,Furnishings,672.49,3,0.101,11.13
ORD03804,C00776,2025-12-11 23:38:03,2025-12-16 23:38:03,Standard Class,Home Office,North,Technology,Accessories,219.27,2,0.248,-7.79
ORD02370,C00174,2024-07-07 22:48:01,2024-07-11 22:48:01,Standard Class,Consumer,West,Office Supplies,Art,203.06,4,0.113,23.87
ORD02957,C00831,2025-10-05 01:12:33,2025-10-07 01:12:33,Same Day,Consumer,South,Technology,Accessories,691.62,7,0.277,29.85
ORD03420,C00800,2025-01-03 07:37:57,2025-01-08 07:37:57,Standard Class,Corporate,North,Technology,Accessories,578.28,6,0.293,-49.99
ORD00747,C00076,2025-06-14 00:09:50,2025-06-18 00:09:50,Second Class,Consumer,West,Office Supplies,Art,297.83,6,0.134,-2.73
ORD00594,C00457,2025-09-19 10:58:46,2025-09-24 10:58:46,Standard Class,Consumer,North,Technology,Laptops,207.47,2,0.114,19.29
ORD01668,C00406,2024-04-29 05:28:56,2024-05-03 05:28:56,Standard Class,Consumer,North,Office Supplies,Binders,49.39,1,0.015,10.6
ORD00288,C00759,2024-11-23 05:22:52,2024-11-26 05:22:52,First Class,Consumer,East,Technology,Accessories,781.9,6,0.092,90.27
ORD01801,C00431,2024-04-04 02:18:47,2024-04-07 02:18:47,First Class,Home Office,South,Furniture,Tables,542.49,8,0.119,2.32
ORD02121,C00884,2024-07-23 00:37:07,2024-07-27 00:37:07,Standard Class,Consumer,North,Office Supplies,Storage,55.59,3,0.105,1.63
ORD03815,C00411,2024-10-28 20:48:48,2024-10-31 20:48:48,First Class,Corporate,East,Technology,Laptops,572.2,4,0.186,70.36
ORD00661,C00459,2025-09-16 11:55:42,2025-09-19 11:55:42,Standard Class,Home Office,East,Furniture,Chairs,1100.35,8,0.125,-17.13
ORD03711,C00251,2025-09-21 17:54:17,2025-09-23 17:54:17,First Class,Consumer,West,Furniture,Bookcases,298.29,2,0.085,16.38
ORD00945,C00803,2024-10-11 14:51:48,2024-10-16 14:51:48,Standard Class,Corporate,North,Technology,Accessories,409.91,5,0.143,20.7
ORD00301,C00465,2024-08-28 07:29:47,2024-08-31 07:29:47,Standard Class,Consumer,East,Furniture,Furnishings,118.4,1,0.163,-9.13
ORD03301,C00468,2025-01-22 10:16:19,2025-01-26 10:16:19,Second Class,Consumer,West,Technology,Phones,490.35,3,0.103,62.4
ORD01034,C00687,2025-10-27 15:58:31,2025-10-30 15:58:31,First Class,Consumer,North,Technology,Phones,407.15,3,0.253,-3.11
ORD01155,C00727,2025-12-13 20:45:15,2025-12-14 20:45:15,First Class,Consumer,North,Office Supplies,Binders,263.58,6,0.077,35.48
ORD00285,C00645,2024-06-14 12:54:28,2024-06-19 12:54:28,Standard Class,Consumer,North,Technology,Accessories,432.04,3,0.169,
ORD02089,C00155,2024-05-16 03:11:14,2024-05-18 03:11:14,First Class,Consumer,East,Office Supplies,Binders,181.6,4,0.142,-1.91
ORD00758,C00883,2025-05-30 22:41:29,2025-06-03 22:41:29,Standard Class,Consumer,North,Office Supplies,Storage,146.79,3,0.17,-2.73
ORD02370,C00784,2024-08-08 00:32:20,2024-08-11 00:32:20,Standard Class,Consumer,East,Furniture,Chairs,410.65,2,0.16,-11.78
ORD01752,C00698,2024-05-25 19:50:08,2024-05-29 19:50:08,Standard Class,Corporate,West,Technology,Accessories,890.64,7,0.163,20.4
ORD01058,C00526,2024-01-23 16:20:21,2024-01-27 16:20:21,Standard Class,Consumer,North,Technology,Accessories,828.62,6,0.172,46.49
ORD02342,C00717,2024-10-21 08:16:17,2024-10-25 08:16:17,Standard Class,Corporate,East,Office Supplies,Art,132.18,6,0.133,1.45
ORD00602,C00672,2024-10-13 00:59:48,2024-10-16 00:59:48,Second Class,Home Office,North,Technology,Phones,430.55,5,0.155,29.75
ORD03167,C00275,2025-02-15 00:46:51,2025-02-20 00:46:51,Standard Class,Corporate,North,Furniture,Chairs,154.43,2,0.21,-16.86
ORD02700,C00446,2024-05-26 03:12:49,2024-05-28 03:12:49,Second Class,Corporate,East,Office Supplies,Paper,78.72,5,0.082,3.21
ORD00340,C00030,2025-06-05 11:41:34,2025-06-10 11:41:34,Standard Class,Corporate,South,Furniture,Bookcases,635.71,6,0.118,1.04
ORD03878,C00004,2025-05-11 10:12:43,2025-05-14 10:12:43,Second Class,Corporate,West,Office Supplies,Appliances,84.58,4,0.231,1.02
ORD01097,C00487,2024-12-03 12:21:07,2024-12-07 12:21:07,Standard Class,Home Office,East,Technology,Phones,642.35,6,0.192,47.5
ORD03763,C00715,2024-05-12 08:45:07,2024-05-16 08:45:07,Standard Class,Home Office,North,Technology,Phones,350.7,3,0.138,49.28
ORD02379,C00740,2025-01-05 01:52:14,2025-01-07 01:52:14,Second Class,Consumer,South,Office Supplies,Art,55.97,5,0.112,5.58
ORD03589,C00781,2025-05-07 14:43:09,2025-05-09 14:43:09,First Class,Corporate,North,Furniture,Furnishings,463.08,4,0.245,-52.14
ORD01792,C00379,2024-09-29 01:59:03,2024-09-29 01:59:03,Same Day,Corporate,West,Office Supplies,Appliances,465.37,8,0.158,52.15
ORD03003,C00514,2024-07-11 08:05:22,2024-07-16 08:05:22,Standard Class,Consumer,East,Technology,Accessories,272.07,2,0.098,42.3
ORD01202,C00773,2025-01-04 17:59:05,2025-01-07 17:59:05,First Class,Consumer,South,Office Supplies,Binders,38.61,3,0.056,2.02
ORD02710,C00032,2024-09-16 07:24:59,2024-09-18 07:24:59,Second Class,Corporate,East,Technology,Accessories,655.14,6,0.065,79.43
ORD00694,C00589,2024-10-19 08:59:12,2024-10-20 08:59:12,First Class,Corporate,East,Office Supplies,Storage,31.8,1,0.144,1.19
ORD00572,C00372,2024-09-11 16:02:19,2024-09-14 16:02:19,Standard Class,Consumer,West,Technology,Accessories,465.94,5,0.22,28.61
ORD02763,C00316,2024-08-09 12:42:20,2024-08-14 12:42:20,Standard Class,Consumer,North,Office Supplies,Storage,28.14,1,0.177,-0.12
ORD00128,C00542,2025-06-07 05:29:26,2025-06-12 05:29:26,Standard Class,Consumer,North,Office Supplies,Storage,142.21,5,0.132,0.31
ORD00916,C00325,2024-12-01 23:26:30,2024-12-02 23:26:30,First Class,Corporate,North,Furniture,Bookcases,424.01,3,0.124,16.44
ORD01907,C00561,2024-12-06 13:14:32,2024-12-09 13:14:32,Standard Class,Home Office,South,Office Supplies,Binders,95.66,2,0.113,-0.63
ORD02669,C00648,2025-04-21 18:03:47,2025-04-24 18:03:47,Standard Class,Home Office,South,Technology,Phones,522.96,4,0.376,-67.66
ORD02254,C00485,2024-09-20 17:57:24,2024-09-23 17:57:24,Second Class,Consumer,North,Furniture,Chairs,194.25,3,0.12,1.67
ORD03575,C00547,2024-03-14 18:06:56,2024-03-14 18:06:56,Same Day,Consumer,South,Furniture,Tables,69.77,1,0.196,-9.92
ORD02825,C00376,2025-09-14 09:57:00,2025-09-17 09:57:00,Second Class,Corporate,South,Office Supplies,Storage,251.87,5,0.111,31.46
ORD00842,C00064,2024-02-10 15:57:03,2024-02-12 15:57:03,Second Class,Corporate,North,Furniture,Furnishings,930.85,5,0.224,-79.96
ORD02745,C00322,2025-02-21 12:34:29,2025-02-25 12:34:29,Standard Class,Consumer,West,Furniture,Tables,1379.9,6,0.049,31.16
ORD02815,C00525,2024-07-13 01:11:38,2024-07-16 01:11:38,First Class,Consumer,East,Technology,Accessories,1442.24,8,0.242,-8.09
ORD03318,C00344,2024-06-05 02:18:57,2024-06-10 02:18:57,Standard Class,Consumer,South,Office Supplies,Appliances,248.84,6,0.103,-6.38
ORD03123,C00042,2024-01-31 15:04:35,2024-02-03 15:04:35,Standard Class,Corporate,East,Office Supplies,Art,112.87,7,0.202,-0.59
ORD02448,C00485,2025-10-19 01:35:57,2025-10-24 01:35:57,Standard Class,Corporate,South,Office Supplies,Art,231.16,6,0.16,9.16
ORD02469,C00520,2024-11-09 07:40:27,2024-11-14 07:40:27,Standard Class,Consumer,West,Furniture,Tables,580.02,6,0.233,18.26
ORD01775,C00832,2024-09-07 03:13:59,2024-09-11 03:13:59,Second Class,Home Office,East,Office Supplies,Binders,309.63,7,0.263,-22.49
ORD01270,C00881,2025-06-25 02:19:24,2025-06-29 02:19:24,Second Class,Corporate,East,Office Supplies,Appliances,228.05,6,0.065,16.38
ORD03734,C00551,2024-01-29 10:55:07,2024-02-01 10:55:07,Standard Class,Home Office,West,Furniture,Bookcases,380.81,5,0.126,5.94
ORD00936,C00088,2025-02-16 02:55:42,2025-02-21 02:55:42,Standard Class,Consumer,West,Office Supplies,Binders,95.97,6,0.36,-8.52
ORD03276,C00750,2024-12-27 01:23:45,2025-01-01 01:23:45,Standard Class,Consumer,West,Technology,Accessories,1253.99,8,0.213,64.09
ORD03070,C00460,2025-02-08 00:13:44,2025-02-13 00:13:44,Standard Class,Home Office,North,Furniture,Chairs,677.14,4,0.212,-26.18
ORD02404,C00567,2024-03-31 11:23:40,2024-04-03 11:23:40,First Class,Home Office,North,Office Supplies,Appliances,41.14,2,0.068,5.68
ORD01271,C00736,2025-11-26 08:29:08,2025-11-28 08:29:08,Second Class,Home Office,East,Office Supplies,Storage,63.48,4,0.134,3.93
ORD02776,C00604,2024-06-23 01:55:55,2024-06-27 01:55:55,Standard Class,Corporate,South,Office Supplies,Art,31.58,1,0.268,-5.02
ORD03143,C00407,2025-05-10 06:27:07,2025-05-15 06:27:07,Standard Class,Consumer,East,Furniture,Tables,724.98,3,0.226,-114.91
ORD02335,C00803,2025-06-29 09:22:56,2025-06-30 09:22:56,First Class,Consumer,West,Technology,Phones,1481.08,8,0.187,-28.41
ORD03278,C00342,2024-09-08 02:35:45,2024-09-10 02:35:45,First Class,Consumer,South,Office Supplies,Art,39.57,1,0.188,-3.08
ORD01991,C00616,2024-04-05 10:46:18,2024-04-07 10:46:18,First Class,Home Office,South,Office Supplies,Art,245.13,8,0.359,-55.68
ORD03393,C00549,2024-08-04 13:39:36,2024-08-09 13:39:36,Standard Class,Consumer,East,Furniture,Chairs,662.79,5,0.199,9.95
ORD01575,C00778,2025-08-12 01:39:46,2025-08-15 01:39:46,Standard Class,Corporate,South,Technology,Laptops,280.96,3,0.131,12.76
ORD03185,C00811,2025-10-23 17:47:43,2025-10-28 17:47:43,Standard Class,Home Office,East,Technology,Phones,397.47,4,0.114,44.43
ORD00269,C00222,2025-11-14 22:36:56,2025-11-18 22:36:56,Second Class,Home Office,East,Furniture,Bookcases,492.13,8,0.221,-49.31
ORD03511,C00823,2024-06-14 04:58:19,2024-06-19 04:58:19,Standard Class,Home Office,South,Furniture,Bookcases,196.09,1,0.095,3.55
ORD02604,C00559,2025-03-18 18:26:32,2025-03-20 18:26:32,Second Class,Corporate,East,Office Supplies,Binders,217.18,5,0.037,28.17
ORD03626,C00257,2024-04-20 06:08:53,2024-04-24 06:08:53,Standard Class,Consumer,East,Office Supplies,Paper,40.36,3,0.1,0.56
ORD03596,C00584,2025-06-02 13:29:34,2025-06-05 13:29:34,Second Class,Home Office,East,Office Supplies,Binders,198.13,5,0.213,-0.93
ORD01925,C00918,2024-10-30 14:00:04,2024-11-04 14:00:04,Standard Class,Consumer,North,Office Supplies,Art,127.63,7,0.227,-8.87
ORD02566,C00586,2025-06-04 22:02:14,2025-06-07 22:02:14,First Class,Consumer,East,Office Supplies,Paper,331.45,8,0.091,15.32
ORD01136,C00155,2025-05-15 03:25:06,2025-05-20 03:25:06,Standard Class,Home Office,East,Furniture,Bookcases,587.74,3,0.25,-75.67
ORD03809,C00471,2025-12-25 17:59:43,2025-12-29 17:59:43,Second Class,Corporate,South,Technology,Accessories,849.0,6,0.17,66.56
ORD00738,C00202,2024-12-22 17:01:52,2024-12-25 17:01:52,Standard Class,Consumer,East,Furniture,Chairs,759.71,4,0.33,-163.74
ORD00739,C00249,2024-09-06 07:45:01,2024-09-09 07:45:01,Second Class,Consumer,West,Technology,Laptops,793.38,5,0.151,70.08
ORD01525,C00665,2025-01-19 12:45:20,2025-01-21 12:45:20,Second Class,Consumer,North,Furniture,Bookcases,200.04,2,0.162,
ORD01694,C00109,2024-04-28 21:14:48,2024-05-01 21:14:48,Standard Class,Home Office,East,Technology,Phones,1277.49,7,0.138,124.03
ORD00988,C00823,2024-03-22 14:02:26,2024-03-25 14:02:26,Standard Class,Corporate,West,Technology,Laptops,410.08,2,0.236,7.0
ORD03752,C00859,2025-01-13 23:48:35,2025-01-17 23:48:35,Standard Class,Consumer,West,Technology,Laptops,123.9,1,0.051,13.75
ORD03284,C00176,2025-08-25 13:07:04,2025-08-30 13:07:04,Standard Class,Corporate,South,Technology,Laptops,822.63,7,0.083,103.3
ORD00791,C00297,2025-01-24 06:32:11,2025-01-28 06:32:11,Second Class,Home Office,East,Office Supplies,Binders,269.86,4,,7.89
ORD03281,C00309,2025-07-24 19:18:12,2025-07-28 19:18:12,Standard Class,Home Office,West,Office Supplies,Binders,50.46,1,0.148,-2.14
ORD01222,C00049,2024-05-09 21:01:36,2024-05-12 21:01:36,Standard Class,Consumer,East,Furniture,Chairs,618.85,6,0.348,-138.67
ORD01727,C00074,2024-11-24 01:19:35,2024-11-27 01:19:35,Standard Class,Corporate,North,Office Supplies,Storage,71.45,3,0.06,6.27
ORD03830,C00706,2025-03-23 13:40:37,2025-03-27 13:40:37,Standard Class,Consumer,North,Office Supplies,Art,373.21,8,0.265,22.32
ORD03154,C00437,2024-09-10 19:16:44,2024-09-15 19:16:44,Standard Class,Consumer,West,Office Supplies,Appliances,461.72,8,0.051,77.65
ORD01371,C00219,2024-01-11 07:27:55,2024-01-13 07:27:55,Second Class,Consumer,South,Furniture,Furnishings,312.13,5,0.106,11.02
ORD02500,C00491,2024-02-23 14:48:14,2024-02-26 14:48:14,Standard Class,Consumer,North,Technology,Accessories,457.69,4,0.125,38.5
ORD03129,C00234,2025-11-08 04:45:01,2025-11-10 04:45:01,First Class,Corporate,South,Office Supplies,Art,84.36,4,0.147,0.35
ORD02240,C00561,2025-03-17 17:59:58,2025-03-21 17:59:58,Second Class,Consumer,East,Technology,Phones,695.44,5,0.121,150.99
ORD00963,C00169,2024-07-12 03:20:28,2024-07-15 03:20:28,Standard Class,Consumer,South,Technology,Phones,1085.74,8,0.172,12.96
ORD03163,C00178,2024-07-07 22:30:28,2024-07-10 22:30:28,First Class,Consumer,West,Office Supplies,Binders,249.33,6,0.173,6.49
ORD01375,C00794,2024-01-29 21:05:41,2024-02-02 21:05:41,Second Class,Consumer,East,Technology,Phones,120.8,1,0.081,26.61
ORD03140,C00263,2025-11-20 16:29:56,2025-11-23 16:29:56,Second Class,Corporate,West,Technology,Laptops,287.07,2,0.093,29.83
ORD02103,C00274,2024-03-20 00:31:48,2024-03-25 00:31:48,Standard Class,Consumer,West,Furniture,Bookcases,1195.76,6,0.103,40.66
ORD03118,C00717,2025-07-08 09:41:03,2025-07-10 09:41:03,Second Class,Consumer,North,Technology,Laptops,397.51,3,0.063,62.46
ORD03212,C00385,2024-06-24 09:09:41,2024-06-29 09:09:41,Standard Class,Home Office,East,Office Supplies,Binders,71.13,4,0.149,-0.98
ORD02128,C00105,2024-09-02 00:10:23,2024-09-06 00:10:23,Standard Class,Consumer,North,Office Supplies,Appliances,39.64,4,0.245,-0.81
ORD01271,C00731,2024-07-18 22:50:09,2024-07-23 22:50:09,Standard Class,Home Office,West,Furniture,Bookcases,1210.87,5,0.307,-249.71
ORD01251,C00004,2025-08-24 21:36:40,2025-08-28 21:36:40,Standard Class,Corporate,South,Office Supplies,Appliances,61.66,2,0.279,-4.4
ORD00136,C00423,2024-01-24 22:49:52,2024-01-27 22:49:52,Second Class,Corporate,East,Technology,Accessories,123.51,1,0.04,23.9
ORD01572,C00370,2024-09-14 04:06:16,2024-09-17 04:06:16,Standard Class,Corporate,West,Furniture,Tables,289.75,2,0.144,8.98
ORD00811,C00629,2024-07-22 22:17:46,2024-07-26 22:17:46,Standard Class,Consumer,North,Office Supplies,Art,261.4,6,0.058,27.22
ORD02656,C00550,2024-07-18 06:10:51,2024-07-20 06:10:51,First Class,Corporate,West,Technology,Accessories,636.23,5,0.056,118.95
ORD02580,C00553,2024-05-20 20:20:21,2024-05-24 20:20:21,Standard Class,Corporate,North,Office Supplies,Binders,278.63,7,0.095,35.14
ORD03550,C00847,2025-10-28 02:03:57,2025-10-31 02:03:57,Standard Class,Consumer,South,Office Supplies,Binders,13.69,1,0.093,-0.03
ORD00642,C00565,2024-10-03 09:26:19,2024-10-08 09:26:19,Standard Class,Corporate,South,Office Supplies,Art,98.09,2,0.219,-10.48
ORD02818,C00038,2024-11-01 06:57:37,2024-11-04 06:57:37,First Class,Consumer,South,Office Supplies,Binders,69.84,2,0.141,3.07
ORD00904,C00057,2024-10-08 04:08:19,2024-10-11 04:08:19,Second Class,Home Office,East,Technology,Phones,715.41,5,0.114,103.03
ORD03085,C00318,2025-12-16 13:24:27,2025-12-19 13:24:27,Second Class,Corporate,West,Office Supplies,Binders,302.11,5,0.384,-51.25
ORD03152,C00013,2024-09-04 11:24:56,2024-09-06 11:24:56,First Class,Consumer,South,Furniture,Bookcases,330.09,2,0.202,-14.97
ORD01139,C00813,2024-09-06 10:21:18,2024-09-08 10:21:18,Second Class,Home Office,East,Office Supplies,Appliances,100.53,4,0.217,-5.17
ORD03787,C00728,2024-08-27 09:13:35,2024-08-28 09:13:35,First Class,Home Office,West,Furniture,Tables,91.38,1,0.192,0.43
ORD01709,C00677,2024-08-26 16:27:35,2024-08-29 16:27:35,Second Class,Corporate,West,Technology,Phones,912.66,5,0.132,89.56
ORD02475,C00651,2024-03-06 12:05:31,2024-03-08 12:05:31,First Class,Consumer,North,Furniture,Bookcases,1203.85,5,0.205,-126.32
ORD02913,C00601,2025-03-17 02:54:39,2025-03-20 02:54:39,Second Class,Corporate,West,Furniture,Tables,273.88,1,0.093,27.61
ORD02361,C00330,2024-01-19 09:35:26,2024-01-23 09:35:26,Standard Class,Corporate,North,Office Supplies,Storage,65.16,1,0.091,7.82
ORD03396,C00010,2024-06-13 22:40:45,2024-06-16 22:40:45,Standard Class,Consumer,East,Technology,Accessories,921.04,6,0.229,-15.45
ORD00263,C00116,2024-05-27 13:02:33,2024-06-01 13:02:33,Standard Class,Home Office,East,Office Supplies,Storage,361.93,8,0.333,-57.67
ORD01998,C00442,2024-07-31 18:53:10,2024-08-03 18:53:10,Standard Class,Corporate,West,Technology,Phones,1176.79,7,0.021,268.57
ORD03083,C00240,2025-07-06 08:29:52,2025-07-08 08:29:52,Same Day,Home Office,North,Office Supplies,Appliances,81.91,5,0.117,1.18
ORD00072,C00929,2025-03-13 15:11:13,2025-03-15 15:11:13,Second Class,Corporate,North,Furniture,Bookcases,1045.66,5,0.126,17.13
ORD01854,C00780,2025-12-24 06:59:13,2025-12-26 06:59:13,Second Class,Consumer,East,Office Supplies,Paper,418.23,7,0.024,54.87
ORD03454,C00637,2024-09-13 09:00:42,2024-09-16 09:00:42,Second Class,Home Office,North,Technology,Phones,864.73,7,0.081,131.49
ORD01282,C00388,2025-11-08 19:46:42,2025-11-09 19:46:42,First Class,Corporate,South,Technology,Laptops,827.14,8,0.076,29.28
ORD00380,C00774,2024-02-02 18:52:50,2024-02-04 18:52:50,Second Class,Consumer,East,Office Supplies,Paper,214.89,4,0.289,-30.27
ORD01499,C00386,2025-01-03 01:55:23,2025-01-07 01:55:23,Standard Class,Consumer,East,Office Supplies,Paper,265.75,4,0.089,24.26
ORD02066,C00488,2025-08-06 03:49:31,2025-08-09 03:49:31,Standard Class,Consumer,North,Technology,Accessories,96.52,1,0.255,3.21
ORD00351,C00678,2025-01-23 05:33:14,2025-01-26 05:33:14,Standard Class,Corporate,South,Furniture,Tables,209.63,2,0.21,-21.02
ORD01869,C00344,2025-11-12 07:35:42,2025-11-17 07:35:42,Standard Class,Consumer,West,Technology,Laptops,565.37,4,0.105,89.42
ORD02573,C00483,2024-08-17 15:28:08,2024-08-20 15:28:08,Standard Class,Home Office,South,Office Supplies,Storage,317.67,7,0.205,-33.7
ORD03752,C00305,2024-01-25 07:59:23,2024-01-28 07:59:23,Standard Class,Home Office,North,Office Supplies,Art,184.83,4,0.08,13.5
ORD02604,C00160,2025-07-18 23:25:08,2025-07-22 23:25:08,Standard Class,Corporate,North,Technology,Accessories,684.63,5,0.149,63.78
ORD00487,C00757,2024-02-19 15:25:51,2024-02-22 15:25:51,Standard Class,Consumer,South,Office Supplies,Appliances,97.2,7,0.257,-8.67
ORD03644,C00930,2025-07-12 06:32:13,2025-07-15 06:32:13,First Class,Corporate,West,Office Supplies,Binders,158.1,4,0.163,9.17
ORD02590,C00438,2025-06-19 09:28:14,2025-06-23 09:28:14,Standard Class,Consumer,South,Office Supplies,Paper,173.32,3,0.201,-8.23
ORD03281,C00042,2025-09-08 07:39:06,2025-09-09 07:39:06,First Class,Corporate,North,Furniture,Bookcases,689.15,6,0.277,-99.95
ORD01213,C00306,2024-12-15 14:47:05,2024-12-20 14:47:05,Standard Class,Consumer,East,Office Supplies,Binders,115.03,3,0.335,-12.93
ORD00123,C00841,2025-10-15 17:14:24,2025-10-15 17:14:24,Same Day,Home Office,North,Technology,Accessories,423.22,4,0.106,40.35
ORD01693,C00623,2024-05-03 23:27:03,2024-05-06 23:27:03,Second Class,Consumer,South,Furniture,Tables,980.32,8,0.136,-67.29
ORD01395,C00251,2024-11-13 01:47:55,2024-11-15 01:47:55,First Class,Consumer,West,Furniture,Furnishings,588.27,4,0.105,27.32
ORD01624,C00948,2024-03-29 22:32:19,2024-04-01 22:32:19,Standard Class,Home Office,East,Technology,Laptops,499.97,3,0.219,-15.4
ORD03668,C00122,2025-07-13 19:39:35,2025-07-15 19:39:35,Second Class,Consumer,North,Furniture,Chairs,1076.87,7,0.095,100.78
ORD01359,C00409,2025-06-05 10:03:02,2025-06-09 10:03:02,Standard Class,Home Office,South,Furniture,Chairs,920.74,6,0.184,-141.47
ORD01045,C00474,2025-08-11 16:06:20,2025-08-14 16:06:20,Standard Class,Home Office,North,Technology,Laptops,825.34,7,0.091,98.87
ORD03432,C00156,2025-07-11 23:17:33,2025-07-15 23:17:33,Second Class,Consumer,North,Office Supplies,Binders,169.95,3,0.304,-6.01
ORD03494,C00178,2024-08-13 04:12:45,2024-08-18 04:12:45,Standard Class,Consumer,East,Technology,Accessories,736.62,7,0.091,159.89
ORD02813,C00610,2024-02-19 16:31:27,2024-02-22 16:31:27,Standard Class,Corporate,East,Office Supplies,Appliances,151.01,8,0.292,-16.15
ORD00486,C00046,2025-11-09 08:19:26,2025-11-11 08:19:26,First Class,Corporate,East,Furniture,Furnishings,285.08,2,0.326,-38.02
ORD03505,C00381,2024-12-25 18:10:31,2024-12-28 18:10:31,Standard Class,Home Office,West,Office Supplies,Appliances,154.69,2,0.188,5.5
ORD00160,C00667,2024-03-09 20:51:47,2024-03-11 20:51:47,Second Class,Consumer,North,Office Supplies,Binders,259.54,5,0.009,35.06
ORD03155,C00560,2025-11-07 18:10:09,2025-11-12 18:10:09,Standard Class,Corporate,West,Technology,Phones,959.47,6,0.222,39.71
ORD02888,C00365,2025-12-26 19:35:45,2025-12-29 19:35:45,Standard Class,Consumer,East,Office Supplies,Binders,34.95,1,0.192,-1.81
ORD01625,C00947,2024-11-21 05:07:16,2024-11-25 05:07:16,Standard Class,Corporate,North,Furniture,Furnishings,538.89,5,0.089,-18.98
ORD00767,C00464,2025-07-16 03:59:21,2025-07-19 03:59:21,Standard Class,Corporate,West,Technology,Phones,344.57,2,0.112,48.97
ORD00241,C00435,2024-01-27 11:56:29,2024-01-28 11:56:29,First Class,Home Office,North,Office Supplies,Storage,245.96,8,0.179,7.25
ORD00143,C00612,2024-03-09 02:06:22,2024-03-12 02:06:22,First Class,Consumer,East,Office Supplies,Appliances,359.95,6,0.175,-18.2
ORD01166,C00288,2024-07-20 21:26:19,2024-07-25 21:26:19,Standard Class,Consumer,East,Office Supplies,Storage,473.3,8,0.137,14.49
ORD01853,C00365,2025-04-24 01:08:36,2025-04-29 01:08:36,Standard Class,Consumer,South,Office Supplies,Appliances,104.95,2,0.236,-12.68
ORD01348,C00931,2024-04-07 09:34:02,2024-04-08 09:34:02,First Class,Consumer,West,Office Supplies,Storage,198.7,7,0.013,27.35
ORD02364,C00211,2024-01-25 22:49:23,2024-01-28 22:49:23,Standard Class,Consumer,North,Office Supplies,Paper,105.3,4,0.303,-13.43
ORD00398,C00634,2025-05-03 04:51:57,2025-05-07 04:51:57,Standard Class,Home Office,West,Office Supplies,Appliances,14.45,1,0.154,0.94
ORD02744,C00745,2025-07-16 05:40:31,2025-07-21 05:40:31,Standard Class,Consumer,North,Office Supplies,Storage,257.39,4,0.073,19.82
ORD00602,C00290,2025-06-23 15:00:24,2025-06-27 15:00:24,Second Class,Consumer,North,Office Supplies,Binders,240.23,4,0.154,-7.26
ORD01726,C00299,2025-08-06 10:23:08,2025-08-10 10:23:08,Standard Class,Corporate,South,Office Supplies,Art,139.22,5,0.266,-2.36
ORD00090,C00301,2025-08-09 01:57:05,2025-08-12 01:57:05,Standard Class,Consumer,West,Furniture,Furnishings,1577.58,7,0.153,7.74
ORD03623,C00414,2025-03-15 18:13:39,2025-03-17 18:13:39,Same Day,Consumer,North,Technology,Laptops,334.62,3,0.149,40.45
ORD01711,C00574,2025-01-14 04:07:23,2025-01-16 04:07:23,First Class,Home Office,West,Technology,Phones,628.43,6,0.045,130.28
ORD01455,C00715,2025-09-17 12:11:38,2025-09-21 12:11:38,Second Class,Consumer,North,Furniture,Chairs,152.67,2,0.281,-14.62
ORD00662,C00345,2024-09-11 01:25:40,2024-09-14 01:25:40,Second Class,Consumer,South,Technology,Accessories,885.12,8,0.24,-0.96
ORD00905,C00471,2024-03-12 10:54:54,2024-03-15 10:54:54,First Class,Corporate,South,Furniture,Bookcases,353.64,4,0.327,-63.15
ORD01059,C00734,2025-07-02 22:23:24,2025-07-06 22:23:24,Second Class,Consumer,North,Office Supplies,Art,100.7,7,0.24,-4.6
ORD00375,C00010,2024-07-20 10:11:08,2024-07-23 10:11:08,Second Class,Consumer,West,Furniture,Tables,337.18,3,0.136,-7.33
ORD01875,C00184,2025-12-15 13:31:09,2025-12-19 13:31:09,Standard Class,Consumer,South,Office Supplies,Art,86.67,3,0.289,-6.49
ORD00572,C00107,2024-10-29 08:23:24,2024-11-03 08:23:24,Standard Class,Consumer,East,Furniture,Bookcases,1153.39,8,0.225,-120.28
ORD00640,C00182,2025-09-13 19:24:45,2025-09-15 19:24:45,First Class,Home Office,East,Office Supplies,Appliances,41.95,2,0.327,-5.4
ORD00353,C00815,2024-01-31 23:51:47,2024-02-03 23:51:47,Second Class,Consumer,East,Office Supplies,Paper,284.47,5,0.143,13.52
ORD00256,C00221,2025-04-26 05:43:21,2025-04-30 05:43:21,Standard Class,Consumer,East,Office Supplies,Art,233.61,3,0.101,20.87
ORD03234,C00913,2024-11-23 04:44:45,2024-11-26 04:44:45,Second Class,Consumer,West,Technology,Phones,466.49,4,0.256,-26.13
ORD02986,C00830,2024-12-03 16:47:24,2024-12-05 16:47:24,First Class,Home Office,East,Technology,Laptops,1144.44,6,0.211,33.75
ORD02636,C00357,2024-07-12 14:32:23,2024-07-15 14:32:23,Standard Class,Consumer,East,Furniture,Bookcases,1555.87,7,0.068,4.97
ORD03453,C00087,2025-12-09 23:18:43,2025-12-13 23:18:43,Second Class,Home Office,East,Technology,Phones,714.13,4,0.188,34.94
ORD01769,C00223,2024-10-13 16:43:02,2024-10-16 16:43:02,Standard Class,Consumer,East,Furniture,Chairs,430.34,6,0.159,0.95
ORD01317,C00571,2025-09-12 20:24:21,2025-09-16 20:24:21,Second Class,Home Office,South,Office Supplies,Appliances,47.85,1,0.211,1.72
ORD01677,C00439,2024-11-06 07:47:53,2024-11-08 07:47:53,Same Day,Consumer,East,Office Supplies,Binders,88.01,2,0.204,0.19
ORD01804,C00820,2024-02-05 05:47:35,2024-02-08 05:47:35,First Class,Consumer,South,Furniture,Tables,386.56,6,0.113,12.33
ORD00415,C00338,2025-10-03 23:17:36,2025-10-04 23:17:36,First Class,Consumer,East,Technology,Phones,786.78,6,0.293,-80.61
ORD01124,C00168,2024-05-15 03:07:13,2024-05-19 03:07:13,Second Class,Consumer,West,Office Supplies,Storage,29.21,1,0.146,1.85
ORD01829,C00639,2024-07-16 08:22:25,2024-07-20 08:22:25,Standard Class,Corporate,West,Office Supplies,Appliances,502.2,8,0.148,-6.56
ORD01802,C00873,2025-09-20 14:35:34,2025-09-22 14:35:34,Second Class,Corporate,West,Technology,Accessories,529.92,4,0.06,116.65
ORD01520,C00529,2025-10-14 10:22:46,2025-10-18 10:22:46,Standard Class,Corporate,East,Technology,Phones,374.99,3,0.124,18.79
ORD00347,C00675,2025-10-31 05:32:13,2025-11-03 05:32:13,Second Class,Consumer,East,Office Supplies,Paper,44.64,4,0.282,-6.15
ORD01105,C00554,2024-11-06 23:00:40,2024-11-11 23:00:40,Standard Class,Corporate,North,Technology,Phones,570.1,4,0.13,75.33
ORD01792,C00219,2025-07-06 14:09:40,2025-07-11 14:09:40,Standard Class,Consumer,South,Furniture,Bookcases,403.27,5,0.398,-75.73
ORD00846,C00523,2024-08-27 07:11:28,2024-08-30 07:11:28,Standard Class,Home Office,North,Office Supplies,Binders,102.41,2,0.116,11.09
ORD01799,C00931,2025-06-24 11:38:50,2025-06-29 11:38:50,Standard Class,Corporate,North,Technology,Accessories,302.76,2,0.038,49.79
ORD01251,C00946,2025-01-01 20:00:39,2025-01-06 20:00:39,Standard Class,Corporate,West,Technology,Phones,938.82,8,0.168,
ORD01198,C00790,2024-02-07 22:19:27,2024-02-10 22:19:27,Standard Class,Home Office,West,Technology,Phones,1100.02,6,0.151,71.33
ORD03629,C00487,2024-10-31 22:51:44,2024-11-03 22:51:44,Standard Class,Corporate,East,Furniture,Chairs,656.01,3,0.088,24.03
ORD03385,C00054,2024-12-07 10:33:57,2024-12-11 10:33:57,Standard Class,Corporate,North,Office Supplies,Appliances,417.46,7,0.024,58.45
ORD02731,C00414,2024-07-06 21:09:46,2024-07-07 21:09:46,First Class,Consumer,East,Technology,Laptops,708.39,7,0.041,89.95
ORD01639,C00784,2024-09-30 08:42:26,2024-10-03 08:42:26,Standard Class,Corporate,South,Office Supplies,Appliances,90.69,6,0.167,4.79
ORD03125,C00893,2025-01-01 22:56:30,2025-01-04 22:56:30,First Class,Consumer,West,Office Supplies,Art,123.35,6,0.11,16.01
ORD00579,C00548,2024-02-06 06:46:40,2024-02-11 06:46:40,Standard Class,Consumer,West,Office Supplies,Storage,515.64,8,0.147,63.11
ORD00729,C00028,2024-04-20 19:33:58,2024-04-23 19:33:58,First Class,Corporate,South,Technology,Phones,744.06,7,0.071,42.26
ORD02927,C00845,2025-07-13 18:02:28,2025-07-16 18:02:28,Second Class,Consumer,North,Technology,Laptops,295.77,3,0.176,5.87
ORD03519,C00795,2024-09-13 21:48:45,2024-09-14 21:48:45,First Class,Corporate,South,Office Supplies,Appliances,150.11,6,0.048,16.98
ORD00571,C00560,2025-03-20 02:54:13,2025-03-22 02:54:13,First Class,,North,Office Supplies,Storage,139.1,2,0.083,12.61
ORD01922,C00389,2025-02-17 00:38:40,2025-02-20 00:38:40,Second Class,Consumer,South,Office Supplies,Paper,137.64,5,0.19,-6.4
ORD00333,C00756,2025-02-06 09:20:40,2025-02-11 09:20:40,Standard Class,Home Office,North,Technology,Accessories,147.72,1,0.208,-1.57
ORD03798,C00286,2024-10-28 18:54:44,2024-11-02 18:54:44,Standard Class,Consumer,North,Technology,Accessories,183.62,2,0.025,27.04
ORD01439,C00791,2024-12-18 19:40:45,2024-12-21 19:40:45,Standard Class,Corporate,South,Office Supplies,Appliances,247.13,6,0.136,28.01
ORD03182,C00316,2025-08-24 10:56:40,2025-08-26 10:56:40,First Class,Corporate,North,Technology,Phones,350.19,3,0.076,28.99
ORD03109,C00756,2025-12-05 11:40:19,2025-12-08 11:40:19,First Class,Home Office,East,Office Supplies,Art,136.21,2,0.069,3.77
ORD00635,C00647,2024-07-06 09:45:54,2024-07-11 09:45:54,Standard Class,Consumer,North,Office Supplies,Art,394.17,8,0.06,22.61
ORD03710,C00056,2025-05-03 17:11:15,2025-05-06 17:11:15,Second Class,Corporate,West,Technology,Laptops,1066.3,8,0.174,76.71
ORD03754,C00036,2025-12-08 22:23:53,2025-12-13 22:23:53,Standard Class,Consumer,North,Office Supplies,Binders,69.05,2,0.11,3.71
ORD02566,C00632,2024-01-06 12:52:36,2024-01-08 12:52:36,Second Class,Consumer,North,Technology,Accessories,455.26,5,0.123,55.87
ORD03741,C00429,2025-07-26 20:19:47,2025-07-29 20:19:47,Second Class,Consumer,North,Office Supplies,Paper,68.29,3,0.166,-1.1
ORD03490,C00852,2024-12-28 16:18:09,2025-01-02 16:18:09,Standard Class,Consumer,East,Technology,Accessories,1250.34,7,0.203,38.88
ORD02191,C00740,2025-12-07 08:13:47,2025-12-09 08:13:47,First Class,Consumer,North,Office Supplies,Binders,218.32,6,0.109,15.49
ORD02218,C00889,2025-02-26 03:14:49,2025-03-03 03:14:49,Standard Class,Consumer,East,Office Supplies,Binders,259.34,4,0.144,26.32
ORD03879,C00187,2025-09-03 20:09:08,2025-09-07 20:09:08,Second Class,Consumer,North,Technology,Phones,676.65,8,0.162,100.91
ORD00743,C00728,2024-05-01 04:34:29,2024-05-05 04:34:29,Second Class,Corporate,West,Office Supplies,Appliances,424.42,6,0.165,6.1
ORD01841,C00419,2024-04-13 17:39:38,2024-04-16 17:39:38,Standard Class,Consumer,North,Furniture,Tables,452.37,2,0.213,-17.15
ORD02204,C00295,2025-11-07 09:40:51,2025-11-12 09:40:51,Standard Class,Consumer,South,Furniture,Chairs,577.85,4,0.172,-30.22
ORD00373,C00357,2025-01-19 07:34:50,2025-01-22 07:34:50,Standard Class,Consumer,West,Technology,Laptops,835.31,7,0.129,115.4
ORD02872,C00815,2025-02-11 14:09:38,2025-02-13 14:09:38,Second Class,Consumer,North,Technology,Accessories,807.63,5,0.007,182.34
ORD02462,C00507,2024-05-04 02:01:25,2024-05-05 02:01:25,First Class,Corporate,South,Office Supplies,Paper,58.58,1,0.085,5.96
ORD00293,C00025,2024-06-14 12:18:49,2024-06-17 12:18:49,Standard Class,Home Office,West,Furniture,Chairs,849.05,7,0.094,62.72
ORD03298,C00455,2025-08-20 07:20:35,2025-08-24 07:20:35,Standard Class,Corporate,South,Office Supplies,Paper,227.58,4,0.193,-2.26
ORD01637,C00732,2024-08-09 10:19:36,2024-08-12 10:19:36,Standard Class,Corporate,North,Office Supplies,Art,104.56,2,0.141,4.61
ORD00430,C00713,2025-03-02 10:31:15,2025-03-05 10:31:15,Standard Class,Consumer,South,Office Supplies,Art,144.17,7,0.286,-9.39
ORD00329,C00461,2024-08-19 01:40:16,2024-08-22 01:40:16,Standard Class,Home Office,North,Technology,Accessories,940.17,8,0.16,60.96
ORD01075,C00754,2024-07-11 07:37:55,2024-07-13 07:37:55,Second Class,Consumer,West,Office Supplies,Art,163.79,5,0.149,1.7
ORD01547,C00836,2024-05-01 04:40:42,2024-05-06 04:40:42,Standard Class,Consumer,East,Office Supplies,Art,263.11,6,0.111,-2.62
ORD01565,C00054,2025-11-09 14:34:26,2025-11-12 14:34:26,First Class,Consumer,East,Office Supplies,Appliances,123.63,2,0.107,10.26
ORD02194,C00477,2025-11-17 05:53:39,2025-11-21 05:53:39,Standard Class,Consumer,North,Office Supplies,Storage,314.12,6,0.054,46.31
ORD02557,C00833,2024-03-25 02:03:34,2024-03-29 02:03:34,Second Class,Corporate,East,Office Supplies,Paper,191.97,8,0.035,9.79
ORD02799,C00402,2024-09-14 20:57:03,2024-09-17 20:57:03,Standard Class,Consumer,East,Office Supplies,Binders,77.99,2,0.13,1.19
ORD01726,C00947,2025-02-15 14:52:09,2025-02-20 14:52:09,Standard Class,Consumer,North,Office Supplies,Binders,380.04,8,0.25,-10.12
ORD01386,C00802,2024-10-06 19:10:26,2024-10-11 19:10:26,Standard Class,Consumer,West,Technology,Phones,125.73,1,0.181,6.36
ORD02903,C00182,2025-06-10 08:37:49,2025-06-12 08:37:49,Second Class,Home Office,East,Furniture,Bookcases,888.18,4,0.21,-67.75
ORD00477,C00313,2024-07-08 23:13:48,2024-07-09 23:13:48,Same Day,Corporate,West,Furniture,Chairs,197.2,1,0.337,-28.03
ORD03514,C00372,2024-02-12 23:01:34,2024-02-17 23:01:34,Standard Class,Home Office,South,Furniture,Chairs,437.43,4,0.206,-41.79
ORD01931,C00463,2024-09-02 23:05:56,2024-09-06 23:05:56,Standard Class,Home Office,North,Office Supplies,Art,152.62,6,0.095,14.75
ORD02441,C00657,2025-03-12 10:26:15,2025-03-14 10:26:15,Second Class,Home Office,East,Technology,Phones,1349.53,7,0.215,-43.14
ORD00504,C00801,2024-05-11 20:47:47,2024-05-16 20:47:47,Standard Class,Consumer,West,Office Supplies,Appliances,70.43,2,0.089,7.48
ORD00344,C00531,2025-08-18 14:35:21,2025-08-19 14:35:21,First Class,Consumer,South,Office Supplies,Binders,244.09,8,0.078,3.46
ORD00378,C00013,2024-01-09 22:35:57,2024-01-13 22:35:57,Standard Class,Consumer,North,Technology,Accessories,1227.05,8,0.124,55.06
ORD01543,C00812,2024-02-19 07:04:42,2024-02-20 07:04:42,First Class,Consumer,West,Office Supplies,Binders,66.21,1,0.066,5.82
ORD02856,C00333,2025-01-06 10:48:42,2025-01-09 10:48:42,Second Class,Corporate,North,Office Supplies,Storage,343.07,8,0.202,2.73
ORD03737,C00333,2025-01-08 22:29:48,2025-01-13 22:29:48,Standard Class,Consumer,South,Technology,Phones,864.33,8,0.054,128.62
ORD02374,C00791,2024-08-03 06:22:35,2024-08-05 06:22:35,Second Class,Consumer,East,Furniture,Chairs,167.34,1,0.237,-23.2
ORD01674,C00774,2024-07-07 17:55:18,2024-07-10 17:55:18,Standard Class,Corporate,North,Technology,Laptops,151.52,1,0.2,11.35
ORD02069,C00835,2024-02-20 23:06:29,2024-02-23 23:06:29,Second Class,Consumer,North,Office Supplies,Appliances,198.97,6,0.164,6.27
ORD00659,C00868,2025-04-28 22:26:11,2025-04-30 22:26:11,First Class,Consumer,North,Furniture,Bookcases,317.29,4,0.271,-26.05
ORD00654,C00152,2024-10-03 16:32:30,2024-10-06 16:32:30,Second Class,Consumer,West,Office Supplies,Appliances,96.53,3,0.165,-1.81
ORD03344,C00169,2024-03-27 15:13:38,2024-03-30 15:13:38,Standard Class,Corporate,South,Technology,Laptops,520.43,4,0.07,102.51
ORD03589,C00422,2024-10-18 21:10:39,2024-10-23 21:10:39,Standard Class,Consumer,East,Office Supplies,Art,168.83,3,0.255,0.35
ORD03267,C00933,2025-11-15 01:08:27,2025-11-19 01:08:27,Standard Class,Consumer,West,Furniture,Furnishings,1606.65,8,0.149,42.94
ORD03355,C00327,2024-07-09 16:52:15,2024-07-11 16:52:15,Second Class,Consumer,East,Furniture,Chairs,182.56,2,0.314,-27.55
ORD02833,C00325,2025-10-15 03:38:41,2025-10-17 03:38:41,Second Class,Corporate,East,Office Supplies,Paper,28.08,1,0.159,1.11
ORD03287,C00927,2024-07-07 21:10:57,2024-07-11 21:10:57,Standard Class,Consumer,East,Technology,Accessories,921.06,7,0.299,-41.05
ORD00192,C00921,2024-05-15 18:16:18,2024-05-18 18:16:18,Second Class,Consumer,South,Office Supplies,Art,247.55,7,0.187,-21.0
ORD00255,C00536,2024-07-09 06:27:18,2024-07-11 06:27:18,Second Class,Home Office,East,Technology,Laptops,785.03,8,0.098,74.66
ORD03496,C00569,2024-08-23 23:37:05,2024-08-27 23:37:05,Second Class,Home Office,West,Furniture,Chairs,1901.42,8,0.094,58.74
ORD00282,C00379,2024-03-29 01:04:18,2024-04-03 01:04:18,Standard Class,Consumer,West,Office Supplies,Paper,81.43,1,0.042,7.0
ORD01013,C00781,2025-03-04 23:21:53,2025-03-07 23:21:53,Standard Class,Consumer,South,Furniture,Tables,1523.91,7,0.352,-239.11
ORD01838,C00828,2024-08-31 10:00:58,2024-09-04 10:00:58,Standard Class,Consumer,South,Furniture,Bookcases,325.59,3,0.25,-35.07
ORD02054,C00251,2025-06-08 04:27:07,2025-06-10 04:27:07,First Class,Corporate,West,Office Supplies,Appliances,272.28,4,0.097,44.29
ORD01125,C00673,2024-12-24 10:08:19,2024-12-25 10:08:19,First Class,Consumer,North,Furniture,Furnishings,771.04,4,0.116,35.4
ORD03460,C00495,2024-11-19 03:20:00,2024-11-21 03:20:00,First Class,Home Office,West,Office Supplies,Art,319.65,8,0.332,-61.26
ORD01311,C00677,2024-12-09 19:49:37,2024-12-14 19:49:37,Standard Class,Corporate,North,Technology,Laptops,489.68,5,0.165,61.19
ORD03057,C00404,2024-04-24 02:13:26,2024-04-27 02:13:26,Second Class,Corporate,East,Furniture,Tables,220.4,2,0.248,-29.5
ORD02767,C00581,2025-06-04 09:39:55,2025-06-07 09:39:55,First Class,Consumer,West,Office Supplies,Art,26.31,1,0.042,5.1
ORD00185,C00606,2024-03-17 00:44:03,2024-03-21 00:44:03,Standard Class,Home Office,South,Furniture,Chairs,1130.74,5,0.118,64.57
ORD03648,C00396,2025-06-10 17:11:08,2025-06-15 17:11:08,Standard Class,Corporate,North,Technology,Accessories,1007.25,7,0.022,258.07
ORD00813,C00203,2025-12-30 19:53:19,2026-01-04 19:53:19,Standard Class,Corporate,West,Office Supplies,Paper,486.22,6,0.238,1.82
ORD02352,C00094,2025-07-11 17:14:51,2025-07-15 17:14:51,Second Class,Consumer,South,Furniture,Furnishings,1200.39,8,0.307,-193.96
ORD02342,C00923,2024-11-28 09:46:08,2024-12-02 09:46:08,Standard Class,Corporate,South,Technology,Accessories,85.36,1,0.207,0.7
ORD00113,C00602,2024-08-17 13:36:49,2024-08-22 13:36:49,Standard Class,Corporate,East,Office Supplies,Paper,144.58,4,0.094,23.15
ORD03788,C00425,2025-09-28 22:45:22,2025-10-02 22:45:22,Standard Class,Home Office,South,Office Supplies,Storage,61.04,5,0.255,-4.39
ORD00157,C00394,2024-07-06 17:59:22,2024-07-10 17:59:22,Second Class,Corporate,East,Technology,Laptops,1175.26,7,0.06,163.02
ORD01688,C00389,2024-12-18 03:13:39,2024-12-20 03:13:39,First Class,Consumer,North,Technology,Laptops,344.05,3,0.09,52.81
ORD00903,C00430,2025-07-16 17:41:55,2025-07-19 17:41:55,Second Class,Consumer,South,Furniture,Tables,531.71,6,0.283,-57.27
ORD00811,C00424,2025-11-04 07:42:20,2025-11-05 07:42:20,First Class,Corporate,West,Technology,Laptops,275.89,2,0.229,17.67
ORD00036,C00877,2025-11-03 07:09:00,2025-11-06 07:09:00,Second Class,Home Office,North,Office Supplies,Art,266.24,5,0.089,9.5
ORD00490,C00430,2024-03-05 01:32:39,2024-03-07 01:32:39,First Class,Corporate,South,Office Supplies,Appliances,266.58,7,0.066,35.81
ORD00541,C00685,2025-10-17 17:34:21,2025-10-20 17:34:21,Standard Class,Consumer,East,Office Supplies,Appliances,78.55,7,0.154,4.08
ORD02604,C00465,2024-03-24 05:36:58,2024-03-26 05:36:58,First Class,Consumer,West,Office Supplies,Paper,234.63,4,0.124,9.97
ORD00208,C00742,2025-03-02 16:01:21,2025-03-05 16:01:21,First Class,Corporate,East,Technology,Accessories,446.3,4,0.092,40.06
ORD02109,C00012,2025-11-09 15:09:21,2025-11-11 15:09:21,Second Class,Home Office,West,Furniture,Tables,1358.19,8,0.085,146.68
ORD01083,C00722,2025-04-23 00:12:17,2025-04-28 00:12:17,Standard Class,Consumer,North,Technology,Phones,705.9,5,0.1,136.87
ORD00141,C00209,2025-11-22 16:04:41,2025-11-26 16:04:41,Standard Class,Consumer,South,Technology,Accessories,276.2,3,0.128,41.57
ORD00179,C00411,2024-09-08 08:43:59,2024-09-11 08:43:59,Standard Class,Home Office,West,Furniture,Chairs,454.14,3,0.173,-43.04
ORD03260,C00599,2024-08-17 17:50:58,2024-08-22 17:50:58,Standard Class,Consumer,West,Office Supplies,Paper,72.09,6,0.261,-5.34
ORD03554,C00531,2024-08-26 03:17:48,2024-08-30 03:17:48,Standard Class,Consumer,East,Technology,Laptops,645.27,6,0.166,40.86
ORD02416,C00050,2024-09-16 06:29:19,2024-09-20 06:29:19,Standard Class,Consumer,South,Furniture,Chairs,701.11,5,0.083,61.74
ORD02040,C00516,2025-05-13 10:45:39,2025-05-16 10:45:39,Standard Class,Consumer,South,Technology,Accessories,236.31,2,0.212,9.66
ORD00921,C00124,2024-11-26 06:55:41,2024-11-28 06:55:41,First Class,Consumer,North,Technology,Laptops,183.93,2,0.144,13.89
ORD03361,C00229,2025-06-22 07:45:57,2025-06-26 07:45:57,Second Class,Corporate,West,Office Supplies,Paper,122.96,2,0.028,18.66
ORD01912,C00440,2024-10-30 19:09:09,2024-10-31 19:09:09,First Class,Corporate,West,Furniture,Tables,181.43,1,0.179,-1.62
ORD02646,C00601,2024-08-12 15:20:50,2024-08-15 15:20:50,Standard Class,Corporate,South,Furniture,Furnishings,701.94,4,0.122,13.14
ORD03063,C00497,2024-05-18 17:35:31,2024-05-23 17:35:31,Standard Class,Corporate,South,Furniture,Furnishings,842.59,4,0.226,-27.45
ORD01796,C00356,2025-02-06 06:31:38,2025-02-11 06:31:38,Standard Class,Consumer,South,Furniture,Furnishings,589.07,4,0.266,-46.62
ORD01285,C00085,2025-10-17 19:32:12,2025-10-18 19:32:12,First Class,Consumer,North,Technology,Accessories,731.76,8,0.048,166.53
ORD01816,C00052,2025-09-19 01:05:28,2025-09-23 01:05:28,Standard Class,Consumer,East,Office Supplies,Appliances,80.07,2,0.269,-9.34
ORD03486,C00425,2024-07-03 21:56:56,2024-07-05 21:56:56,Second Class,Consumer,East,Technology,Accessories,1024.81,7,0.122,70.12
ORD02810,C00921,2024-12-14 16:09:04,2024-12-17 16:09:04,Standard Class,Corporate,North,Furniture,Bookcases,295.19,2,0.155,-20.3
ORD02693,C00776,2025-05-29 20:22:21,2025-06-01 20:22:21,Standard Class,Consumer,East,Furniture,Bookcases,1538.99,5,0.087,78.29
ORD01252,C00395,2025-03-23 01:40:15,2025-03-28 01:40:15,Standard Class,Corporate,West,Office Supplies,Appliances,415.18,7,0.081,31.69
ORD01257,C00200,2024-02-19 00:34:02,2024-02-23 00:34:02,Standard Class,Consumer,North,Furniture,Tables,788.98,7,0.12,26.99
ORD02071,C00333,2025-03-07 11:20:28,2025-03-11 11:20:28,Standard Class,Consumer,South,Office Supplies,Appliances,265.38,5,0.027,40.93
ORD00107,C00465,2024-01-29 06:55:23,2024-01-30 06:55:23,First Class,Consumer,East,Technology,Accessories,214.41,2,0.179,12.81
ORD00458,C00596,2024-03-26 01:03:47,2024-03-30 01:03:47,Standard Class,Consumer,North,Office Supplies,Binders,281.82,4,0.031,50.02
ORD02169,C00525,2025-04-22 05:21:28,2025-04-26 05:21:28,Standard Class,Corporate,East,Furniture,Bookcases,518.05,4,0.102,-4.8
ORD03061,C00431,2024-03-15 20:37:46,2024-03-18 20:37:46,Standard Class,Corporate,East,Office Supplies,Appliances,385.19,7,0.251,-50.47
ORD01493,C00602,2024-09-04 11:33:28,2024-09-06 11:33:28,Same Day,Consumer,North,Technology,Accessories,468.35,4,0.21,-1.95
ORD01280,C00928,2025-03-05 13:13:47,2025-03-08 13:13:47,Second Class,Corporate,North,Furniture,Bookcases,559.45,7,0.05,61.03
ORD02737,C00395,2025-04-23 11:38:54,2025-04-26 11:38:54,Second Class,Corporate,West,Office Supplies,Appliances,549.53,8,0.201,40.38
ORD00697,C00048,2024-11-21 09:12:12,2024-11-24 09:12:12,Standard Class,Consumer,South,Office Supplies,Appliances,21.62,1,0.065,3.33
ORD00388,C00808,2024-03-09 15:15:05,2024-03-10 15:15:05,First Class,Consumer,East,Office Supplies,Storage,276.34,8,0.176,-1.54
ORD02889,C00775,2025-08-06 08:18:41,2025-08-10 08:18:41,Standard Class,Consumer,East,Office Supplies,Art,84.79,5,0.069,12.07
ORD01932,C00559,2025-11-24 09:23:46,2025-11-26 09:23:46,Second Class,Consumer,West,Office Supplies,Art,289.33,5,0.085,9.57
ORD00364,C00021,2025-10-10 18:22:21,2025-10-12 18:22:21,First Class,Home Office,East,Technology,Accessories,433.97,3,0.082,90.0
ORD02485,C00846,2025-06-30 09:58:24,2025-07-05 09:58:24,Standard Class,,West,Furniture,Bookcases,300.06,3,0.169,-2.01
ORD03712,C00174,2024-10-20 14:52:50,2024-10-23 14:52:50,Standard Class,Consumer,East,Office Supplies,Paper,256.9,5,0.089,30.04
ORD01382,C00917,2025-10-01 16:12:06,2025-10-04 16:12:06,Standard Class,Corporate,South,Office Supplies,Paper,93.54,2,0.214,-12.31
ORD02689,C00166,2024-12-22 08:49:33,2024-12-27 08:49:33,Standard Class,Consumer,South,Furniture,Chairs,434.76,6,0.169,-15.12
ORD02732,C00003,2024-04-09 14:57:50,2024-04-13 14:57:50,Standard Class,Corporate,South,Technology,Laptops,943.83,6,0.266,38.06
ORD02887,C00324,2025-09-12 21:35:31,2025-09-15 21:35:31,Standard Class,Consumer,South,Furniture,Tables,51.57,1,0.279,-7.25
ORD01850,C00468,2024-08-21 17:13:12,2024-08-26 17:13:12,Standard Class,Consumer,North,Furniture,Bookcases,373.59,2,0.056,23.39
ORD00320,C00831,2025-11-16 06:03:12,2025-11-19 06:03:12,Second Class,Consumer,South,Furniture,Bookcases,669.09,5,0.278,-109.86
ORD00491,C00041,2024-09-25 21:23:23,2024-09-29 21:23:23,Standard Class,Consumer,South,Technology,Laptops,824.36,6,0.032,112.08
ORD02198,C00232,2025-09-26 15:47:50,2025-09-30 15:47:50,Second Class,Consumer,North,Office Supplies,Appliances,73.71,3,0.164,1.71
ORD02009,C00624,2025-01-27 03:15:53,2025-01-31 03:15:53,Standard Class,Corporate,South,Office Supplies,Appliances,218.86,8,0.31,-40.8
ORD00117,C00489,2024-12-07 04:45:14,2024-12-12 04:45:14,Standard Class,Corporate,East,Furniture,Chairs,1260.35,5,0.529,-433.49
ORD00921,C00810,2024-08-04 17:08:09,2024-08-09 17:08:09,Standard Class,Corporate,East,Furniture,Furnishings,954.92,5,0.133,40.99
ORD01276,C00455,2025-09-02 01:30:51,2025-09-05 01:30:51,First Class,Consumer,West,Office Supplies,Paper,42.82,1,0.084,3.31
ORD03182,C00592,2024-02-14 06:15:02,2024-02-19 06:15:02,Standard Class,Home Office,East,Office Supplies,Art,292.13,6,0.273,-19.28
ORD02824,C00225,2024-12-08 06:39:23,2024-12-10 06:39:23,Second Class,Consumer,West,Technology,Laptops,1175.65,7,0.023,233.67
ORD03352,C00374,2024-09-26 06:44:57,2024-09-27 06:44:57,First Class,Corporate,West,Office Supplies,Binders,27.56,2,,2.02
ORD00841,C00440,2025-01-31 16:13:07,2025-02-03 16:13:07,Second Class,Corporate,North,Furniture,Tables,391.42,5,0.253,-27.36
ORD03398,C00573,2024-07-04 19:42:14,2024-07-09 19:42:14,Standard Class,Corporate,West,Furniture,Furnishings,106.57,1,0.226,-6.65
ORD02719,C00801,2025-04-30 03:39:11,2025-05-05 03:39:11,Standard Class,Consumer,North,Office Supplies,Binders,42.44,2,0.184,1.71
ORD00191,C00315,2024-10-08 17:20:27,2024-10-12 17:20:27,Second Class,Corporate,East,Furniture,Chairs,193.21,1,0.193,-7.32
ORD02147,C00663,2024-05-17 08:03:16,2024-05-20 08:03:16,Second Class,Corporate,West,Technology,Phones,1007.93,7,0.144,132.68
ORD01017,C00195,2024-05-23 18:43:52,2024-05-25 18:43:52,Second Class,Consumer,South,Office Supplies,Binders,302.75,8,0.158,5.79
ORD03551,C00372,2025-05-23 10:46:21,2025-05-26 10:46:21,Second Class,Corporate,East,Office Supplies,Art,18.06,1,0.169,0.45
ORD01726,C00079,2024-07-10 04:25:28,2024-07-15 04:25:28,Standard Class,Consumer,South,Office Supplies,Appliances,340.12,6,0.205,-2.0
ORD01938,C00256,2025-04-02 16:12:18,2025-04-06 16:12:18,Second Class,Consumer,North,Furniture,Bookcases,349.29,5,0.109,5.43
ORD03662,C00753,2024-08-28 17:48:50,2024-08-31 17:48:50,Second Class,Corporate,North,Office Supplies,Paper,78.98,6,0.052,11.13
ORD01175,C00490,2024-10-10 08:27:18,2024-10-11 08:27:18,Same Day,Corporate,North,Technology,Laptops,697.73,5,0.199,-1.54
ORD02427,C00861,2024-06-27 11:15:50,2024-06-29 11:15:50,Second Class,Consumer,North,Technology,Accessories,870.89,8,0.144,5.39
ORD03412,C00214,2024-09-09 03:07:01,2024-09-14 03:07:01,Standard Class,Consumer,East,Office Supplies,Paper,51.64,1,0.181,0.2
ORD02218,C00409,2025-05-20 17:29:50,2025-05-23 17:29:50,Second Class,Consumer,East,Office Supplies,Storage,69.24,2,0.157,-1.03
ORD01864,C00148,2025-01-24 18:01:36,2025-01-28 18:01:36,Second Class,Consumer,South,Office Supplies,Binders,96.87,2,0.138,10.68
ORD01188,C00274,2025-12-29 04:47:28,2026-01-01 04:47:28,Standard Class,Consumer,East,Office Supplies,Paper,97.31,7,0.076,5.64
ORD01124,C00042,2025-07-17 10:59:48,2025-07-22 10:59:48,Standard Class,Consumer,North,Technology,Laptops,114.86,1,0.077,20.91
ORD03254,C00202,2024-01-13 06:53:43,2024-01-16 06:53:43,Standard Class,Corporate,South,Furniture,Bookcases,132.07,1,0.358,-33.96
ORD01621,C00011,2024-10-03 13:45:59,2024-10-06 13:45:59,Standard Class,Consumer,West,Office Supplies,Appliances,271.4,6,0.204,-3.52
ORD00068,C00053,2025-12-14 23:21:41,2025-12-17 23:21:41,Second Class,Corporate,East,Office Supplies,Appliances,223.55,5,0.233,-10.26
ORD00605,C00699,2025-11-10 21:37:38,2025-11-15 21:37:38,Standard Class,Consumer,South,Technology,Accessories,811.92,7,0.194,31.78
ORD02710,C00785,2024-12-10 12:24:33,2024-12-13 12:24:33,Second Class,Corporate,West,Office Supplies,Storage,127.8,4,0.113,6.09
ORD01770,C00180,2025-08-27 14:22:37,2025-08-29 14:22:37,First Class,Consumer,North,Office Supplies,Binders,272.56,6,0.093,16.19
ORD01051,C00089,2024-03-05 19:17:20,2024-03-07 19:17:20,First Class,Corporate,North,Office Supplies,Paper,272.34,4,0.123,19.22
ORD00774,C00309,2024-03-17 09:28:56,2024-03-18 09:28:56,First Class,Consumer,North,Furniture,Bookcases,120.29,1,0.181,-11.23
ORD00746,C00173,2025-02-28 05:09:46,2025-03-03 05:09:46,First Class,,South,Technology,Accessories,835.91,6,0.197,29.7
ORD00462,C00751,2025-02-20 00:01:15,2025-02-23 00:01:15,Standard Class,Home Office,North,Technology,Accessories,756.56,7,0.088,76.84
ORD00822,C00326,2024-10-01 17:49:04,2024-10-05 17:49:04,Standard Class,Consumer,East,Office Supplies,Art,286.69,6,0.023,30.19
ORD01067,C00133,2024-07-26 08:34:44,2024-07-31 08:34:44,Standard Class,Home Office,East,Technology,Laptops,548.51,5,0.04,149.32
ORD00972,C00658,2025-12-24 05:47:15,2025-12-27 05:47:15,Second Class,Consumer,North,Technology,Accessories,984.51,6,0.373,-121.38
ORD01311,C00785,2024-09-27 10:27:14,2024-09-30 10:27:14,Second Class,Corporate,North,Office Supplies,Appliances,262.52,6,0.02,42.47
ORD03244,C00341,2024-02-20 20:06:14,2024-02-23 20:06:14,First Class,Corporate,East,Technology,Phones,760.31,6,0.061,56.08
ORD02462,C00236,2024-05-13 05:26:53,2024-05-15 05:26:53,Same Day,Corporate,West,Furniture,Furnishings,2159.35,8,0.251,-182.14
ORD03592,C00806,2024-10-10 08:49:27,2024-10-14 08:49:27,Second Class,Consumer,South,Office Supplies,Binders,425.71,8,0.378,-63.88
ORD00135,C00347,2024-04-21 19:36:50,2024-04-24 19:36:50,Standard Class,Consumer,South,Technology,Accessories,444.66,3,0.369,
ORD01628,C00510,2025-12-09 06:31:47,2025-12-13 06:31:47,Standard Class,Corporate,North,Office Supplies,Appliances,236.28,6,0.027,30.28
ORD01952,C00851,2025-12-08 16:54:51,2025-12-12 16:54:51,Standard Class,Consumer,North,Office Supplies,Appliances,218.89,8,0.392,-42.63
ORD01508,C00247,2024-03-12 09:14:44,2024-03-13 09:14:44,Same Day,Corporate,East,Office Supplies,Storage,363.11,7,0.285,-8.48
ORD02686,C00873,2025-01-02 15:38:55,2025-01-04 15:38:55,Second Class,Corporate,North,Furniture,Bookcases,1056.44,5,0.135,-35.18
ORD01038,C00440,2025-09-22 00:02:44,2025-09-25 00:02:44,Standard Class,Corporate,North,Office Supplies,Paper,202.46,4,0.198,-8.0
ORD03330,C00811,2024-10-14 23:18:58,2024-10-17 23:18:58,Second Class,Consumer,East,Office Supplies,Paper,83.04,2,0.182,1.1
ORD00123,C00841,2025-10-15 17:14:24,2025-10-15 17:14:24,Same Day,Home Office,North,Technology,Accessories,423.22,4,0.106,40.35
ORD00757,C00937,2025-09-19 16:11:41,2025-09-23 16:11:41,Standard Class,Consumer,East,Office Supplies,Binders,70.9,5,0.071,2.41
