Order_ID,Customer_ID,Order_Date,Ship_Date,Ship_Mode,Segment,Region,Category,Sub_Category,Sales,Quantity,Discount,Profit,Order_Month,Order_Year,Ship_Days,Profit_Margin
ORD02679,C00924,2024-01-01 09:05:18,2024-01-04 09:05:18,Standard Class,Corporate,East,Office Supplies,Art,84.97,3,0.135,0.9,2024-01,2024,3.0,1.0591973637754502
ORD03118,C00870,2024-01-01 09:57:13,2024-01-06 09:57:13,Standard Class,Consumer,East,Office Supplies,Binders,105.52,5,0.257,-12.67,2024-01,2024,5.0,-12.007202426080363
ORD02770,C00001,2024-01-01 18:42:07,2024-01-03 18:42:07,Second Class,Consumer,North,Office Supplies,Paper,89.88,2,0.231,-5.11,2024-01,2024,2.0,-5.685358255451714
ORD01001,C00209,2024-01-01 21:36:11,2024-01-06 21:36:11,Standard Class,Corporate,West,Office Supplies,Paper,236.58,8,0.147,-4.47,2024-01,2024,5.0,-1.8894242962211512
ORD01463,C00511,2024-01-01 21:51:12,2024-01-05 21:51:12,Standard Class,Corporate,East,Technology,Phones,618.18,4,0.115,50.9,2024-01,2024,4.0,8.23384774661102
ORD02633,C00902,2024-01-02 02:53:33,2024-01-03 02:53:33,First Class,Consumer,North,Technology,Phones,409.36,4,0.073,76.35,2024-01,2024,1.0,18.651065077193664
ORD02668,C00686,2024-01-02 05:05:44,2024-01-02 05:05:44,Same Day,Home Office,East,Technology,Accessories,874.67,6,0.092,152.48,2024-01,2024,0.0,17.432860393062526
ORD02876,C00740,2024-01-02 05:06:38,2024-01-03 05:06:38,First Class,Consumer,North,Office Supplies,Art,336.91,6,0.014,67.18,2024-01,2024,1.0,19.940043335015286
ORD02479,C00690,2024-01-02 16:26:58,2024-01-03 16:26:58,First Class,Consumer,South,Furniture,Tables,523.35,6,0.128,-32.68,2024-01,2024,1.0,-6.244387121429253
ORD01685,C00550,2024-01-03 05:55:26,2024-01-05 05:55:26,First Class,Home Office,South,Technology,Accessories,380.59,3,0.091,21.22,2024-01,2024,2.0,5.575553745500407
ORD03822,C00258,2024-01-03 07:09:58,2024-01-06 07:09:58,Second Class,Corporate,North,Office Supplies,Binders,183.96,6,0.113,5.82,2024-01,2024,3.0,3.1637312459230267
ORD03245,C00357,2024-01-03 07:11:06,2024-01-05 07:11:06,Second Class,Corporate,East,Office Supplies,Appliances,365.2,7,0.035,30.95,2024-01,2024,2.0,8.474808324205915
ORD03483,C00294,2024-01-03 08:51:56,2024-01-07 08:51:56,Standard Class,Corporate,West,Technology,Phones,233.93,2,0.087,34.85,2024-01,2024,4.0,14.897618945838499
ORD03010,C00357,2024-01-03 22:12:47,2024-01-04 22:12:47,First Class,Consumer,North,Technology,Phones,260.7,2,0.226,2.15,2024-01,2024,1.0,0.8247027234369008
ORD00979,C00328,2024-01-04 03:26:13,2024-01-08 03:26:13,Standard Class,Home Office,South,Furniture,Chairs,1013.61,6,0.1,-1.92,2024-01,2024,4.0,-0.18942196702873884
ORD00634,C00103,2024-01-04 04:43:23,2024-01-07 04:43:23,Standard Class,Consumer,South,Furniture,Tables,735.31,7,0.189,-3.56,2024-01,2024,3.0,-0.4841495423698849
ORD02319,C00386,2024-01-04 06:50:31,2024-01-08 06:50:31,Standard Class,Home Office,South,Office Supplies,Storage,200.72,6,0.175,-12.53,2024-01,2024,4.0,-6.242526903148664
ORD00375,C00783,2024-01-04 08:55:16,2024-01-06 08:55:16,Same Day,Consumer,East,Technology,Accessories,272.91,2,0.1,52.8,2024-01,2024,2.0,19.347037484885124
ORD00761,C00550,2024-01-04 10:33:50,2024-01-08 10:33:50,Standard Class,Home Office,East,Office Supplies,Paper,62.88,1,0.019,11.85,2024-01,2024,4.0,18.845419847328245
ORD02155,C00480,2024-01-04 10:58:06,2024-01-09 10:58:06,Standard Class,Consumer,North,Office Supplies,Appliances,167.61,4,0.182,-3.97,2024-01,2024,5.0,-2.368593759322236
ORD00742,C00708,2024-01-04 11:04:09,2024-01-07 11:04:09,Second Class,Corporate,North,Furniture,Chairs,1063.12,7,0.176,21.36,2024-01,2024,3.0,2.0091805252464447
ORD00417,C00318,2024-01-04 13:40:58,2024-01-08 13:40:58,Second Class,Consumer,South,Office Supplies,Binders,83.04,7,0.101,5.64,2024-01,2024,4.0,6.791907514450866
ORD00068,C00291,2024-01-04 20:58:47,2024-01-06 20:58:47,Second Class,Consumer,East,Technology,Laptops,596.95,4,0.329,-66.69,2024-01,2024,2.0,-11.171789932155122
ORD00056,C00627,2024-01-04 21:39:11,2024-01-06 21:39:11,Second Class,Consumer,West,Office Supplies,Appliances,88.64,6,0.025,12.44,2024-01,2024,2.0,14.034296028880867
ORD02001,C00945,2024-01-04 23:07:50,2024-01-06 23:07:50,First Class,Corporate,South,Technology,Laptops,296.84,2,0.247,-2.18,2024-01,2024,2.0,-0.7344023716480259
ORD03131,C00532,2024-01-04 23:53:19,2024-01-08 23:53:19,Second Class,Corporate,East,Technology,Phones,123.09,1,0.178,4.41,2024-01,2024,4.0,3.5827443334145745
ORD01115,C00761,2024-01-04 23:53:36,2024-01-07 23:53:36,First Class,Consumer,North,Office Supplies,Appliances,229.36,5,0.103,21.47,2024-01,2024,3.0,9.360830136030692
ORD00040,C00871,2024-01-05 06:43:24,2024-01-09 06:43:24,Standard Class,Corporate,East,Furniture,Tables,472.73,5,0.138,-9.61,2024-01,2024,4.0,-2.0328728872718043
ORD01630,C00146,2024-01-05 17:10:40,2024-01-08 17:10:40,Standard Class,Consumer,West,Furniture,Furnishings,416.33,3,0.071,7.55,2024-01,2024,3.0,1.8134652799461966
ORD03758,C00843,2024-01-05 18:04:23,2024-01-10 18:04:23,Standard Class,Corporate,West,Office Supplies,Appliances,386.29,8,0.034,43.52,2024-01,2024,5.0,11.266147195112481
ORD01663,C00595,2024-01-06 03:58:11,2024-01-09 03:58:11,Standard Class,Consumer,North,Technology,Phones,840.6,6,0.11,4.285,2024-01,2024,3.0,0.5097549369497978
ORD00674,C00645,2024-01-06 08:08:57,2024-01-09 08:08:57,First Class,Consumer,South,Furniture,Tables,1109.88,7,0.134,-104.18,2024-01,2024,3.0,-9.386600353191335
ORD03791,C00280,2024-01-06 08:59:13,2024-01-09 08:59:13,Standard Class,Consumer,East,Office Supplies,Art,53.09,1,0.189,-1.03,2024-01,2024,3.0,-1.9401017140704464
ORD03320,C00750,2024-01-06 11:31:23,2024-01-09 11:31:23,Standard Class,Consumer,West,Office Supplies,Binders,90.7,3,0.053,13.41,2024-01,2024,3.0,14.785005512679161
ORD02566,C00632,2024-01-06 12:52:36,2024-01-08 12:52:36,Second Class,Consumer,North,Technology,Accessories,455.26,5,0.123,55.87,2024-01,2024,2.0,12.272108245837543
ORD03096,C00067,2024-01-06 17:35:44,2024-01-08 17:35:44,First Class,Consumer,North,Furniture,Tables,648.93,4,0.087,20.43,2024-01,2024,2.0,3.14825944246683
ORD01286,C00169,2024-01-06 19:28:01,2024-01-10 19:28:01,Standard Class,Consumer,North,Furniture,Bookcases,592.8,4,0.166,-41.36,2024-01,2024,4.0,-6.9770580296896085
ORD03777,C00561,2024-01-06 22:20:45,2024-01-10 22:20:45,Second Class,Corporate,East,Technology,Phones,480.63,5,0.127,88.72,2024-01,2024,4.0,18.459105757027235
ORD02673,C00588,2024-01-07 02:50:45,2024-01-09 02:50:45,Second Class,Consumer,South,Office Supplies,Storage,49.24,1,0.18,-0.72,2024-01,2024,2.0,-1.4622258326563768
ORD01132,C00743,2024-01-07 05:44:19,2024-01-10 05:44:19,Standard Class,Consumer,East,Technology,Accessories,207.37,2,0.242,-7.23,2024-01,2024,3.0,-3.4865216762308915
ORD02993,C00361,2024-01-07 06:21:05,2024-01-10 06:21:05,Second Class,Corporate,West,Office Supplies,Art,290.73,5,0.26,-24.71,2024-01,2024,3.0,-8.49929487840952
ORD01895,C00477,2024-01-07 10:31:54,2024-01-07 10:31:54,Same Day,Corporate,West,Furniture,Tables,314.41,3,0.111,-3.25,2024-01,2024,0.0,-1.0336821347921503
ORD00429,C00602,2024-01-07 18:13:52,2024-01-09 18:13:52,Second Class,Consumer,West,Office Supplies,Storage,292.34,5,0.251,-29.84,2024-01,2024,2.0,-10.207292878155574
ORD01989,C00352,2024-01-07 21:26:08,2024-01-12 21:26:08,Standard Class,Consumer,East,Technology,Laptops,481.9,3,0.068,63.82,2024-01,2024,5.0,13.24341149616103
ORD00106,C00130,2024-01-08 05:43:54,2024-01-11 05:43:54,Second Class,Consumer,East,Office Supplies,Art,318.34,5,0.084,4.285,2024-01,2024,3.0,1.3460451090029528
ORD01853,C00827,2024-01-08 09:00:16,2024-01-09 09:00:16,First Class,Corporate,South,Technology,Laptops,863.03,6,0.089,129.56,2024-01,2024,1.0,15.012224372269795
ORD01850,C00342,2024-01-08 10:33:53,2024-01-10 10:33:53,First Class,Home Office,North,Technology,Accessories,662.26,6,0.111,121.48,2024-01,2024,2.0,18.343248875064173
ORD01906,C00097,2024-01-08 19:56:54,2024-01-10 19:56:54,First Class,Corporate,South,Office Supplies,Paper,28.8,1,0.099,1.36,2024-01,2024,2.0,4.722222222222222
ORD02751,C00168,2024-01-09 01:00:43,2024-01-11 01:00:43,Same Day,Home Office,North,Office Supplies,Storage,58.18,1,0.406,-14.62,2024-01,2024,2.0,-25.1289102784462
ORD00913,C00335,2024-01-09 19:08:55,2024-01-14 19:08:55,Standard Class,Consumer,East,Furniture,Tables,634.18,3,0.114,7.84,2024-01,2024,5.0,1.2362420763820998
ORD03665,C00374,2024-01-09 19:50:44,2024-01-12 19:50:44,Standard Class,Consumer,East,Technology,Accessories,299.83,2,0.043,41.91,2024-01,2024,3.0,13.97792082179902
ORD00378,C00013,2024-01-09 22:35:57,2024-01-13 22:35:57,Standard Class,Consumer,North,Technology,Accessories,1227.05,8,0.124,55.06,2024-01,2024,4.0,4.4871847112994585
ORD02161,C00795,2024-01-09 23:32:34,2024-01-12 23:32:34,First Class,Consumer,West,Furniture,Chairs,979.49,4,0.333,-138.53,2024-01,2024,3.0,-14.143074457115437
ORD02452,C00122,2024-01-10 02:28:20,2024-01-13 02:28:20,Second Class,Home Office,East,Office Supplies,Paper,225.44,6,0.209,-17.14,2024-01,2024,3.0,-7.602909865152591
ORD03439,C00153,2024-01-11 01:22:45,2024-01-14 01:22:45,Standard Class,Home Office,West,Office Supplies,Appliances,257.69,4,0.015,52.38,2024-01,2024,3.0,20.326749194768908
ORD01794,C00667,2024-01-11 03:39:19,2024-01-16 03:39:19,Standard Class,Consumer,North,Technology,Accessories,399.75,4,0.104,45.28,2024-01,2024,5.0,11.3270794246404
ORD02289,C00119,2024-01-11 04:09:49,2024-01-11 04:09:49,Same Day,Corporate,South,Office Supplies,Art,152.94,3,0.173,-7.47,2024-01,2024,0.0,-4.884268340525696
ORD01371,C00219,2024-01-11 07:27:55,2024-01-13 07:27:55,Second Class,Consumer,South,Furniture,Furnishings,312.13,5,0.106,11.02,2024-01,2024,2.0,3.5305802069650465
ORD02385,C00947,2024-01-11 12:53:15,2024-01-16 12:53:15,Standard Class,Corporate,East,Furniture,Chairs,244.46,1,0.084,-6.54,2024-01,2024,5.0,-2.675284300089994
ORD01492,C00698,2024-01-11 15:18:42,2024-01-13 15:18:42,Second Class,Consumer,West,Office Supplies,Binders,128.92,2,0.179,6.28,2024-01,2024,2.0,4.871237977040026
ORD00343,C00249,2024-01-11 17:14:36,2024-01-14 17:14:36,Second Class,Consumer,South,Office Supplies,Paper,81.72,2,0.066,5.47,2024-01,2024,3.0,6.6935878609887425
ORD01859,C00551,2024-01-12 11:55:48,2024-01-16 11:55:48,Standard Class,Consumer,South,Office Supplies,Storage,138.9,4,0.079,2.81,2024-01,2024,4.0,2.023038156947444
ORD02044,C00575,2024-01-12 12:54:47,2024-01-14 12:54:47,Second Class,Consumer,North,Technology,Accessories,129.2,1,0.335,-12.99,2024-01,2024,2.0,-10.05417956656347
ORD02749,C00033,2024-01-12 20:21:27,2024-01-16 20:21:27,Standard Class,Consumer,West,Office Supplies,Art,197.45,3,0.09,19.36,2024-01,2024,4.0,9.805013927576601
ORD00035,C00029,2024-01-13 02:28:41,2024-01-17 02:28:41,Standard Class,Corporate,West,Office Supplies,Storage,296.74,5,0.086,0.27,2024-01,2024,4.0,0.0909887443553279
ORD03254,C00202,2024-01-13 06:53:43,2024-01-16 06:53:43,Standard Class,Corporate,South,Furniture,Bookcases,132.07,1,0.358,-33.96,2024-01,2024,3.0,-25.71363670780647
ORD02057,C00789,2024-01-13 15:09:29,2024-01-16 15:09:29,Second Class,Consumer,East,Furniture,Furnishings,214.34,2,0.18,-7.56,2024-01,2024,3.0,-3.5271064663618548
ORD00357,C00548,2024-01-13 15:30:07,2024-01-16 15:30:07,Standard Class,Consumer,North,Furniture,Bookcases,142.65,2,0.058,11.17,2024-01,2024,3.0,7.830354013319313
ORD02055,C00360,2024-01-13 21:33:25,2024-01-16 21:33:25,Standard Class,Corporate,South,Office Supplies,Binders,286.78,6,0.21,-15.33,2024-01,2024,3.0,-5.345561057256434
ORD02321,C00824,2024-01-14 00:30:01,2024-01-17 00:30:01,Second Class,Consumer,North,Furniture,Furnishings,835.84,4,0.155,14.19,2024-01,2024,3.0,1.6976933384379784
ORD03774,C00085,2024-01-14 00:55:26,2024-01-18 00:55:26,Second Class,Consumer,East,Technology,Accessories,734.27,6,0.138,68.38,2024-01,2024,4.0,9.312650659839024
ORD00968,C00930,2024-01-14 02:41:02,2024-01-17 02:41:02,Second Class,Consumer,North,Furniture,Chairs,331.54,2,0.373,-75.0,2024-01,2024,3.0,-22.62170477167159
ORD00847,C00250,2024-01-14 06:10:21,2024-01-18 06:10:21,Second Class,Corporate,East,Furniture,Chairs,210.32,1,0.117,-3.7,2024-01,2024,4.0,-1.7592240395587675
ORD00249,C00713,2024-01-14 11:01:49,2024-01-16 11:01:49,First Class,Consumer,West,Office Supplies,Binders,143.03,3,0.21,-10.8,2024-01,2024,2.0,-7.550863455219186
ORD02477,C00739,2024-01-14 14:14:40,2024-01-16 14:14:40,Second Class,Consumer,West,Office Supplies,Paper,559.69,8,0.023,103.17,2024-01,2024,2.0,18.43341849952652
ORD01062,C00047,2024-01-14 21:28:41,2024-01-18 21:28:41,Second Class,Corporate,West,Technology,Phones,609.92,4,0.036,109.08,2024-01,2024,4.0,17.884312696747116
ORD01494,C00905,2024-01-15 06:03:37,2024-01-18 06:03:37,Second Class,Corporate,South,Office Supplies,Binders,33.81,1,0.153,-0.54,2024-01,2024,3.0,-1.5971606033717833
ORD03585,C00239,2024-01-15 10:18:29,2024-01-19 10:18:29,Standard Class,Corporate,West,Technology,Accessories,257.13,2,0.199,30.67,2024-01,2024,4.0,11.927818613152882
ORD03463,C00334,2024-01-16 00:14:42,2024-01-20 00:14:42,Second Class,Consumer,West,Furniture,Bookcases,375.93,4,0.164,-14.29,2024-01,2024,4.0,-3.8012395924773226
ORD03616,C00545,2024-01-16 06:13:41,2024-01-19 06:13:41,Second Class,Consumer,South,Office Supplies,Storage,62.39,2,0.152,-0.92,2024-01,2024,3.0,-1.4745952877063633
ORD02007,C00430,2024-01-16 10:30:47,2024-01-19 10:30:47,Second Class,Corporate,East,Office Supplies,Appliances,102.91,3,0.22,-5.82,2024-01,2024,3.0,-5.65542707219901
ORD03372,C00243,2024-01-16 10:39:11,2024-01-21 10:39:11,Standard Class,Corporate,West,Furniture,Chairs,416.52,4,0.372,-66.8,2024-01,2024,5.0,-16.037645251128396
ORD03750,C00321,2024-01-16 18:38:37,2024-01-19 18:38:37,Standard Class,Consumer,East,Office Supplies,Appliances,234.07,6,0.064,17.77,2024-01,2024,3.0,7.591746058871278
ORD00521,C00732,2024-01-16 20:35:41,2024-01-19 20:35:41,Second Class,Consumer,East,Furniture,Bookcases,90.21,1,0.084,-1.77,2024-01,2024,3.0,-1.9620884602593949
ORD00673,C00640,2024-01-16 22:29:09,2024-01-18 22:29:09,Second Class,Home Office,East,Technology,Phones,125.26,1,0.147,11.36,2024-01,2024,2.0,9.06913619671084
ORD02505,C00854,2024-01-17 00:21:22,2024-01-22 00:21:22,Standard Class,Consumer,West,Technology,Laptops,878.0,7,0.244,75.33,2024-01,2024,5.0,8.579726651480637
ORD02810,C00581,2024-01-17 03:26:25,2024-01-22 03:26:25,Standard Class,Consumer,West,Office Supplies,Binders,336.52,5,0.113,27.22,2024-01,2024,5.0,8.088672292880068
ORD03434,C00080,2024-01-17 05:31:36,2024-01-21 05:31:36,Second Class,Home Office,West,Office Supplies,Binders,118.5,2,0.105,7.53,2024-01,2024,4.0,6.3544303797468356
ORD01512,C00867,2024-01-17 06:08:59,2024-01-19 06:08:59,Second Class,Consumer,North,Technology,Accessories,150.95,1,0.118,23.16,2024-01,2024,2.0,15.342828751242136
ORD02639,C00885,2024-01-17 13:54:55,2024-01-19 13:54:55,First Class,Consumer,West,Office Supplies,Appliances,234.06,5,0.027,43.64,2024-01,2024,2.0,18.644791933692215
ORD01158,C00636,2024-01-17 15:31:25,2024-01-21 15:31:25,Standard Class,Consumer,West,Furniture,Furnishings,892.75,4,0.159,60.68,2024-01,2024,4.0,6.796975637076449
ORD03117,C00424,2024-01-17 21:24:52,2024-01-22 21:24:52,Standard Class,Corporate,North,Furniture,Bookcases,873.61,4,0.274,-122.4,2024-01,2024,5.0,-14.01082863062465
ORD00270,C00633,2024-01-17 22:56:50,2024-01-21 22:56:50,Standard Class,Corporate,North,Furniture,Bookcases,739.93,4,0.167,-39.04,2024-01,2024,4.0,-5.276174773289365
ORD03102,C00202,2024-01-18 00:49:14,2024-01-21 00:49:14,Standard Class,Corporate,North,Office Supplies,Paper,342.92,5,0.476,-80.46,2024-01,2024,3.0,-23.463198413624166
ORD01145,C00291,2024-01-18 05:38:09,2024-01-21 05:38:09,Standard Class,Consumer,South,Furniture,Chairs,710.04,5,0.234,-50.75,2024-01,2024,3.0,-7.147484648752184
ORD01429,C00714,2024-01-18 06:40:20,2024-01-22 06:40:20,Standard Class,Corporate,West,Furniture,Chairs,704.69,3,0.098,6.89,2024-01,2024,4.0,0.9777348905192353
ORD01288,C00814,2024-01-18 06:59:10,2024-01-22 06:59:10,Standard Class,Home Office,East,Technology,Phones,956.18,7,0.154,-4.04,2024-01,2024,4.0,-0.42251458930326924
ORD03213,C00146,2024-01-18 08:24:30,2024-01-21 08:24:30,Second Class,Consumer,East,Office Supplies,Binders,270.56,6,0.397,-49.26,2024-01,2024,3.0,-18.20668243642815
ORD00382,C00155,2024-01-18 11:53:37,2024-01-21 11:53:37,First Class,Consumer,West,Office Supplies,Art,39.18,2,0.105,3.58,2024-01,2024,3.0,9.137314956610517
ORD00889,C00028,2024-01-18 11:57:38,2024-01-21 11:57:38,First Class,Home Office,North,Furniture,Furnishings,663.33,4,0.064,57.94,2024-01,2024,3.0,8.734717259885727
ORD00425,C00438,2024-01-18 20:22:43,2024-01-23 20:22:43,Standard Class,Home Office,East,Furniture,Tables,1278.99,6,0.375,-242.29,2024-01,2024,5.0,-18.943854134903322
ORD01222,C00005,2024-01-19 02:54:04,2024-01-22 02:54:04,Second Class,Consumer,East,Technology,Laptops,393.23,4,0.184,36.77,2024-01,2024,3.0,9.350761640770033
ORD00956,C00110,2024-01-19 03:32:17,2024-01-23 03:32:17,Second Class,Consumer,West,Office Supplies,Appliances,271.32,7,0.218,-11.83,2024-01,2024,4.0,-4.360165118679051
ORD02755,C00614,2024-01-19 06:10:58,2024-01-22 06:10:58,Standard Class,Consumer,West,Office Supplies,Storage,406.11,6,0.056,56.05,2024-01,2024,3.0,13.801679347959912
ORD03584,C00300,2024-01-19 07:46:30,2024-01-23 07:46:30,Second Class,Consumer,West,Office Supplies,Appliances,56.97,2,0.22,-1.28,2024-01,2024,4.0,-2.2467965595927684
ORD02361,C00330,2024-01-19 09:35:26,2024-01-23 09:35:26,Standard Class,Corporate,North,Office Supplies,Storage,65.16,1,0.091,7.82,2024-01,2024,4.0,12.001227747084101
ORD01944,C00583,2024-01-19 15:34:51,2024-01-21 15:34:51,Same Day,Corporate,North,Furniture,Bookcases,689.53,4,0.221,-45.13,2024-01,2024,2.0,-6.545037924383276
ORD01241,C00515,2024-01-20 05:36:58,2024-01-22 05:36:58,Second Class,Consumer,East,Furniture,Tables,1006.41,5,0.105,24.41,2024-01,2024,2.0,2.425452847249133
ORD02504,C00817,2024-01-20 06:34:20,2024-01-24 06:34:20,Standard Class,Corporate,East,Technology,Phones,1258.75,8,0.147,97.44,2024-01,2024,4.0,7.7410129096325715
ORD03255,C00622,2024-01-20 08:50:53,2024-01-24 08:50:53,Standard Class,Consumer,West,Office Supplies,Binders,297.01,5,0.002,46.69,2024-01,2024,4.0,15.720009427292009
ORD01228,C00806,2024-01-20 09:38:32,2024-01-23 09:38:32,Standard Class,Consumer,North,Technology,Phones,708.86,6,0.147,33.65,2024-01,2024,3.0,4.747058657562847
ORD02563,C00705,2024-01-20 16:44:36,2024-01-22 16:44:36,Same Day,Corporate,East,Office Supplies,Storage,340.29,6,0.141,49.65,2024-01,2024,2.0,14.590496341355902
ORD01301,C00419,2024-01-20 20:13:51,2024-01-24 20:13:51,Second Class,Corporate,North,Office Supplies,Binders,53.73,1,0.187,1.15,2024-01,2024,4.0,2.1403312860599293
ORD00058,C00425,2024-01-22 04:04:16,2024-01-26 04:04:16,Second Class,Corporate,North,Furniture,Bookcases,166.36,2,0.217,-27.87,2024-01,2024,4.0,-16.75282519836499
ORD02859,C00375,2024-01-22 08:25:21,2024-01-26 08:25:21,Standard Class,Consumer,East,Office Supplies,Binders,149.94,3,0.304,-13.33,2024-01,2024,4.0,-8.890222755768974
ORD02586,C00376,2024-01-22 14:43:10,2024-01-25 14:43:10,Second Class,Consumer,West,Office Supplies,Paper,234.42,8,0.028,27.5,2024-01,2024,3.0,11.731080965787903
ORD03757,C00674,2024-01-22 18:42:18,2024-01-25 18:42:18,Standard Class,Consumer,East,Office Supplies,Paper,244.99,4,0.269,-25.02,2024-01,2024,3.0,-10.212661741295562
ORD02066,C00808,2024-01-22 22:33:22,2024-01-27 22:33:22,Standard Class,Corporate,South,Office Supplies,Binders,347.57,8,0.083,36.26,2024-01,2024,5.0,10.432430877233363
ORD01125,C00255,2024-01-22 23:27:31,2024-01-26 23:27:31,Standard Class,Consumer,East,Office Supplies,Appliances,136.17,4,0.237,2.43,2024-01,2024,4.0,1.784534038334435
ORD02636,C00237,2024-01-23 00:25:35,2024-01-25 00:25:35,Second Class,Corporate,East,Office Supplies,Appliances,50.33,1,0.081,2.66,2024-01,2024,2.0,5.285118219749653
ORD01303,C00105,2024-01-23 11:55:42,2024-01-27 11:55:42,Second Class,Corporate,East,Office Supplies,Paper,85.56,4,0.218,-11.8,2024-01,2024,4.0,-13.791491351098644
ORD01532,C00378,2024-01-23 13:14:33,2024-01-27 13:14:33,Second Class,Consumer,West,Office Supplies,Art,418.56,6,0.192,-2.89,2024-01,2024,4.0,-0.6904625382262998
ORD02623,C00118,2024-01-23 16:02:49,2024-01-27 16:02:49,Second Class,Consumer,South,Office Supplies,Art,126.04,6,0.06,18.64,2024-01,2024,4.0,14.788955887019995
ORD01058,C00526,2024-01-23 16:20:21,2024-01-27 16:20:21,Standard Class,Consumer,North,Technology,Accessories,828.62,6,0.172,46.49,2024-01,2024,4.0,5.610533175641428
ORD01528,C00409,2024-01-23 20:05:13,2024-01-25 20:05:13,Second Class,Consumer,West,Office Supplies,Art,339.11,8,0.13,24.97,2024-01,2024,2.0,7.363392409542626
ORD01948,C00350,2024-01-23 23:28:18,2024-01-28 23:28:18,Standard Class,Consumer,East,Office Supplies,Storage,214.44,4,0.272,-36.68,2024-01,2024,5.0,-17.10501772057452
ORD01938,C00787,2024-01-24 04:41:18,2024-01-27 04:41:18,Standard Class,Home Office,West,Furniture,Bookcases,1340.31,8,0.051,83.39,2024-01,2024,3.0,6.221694981011856
ORD02966,C00517,2024-01-24 07:04:53,2024-01-27 07:04:53,Standard Class,Consumer,North,Office Supplies,Paper,234.97,5,0.206,-14.76,2024-01,2024,3.0,-6.281652976975784
ORD01356,C00449,2024-01-24 09:24:13,2024-01-29 09:24:13,Standard Class,Consumer,North,Furniture,Furnishings,289.56,2,0.185,-4.13,2024-01,2024,5.0,-1.4263019754109683
ORD01558,C00099,2024-01-24 11:15:07,2024-01-28 11:15:07,Standard Class,Consumer,West,Technology,Accessories,126.36,1,0.031,22.16,2024-01,2024,4.0,17.537195314973093
ORD00012,C00137,2024-01-24 14:13:31,2024-01-27 14:13:31,Standard Class,Corporate,West,Technology,Accessories,968.22,8,0.195,24.03,2024-01,2024,3.0,2.481873954266592
ORD03121,C00795,2024-01-24 15:16:24,2024-01-25 15:16:24,Same Day,Consumer,North,Office Supplies,Paper,92.18,3,0.07,7.83,2024-01,2024,1.0,8.494250379691906
ORD00136,C00423,2024-01-24 22:49:52,2024-01-27 22:49:52,Second Class,Corporate,East,Technology,Accessories,123.51,1,0.04,23.9,2024-01,2024,3.0,19.350659865597926
ORD03752,C00305,2024-01-25 07:59:23,2024-01-28 07:59:23,Standard Class,Home Office,North,Office Supplies,Art,184.83,4,0.08,13.5,2024-01,2024,3.0,7.304009089433533
ORD02364,C00211,2024-01-25 22:49:23,2024-01-28 22:49:23,Standard Class,Consumer,North,Office Supplies,Paper,105.3,4,0.303,-13.43,2024-01,2024,3.0,-12.754036087369421
ORD01134,C00859,2024-01-26 07:49:14,2024-01-29 07:49:14,First Class,Home Office,East,Furniture,Bookcases,674.4,3,0.081,37.33,2024-01,2024,3.0,5.535290628706998
ORD02247,C00571,2024-01-26 10:22:04,2024-01-27 10:22:04,First Class,Consumer,West,Technology,Accessories,1008.6,6,0.042,198.57,2024-01,2024,1.0,19.687685901249257
ORD03816,C00341,2024-01-26 15:14:47,2024-01-30 15:14:47,Second Class,Consumer,North,Technology,Laptops,451.72,3,0.095,87.51,2024-01,2024,4.0,19.372620207208005
ORD00175,C00511,2024-01-26 15:46:42,2024-01-30 15:46:42,Standard Class,Corporate,South,Furniture,Furnishings,730.42,4,0.149,-44.41,2024-01,2024,4.0,-6.0800635250951505
ORD01469,C00617,2024-01-26 16:10:30,2024-01-29 16:10:30,Standard Class,Corporate,North,Office Supplies,Appliances,174.41,3,0.134,16.11,2024-01,2024,3.0,9.236855684880455
ORD03094,C00824,2024-01-26 16:16:59,2024-01-29 16:16:59,Standard Class,Consumer,North,Office Supplies,Binders,340.08,6,0.077,40.32,2024-01,2024,3.0,11.856033874382499
ORD00354,C00399,2024-01-26 18:07:36,2024-01-30 18:07:36,Standard Class,Consumer,West,Furniture,Tables,638.67,5,0.126,-18.72,2024-01,2024,4.0,-2.931091173845648
ORD01782,C00354,2024-01-27 03:57:54,2024-01-30 03:57:54,Standard Class,Corporate,South,Office Supplies,Storage,60.19,1,0.064,5.36,2024-01,2024,3.0,8.905133743146703
ORD03603,C00807,2024-01-27 04:56:54,2024-01-31 04:56:54,Standard Class,Consumer,North,Furniture,Furnishings,374.54,2,0.152,2.9,2024-01,2024,4.0,0.7742831206279702
ORD01173,C00584,2024-01-27 07:46:05,2024-01-31 07:46:05,Standard Class,Home Office,West,Office Supplies,Storage,61.3,1,0.096,5.65,2024-01,2024,4.0,9.216965742251224
ORD00214,C00096,2024-01-27 09:34:14,2024-01-30 09:34:14,Standard Class,Home Office,North,Office Supplies,Paper,82.64,5,0.036,7.88,2024-01,2024,3.0,9.535333978702807
ORD00241,C00435,2024-01-27 11:56:29,2024-01-28 11:56:29,First Class,Home Office,North,Office Supplies,Storage,245.96,8,0.179,7.25,2024-01,2024,1.0,2.94763376158725
ORD00432,C00036,2024-01-27 16:17:37,2024-01-31 16:17:37,Standard Class,Consumer,North,Technology,Accessories,1068.39,7,0.112,104.02,2024-01,2024,4.0,9.736145040668669
ORD02744,C00904,2024-01-27 23:43:37,2024-01-28 23:43:37,Same Day,Corporate,East,Office Supplies,Storage,169.32,5,0.059,6.36,2024-01,2024,1.0,3.7562012756909997
ORD01757,C00679,2024-01-28 02:41:35,2024-02-01 02:41:35,Standard Class,Corporate,North,Furniture,Chairs,1374.26,6,0.18,-189.55,2024-01,2024,4.0,-13.792877621410796
ORD02239,C00129,2024-01-28 04:38:37,2024-02-01 04:38:37,Standard Class,Consumer,North,Furniture,Bookcases,759.33,5,0.283,-97.82,2024-01,2024,4.0,-12.882409492578983
ORD01822,C00599,2024-01-28 04:50:08,2024-01-31 04:50:08,Second Class,Corporate,East,Furniture,Chairs,441.76,4,0.24,-71.45,2024-01,2024,3.0,-16.17394060123144
ORD03569,C00200,2024-01-28 07:28:04,2024-01-31 07:28:04,Standard Class,Corporate,North,Office Supplies,Appliances,146.07,5,0.046,20.65,2024-01,2024,3.0,14.13705757513521
ORD01115,C00948,2024-01-28 13:20:47,2024-02-01 13:20:47,Standard Class,Corporate,North,Furniture,Chairs,1376.93,7,0.177,-47.94,2024-01,2024,4.0,-3.481658472108241
ORD01700,C00675,2024-01-29 03:15:20,2024-02-01 03:15:20,First Class,Consumer,South,Office Supplies,Paper,43.7,1,0.144,1.17,2024-01,2024,3.0,2.6773455377574367
ORD03776,C00351,2024-01-29 05:02:53,2024-02-02 05:02:53,Standard Class,Consumer,South,Office Supplies,Storage,97.01,2,0.172,-6.03,2024-01,2024,4.0,-6.215854035666426
ORD00107,C00465,2024-01-29 06:55:23,2024-01-30 06:55:23,First Class,Consumer,East,Technology,Accessories,214.41,2,0.179,12.81,2024-01,2024,1.0,5.974534769833497
ORD03734,C00551,2024-01-29 10:55:07,2024-02-01 10:55:07,Standard Class,Home Office,West,Furniture,Bookcases,380.81,5,0.126,5.94,2024-01,2024,3.0,1.5598329875791077
ORD00580,C00105,2024-01-29 14:15:00,2024-01-30 14:15:00,First Class,Consumer,East,Office Supplies,Binders,277.29,5,0.213,6.59,2024-01,2024,1.0,2.3765732626492118
ORD01375,C00794,2024-01-29 21:05:41,2024-02-02 21:05:41,Second Class,Consumer,East,Technology,Phones,120.8,1,0.081,26.61,2024-01,2024,4.0,22.028145695364238
ORD02480,C00165,2024-01-30 06:27:52,2024-02-04 06:27:52,Standard Class,Consumer,South,Technology,Phones,748.33,8,0.098,81.76,2024-01,2024,5.0,10.9256611388024
ORD00711,C00880,2024-01-30 07:27:02,2024-02-04 07:27:02,Standard Class,Corporate,South,Office Supplies,Art,172.62,4,0.338,-25.27,2024-01,2024,5.0,-14.639091646390916
ORD01531,C00074,2024-01-30 09:14:43,2024-02-02 09:14:43,Standard Class,Corporate,North,Furniture,Bookcases,441.46,3,0.06,13.07,2024-01,2024,3.0,2.960630634712092
ORD01503,C00264,2024-01-30 11:47:40,2024-02-02 11:47:40,Standard Class,Home Office,West,Office Supplies,Art,217.46,5,0.084,4.9,2024-01,2024,3.0,2.2532879610043226
ORD00284,C00250,2024-01-30 16:06:25,2024-02-02 16:06:25,Standard Class,Corporate,West,Technology,Phones,947.67,7,0.081,45.46,2024-01,2024,3.0,4.7970285014825835
ORD01744,C00420,2024-01-30 21:23:26,2024-02-03 21:23:26,Second Class,Corporate,East,Technology,Accessories,452.46,3,0.007,106.06,2024-01,2024,4.0,23.44074614330549
ORD01795,C00886,2024-01-30 23:42:20,2024-02-03 23:42:20,Second Class,Consumer,East,Office Supplies,Storage,146.19,3,0.049,16.58,2024-01,2024,4.0,11.341405020863258
ORD02423,C00100,2024-01-31 02:18:33,2024-02-05 02:18:33,Standard Class,Corporate,South,Technology,Accessories,1231.71,8,0.116,63.39,2024-01,2024,5.0,5.146503641279197
ORD02593,C00892,2024-01-31 09:04:49,2024-02-05 09:04:49,Standard Class,Corporate,West,Office Supplies,Appliances,241.78,4,0.125,2.79,2024-01,2024,5.0,1.1539415998014724
ORD01843,C00069,2024-01-31 09:58:35,2024-02-03 09:58:35,First Class,Consumer,West,Furniture,Furnishings,203.25,1,0.149,-8.07,2024-01,2024,3.0,-3.9704797047970484
ORD03123,C00042,2024-01-31 15:04:35,2024-02-03 15:04:35,Standard Class,Corporate,East,Office Supplies,Art,112.87,7,0.202,-0.59,2024-01,2024,3.0,-0.522725259147692
ORD01428,C00180,2024-01-31 21:54:14,2024-02-01 21:54:14,First Class,Corporate,East,Office Supplies,Paper,319.41,6,0.19,16.05,2024-01,2024,1.0,5.024889640274256
ORD01405,C00453,2024-01-31 21:58:53,2024-02-03 21:58:53,First Class,Consumer,North,Office Supplies,Storage,180.9,7,0.033,3.24,2024-01,2024,3.0,1.791044776119403
ORD00353,C00815,2024-01-31 23:51:47,2024-02-03 23:51:47,Second Class,Consumer,East,Office Supplies,Paper,284.47,5,0.143,13.52,2024-01,2024,3.0,4.752697999789081
ORD03799,C00089,2024-02-01 01:30:28,2024-02-04 01:30:28,Standard Class,Consumer,North,Technology,Phones,661.55,4,0.225,7.36,2024-02,2024,3.0,1.1125387347895097
ORD02359,C00664,2024-02-01 12:12:33,2024-02-03 12:12:33,Second Class,Corporate,West,Office Supplies,Binders,253.16,3,0.099,30.88,2024-02,2024,2.0,12.197819560752093
ORD02425,C00102,2024-02-01 13:11:54,2024-02-04 13:11:54,Second Class,Home Office,East,Technology,Phones,599.02,5,0.163,45.27,2024-02,2024,3.0,7.55734366131348
ORD03174,C00152,2024-02-01 17:13:40,2024-02-03 17:13:40,Second Class,Consumer,East,Office Supplies,Binders,24.55,2,0.175,-0.91,2024-02,2024,2.0,-3.706720977596741
ORD03632,C00482,2024-02-01 17:40:59,2024-02-03 17:40:59,Second Class,Consumer,North,Office Supplies,Paper,43.03,1,0.118,2.65,2024-02,2024,2.0,6.158494073901929
ORD02512,C00637,2024-02-01 23:26:31,2024-02-03 23:26:31,First Class,Consumer,East,Technology,Phones,870.57,7,0.145,-48.98,2024-02,2024,2.0,-5.62619892713969
ORD02167,C00163,2024-02-02 01:47:49,2024-02-06 01:47:49,Second Class,Corporate,North,Office Supplies,Art,238.21,8,0.06,5.27,2024-02,2024,4.0,2.212333655178204
ORD02981,C00919,2024-02-02 05:52:33,2024-02-04 05:52:33,First Class,Consumer,North,Office Supplies,Appliances,109.88,4,0.161,9.38,2024-02,2024,2.0,8.536585365853659
ORD03114,C00793,2024-02-02 05:56:52,2024-02-07 05:56:52,Standard Class,Corporate,South,Office Supplies,Appliances,138.87,7,0.069,17.38,2024-02,2024,5.0,12.515302081083027
ORD01407,C00681,2024-02-02 14:15:07,2024-02-07 14:15:07,Standard Class,Corporate,South,Technology,Accessories,399.59,4,0.306,-42.92,2024-02,2024,5.0,-10.741009534773143
ORD03319,C00058,2024-02-02 16:37:49,2024-02-05 16:37:49,Standard Class,Corporate,West,Furniture,Chairs,135.95,1,0.061,14.76,2024-02,2024,3.0,10.856932695844062
ORD03092,C00257,2024-02-02 18:50:02,2024-02-07 18:50:02,Standard Class,Consumer,North,Technology,Accessories,592.66,5,0.005,128.63,2024-02,2024,5.0,21.703843687780516
ORD00380,C00774,2024-02-02 18:52:50,2024-02-04 18:52:50,Second Class,Consumer,East,Office Supplies,Paper,214.89,4,0.289,-30.27,2024-02,2024,2.0,-14.086276699706826
ORD01110,C00604,2024-02-02 22:24:37,2024-02-07 22:24:37,Standard Class,Corporate,East,Office Supplies,Appliances,67.72,5,0.097,1.08,2024-02,2024,5.0,1.5948021264028354
ORD00615,C00649,2024-02-02 23:25:58,2024-02-05 23:25:58,Standard Class,Corporate,South,Technology,Phones,388.0,3,0.137,36.3,2024-02,2024,3.0,9.355670103092782
ORD01896,C00684,2024-02-03 07:33:05,2024-02-06 07:33:05,First Class,Consumer,East,Office Supplies,Storage,125.42,4,0.138,5.17,2024-02,2024,3.0,4.122149577419869
ORD02095,C00049,2024-02-03 11:11:41,2024-02-06 11:11:41,Standard Class,Home Office,West,Office Supplies,Storage,558.63,8,0.096,60.86,2024-02,2024,3.0,10.894509782861643
ORD02264,C00423,2024-02-03 11:25:16,2024-02-07 11:25:16,Standard Class,Home Office,South,Office Supplies,Storage,77.74,7,0.203,-3.17,2024-02,2024,4.0,-4.077694880370466
ORD02787,C00691,2024-02-03 13:16:34,2024-02-06 13:16:34,Standard Class,Home Office,North,Technology,Accessories,800.6,6,0.178,60.05,2024-02,2024,3.0,7.500624531601298
ORD02589,C00236,2024-02-03 19:28:02,2024-02-06 19:28:02,First Class,Consumer,East,Office Supplies,Appliances,256.02,7,0.247,-30.69,2024-02,2024,3.0,-11.98734473869229
ORD01068,C00235,2024-02-04 03:18:04,2024-02-07 03:18:04,Second Class,Consumer,South,Office Supplies,Paper,184.39,7,0.14,0.87,2024-02,2024,3.0,0.47182602093389014
ORD02762,C00099,2024-02-04 13:57:58,2024-02-09 13:57:58,Standard Class,Corporate,North,Technology,Phones,379.43,3,0.015,89.1,2024-02,2024,5.0,23.482592309516907
ORD00227,C00410,2024-02-04 13:59:34,2024-02-07 13:59:34,Standard Class,Consumer,East,Office Supplies,Binders,103.84,2,0.17,-0.54,2024-02,2024,3.0,-0.5200308166409862
ORD03525,C00861,2024-02-04 16:26:22,2024-02-09 16:26:22,Standard Class,Corporate,East,Office Supplies,Appliances,118.19,3,0.137,1.46,2024-02,2024,5.0,1.2352990946780609
ORD01804,C00820,2024-02-05 05:47:35,2024-02-08 05:47:35,First Class,Consumer,South,Furniture,Tables,386.56,6,0.113,12.33,2024-02,2024,3.0,3.1896730132450335
ORD02905,C00196,2024-02-05 10:56:02,2024-02-05 10:56:02,Same Day,Corporate,East,Office Supplies,Paper,456.38,7,0.228,-18.43,2024-02,2024,0.0,-4.038301415487093
ORD03813,C00607,2024-02-05 13:11:50,2024-02-10 13:11:50,Standard Class,Consumer,East,Office Supplies,Paper,331.75,6,0.391,-55.56,2024-02,2024,5.0,-16.74755086661643
ORD01268,C00669,2024-02-05 17:50:39,2024-02-07 17:50:39,Second Class,Consumer,North,Technology,Phones,868.82,7,0.152,63.89,2024-02,2024,2.0,7.3536520798324165
ORD03563,C00666,2024-02-05 20:32:28,2024-02-07 20:32:28,Second Class,Consumer,North,Furniture,Tables,160.13,1,0.149,4.285,2024-02,2024,2.0,2.6759507899831387
ORD00959,C00106,2024-02-05 22:55:55,2024-02-09 22:55:55,Second Class,Home Office,South,Office Supplies,Binders,135.56,5,0.346,-18.66,2024-02,2024,4.0,-13.765122455001475
ORD03620,C00345,2024-02-06 02:31:26,2024-02-09 02:31:26,Standard Class,Home Office,West,Office Supplies,Art,153.98,7,0.219,4.285,2024-02,2024,3.0,2.782828938823224
ORD00579,C00548,2024-02-06 06:46:40,2024-02-11 06:46:40,Standard Class,Consumer,West,Office Supplies,Storage,515.64,8,0.147,63.11,2024-02,2024,5.0,12.23915910325033
ORD02806,C00018,2024-02-06 13:52:09,2024-02-09 13:52:09,Standard Class,Home Office,West,Office Supplies,Appliances,35.09,1,0.157,0.52,2024-02,2024,3.0,1.481903676261043
ORD02463,C00221,2024-02-06 14:33:39,2024-02-09 14:33:39,Second Class,Consumer,North,Furniture,Tables,296.82,4,0.215,-18.66,2024-02,2024,3.0,-6.286638366686881
ORD00728,C00335,2024-02-06 21:06:18,2024-02-11 21:06:18,Standard Class,Consumer,East,Technology,Laptops,168.23,1,0.051,29.1,2024-02,2024,5.0,17.297747131902756
ORD01235,C00118,2024-02-06 21:23:25,2024-02-09 21:23:25,Standard Class,Corporate,East,Office Supplies,Storage,151.23,5,0.171,2.34,2024-02,2024,3.0,1.5473120412616546
ORD00264,C00454,2024-02-07 02:36:08,2024-02-10 02:36:08,First Class,Corporate,North,Office Supplies,Art,399.28,7,0.139,56.96,2024-02,2024,3.0,14.265678220797437
ORD00993,C00445,2024-02-07 03:05:56,2024-02-10 03:05:56,Second Class,Corporate,West,Technology,Laptops,495.05,4,0.119,59.0,2024-02,2024,3.0,11.917988082011918
ORD00763,C00456,2024-02-07 03:25:49,2024-02-10 03:25:49,Standard Class,Consumer,West,Furniture,Chairs,837.66,5,0.092,19.7,2024-02,2024,3.0,2.351789508869947
ORD01125,C00450,2024-02-07 04:49:39,2024-02-11 04:49:39,Standard Class,Consumer,West,Technology,Phones,657.09,4,0.035,92.86,2024-02,2024,4.0,14.132006270069548
ORD03859,C00820,2024-02-07 09:52:28,2024-02-12 09:52:28,Standard Class,Corporate,East,Office Supplies,Binders,153.26,8,0.257,-9.32,2024-02,2024,5.0,-6.081169254861021
ORD03635,C00705,2024-02-07 12:51:48,2024-02-12 12:51:48,Standard Class,Corporate,East,Technology,Laptops,968.45,8,0.096,74.34,2024-02,2024,5.0,7.676183592338272
ORD03433,C00253,2024-02-07 13:25:04,2024-02-12 13:25:04,Standard Class,Consumer,South,Technology,Phones,579.99,4,0.087,72.07,2024-02,2024,5.0,12.426076311660545
ORD02754,C00021,2024-02-07 17:02:48,2024-02-11 17:02:48,Standard Class,Corporate,North,Office Supplies,Binders,322.87,5,0.055,54.75,2024-02,2024,4.0,16.957289311487596
ORD00899,C00927,2024-02-07 18:09:37,2024-02-08 18:09:37,First Class,Consumer,North,Office Supplies,Art,162.4,5,0.057,22.83,2024-02,2024,1.0,14.057881773399014
ORD01892,C00182,2024-02-07 21:29:59,2024-02-10 21:29:59,First Class,Corporate,East,Furniture,Chairs,298.26,2,0.099,19.79,2024-02,2024,3.0,6.635150539797492
ORD01198,C00790,2024-02-07 22:19:27,2024-02-10 22:19:27,Standard Class,Home Office,West,Technology,Phones,1100.02,6,0.151,71.33,2024-02,2024,3.0,6.484427555862621
ORD02565,C00810,2024-02-07 22:22:18,2024-02-11 22:22:18,Standard Class,Corporate,East,Office Supplies,Art,37.71,2,0.325,-5.12,2024-02,2024,4.0,-13.577300450808805
ORD01899,C00807,2024-02-08 09:07:52,2024-02-11 09:07:52,First Class,Corporate,North,Furniture,Furnishings,226.8,1,0.17,6.56,2024-02,2024,3.0,2.892416225749559
ORD02933,C00181,2024-02-08 13:10:49,2024-02-12 13:10:49,Standard Class,Corporate,West,Office Supplies,Appliances,440.8,6,0.068,14.78,2024-02,2024,4.0,3.352994555353902
ORD02705,C00401,2024-02-08 17:00:51,2024-02-11 17:00:51,Second Class,Corporate,West,Furniture,Bookcases,339.9,4,0.233,5.67,2024-02,2024,3.0,1.6681376875551632
ORD00455,C00723,2024-02-08 23:15:05,2024-02-12 23:15:05,Standard Class,Home Office,East,Technology,Laptops,347.7,3,0.071,42.12,2024-02,2024,4.0,12.113891285591025
ORD01968,C00932,2024-02-09 11:46:30,2024-02-12 11:46:30,Second Class,Consumer,East,Office Supplies,Appliances,57.58,2,0.336,-5.39,2024-02,2024,3.0,-9.360889197638068
ORD02725,C00138,2024-02-09 18:50:43,2024-02-11 18:50:43,Second Class,Corporate,North,Office Supplies,Storage,32.12,1,0.082,5.19,2024-02,2024,2.0,16.15815691158157
ORD01978,C00461,2024-02-10 02:27:39,2024-02-13 02:27:39,Second Class,Consumer,North,Office Supplies,Binders,264.98,6,0.295,-33.46,2024-02,2024,3.0,-12.627368103253076
ORD01517,C00562,2024-02-10 04:32:26,2024-02-14 04:32:26,Standard Class,Corporate,North,Office Supplies,Storage,100.83,3,0.102,14.99,2024-02,2024,4.0,14.866607160567291
ORD02027,C00483,2024-02-10 07:16:42,2024-02-13 07:16:42,Standard Class,Corporate,West,Furniture,Bookcases,520.86,3,0.33,-35.07,2024-02,2024,3.0,-6.7330952655224054
ORD01471,C00418,2024-02-10 08:20:15,2024-02-13 08:20:15,Standard Class,Corporate,North,Office Supplies,Appliances,36.07,3,0.069,4.18,2024-02,2024,3.0,11.588577765456057
ORD02250,C00597,2024-02-10 10:31:39,2024-02-13 10:31:39,First Class,Corporate,West,Office Supplies,Art,63.26,1,0.133,5.58,2024-02,2024,3.0,8.82073980398356
ORD02261,C00529,2024-02-10 13:32:59,2024-02-15 13:32:59,Standard Class,Home Office,East,Office Supplies,Appliances,248.76,8,0.234,-3.17,2024-02,2024,5.0,-1.274320630326419
ORD00842,C00064,2024-02-10 15:57:03,2024-02-12 15:57:03,Second Class,Corporate,North,Furniture,Furnishings,930.85,5,0.224,-79.96,2024-02,2024,2.0,-8.589998388569587
ORD00306,C00890,2024-02-10 20:11:49,2024-02-13 20:11:49,Second Class,Consumer,East,Technology,Laptops,879.49,7,0.092,127.9,2024-02,2024,3.0,14.542518959851733
ORD00738,C00791,2024-02-11 02:54:03,2024-02-14 02:54:03,Standard Class,Consumer,North,Office Supplies,Paper,132.5,6,0.099,5.95,2024-02,2024,3.0,4.490566037735849
ORD01370,C00091,2024-02-11 09:37:56,2024-02-16 09:37:56,Standard Class,Consumer,East,Furniture,Bookcases,345.21,4,0.142,6.89,2024-02,2024,5.0,1.9958865618029606
ORD01289,C00812,2024-02-11 15:27:08,2024-02-15 15:27:08,Second Class,Corporate,East,Furniture,Tables,760.89,4,0.349,-149.42,2024-02,2024,4.0,-19.63752973491569
ORD02282,C00081,2024-02-11 16:21:47,2024-02-14 16:21:47,Second Class,Consumer,East,Technology,Laptops,1574.81,8,0.089,218.5,2024-02,2024,3.0,13.874689645100045
ORD00257,C00637,2024-02-11 18:42:12,2024-02-12 18:42:12,First Class,Home Office,West,Technology,Phones,1205.42,8,0.092,144.75,2024-02,2024,1.0,12.008262680227638
ORD00655,C00177,2024-02-12 07:12:08,2024-02-15 07:12:08,Second Class,Consumer,East,Furniture,Chairs,616.75,6,0.182,-90.89,2024-02,2024,3.0,-14.736927442237535
ORD02040,C00186,2024-02-12 10:03:38,2024-02-14 10:03:38,First Class,Consumer,East,Technology,Accessories,736.13,6,0.049,111.52,2024-02,2024,2.0,15.149498050616058
ORD01772,C00551,2024-02-12 10:33:25,2024-02-14 10:33:25,Second Class,Consumer,East,Furniture,Furnishings,560.46,5,0.24,-84.34,2024-02,2024,2.0,-15.04835313849338
ORD00636,C00426,2024-02-12 12:54:09,2024-02-15 12:54:09,Standard Class,Corporate,East,Furniture,Chairs,1349.44,8,0.13,-109.95,2024-02,2024,3.0,-8.147824282665402
ORD00219,C00056,2024-02-12 13:27:50,2024-02-15 13:27:50,Standard Class,Corporate,East,Technology,Laptops,770.28,7,0.247,5.71,2024-02,2024,3.0,0.7412888819649998
ORD03514,C00372,2024-02-12 23:01:34,2024-02-17 23:01:34,Standard Class,Home Office,South,Furniture,Chairs,437.43,4,0.206,-41.79,2024-02,2024,5.0,-9.55352856457033
ORD02890,C00365,2024-02-13 02:22:00,2024-02-16 02:22:00,Second Class,Consumer,North,Technology,Accessories,196.11,2,0.243,-4.98,2024-02,2024,3.0,-2.5393911580235584
ORD02168,C00087,2024-02-13 08:43:58,2024-02-16 08:43:58,First Class,Consumer,North,Office Supplies,Appliances,273.8,8,0.122,-2.54,2024-02,2024,3.0,-0.9276844411979547
ORD01925,C00879,2024-02-13 10:12:24,2024-02-15 10:12:24,First Class,Corporate,South,Technology,Phones,376.82,3,0.087,7.61,2024-02,2024,2.0,2.0195318719813176
ORD02896,C00794,2024-02-13 16:07:20,2024-02-18 16:07:20,Standard Class,Home Office,West,Furniture,Bookcases,586.34,5,0.194,-49.6,2024-02,2024,5.0,-8.459255721936078
ORD03343,C00042,2024-02-13 23:11:40,2024-02-18 23:11:40,Standard Class,Home Office,South,Furniture,Bookcases,215.38,2,0.189,-34.75,2024-02,2024,5.0,-16.134274305877984
ORD02643,C00072,2024-02-14 00:17:20,2024-02-18 00:17:20,Standard Class,Consumer,North,Furniture,Tables,808.55,4,0.162,43.86,2024-02,2024,4.0,5.424525384948364
ORD03565,C00921,2024-02-14 00:59:45,2024-02-14 00:59:45,Same Day,Consumer,West,Furniture,Bookcases,1517.78,6,0.188,8.36,2024-02,2024,0.0,0.5508044644151326
ORD01383,C00487,2024-02-14 02:40:34,2024-02-17 02:40:34,Standard Class,Consumer,East,Technology,Laptops,817.56,6,0.206,32.87,2024-02,2024,3.0,4.020500024463036
ORD02077,C00018,2024-02-14 04:27:30,2024-02-19 04:27:30,Standard Class,Consumer,East,Technology,Accessories,1234.03,7,0.195,52.46,2024-02,2024,5.0,4.251112209589718
ORD00899,C00399,2024-02-14 06:11:05,2024-02-18 06:11:05,Standard Class,Corporate,West,Office Supplies,Art,45.56,1,0.136,1.37,2024-02,2024,4.0,3.0070237050043898
ORD03182,C00592,2024-02-14 06:15:02,2024-02-19 06:15:02,Standard Class,Home Office,East,Office Supplies,Art,292.13,6,0.273,-19.28,2024-02,2024,5.0,-6.599801458254887
ORD03263,C00056,2024-02-14 14:58:17,2024-02-18 14:58:17,Standard Class,Home Office,East,Furniture,Bookcases,627.84,3,0.137,-2.34,2024-02,2024,4.0,-0.3727064220183486
ORD01015,C00892,2024-02-14 15:03:09,2024-02-16 15:03:09,First Class,Corporate,South,Office Supplies,Art,68.3,6,0.069,8.22,2024-02,2024,2.0,12.035139092240119
ORD02534,C00529,2024-02-14 15:17:44,2024-02-19 15:17:44,Standard Class,Home Office,West,Furniture,Bookcases,442.58,5,0.272,-34.22,2024-02,2024,5.0,-7.731935469293687
ORD02065,C00356,2024-02-14 17:34:05,2024-02-19 17:34:05,Standard Class,Corporate,West,Office Supplies,Storage,85.26,6,0.062,11.26,2024-02,2024,5.0,13.206661975134882
ORD01358,C00071,2024-02-14 21:04:19,2024-02-18 21:04:19,Standard Class,Consumer,West,Furniture,Bookcases,624.47,4,0.274,-53.31,2024-02,2024,4.0,-8.536839239675245
ORD00437,C00492,2024-02-15 07:20:44,2024-02-16 07:20:44,Same Day,Consumer,North,Technology,Phones,155.8,1,0.205,8.59,2024-02,2024,1.0,5.513478818998715
ORD02548,C00814,2024-02-15 11:57:56,2024-02-19 11:57:56,Standard Class,Corporate,North,Furniture,Bookcases,568.47,3,0.319,-102.38,2024-02,2024,4.0,-18.009745457104152
ORD03842,C00680,2024-02-16 01:48:46,2024-02-17 01:48:46,First Class,Corporate,East,Furniture,Bookcases,293.15,2,0.056,10.58,2024-02,2024,1.0,3.6090738529762927
ORD01714,C00509,2024-02-16 05:30:53,2024-02-19 05:30:53,Standard Class,Corporate,North,Office Supplies,Binders,95.35,5,0.303,-14.69,2024-02,2024,3.0,-15.406397482957527
ORD03784,C00942,2024-02-16 14:04:41,2024-02-19 14:04:41,First Class,Corporate,North,Office Supplies,Appliances,63.23,2,0.023,5.25,2024-02,2024,3.0,8.3030207180136
ORD02959,C00014,2024-02-16 19:31:41,2024-02-19 19:31:41,Standard Class,Consumer,West,Furniture,Bookcases,149.79,1,0.263,-16.25,2024-02,2024,3.0,-10.848521263101677
ORD00591,C00503,2024-02-17 09:52:03,2024-02-22 09:52:03,Standard Class,Corporate,South,Furniture,Furnishings,175.67,1,0.222,-18.73,2024-02,2024,5.0,-10.66203677349576
ORD02447,C00491,2024-02-17 10:02:20,2024-02-20 10:02:20,Standard Class,Consumer,East,Technology,Laptops,313.27,3,0.051,53.78,2024-02,2024,3.0,17.167299773358447
ORD02691,C00671,2024-02-17 13:37:58,2024-02-22 13:37:58,Standard Class,Consumer,East,Office Supplies,Paper,201.7,6,0.205,-10.0,2024-02,2024,5.0,-4.95785820525533
ORD00357,C00791,2024-02-17 20:05:35,2024-02-21 20:05:35,Standard Class,Consumer,South,Technology,Accessories,244.9,2,0.191,14.79,2024-02,2024,4.0,6.039199673336055
ORD03001,C00432,2024-02-18 05:24:02,2024-02-20 05:24:02,Second Class,Home Office,East,Technology,Laptops,915.53,6,0.127,108.44,2024-02,2024,2.0,11.844505368475092
ORD03213,C00072,2024-02-18 05:42:27,2024-02-23 05:42:27,Standard Class,Corporate,East,Office Supplies,Storage,78.51,2,0.182,1.6,2024-02,2024,5.0,2.0379569481594704
ORD02552,C00925,2024-02-18 13:47:42,2024-02-23 13:47:42,Standard Class,Corporate,East,Office Supplies,Appliances,190.05,3,0.077,12.47,2024-02,2024,5.0,6.56143120231518
ORD03158,C00102,2024-02-18 14:06:40,2024-02-23 14:06:40,Standard Class,Home Office,North,Office Supplies,Storage,525.5,8,0.264,-30.09,2024-02,2024,5.0,-5.725975261655566
ORD03190,C00307,2024-02-18 16:40:39,2024-02-22 16:40:39,Standard Class,Consumer,West,Office Supplies,Appliances,407.74,7,0.155,33.29,2024-02,2024,4.0,8.164516603718056
ORD03368,C00082,2024-02-18 18:47:13,2024-02-23 18:47:13,Standard Class,Home Office,West,Technology,Laptops,695.76,4,0.096,68.34,2024-02,2024,5.0,9.822352535357021
ORD01257,C00200,2024-02-19 00:34:02,2024-02-23 00:34:02,Standard Class,Consumer,North,Furniture,Tables,788.98,7,0.12,26.99,2024-02,2024,4.0,3.4208725189485154
ORD01855,C00613,2024-02-19 00:45:36,2024-02-22 00:45:36,Second Class,Home Office,East,Technology,Laptops,498.51,3,0.043,96.19,2024-02,2024,3.0,19.295500591763453
ORD02057,C00263,2024-02-19 06:55:25,2024-02-24 06:55:25,Standard Class,Home Office,North,Technology,Laptops,841.28,6,0.048,138.9,2024-02,2024,5.0,16.510555344237353
ORD01543,C00812,2024-02-19 07:04:42,2024-02-20 07:04:42,First Class,Consumer,West,Office Supplies,Binders,66.21,1,0.066,5.82,2024-02,2024,1.0,8.790212958767558
ORD02282,C00124,2024-02-19 09:06:10,2024-02-22 09:06:10,First Class,Consumer,North,Furniture,Bookcases,1441.89,7,0.262,-234.82,2024-02,2024,3.0,-16.285569634299424
ORD00280,C00111,2024-02-19 09:47:45,2024-02-22 09:47:45,Standard Class,Consumer,East,Technology,Phones,720.28,5,0.134,68.49,2024-02,2024,3.0,9.508802132504025
ORD01486,C00898,2024-02-19 13:57:30,2024-02-22 13:57:30,Standard Class,Consumer,North,Furniture,Tables,1340.91,7,0.141,-86.97,2024-02,2024,3.0,-6.485893907868537
ORD00487,C00757,2024-02-19 15:25:51,2024-02-22 15:25:51,Standard Class,Consumer,South,Office Supplies,Appliances,97.2,7,0.257,-8.67,2024-02,2024,3.0,-8.919753086419753
ORD02813,C00610,2024-02-19 16:31:27,2024-02-22 16:31:27,Standard Class,Corporate,East,Office Supplies,Appliances,151.01,8,0.292,-16.15,2024-02,2024,3.0,-10.694655983047479
ORD03407,C00594,2024-02-19 19:18:12,2024-02-21 19:18:12,Second Class,Consumer,East,Technology,Phones,305.13,2,0.065,46.06,2024-02,2024,2.0,15.095205322321634
ORD02797,C00486,2024-02-20 03:28:14,2024-02-25 03:28:14,Standard Class,Consumer,North,Office Supplies,Appliances,419.93,7,0.26,-37.31,2024-02,2024,5.0,-8.884814135689282
ORD02806,C00396,2024-02-20 07:09:57,2024-02-24 07:09:57,Second Class,Corporate,West,Furniture,Furnishings,457.07,4,0.156,-16.51,2024-02,2024,4.0,-3.612138184523159
ORD01892,C00544,2024-02-20 12:49:52,2024-02-23 12:49:52,Second Class,Consumer,South,Furniture,Tables,1037.78,6,0.273,-197.29,2024-02,2024,3.0,-19.010772996203436
ORD03244,C00341,2024-02-20 20:06:14,2024-02-23 20:06:14,First Class,Corporate,East,Technology,Phones,760.31,6,0.061,56.08,2024-02,2024,3.0,7.375938761820837
ORD02069,C00835,2024-02-20 23:06:29,2024-02-23 23:06:29,Second Class,Consumer,North,Office Supplies,Appliances,198.97,6,0.164,6.27,2024-02,2024,3.0,3.1512288284666026
ORD02628,C00131,2024-02-21 01:12:07,2024-02-24 01:12:07,Standard Class,Consumer,South,Office Supplies,Binders,60.49,2,0.142,0.18,2024-02,2024,3.0,0.2975698462555794
ORD01522,C00086,2024-02-21 05:55:32,2024-02-23 05:55:32,Second Class,Corporate,North,Technology,Accessories,1028.81,7,0.086,80.83,2024-02,2024,2.0,7.85664991592228
ORD00208,C00289,2024-02-21 11:31:00,2024-02-24 11:31:00,Standard Class,Consumer,West,Technology,Phones,838.08,5,0.113,100.39,2024-02,2024,3.0,11.97857006491027
ORD01407,C00480,2024-02-21 20:33:17,2024-02-26 20:33:17,Standard Class,Corporate,East,Technology,Laptops,598.51,5,0.209,-12.74,2024-02,2024,5.0,-2.128619404855391
ORD02517,C00367,2024-02-22 00:12:11,2024-02-25 00:12:11,Standard Class,Consumer,North,Furniture,Furnishings,282.54,3,0.194,-28.36,2024-02,2024,3.0,-10.037516811778863
ORD02142,C00555,2024-02-22 01:15:19,2024-02-24 01:15:19,Same Day,Corporate,West,Office Supplies,Storage,180.25,4,0.012,40.07,2024-02,2024,2.0,22.23023578363384
ORD03794,C00845,2024-02-22 05:12:06,2024-02-24 05:12:06,First Class,Consumer,West,Office Supplies,Art,429.67,8,0.112,46.5,2024-02,2024,2.0,10.822258942909674
ORD01430,C00686,2024-02-22 09:09:04,2024-02-22 09:09:04,Same Day,Consumer,East,Technology,Accessories,664.44,5,0.227,19.6,2024-02,2024,0.0,2.949852507374631
ORD03094,C00688,2024-02-22 09:53:09,2024-02-24 09:53:09,Second Class,Consumer,South,Technology,Phones,293.28,3,0.277,-6.14,2024-02,2024,2.0,-2.0935624659028913
ORD03689,C00912,2024-02-22 10:19:26,2024-02-23 10:19:26,First Class,Corporate,East,Office Supplies,Storage,45.33,2,0.14,2.7,2024-02,2024,1.0,5.956320317670418
ORD00239,C00416,2024-02-22 10:49:04,2024-02-25 10:49:04,Second Class,Home Office,West,Furniture,Furnishings,446.35,2,0.067,19.32,2024-02,2024,3.0,4.328441805757813
ORD03868,C00035,2024-02-22 14:28:34,2024-02-25 14:28:34,Standard Class,Home Office,East,Technology,Phones,479.18,4,0.083,63.99,2024-02,2024,3.0,13.354063191285112
ORD01792,C00100,2024-02-22 21:37:23,2024-02-26 21:37:23,Second Class,Corporate,East,Furniture,Bookcases,978.38,6,0.096,76.83,2024-02,2024,4.0,7.8527770395960665
ORD02506,C00527,2024-02-22 21:50:43,2024-02-24 21:50:43,First Class,Home Office,East,Office Supplies,Storage,189.53,4,0.372,-37.18,2024-02,2024,2.0,-19.616947185142195
ORD02151,C00191,2024-02-23 04:22:10,2024-02-24 04:22:10,First Class,Corporate,North,Office Supplies,Binders,33.46,1,0.078,0.25,2024-02,2024,1.0,0.7471607890017932
ORD02500,C00491,2024-02-23 14:48:14,2024-02-26 14:48:14,Standard Class,Consumer,North,Technology,Accessories,457.69,4,0.125,38.5,2024-02,2024,3.0,8.411807118355219
ORD00568,C00580,2024-02-24 01:00:51,2024-02-29 01:00:51,Standard Class,Consumer,East,Furniture,Tables,1421.07,6,0.087,-7.03,2024-02,2024,5.0,-0.4946976573990022
ORD00557,C00890,2024-02-24 01:29:26,2024-02-29 01:29:26,Standard Class,Consumer,North,Technology,Accessories,480.3,4,0.059,40.77,2024-02,2024,5.0,8.48844472204872
ORD03774,C00133,2024-02-24 01:42:57,2024-02-27 01:42:57,Standard Class,Consumer,East,Office Supplies,Appliances,214.3,8,0.225,-19.67,2024-02,2024,3.0,-9.178721418572096
ORD03799,C00501,2024-02-24 03:35:46,2024-02-26 03:35:46,First Class,Corporate,West,Furniture,Furnishings,2028.35,8,0.168,-166.54,2024-02,2024,2.0,-8.210614538910937
ORD03580,C00938,2024-02-24 06:00:23,2024-02-29 06:00:23,Standard Class,Consumer,South,Technology,Laptops,895.08,8,0.092,70.25,2024-02,2024,5.0,7.8484604728069
ORD02298,C00076,2024-02-24 18:18:11,2024-02-27 18:18:11,Second Class,Consumer,South,Technology,Laptops,759.6,7,0.115,24.38,2024-02,2024,3.0,3.2095839915745126
ORD00996,C00606,2024-02-25 17:31:57,2024-02-27 17:31:57,Same Day,Home Office,North,Office Supplies,Paper,25.63,1,0.17,-0.68,2024-02,2024,2.0,-2.6531408505657437
ORD00196,C00823,2024-02-25 22:12:57,2024-02-27 22:12:57,Second Class,Corporate,North,Office Supplies,Binders,175.24,3,0.064,16.31,2024-02,2024,2.0,9.307235790915316
ORD01803,C00400,2024-02-25 23:48:15,2024-02-25 23:48:15,Same Day,Corporate,East,Office Supplies,Storage,38.57,1,0.247,-3.67,2024-02,2024,0.0,-9.515167228415867
ORD01335,C00428,2024-02-26 12:40:48,2024-03-01 12:40:48,Second Class,Consumer,West,Furniture,Furnishings,1619.69,7,0.209,-95.67,2024-02,2024,4.0,-5.906685847291766
ORD02451,C00043,2024-02-26 16:20:19,2024-03-02 16:20:19,Standard Class,Consumer,South,Office Supplies,Paper,229.69,4,0.043,34.43,2024-02,2024,5.0,14.989768818842789
ORD01677,C00710,2024-02-26 18:05:11,2024-03-01 18:05:11,Second Class,Consumer,East,Office Supplies,Appliances,353.2,5,0.198,-11.63,2024-02,2024,4.0,-3.292751981879955
ORD03366,C00403,2024-02-26 18:57:05,2024-03-01 18:57:05,Standard Class,Corporate,East,Technology,Accessories,794.71,7,0.152,57.67,2024-02,2024,4.0,7.256735161253792
ORD02808,C00437,2024-02-26 19:42:43,2024-02-27 19:42:43,First Class,Corporate,West,Furniture,Tables,571.12,8,0.226,-82.3,2024-02,2024,1.0,-14.410281552038102
ORD00671,C00738,2024-02-27 00:27:32,2024-03-02 00:27:32,Standard Class,Consumer,West,Office Supplies,Storage,330.57,7,0.24,3.2,2024-02,2024,4.0,0.9680249266418611
ORD02297,C00891,2024-02-27 01:17:44,2024-03-01 01:17:44,First Class,Corporate,East,Office Supplies,Paper,117.32,5,0.057,16.09,2024-02,2024,3.0,13.714626662120697
ORD00392,C00748,2024-02-27 19:32:18,2024-03-03 19:32:18,Standard Class,Consumer,East,Technology,Accessories,253.83,2,0.026,47.81,2024-02,2024,5.0,18.8354410432179
ORD03459,C00285,2024-02-27 20:31:17,2024-03-01 20:31:17,Standard Class,Corporate,South,Furniture,Tables,196.37,2,0.262,-28.56,2024-02,2024,3.0,-14.543973111982481
ORD00957,C00930,2024-02-27 23:53:14,2024-03-01 23:53:14,Second Class,Consumer,East,Technology,Accessories,126.81,1,0.27,-6.55,2024-02,2024,3.0,-5.1652077911836605
ORD00815,C00763,2024-02-28 10:27:48,2024-03-02 10:27:48,Standard Class,Consumer,West,Technology,Accessories,457.33,3,0.119,56.83,2024-02,2024,3.0,12.426475411628363
ORD00920,C00407,2024-02-28 19:50:35,2024-03-04 19:50:35,Standard Class,Consumer,West,Furniture,Furnishings,1067.98,6,0.103,79.83,2024-02,2024,5.0,7.474859079758048
ORD03069,C00256,2024-02-28 22:28:55,2024-03-03 22:28:55,Standard Class,Corporate,North,Office Supplies,Paper,249.48,7,0.122,11.51,2024-02,2024,4.0,4.613596280262947
ORD03336,C00884,2024-02-29 00:50:04,2024-03-04 00:50:04,Standard Class,Consumer,South,Office Supplies,Binders,35.05,3,0.119,2.1,2024-02,2024,4.0,5.991440798858775
ORD01464,C00506,2024-02-29 05:49:05,2024-03-04 05:49:05,Standard Class,Corporate,West,Office Supplies,Paper,35.61,2,0.481,-11.78,2024-02,2024,4.0,-33.08059533838809
ORD01530,C00848,2024-02-29 17:22:04,2024-03-02 17:22:04,First Class,Consumer,East,Technology,Laptops,320.01,2,0.022,71.21,2024-02,2024,2.0,22.252429611574637
ORD03842,C00620,2024-03-01 04:01:15,2024-03-01 04:01:15,Same Day,Consumer,South,Technology,Accessories,288.5,2,0.358,-38.57,2024-03,2024,0.0,-13.369150779896014
ORD02588,C00742,2024-03-01 07:56:15,2024-03-05 07:56:15,Second Class,Corporate,North,Furniture,Furnishings,465.96,3,0.119,7.15,2024-03,2024,4.0,1.534466477809254
ORD02846,C00238,2024-03-01 09:25:46,2024-03-02 09:25:46,First Class,Consumer,East,Technology,Accessories,664.01,4,0.05,73.65,2024-03,2024,1.0,11.091700426198402
ORD01416,C00189,2024-03-01 17:41:53,2024-03-05 17:41:53,Standard Class,Corporate,South,Office Supplies,Storage,270.94,5,0.127,3.32,2024-03,2024,4.0,1.2253635491252675
ORD02809,C00695,2024-03-02 09:42:02,2024-03-04 09:42:02,Same Day,Consumer,West,Technology,Laptops,1060.75,7,0.061,219.29,2024-03,2024,2.0,20.67310864954042
ORD02207,C00099,2024-03-02 14:28:46,2024-03-05 14:28:46,Second Class,Consumer,East,Furniture,Chairs,841.81,6,0.21,-79.79,2024-03,2024,3.0,-9.478385859041829
ORD02566,C00374,2024-03-02 15:27:52,2024-03-04 15:27:52,First Class,Home Office,West,Office Supplies,Art,24.26,1,0.179,1.17,2024-03,2024,2.0,4.8227535037098095
ORD03596,C00552,2024-03-02 16:19:16,2024-03-05 16:19:16,Second Class,Home Office,East,Furniture,Furnishings,930.83,6,0.259,-44.71,2024-03,2024,3.0,-4.803240119033551
ORD03658,C00460,2024-03-02 21:53:56,2024-03-05 21:53:56,Standard Class,Home Office,East,Technology,Accessories,445.79,3,0.079,74.51,2024-03,2024,3.0,16.714147917180735
ORD02164,C00575,2024-03-02 22:02:01,2024-03-05 22:02:01,Standard Class,Consumer,East,Office Supplies,Paper,211.3,3,0.158,-0.4,2024-03,2024,3.0,-0.18930430667297682
ORD03735,C00611,2024-03-03 01:37:51,2024-03-06 01:37:51,Standard Class,Corporate,East,Furniture,Furnishings,478.21,6,0.118,13.84,2024-03,2024,3.0,2.894126011584869
ORD03501,C00776,2024-03-03 02:07:13,2024-03-05 02:07:13,First Class,Consumer,West,Furniture,Chairs,288.5,1,0.27,-48.08,2024-03,2024,2.0,-16.665511265164646
ORD02778,C00048,2024-03-03 17:46:03,2024-03-07 17:46:03,Standard Class,Consumer,South,Technology,Accessories,441.49,3,0.237,12.19,2024-03,2024,4.0,2.7611044417767103
ORD02170,C00541,2024-03-03 18:24:38,2024-03-04 18:24:38,First Class,Corporate,South,Technology,Phones,452.9,4,0.087,48.84,2024-03,2024,1.0,10.783837491720028
ORD00175,C00112,2024-03-03 19:08:55,2024-03-06 19:08:55,Standard Class,Home Office,North,Office Supplies,Appliances,73.09,2,0.034,11.68,2024-03,2024,3.0,15.980298262416198
ORD02085,C00228,2024-03-03 23:15:15,2024-03-07 23:15:15,Standard Class,Consumer,North,Technology,Accessories,1012.34,8,0.145,74.96,2024-03,2024,4.0,7.404626904004583
ORD00022,C00579,2024-03-04 01:17:24,2024-03-07 01:17:24,Standard Class,Consumer,South,Technology,Phones,800.7,7,0.094,31.46,2024-03,2024,3.0,3.9290620706881474
ORD00008,C00536,2024-03-04 07:11:06,2024-03-07 07:11:06,Second Class,Consumer,North,Office Supplies,Binders,268.98,6,0.205,-18.01,2024-03,2024,3.0,-6.695665105212284
ORD00735,C00595,2024-03-04 08:03:46,2024-03-07 08:03:46,Standard Class,Consumer,West,Technology,Laptops,1091.96,8,0.312,-19.34,2024-03,2024,3.0,-1.7711271475145607
ORD02971,C00719,2024-03-04 09:06:54,2024-03-07 09:06:54,First Class,Consumer,East,Office Supplies,Art,308.89,5,0.048,2.37,2024-03,2024,3.0,0.7672634271099745
ORD00843,C00888,2024-03-04 11:49:34,2024-03-05 11:49:34,First Class,Corporate,West,Technology,Accessories,1017.03,5,0.148,204.85,2024-03,2024,1.0,20.141982045760695
ORD03660,C00568,2024-03-04 23:37:35,2024-03-07 23:37:35,First Class,Corporate,East,Office Supplies,Paper,532.16,7,0.103,64.31,2024-03,2024,3.0,12.084711365003008
ORD02721,C00894,2024-03-05 00:24:16,2024-03-09 00:24:16,Standard Class,Home Office,West,Furniture,Tables,581.14,5,0.342,-155.7,2024-03,2024,4.0,-26.792167119799014
ORD02153,C00061,2024-03-05 00:39:42,2024-03-09 00:39:42,Second Class,Home Office,West,Furniture,Chairs,533.46,3,0.369,-75.01,2024-03,2024,4.0,-14.061035504067783
ORD00490,C00430,2024-03-05 01:32:39,2024-03-07 01:32:39,First Class,Corporate,South,Office Supplies,Appliances,266.58,7,0.066,35.81,2024-03,2024,2.0,13.433115762622855
ORD00420,C00137,2024-03-05 12:48:29,2024-03-10 12:48:29,Standard Class,Home Office,South,Furniture,Chairs,974.44,6,0.317,-206.86,2024-03,2024,5.0,-21.228603095111037
ORD01051,C00089,2024-03-05 19:17:20,2024-03-07 19:17:20,First Class,Corporate,North,Office Supplies,Paper,272.34,4,0.123,19.22,2024-03,2024,2.0,7.0573547771168395
ORD03122,C00629,2024-03-05 20:49:35,2024-03-08 20:49:35,Second Class,Consumer,North,Technology,Laptops,121.23,1,0.012,29.67,2024-03,2024,3.0,24.47414006434051
ORD01769,C00820,2024-03-06 00:00:57,2024-03-06 00:00:57,Same Day,Consumer,West,Furniture,Tables,646.99,7,0.28,-85.51,2024-03,2024,0.0,-13.21658758249741
ORD02619,C00869,2024-03-06 03:40:36,2024-03-11 03:40:36,Standard Class,Home Office,East,Technology,Phones,1123.35,6,0.043,245.31,2024-03,2024,5.0,21.837361463479773
ORD02293,C00094,2024-03-06 06:32:31,2024-03-11 06:32:31,Standard Class,Corporate,North,Furniture,Furnishings,360.32,3,0.047,-0.46,2024-03,2024,5.0,-0.12766429840142096
ORD02475,C00651,2024-03-06 12:05:31,2024-03-08 12:05:31,First Class,Consumer,North,Furniture,Bookcases,1203.85,5,0.205,-126.32,2024-03,2024,2.0,-10.493001619803131
ORD00543,C00216,2024-03-06 12:28:36,2024-03-10 12:28:36,Second Class,Corporate,North,Furniture,Bookcases,1499.48,8,0.095,142.85,2024-03,2024,4.0,9.526635900445488
ORD00926,C00401,2024-03-06 13:39:36,2024-03-08 13:39:36,First Class,Corporate,West,Office Supplies,Paper,41.75,3,0.074,8.48,2024-03,2024,2.0,20.311377245508982
ORD00117,C00428,2024-03-06 14:01:00,2024-03-11 14:01:00,Standard Class,Home Office,West,Office Supplies,Binders,438.0,7,0.171,6.27,2024-03,2024,5.0,1.4315068493150684
ORD00061,C00869,2024-03-06 16:49:27,2024-03-10 16:49:27,Standard Class,Corporate,East,Furniture,Bookcases,1745.24,8,0.168,-155.37,2024-03,2024,4.0,-8.902500515688388
ORD01296,C00230,2024-03-06 17:38:18,2024-03-10 17:38:18,Standard Class,Consumer,West,Technology,Laptops,544.63,3,0.061,71.16,2024-03,2024,4.0,13.0657510603529
ORD00576,C00333,2024-03-06 18:38:49,2024-03-10 18:38:49,Standard Class,Corporate,South,Technology,Laptops,823.47,5,0.462,-120.11,2024-03,2024,4.0,-14.585837978311291
ORD02892,C00403,2024-03-07 00:31:17,2024-03-12 00:31:17,Standard Class,Consumer,East,Furniture,Tables,815.32,4,0.191,-102.44,2024-03,2024,5.0,-12.56439189520679
ORD02684,C00376,2024-03-07 02:43:25,2024-03-10 02:43:25,Standard Class,Home Office,West,Technology,Laptops,128.36,1,0.256,1.65,2024-03,2024,3.0,1.2854471798067932
ORD02370,C00731,2024-03-07 02:56:42,2024-03-11 02:56:42,Standard Class,Consumer,West,Office Supplies,Appliances,282.68,4,0.265,-20.71,2024-03,2024,4.0,-7.326305362954577
ORD01733,C00549,2024-03-07 04:59:01,2024-03-11 04:59:01,Second Class,Home Office,East,Furniture,Bookcases,145.28,1,0.138,1.02,2024-03,2024,4.0,0.7020925110132159
ORD03251,C00853,2024-03-07 05:05:41,2024-03-12 05:05:41,Standard Class,Corporate,North,Office Supplies,Art,43.41,1,0.051,10.08,2024-03,2024,5.0,23.220456116102284
ORD03295,C00154,2024-03-07 09:04:22,2024-03-11 09:04:22,Second Class,Corporate,West,Office Supplies,Storage,169.53,5,0.004,32.42,2024-03,2024,4.0,19.123458974812717
ORD03019,C00832,2024-03-07 12:07:19,2024-03-10 12:07:19,Standard Class,Consumer,South,Furniture,Furnishings,455.13,2,0.219,-18.64,2024-03,2024,3.0,-4.095533144376332
ORD00053,C00002,2024-03-07 22:57:07,2024-03-11 22:57:07,Standard Class,Home Office,West,Office Supplies,Paper,67.41,1,0.024,12.3,2024-03,2024,4.0,18.246550956831335
ORD02954,C00120,2024-03-07 22:59:55,2024-03-09 22:59:55,Second Class,Corporate,West,Office Supplies,Binders,338.41,6,0.252,-14.78,2024-03,2024,2.0,-4.3674832304009925
ORD00569,C00734,2024-03-08 01:35:50,2024-03-10 01:35:50,First Class,Corporate,East,Office Supplies,Storage,67.44,1,0.198,0.15,2024-03,2024,2.0,0.22241992882562275
ORD03457,C00817,2024-03-08 06:13:16,2024-03-11 06:13:16,Standard Class,Consumer,North,Technology,Phones,1259.42,8,0.043,291.47,2024-03,2024,3.0,23.143192898318272
ORD00967,C00542,2024-03-08 17:05:11,2024-03-12 17:05:11,Standard Class,Consumer,West,Office Supplies,Storage,368.73,7,0.12,42.51,2024-03,2024,4.0,11.52876088194614
ORD00143,C00612,2024-03-09 02:06:22,2024-03-12 02:06:22,First Class,Consumer,East,Office Supplies,Appliances,359.95,6,0.175,-18.2,2024-03,2024,3.0,-5.05625781358522
ORD03495,C00376,2024-03-09 02:59:02,2024-03-09 02:59:02,Same Day,Corporate,West,Office Supplies,Binders,40.91,1,0.168,-0.25,2024-03,2024,0.0,-0.6110975311659742
ORD00656,C00200,2024-03-09 04:31:47,2024-03-12 04:31:47,First Class,Corporate,West,Office Supplies,Appliances,241.1,4,0.312,-11.53,2024-03,2024,3.0,-4.782248029863127
ORD01250,C00439,2024-03-09 11:30:47,2024-03-12 11:30:47,Second Class,Consumer,East,Furniture,Bookcases,1880.84,7,0.078,-33.28,2024-03,2024,3.0,-1.7694221730716064
ORD00388,C00808,2024-03-09 15:15:05,2024-03-10 15:15:05,First Class,Consumer,East,Office Supplies,Storage,276.34,8,0.176,-1.54,2024-03,2024,1.0,-0.5572845045957879
ORD01360,C00878,2024-03-09 16:08:26,2024-03-13 16:08:26,Second Class,Corporate,North,Office Supplies,Paper,45.82,2,0.214,-1.18,2024-03,2024,4.0,-2.5752946311654297
ORD01833,C00275,2024-03-09 17:59:13,2024-03-13 17:59:13,Standard Class,Home Office,South,Office Supplies,Binders,81.71,7,0.255,-9.67,2024-03,2024,4.0,-11.834536776404358
ORD03854,C00002,2024-03-09 19:53:29,2024-03-13 19:53:29,Second Class,Corporate,West,Office Supplies,Appliances,162.95,4,0.092,11.46,2024-03,2024,4.0,7.032832157103407
ORD00160,C00667,2024-03-09 20:51:47,2024-03-11 20:51:47,Second Class,Consumer,North,Office Supplies,Binders,259.54,5,0.009,35.06,2024-03,2024,2.0,13.508515065115203
ORD01807,C00842,2024-03-09 23:03:21,2024-03-12 23:03:21,First Class,Home Office,South,Office Supplies,Storage,240.23,6,0.115,8.04,2024-03,2024,3.0,3.346792657037006
ORD01390,C00470,2024-03-10 02:05:19,2024-03-11 02:05:19,Same Day,Consumer,South,Office Supplies,Binders,226.48,4,0.3,-31.62,2024-03,2024,1.0,-13.961497703991524
ORD01942,C00519,2024-03-10 03:03:03,2024-03-12 03:03:03,Second Class,Corporate,East,Office Supplies,Appliances,90.34,8,0.08,2.44,2024-03,2024,2.0,2.7009076820898823
ORD00170,C00213,2024-03-10 08:54:05,2024-03-13 08:54:05,Standard Class,Consumer,East,Office Supplies,Art,202.37,5,0.228,7.84,2024-03,2024,3.0,3.87409200968523
ORD01477,C00926,2024-03-10 09:15:42,2024-03-12 09:15:42,Second Class,Consumer,West,Office Supplies,Binders,30.13,2,0.318,-5.31,2024-03,2024,2.0,-17.62363093262529
ORD01687,C00769,2024-03-10 09:21:13,2024-03-15 09:21:13,Standard Class,Consumer,South,Technology,Laptops,117.83,1,0.235,3.26,2024-03,2024,5.0,2.7666977849444114
ORD03457,C00089,2024-03-10 10:04:39,2024-03-15 10:04:39,Standard Class,Consumer,East,Office Supplies,Binders,84.9,3,0.106,14.11,2024-03,2024,5.0,16.619552414605415
ORD03428,C00416,2024-03-10 11:41:08,2024-03-15 11:41:08,Standard Class,Consumer,South,Office Supplies,Appliances,57.72,1,0.256,-8.43,2024-03,2024,5.0,-14.604989604989605
ORD02661,C00134,2024-03-10 11:53:16,2024-03-12 11:53:16,First Class,Corporate,South,Furniture,Tables,118.69,1,0.224,-9.18,2024-03,2024,2.0,-7.734434240458336
ORD01971,C00530,2024-03-10 12:38:30,2024-03-15 12:38:30,Standard Class,Corporate,East,Furniture,Bookcases,1107.65,5,0.41,-338.54,2024-03,2024,5.0,-30.563806256488963
ORD00745,C00618,2024-03-10 20:16:13,2024-03-14 20:16:13,Second Class,Corporate,West,Furniture,Chairs,138.55,1,0.354,-29.84,2024-03,2024,4.0,-21.537351136773726
ORD01053,C00017,2024-03-11 03:35:18,2024-03-14 03:35:18,Second Class,Home Office,East,Technology,Laptops,463.01,4,0.075,27.4,2024-03,2024,3.0,5.917798751646833
ORD03134,C00093,2024-03-11 08:46:10,2024-03-15 08:46:10,Second Class,Corporate,South,Office Supplies,Appliances,35.94,1,0.303,-2.39,2024-03,2024,4.0,-6.649972175848637
ORD02197,C00935,2024-03-11 16:06:49,2024-03-16 16:06:49,Standard Class,Consumer,North,Office Supplies,Paper,412.46,7,0.221,-32.13,2024-03,2024,5.0,-7.78984628812491
ORD01479,C00287,2024-03-11 19:03:09,2024-03-12 19:03:09,Same Day,Home Office,West,Office Supplies,Binders,451.49,6,0.231,-25.64,2024-03,2024,1.0,-5.678974063655895
ORD02109,C00655,2024-03-11 22:06:27,2024-03-15 22:06:27,Standard Class,Consumer,East,Office Supplies,Paper,124.59,2,0.12,1.09,2024-03,2024,4.0,0.8748695721968056
ORD00786,C00812,2024-03-11 23:24:38,2024-03-15 23:24:38,Standard Class,Home Office,North,Technology,Accessories,820.65,7,0.177,56.34,2024-03,2024,4.0,6.865289709376714
ORD00676,C00106,2024-03-12 01:07:38,2024-03-14 01:07:38,Second Class,Corporate,West,Furniture,Furnishings,883.81,5,0.209,-91.46,2024-03,2024,2.0,-10.348378045054933
ORD01508,C00247,2024-03-12 09:14:44,2024-03-13 09:14:44,Same Day,Corporate,East,Office Supplies,Storage,363.11,7,0.285,-8.48,2024-03,2024,1.0,-2.3353804632205115
ORD00905,C00471,2024-03-12 10:54:54,2024-03-15 10:54:54,First Class,Corporate,South,Furniture,Bookcases,353.64,4,0.327,-63.15,2024-03,2024,3.0,-17.857142857142858
ORD02651,C00678,2024-03-12 11:21:08,2024-03-16 11:21:08,Second Class,Home Office,South,Office Supplies,Storage,166.19,3,0.047,12.15,2024-03,2024,4.0,7.310909200312896
ORD00264,C00162,2024-03-13 03:30:46,2024-03-17 03:30:46,Standard Class,Consumer,South,Office Supplies,Paper,183.91,6,0.183,-3.94,2024-03,2024,4.0,-2.142352237507476
ORD02353,C00262,2024-03-13 05:09:26,2024-03-15 05:09:26,Second Class,Consumer,South,Technology,Accessories,647.42,5,0.372,-99.4,2024-03,2024,2.0,-15.353248277779496
ORD01627,C00049,2024-03-13 05:50:52,2024-03-17 05:50:52,Standard Class,Consumer,West,Furniture,Furnishings,1532.08,7,0.242,-202.72,2024-03,2024,4.0,-13.231685029502376
ORD00483,C00341,2024-03-13 06:20:50,2024-03-15 06:20:50,First Class,Consumer,North,Technology,Accessories,432.82,3,0.085,70.41,2024-03,2024,2.0,16.267732544706806
ORD00789,C00844,2024-03-13 08:27:44,2024-03-16 08:27:44,Standard Class,Consumer,West,Furniture,Tables,2198.72,8,0.112,25.58,2024-03,2024,3.0,1.1634041624217728
ORD02532,C00793,2024-03-13 09:13:48,2024-03-15 09:13:48,Same Day,Consumer,East,Technology,Laptops,171.58,1,0.127,21.03,2024-03,2024,2.0,12.256673271943116
ORD03880,C00616,2024-03-13 19:25:57,2024-03-16 19:25:57,Second Class,Consumer,South,Office Supplies,Binders,367.47,8,0.262,-35.67,2024-03,2024,3.0,-9.706914850191852
ORD01794,C00410,2024-03-13 21:02:24,2024-03-16 21:02:24,Standard Class,Consumer,East,Office Supplies,Binders,230.09,4,0.063,19.9,2024-03,2024,3.0,8.648789604067973
ORD02799,C00416,2024-03-13 21:35:26,2024-03-18 21:35:26,Standard Class,Corporate,West,Office Supplies,Art,32.12,1,0.106,1.3,2024-03,2024,5.0,4.047322540473226
ORD01570,C00681,2024-03-13 23:39:22,2024-03-17 23:39:22,Second Class,Consumer,West,Furniture,Tables,493.93,5,0.16,-25.4,2024-03,2024,4.0,-5.142429089142186
ORD02892,C00547,2024-03-14 05:02:06,2024-03-17 05:02:06,First Class,Corporate,East,Technology,Laptops,1567.18,8,0.052,163.35,2024-03,2024,3.0,10.42318048979696
ORD03457,C00897,2024-03-14 06:55:54,2024-03-18 06:55:54,Standard Class,Consumer,East,Office Supplies,Art,65.32,3,0.022,3.76,2024-03,2024,4.0,5.7562767911818735
ORD03575,C00547,2024-03-14 18:06:56,2024-03-14 18:06:56,Same Day,Consumer,South,Furniture,Tables,69.77,1,0.196,-9.92,2024-03,2024,0.0,-14.218145334671062
ORD03609,C00108,2024-03-14 19:22:48,2024-03-18 19:22:48,Second Class,Consumer,East,Furniture,Furnishings,584.6,4,0.153,36.95,2024-03,2024,4.0,6.32056106739651
ORD00349,C00608,2024-03-15 05:17:30,2024-03-18 05:17:30,Standard Class,Consumer,South,Office Supplies,Binders,64.55,1,0.158,-0.42,2024-03,2024,3.0,-0.6506584043377227
ORD03390,C00825,2024-03-15 09:11:08,2024-03-17 09:11:08,Second Class,Consumer,South,Office Supplies,Paper,125.51,3,0.181,-0.12,2024-03,2024,2.0,-0.0956099115608318
ORD01601,C00267,2024-03-15 09:17:24,2024-03-20 09:17:24,Standard Class,Corporate,South,Office Supplies,Paper,269.7,4,0.188,-22.15,2024-03,2024,5.0,-8.2128290693363
ORD03061,C00431,2024-03-15 20:37:46,2024-03-18 20:37:46,Standard Class,Corporate,East,Office Supplies,Appliances,385.19,7,0.251,-50.47,2024-03,2024,3.0,-13.102624678729976
ORD03815,C00875,2024-03-15 21:44:24,2024-03-20 21:44:24,Standard Class,Corporate,North,Furniture,Furnishings,596.68,6,0.226,-57.82,2024-03,2024,5.0,-9.69028625058658
ORD00191,C00832,2024-03-16 01:00:56,2024-03-21 01:00:56,Standard Class,Corporate,North,Office Supplies,Storage,129.17,6,0.251,-4.18,2024-03,2024,5.0,-3.2360455214058996
ORD02986,C00005,2024-03-16 01:32:29,2024-03-20 01:32:29,Standard Class,Corporate,North,Furniture,Chairs,202.82,1,0.087,5.58,2024-03,2024,4.0,2.7512079676560495
ORD03367,C00929,2024-03-16 02:52:33,2024-03-19 02:52:33,Standard Class,Home Office,South,Technology,Laptops,258.09,2,0.28,-11.19,2024-03,2024,3.0,-4.335696849936069
ORD02013,C00118,2024-03-16 04:36:25,2024-03-17 04:36:25,First Class,Consumer,West,Office Supplies,Appliances,193.14,3,0.099,6.54,2024-03,2024,1.0,3.3861447654551102
ORD02766,C00202,2024-03-16 04:52:29,2024-03-18 04:52:29,Second Class,Corporate,North,Furniture,Furnishings,213.75,2,0.149,-2.26,2024-03,2024,2.0,-1.0573099415204676
ORD01858,C00159,2024-03-16 09:31:35,2024-03-19 09:31:35,Second Class,Consumer,East,Technology,Accessories,493.19,3,0.118,72.05,2024-03,2024,3.0,14.608974228998967
ORD01062,C00923,2024-03-16 11:37:11,2024-03-19 11:37:11,Second Class,Consumer,South,Technology,Accessories,763.11,7,0.111,60.14,2024-03,2024,3.0,7.880908388043663
ORD01909,C00389,2024-03-16 11:48:39,2024-03-17 11:48:39,First Class,Consumer,South,Office Supplies,Art,139.62,3,0.117,-0.31,2024-03,2024,1.0,-0.2220312276178198
ORD01404,C00497,2024-03-16 18:50:46,2024-03-19 18:50:46,Second Class,Consumer,North,Technology,Phones,812.52,5,0.24,41.35,2024-03,2024,3.0,5.0891054989415645
ORD01518,C00824,2024-03-16 20:42:42,2024-03-19 20:42:42,Second Class,Corporate,East,Furniture,Furnishings,175.36,1,0.263,-23.09,2024-03,2024,3.0,-13.167198905109487
ORD00185,C00606,2024-03-17 00:44:03,2024-03-21 00:44:03,Standard Class,Home Office,South,Furniture,Chairs,1130.74,5,0.118,64.57,2024-03,2024,4.0,5.710419725135751
ORD00524,C00645,2024-03-17 08:30:14,2024-03-21 08:30:14,Standard Class,Corporate,East,Technology,Accessories,141.77,1,0.081,17.56,2024-03,2024,4.0,12.386259434294983
ORD02011,C00529,2024-03-17 08:51:23,2024-03-21 08:51:23,Second Class,Consumer,North,Technology,Accessories,1043.9,8,0.091,200.39,2024-03,2024,4.0,19.196283168885905
ORD00774,C00309,2024-03-17 09:28:56,2024-03-18 09:28:56,First Class,Consumer,North,Furniture,Bookcases,120.29,1,0.181,-11.23,2024-03,2024,1.0,-9.335771884612187
ORD00132,C00612,2024-03-17 12:25:32,2024-03-22 12:25:32,Standard Class,Consumer,South,Office Supplies,Paper,75.17,2,0.03,12.25,2024-03,2024,5.0,16.296394838366368
ORD03109,C00186,2024-03-17 12:25:34,2024-03-18 12:25:34,First Class,Corporate,East,Office Supplies,Appliances,28.94,2,0.156,-1.85,2024-03,2024,1.0,-6.392536281962681
ORD03080,C00183,2024-03-17 15:14:40,2024-03-19 15:14:40,First Class,Home Office,East,Furniture,Bookcases,188.07,1,0.157,-10.71,2024-03,2024,2.0,-5.694688148029989
ORD00110,C00133,2024-03-17 19:32:07,2024-03-20 19:32:07,Standard Class,Consumer,East,Furniture,Chairs,474.02,2,0.156,-23.91,2024-03,2024,3.0,-5.044090966625881
ORD02481,C00633,2024-03-17 19:52:43,2024-03-19 19:52:43,Second Class,Corporate,North,Furniture,Furnishings,704.34,4,0.097,49.31,2024-03,2024,2.0,7.00088025669421
ORD00677,C00550,2024-03-17 20:28:19,2024-03-21 20:28:19,Second Class,Home Office,West,Technology,Accessories,1029.95,6,0.054,234.07,2024-03,2024,4.0,22.726345939123256
ORD00737,C00657,2024-03-18 01:22:41,2024-03-18 01:22:41,Same Day,Home Office,East,Technology,Laptops,959.79,6,0.062,199.37,2024-03,2024,0.0,20.772252263515977
ORD00305,C00597,2024-03-18 07:19:21,2024-03-22 07:19:21,Standard Class,Corporate,North,Technology,Laptops,259.48,2,0.332,2.9,2024-03,2024,4.0,1.1176198550948049
ORD02420,C00617,2024-03-18 08:11:52,2024-03-21 08:11:52,Second Class,Corporate,North,Furniture,Chairs,200.97,1,0.176,-5.57,2024-03,2024,3.0,-2.7715579439717373
ORD02040,C00222,2024-03-18 08:36:36,2024-03-20 08:36:36,Second Class,Home Office,North,Technology,Phones,342.48,2,0.125,51.97,2024-03,2024,2.0,15.174608736276571
ORD02427,C00210,2024-03-18 11:37:04,2024-03-21 11:37:04,First Class,Consumer,North,Technology,Laptops,111.14,1,0.106,10.6,2024-03,2024,3.0,9.537520244736369
ORD01723,C00272,2024-03-18 16:28:12,2024-03-21 16:28:12,Second Class,Home Office,South,Office Supplies,Binders,77.65,3,0.115,3.32,2024-03,2024,3.0,4.2755956213779776
ORD01374,C00498,2024-03-18 20:48:55,2024-03-23 20:48:55,Standard Class,Consumer,North,Office Supplies,Appliances,355.39,6,0.095,30.29,2024-03,2024,5.0,8.523031036326289
ORD02540,C00867,2024-03-18 22:07:13,2024-03-21 22:07:13,Standard Class,Home Office,East,Furniture,Chairs,1445.68,6,0.114,-11.49,2024-03,2024,3.0,-0.7947816944275358
ORD03558,C00741,2024-03-19 07:04:23,2024-03-23 07:04:23,Standard Class,Home Office,West,Office Supplies,Art,208.29,4,0.024,17.05,2024-03,2024,4.0,8.18570262614624
ORD03280,C00659,2024-03-19 08:06:45,2024-03-22 08:06:45,First Class,Consumer,West,Furniture,Tables,1102.41,5,0.253,-176.91,2024-03,2024,3.0,-16.04756850899393
ORD02592,C00690,2024-03-19 09:41:59,2024-03-21 09:41:59,Same Day,Corporate,East,Technology,Phones,946.84,5,0.004,138.84,2024-03,2024,2.0,14.663512314646615
ORD01991,C00733,2024-03-19 15:37:16,2024-03-23 15:37:16,Standard Class,Corporate,East,Furniture,Bookcases,571.42,4,0.225,-55.46,2024-03,2024,4.0,-9.70564558468377
ORD01445,C00103,2024-03-19 18:52:36,2024-03-22 18:52:36,First Class,Consumer,South,Furniture,Tables,316.92,2,0.268,-32.05,2024-03,2024,3.0,-10.11296226176953
ORD02103,C00274,2024-03-20 00:31:48,2024-03-25 00:31:48,Standard Class,Consumer,West,Furniture,Bookcases,1195.76,6,0.103,40.66,2024-03,2024,5.0,3.4003478958988422
ORD02159,C00946,2024-03-20 06:14:49,2024-03-24 06:14:49,Second Class,Consumer,East,Office Supplies,Binders,48.86,3,0.107,4.9,2024-03,2024,4.0,10.02865329512894
ORD02974,C00543,2024-03-20 07:40:20,2024-03-22 07:40:20,Second Class,Corporate,East,Technology,Accessories,940.85,6,0.125,110.65,2024-03,2024,2.0,11.760641972684276
ORD01285,C00859,2024-03-20 07:50:43,2024-03-23 07:50:43,Standard Class,Corporate,West,Technology,Accessories,185.02,1,0.161,16.46,2024-03,2024,3.0,8.896335531293914
ORD03182,C00310,2024-03-20 13:51:49,2024-03-24 13:51:49,Standard Class,Consumer,North,Office Supplies,Binders,128.62,8,0.127,14.19,2024-03,2024,4.0,11.032498833773907
ORD00502,C00900,2024-03-20 16:12:10,2024-03-23 16:12:10,Standard Class,Consumer,East,Furniture,Chairs,1470.42,8,0.162,27.71,2024-03,2024,3.0,1.884495586295072
ORD01271,C00708,2024-03-20 18:37:32,2024-03-22 18:37:32,Second Class,Home Office,North,Furniture,Tables,67.53,1,0.093,3.22,2024-03,2024,2.0,4.768251147638087
ORD00607,C00191,2024-03-20 19:52:22,2024-03-23 19:52:22,Standard Class,Consumer,North,Office Supplies,Paper,162.25,4,0.075,12.71,2024-03,2024,3.0,7.833590138674886
ORD01790,C00629,2024-03-21 17:30:32,2024-03-23 17:30:32,Second Class,Home Office,South,Office Supplies,Art,114.35,8,0.172,1.88,2024-03,2024,2.0,1.644075207695671
ORD02862,C00246,2024-03-21 18:13:41,2024-03-26 18:13:41,Standard Class,Consumer,South,Furniture,Furnishings,206.44,1,0.223,-23.27,2024-03,2024,5.0,-11.272040302267003
ORD02057,C00744,2024-03-21 19:19:30,2024-03-24 19:19:30,Standard Class,Home Office,South,Furniture,Tables,616.28,8,0.13,-0.1,2024-03,2024,3.0,-0.016226390601674565
ORD03204,C00601,2024-03-21 19:53:20,2024-03-24 19:53:20,Standard Class,Corporate,West,Office Supplies,Paper,36.5,2,0.104,1.88,2024-03,2024,3.0,5.1506849315068495
ORD00821,C00702,2024-03-22 00:37:01,2024-03-27 00:37:01,Standard Class,Corporate,West,Furniture,Furnishings,2343.53,8,0.172,-120.37,2024-03,2024,5.0,-5.136268791097191
ORD03849,C00412,2024-03-22 02:22:08,2024-03-23 02:22:08,First Class,Consumer,South,Office Supplies,Paper,41.13,1,0.056,4.44,2024-03,2024,1.0,10.795040116703136
ORD02787,C00117,2024-03-22 10:07:39,2024-03-26 10:07:39,Standard Class,Corporate,North,Technology,Accessories,281.09,2,0.186,9.45,2024-03,2024,4.0,3.361912554697784
ORD02588,C00830,2024-03-22 11:14:18,2024-03-26 11:14:18,Standard Class,Home Office,East,Office Supplies,Appliances,273.87,7,0.23,-13.02,2024-03,2024,4.0,-4.754080403110965
ORD00988,C00823,2024-03-22 14:02:26,2024-03-25 14:02:26,Standard Class,Corporate,West,Technology,Laptops,410.08,2,0.236,7.0,2024-03,2024,3.0,1.7069840031213424
ORD01112,C00096,2024-03-22 15:31:15,2024-03-25 15:31:15,Second Class,Consumer,North,Office Supplies,Storage,243.84,4,0.17,-15.14,2024-03,2024,3.0,-6.208989501312336
ORD03177,C00598,2024-03-22 18:25:45,2024-03-25 18:25:45,First Class,Home Office,South,Furniture,Tables,485.6,5,0.375,-95.49,2024-03,2024,3.0,-19.664332784184513
ORD00130,C00948,2024-03-22 19:28:22,2024-03-25 19:28:22,Standard Class,Home Office,North,Furniture,Bookcases,748.0,6,0.099,18.4,2024-03,2024,3.0,2.4598930481283423
ORD03382,C00110,2024-03-22 21:25:49,2024-03-26 21:25:49,Second Class,Consumer,South,Furniture,Tables,1386.76,8,0.159,12.51,2024-03,2024,4.0,0.9021027430846
ORD01390,C00102,2024-03-23 11:11:10,2024-03-28 11:11:10,Standard Class,Consumer,East,Technology,Accessories,601.53,4,0.129,58.56,2024-03,2024,5.0,9.735175302977408
ORD01814,C00533,2024-03-23 18:40:24,2024-03-27 18:40:24,Standard Class,Consumer,East,Office Supplies,Storage,137.61,2,0.267,-20.47,2024-03,2024,4.0,-14.875372429329262
ORD01740,C00650,2024-03-23 22:17:18,2024-03-26 22:17:18,Standard Class,Consumer,North,Technology,Accessories,109.28,1,0.354,-15.24,2024-03,2024,3.0,-13.945827232796487
ORD03622,C00945,2024-03-24 00:31:44,2024-03-27 00:31:44,Standard Class,Corporate,North,Office Supplies,Appliances,290.06,8,0.137,11.02,2024-03,2024,3.0,3.7992139557332965
ORD03407,C00086,2024-03-24 00:32:21,2024-03-28 00:32:21,Standard Class,Consumer,North,Furniture,Furnishings,1039.04,6,0.077,121.76,2024-03,2024,4.0,11.71850939328611
ORD02604,C00465,2024-03-24 05:36:58,2024-03-26 05:36:58,First Class,Consumer,West,Office Supplies,Paper,234.63,4,0.124,9.97,2024-03,2024,2.0,4.249243489749819
ORD01322,C00298,2024-03-24 06:39:15,2024-03-26 06:39:15,First Class,Consumer,South,Technology,Accessories,154.12,1,0.101,7.44,2024-03,2024,2.0,4.827407215157021
ORD02128,C00945,2024-03-24 07:06:11,2024-03-25 07:06:11,First Class,Consumer,East,Technology,Laptops,189.8,1,0.151,16.04,2024-03,2024,1.0,8.451001053740779
ORD02001,C00592,2024-03-24 14:34:00,2024-03-28 14:34:00,Standard Class,Consumer,South,Technology,Phones,669.0,4,0.176,5.16,2024-03,2024,4.0,0.7713004484304933
ORD01248,C00588,2024-03-24 14:58:25,2024-03-29 14:58:25,Standard Class,Consumer,North,Furniture,Furnishings,1233.45,6,0.105,76.58,2024-03,2024,5.0,6.208601889010499
ORD02557,C00833,2024-03-25 02:03:34,2024-03-29 02:03:34,Second Class,Corporate,East,Office Supplies,Paper,191.97,8,0.035,9.79,2024-03,2024,4.0,5.099755170078658
ORD02303,C00941,2024-03-25 04:31:09,2024-03-29 04:31:09,Second Class,Consumer,East,Furniture,Furnishings,1756.71,8,0.251,-151.8,2024-03,2024,4.0,-8.64115306453541
ORD02229,C00806,2024-03-25 04:50:23,2024-03-29 04:50:23,Second Class,Consumer,North,Office Supplies,Binders,307.99,6,0.178,23.21,2024-03,2024,4.0,7.535958959706485
ORD01980,C00279,2024-03-25 07:23:09,2024-03-27 07:23:09,Second Class,Consumer,West,Office Supplies,Art,51.6,1,0.107,0.68,2024-03,2024,2.0,1.317829457364341
ORD01404,C00580,2024-03-25 11:08:13,2024-03-26 11:08:13,First Class,Corporate,West,Technology,Accessories,1123.49,6,0.11,100.65,2024-03,2024,1.0,8.958691221105662
ORD03543,C00534,2024-03-25 13:48:35,2024-03-28 13:48:35,Standard Class,Consumer,East,Technology,Laptops,1215.33,7,0.143,103.77,2024-03,2024,3.0,8.538421663251956
ORD03686,C00933,2024-03-25 14:32:53,2024-03-27 14:32:53,First Class,Consumer,North,Technology,Accessories,520.69,5,0.093,78.73,2024-03,2024,2.0,15.120321112370124
ORD02916,C00348,2024-03-25 15:59:07,2024-03-30 15:59:07,Standard Class,Corporate,West,Technology,Accessories,893.99,5,0.155,-37.52,2024-03,2024,5.0,-4.196914954305977
ORD00458,C00596,2024-03-26 01:03:47,2024-03-30 01:03:47,Standard Class,Consumer,North,Office Supplies,Binders,281.82,4,0.031,50.02,2024-03,2024,4.0,17.74891774891775
ORD02987,C00525,2024-03-26 11:39:16,2024-03-29 11:39:16,Standard Class,Consumer,East,Office Supplies,Art,107.39,5,0.206,-2.71,2024-03,2024,3.0,-2.5235124313250767
ORD00170,C00723,2024-03-26 14:52:15,2024-03-31 14:52:15,Standard Class,Corporate,South,Office Supplies,Storage,143.5,3,0.31,-20.97,2024-03,2024,5.0,-14.613240418118467
ORD02286,C00050,2024-03-26 18:40:36,2024-03-30 18:40:36,Second Class,Home Office,East,Office Supplies,Binders,202.41,4,0.155,-0.36,2024-03,2024,4.0,-0.17785682525566918
ORD03707,C00132,2024-03-27 00:37:30,2024-03-31 00:37:30,Standard Class,Consumer,East,Office Supplies,Appliances,28.94,1,0.232,-1.23,2024-03,2024,4.0,-4.250172771250864
ORD03469,C00338,2024-03-27 03:27:48,2024-03-30 03:27:48,First Class,Corporate,East,Furniture,Tables,722.12,6,0.185,14.48,2024-03,2024,3.0,2.00520689082147
ORD03473,C00510,2024-03-27 07:30:23,2024-03-31 07:30:23,Standard Class,Corporate,West,Office Supplies,Paper,524.13,7,0.229,-30.85,2024-03,2024,4.0,-5.885944326789155
ORD00747,C00382,2024-03-27 10:21:06,2024-03-29 10:21:06,First Class,Consumer,East,Furniture,Tables,102.41,1,0.122,-7.72,2024-03,2024,2.0,-7.538326335318817
ORD02036,C00730,2024-03-27 11:44:40,2024-03-30 11:44:40,Standard Class,Consumer,South,Office Supplies,Paper,108.03,5,0.237,-0.19,2024-03,2024,3.0,-0.1758770711839304
ORD00791,C00161,2024-03-27 12:43:46,2024-03-30 12:43:46,Standard Class,Home Office,West,Office Supplies,Storage,234.21,7,0.182,-8.29,2024-03,2024,3.0,-3.539558515861833
ORD02041,C00234,2024-03-27 13:10:48,2024-03-29 13:10:48,Same Day,Consumer,North,Furniture,Furnishings,563.76,3,0.124,-31.57,2024-03,2024,2.0,-5.599900666950475
ORD03344,C00169,2024-03-27 15:13:38,2024-03-30 15:13:38,Standard Class,Corporate,South,Technology,Laptops,520.43,4,0.07,102.51,2024-03,2024,3.0,19.697173491151553
ORD01353,C00466,2024-03-27 18:40:36,2024-03-31 18:40:36,Second Class,Corporate,South,Office Supplies,Storage,314.22,8,0.081,0.12,2024-03,2024,4.0,0.038189803322512886
ORD03265,C00245,2024-03-27 19:01:40,2024-03-31 19:01:40,Second Class,Corporate,North,Furniture,Furnishings,660.18,3,0.063,44.85,2024-03,2024,4.0,6.793601744978643
ORD00051,C00653,2024-03-27 19:18:33,2024-04-01 19:18:33,Standard Class,Consumer,South,Office Supplies,Binders,317.55,7,0.12,10.04,2024-03,2024,5.0,3.1617068178239642
ORD01059,C00455,2024-03-27 20:03:43,2024-03-31 20:03:43,Second Class,Consumer,North,Furniture,Furnishings,176.33,2,0.102,7.53,2024-03,2024,4.0,4.270402086995973
ORD00602,C00859,2024-03-28 00:41:27,2024-03-31 00:41:27,Standard Class,Corporate,North,Technology,Laptops,321.38,2,0.06,47.23,2024-03,2024,3.0,14.695998506440972
ORD00569,C00384,2024-03-28 02:53:32,2024-03-30 02:53:32,First Class,Home Office,North,Office Supplies,Art,188.43,6,0.208,-16.41,2024-03,2024,2.0,-8.708804330520618
ORD02804,C00195,2024-03-28 08:39:47,2024-04-01 08:39:47,Standard Class,Corporate,South,Office Supplies,Appliances,392.65,8,0.177,-9.72,2024-03,2024,4.0,-2.475487075003184
ORD00631,C00242,2024-03-28 09:43:56,2024-04-01 09:43:56,Second Class,Consumer,West,Technology,Phones,779.4,6,0.13,84.75,2024-03,2024,4.0,10.873749037721323
ORD01118,C00411,2024-03-28 14:28:55,2024-03-31 14:28:55,First Class,Corporate,North,Office Supplies,Appliances,303.36,7,0.345,-46.94,2024-03,2024,3.0,-15.473364978902952
ORD03002,C00005,2024-03-28 16:20:17,2024-04-01 16:20:17,Second Class,Consumer,East,Furniture,Tables,798.86,3,0.238,-52.47,2024-03,2024,4.0,-6.568109556117467
ORD01066,C00304,2024-03-28 17:18:39,2024-03-31 17:18:39,Second Class,Corporate,North,Technology,Phones,802.95,7,0.173,-9.8,2024-03,2024,3.0,-1.2204994084314091
ORD02813,C00888,2024-03-28 18:26:22,2024-03-31 18:26:22,Second Class,Consumer,South,Office Supplies,Binders,283.92,5,0.234,-40.78,2024-03,2024,3.0,-14.36320090166244
ORD00282,C00379,2024-03-29 01:04:18,2024-04-03 01:04:18,Standard Class,Consumer,West,Office Supplies,Paper,81.43,1,0.042,7.0,2024-03,2024,5.0,8.596340415080435
ORD01269,C00774,2024-03-29 01:52:53,2024-03-30 01:52:53,Same Day,Consumer,East,Office Supplies,Art,118.52,5,0.169,4.1,2024-03,2024,1.0,3.45933175835302
ORD01492,C00421,2024-03-29 14:05:08,2024-04-01 14:05:08,Second Class,Consumer,South,Technology,Phones,317.7,3,0.222,-6.7,2024-03,2024,3.0,-2.108907774630154
ORD01134,C00914,2024-03-29 21:19:09,2024-03-31 21:19:09,First Class,Home Office,South,Technology,Phones,469.53,4,0.178,24.32,2024-03,2024,2.0,5.179647732839222
ORD03796,C00947,2024-03-29 22:30:19,2024-04-01 22:30:19,First Class,Consumer,East,Office Supplies,Storage,151.71,8,0.255,-8.31,2024-03,2024,3.0,-5.477555863159976
ORD01624,C00948,2024-03-29 22:32:19,2024-04-01 22:32:19,Standard Class,Home Office,East,Technology,Laptops,499.97,3,0.219,-15.4,2024-03,2024,3.0,-3.0801848110886656
ORD01447,C00784,2024-03-30 00:04:04,2024-04-04 00:04:04,Standard Class,Home Office,East,Furniture,Furnishings,889.05,6,0.131,34.88,2024-03,2024,5.0,3.923288903886171
ORD03038,C00608,2024-03-30 00:53:46,2024-04-04 00:53:46,Standard Class,Consumer,West,Office Supplies,Appliances,609.32,8,0.127,27.64,2024-03,2024,5.0,4.5362042933105755
ORD01977,C00692,2024-03-30 14:24:48,2024-04-02 14:24:48,Standard Class,Consumer,West,Office Supplies,Appliances,184.91,6,0.08,21.07,2024-03,2024,3.0,11.394732572602887
ORD01276,C00716,2024-03-30 14:43:08,2024-04-02 14:43:08,First Class,Corporate,West,Furniture,Chairs,910.88,4,0.283,-176.1,2024-03,2024,3.0,-19.33295274898999
ORD02294,C00393,2024-03-30 20:51:58,2024-04-02 20:51:58,Standard Class,Consumer,West,Office Supplies,Appliances,127.81,5,0.178,-3.97,2024-03,2024,3.0,-3.1061732258821686
ORD00643,C00311,2024-03-31 06:23:16,2024-04-04 06:23:16,Standard Class,Home Office,East,Technology,Accessories,915.55,5,0.339,-35.48,2024-03,2024,4.0,-3.8752662334116104
ORD03703,C00169,2024-03-31 08:09:59,2024-04-04 08:09:59,Standard Class,Consumer,North,Office Supplies,Paper,280.54,4,0.236,-24.29,2024-03,2024,4.0,-8.65830184643901
ORD00738,C00360,2024-03-31 10:11:54,2024-04-03 10:11:54,Standard Class,Corporate,North,Furniture,Tables,1105.35,8,0.337,-306.9,2024-03,2024,3.0,-27.764961324467365
ORD02404,C00567,2024-03-31 11:23:40,2024-04-03 11:23:40,First Class,Home Office,North,Office Supplies,Appliances,41.14,2,0.068,5.68,2024-03,2024,3.0,13.806514341273699
ORD00235,C00115,2024-03-31 14:14:40,2024-04-05 14:14:40,Standard Class,Consumer,South,Technology,Phones,860.49,7,0.209,-15.15,2024-03,2024,5.0,-1.7606247603109855
ORD02220,C00557,2024-03-31 15:34:45,2024-04-04 15:34:45,Second Class,Corporate,North,Office Supplies,Paper,157.94,5,0.122,15.6,2024-03,2024,4.0,9.877168545017096
ORD01585,C00883,2024-04-01 04:39:46,2024-04-06 04:39:46,Standard Class,Consumer,North,Furniture,Tables,131.37,2,0.249,-15.73,2024-04,2024,5.0,-11.973814417294664
ORD02689,C00339,2024-04-01 17:37:50,2024-04-04 17:37:50,Second Class,Corporate,East,Technology,Phones,869.61,7,0.121,49.36,2024-04,2024,3.0,5.676107680454456
ORD02039,C00141,2024-04-01 20:08:20,2024-04-05 20:08:20,Standard Class,Home Office,West,Office Supplies,Storage,62.51,1,0.327,-8.36,2024-04,2024,4.0,-13.37386018237082
ORD01512,C00383,2024-04-01 23:58:53,2024-04-04 23:58:53,Standard Class,Consumer,South,Office Supplies,Paper,150.24,5,0.126,16.86,2024-04,2024,3.0,11.222044728434504
ORD03746,C00011,2024-04-02 02:31:21,2024-04-06 02:31:21,Standard Class,Consumer,South,Technology,Accessories,611.81,6,0.155,25.38,2024-04,2024,4.0,4.148346708945588
ORD01556,C00004,2024-04-02 04:26:18,2024-04-05 04:26:18,Standard Class,Consumer,West,Technology,Phones,457.21,4,0.122,8.69,2024-04,2024,3.0,1.9006583408061943
ORD02494,C00202,2024-04-02 15:27:45,2024-04-06 15:27:45,Second Class,Consumer,East,Technology,Phones,478.82,3,0.333,-46.23,2024-04,2024,4.0,-9.654985171880872
ORD00254,C00854,2024-04-02 15:54:20,2024-04-05 15:54:20,Standard Class,Consumer,South,Office Supplies,Art,371.94,8,0.319,-76.23,2024-04,2024,3.0,-20.49524116793031
ORD00306,C00327,2024-04-02 16:14:38,2024-04-05 16:14:38,Standard Class,Corporate,South,Office Supplies,Binders,49.31,2,0.216,-2.25,2024-04,2024,3.0,-4.562968971810991
ORD01600,C00539,2024-04-02 20:59:55,2024-04-06 20:59:55,Standard Class,Consumer,North,Furniture,Chairs,451.1,6,0.314,-102.38,2024-04,2024,4.0,-22.695632897362003
ORD02556,C00259,2024-04-02 21:52:44,2024-04-07 21:52:44,Standard Class,Corporate,South,Furniture,Furnishings,1091.58,7,0.25,-150.49,2024-04,2024,5.0,-13.786438007292185
ORD01152,C00269,2024-04-03 01:43:34,2024-04-06 01:43:34,First Class,Corporate,South,Furniture,Bookcases,175.51,3,0.254,-26.73,2024-04,2024,3.0,-15.229901430117943
ORD02432,C00718,2024-04-03 03:08:47,2024-04-04 03:08:47,First Class,Home Office,East,Technology,Laptops,974.53,7,0.236,127.13,2024-04,2024,1.0,13.045262844653319
ORD00743,C00515,2024-04-03 03:26:35,2024-04-06 03:26:35,First Class,Consumer,East,Furniture,Bookcases,807.29,7,0.086,14.11,2024-04,2024,3.0,1.747822963247408
ORD03785,C00413,2024-04-03 06:41:29,2024-04-06 06:41:29,Standard Class,Consumer,West,Furniture,Bookcases,1643.3,6,0.088,181.87,2024-04,2024,3.0,11.067364449583156
ORD03283,C00662,2024-04-03 09:11:12,2024-04-06 09:11:12,Standard Class,Corporate,South,Furniture,Furnishings,1817.57,8,0.112,-21.53,2024-04,2024,3.0,-1.1845486006041035
ORD01836,C00416,2024-04-03 10:00:17,2024-04-06 10:00:17,Second Class,Consumer,West,Technology,Laptops,1046.96,6,0.023,232.97,2024-04,2024,3.0,22.252044013142815
ORD02756,C00285,2024-04-03 11:28:54,2024-04-05 11:28:54,Same Day,Consumer,East,Office Supplies,Binders,123.0,2,0.165,9.24,2024-04,2024,2.0,7.512195121951219
ORD02919,C00325,2024-04-03 12:33:03,2024-04-05 12:33:03,First Class,Consumer,East,Office Supplies,Appliances,604.96,8,0.063,94.44,2024-04,2024,2.0,15.61094948426342
ORD00116,C00072,2024-04-03 13:56:46,2024-04-08 13:56:46,Standard Class,Consumer,North,Furniture,Tables,214.31,1,0.27,-27.97,2024-04,2024,5.0,-13.051187532079696
ORD00740,C00416,2024-04-03 15:15:13,2024-04-04 15:15:13,First Class,Consumer,North,Office Supplies,Binders,15.3,1,0.028,3.08,2024-04,2024,1.0,20.130718954248366
ORD02541,C00630,2024-04-03 15:41:52,2024-04-06 15:41:52,Second Class,Consumer,West,Technology,Laptops,322.4,2,0.031,52.41,2024-04,2024,3.0,16.256203473945412
ORD03480,C00703,2024-04-03 19:14:29,2024-04-06 19:14:29,Standard Class,Home Office,West,Office Supplies,Binders,164.74,2,0.181,-4.1,2024-04,2024,3.0,-2.488770183319169
ORD01575,C00573,2024-04-03 23:59:12,2024-04-07 23:59:12,Standard Class,Consumer,West,Technology,Phones,1135.92,8,0.169,71.45,2024-04,2024,4.0,6.290055637720966
ORD01801,C00431,2024-04-04 02:18:47,2024-04-07 02:18:47,First Class,Home Office,South,Furniture,Tables,542.49,8,0.119,2.32,2024-04,2024,3.0,0.4276576526756253
ORD00202,C00261,2024-04-04 04:36:23,2024-04-07 04:36:23,Standard Class,Consumer,North,Technology,Accessories,998.49,6,0.104,43.91,2024-04,2024,3.0,4.397640437059961
ORD02116,C00918,2024-04-04 09:58:25,2024-04-06 09:58:25,Second Class,Consumer,East,Technology,Accessories,1430.43,8,0.071,160.81,2024-04,2024,2.0,11.242074061645798
ORD01571,C00198,2024-04-04 10:02:26,2024-04-09 10:02:26,Standard Class,Corporate,North,Furniture,Bookcases,828.65,4,0.192,-20.68,2024-04,2024,5.0,-2.4956254148313524
ORD02694,C00203,2024-04-04 10:26:10,2024-04-07 10:26:10,First Class,Corporate,North,Office Supplies,Appliances,402.02,6,0.229,14.85,2024-04,2024,3.0,3.6938460773095865
ORD01332,C00947,2024-04-04 20:13:29,2024-04-07 20:13:29,Standard Class,Consumer,North,Office Supplies,Art,177.58,8,0.223,5.8,2024-04,2024,3.0,3.2661335736006305
ORD02537,C00420,2024-04-05 05:09:19,2024-04-10 05:09:19,Standard Class,Consumer,North,Office Supplies,Art,69.07,4,0.212,-1.24,2024-04,2024,5.0,-1.7952801505718838
ORD01991,C00616,2024-04-05 10:46:18,2024-04-07 10:46:18,First Class,Home Office,South,Office Supplies,Art,245.13,8,0.359,-55.68,2024-04,2024,2.0,-22.71447803206462
ORD01967,C00541,2024-04-05 13:11:54,2024-04-08 13:11:54,Standard Class,Consumer,West,Technology,Accessories,1134.16,8,0.128,116.62,2024-04,2024,3.0,10.282499823658037
ORD01210,C00259,2024-04-05 13:44:28,2024-04-08 13:44:28,Standard Class,Consumer,South,Furniture,Bookcases,1380.71,8,0.388,-266.32,2024-04,2024,3.0,-19.28862686588784
ORD00657,C00847,2024-04-05 15:20:31,2024-04-09 15:20:31,Standard Class,Home Office,East,Office Supplies,Paper,113.83,5,0.131,0.19,2024-04,2024,4.0,0.16691557585873673
ORD00558,C00180,2024-04-05 16:07:54,2024-04-08 16:07:54,Standard Class,Consumer,North,Technology,Accessories,481.48,4,0.117,25.34,2024-04,2024,3.0,5.262939270582371
ORD01673,C00536,2024-04-05 17:01:27,2024-04-09 17:01:27,Standard Class,Corporate,East,Office Supplies,Storage,193.6,7,0.234,-4.97,2024-04,2024,4.0,-2.5671487603305785
ORD03492,C00215,2024-04-05 17:50:18,2024-04-09 17:50:18,Second Class,Consumer,West,Furniture,Tables,610.87,3,0.118,-15.25,2024-04,2024,4.0,-2.49643950431352
ORD01133,C00120,2024-04-05 20:17:14,2024-04-06 20:17:14,Same Day,Consumer,West,Office Supplies,Storage,234.76,7,0.116,22.28,2024-04,2024,1.0,9.490543533821777
ORD00303,C00815,2024-04-06 04:20:40,2024-04-09 04:20:40,Second Class,Corporate,East,Office Supplies,Binders,76.86,4,0.178,1.43,2024-04,2024,3.0,1.860525631017434
ORD02307,C00291,2024-04-06 05:31:30,2024-04-09 05:31:30,Standard Class,Corporate,West,Office Supplies,Binders,220.39,3,0.024,33.02,2024-04,2024,3.0,14.982530967829758
ORD00829,C00776,2024-04-06 09:08:28,2024-04-08 09:08:28,Second Class,Consumer,East,Office Supplies,Binders,178.23,4,0.05,27.29,2024-04,2024,2.0,15.31167592436739
ORD01548,C00555,2024-04-06 10:26:30,2024-04-08 10:26:30,Second Class,Consumer,North,Office Supplies,Art,160.34,3,0.146,3.16,2024-04,2024,2.0,1.970812024448048
ORD03613,C00516,2024-04-06 12:26:12,2024-04-10 12:26:12,Standard Class,Home Office,North,Furniture,Tables,1299.52,8,0.09,222.57,2024-04,2024,4.0,17.127093080522037
ORD00355,C00847,2024-04-06 13:28:23,2024-04-10 13:28:23,Standard Class,Consumer,West,Technology,Accessories,212.08,2,0.363,-36.27,2024-04,2024,4.0,-17.102036967182197
ORD03458,C00168,2024-04-06 18:08:14,2024-04-11 18:08:14,Standard Class,Home Office,West,Furniture,Furnishings,1142.17,5,0.222,-23.44,2024-04,2024,5.0,-2.0522339056357635
ORD02454,C00495,2024-04-06 20:52:43,2024-04-08 20:52:43,Second Class,Corporate,North,Technology,Accessories,917.84,6,0.101,185.49,2024-04,2024,2.0,20.20940468927046
ORD02007,C00537,2024-04-07 05:06:42,2024-04-10 05:06:42,Second Class,Consumer,North,Technology,Phones,529.92,4,0.325,-35.54,2024-04,2024,3.0,-6.706672705314009
ORD01348,C00931,2024-04-07 09:34:02,2024-04-08 09:34:02,First Class,Consumer,West,Office Supplies,Storage,198.7,7,0.013,27.35,2024-04,2024,1.0,13.764469048817313
ORD00134,C00439,2024-04-07 15:12:34,2024-04-12 15:12:34,Standard Class,Consumer,South,Office Supplies,Paper,60.75,3,0.101,1.12,2024-04,2024,5.0,1.8436213991769548
ORD00761,C00929,2024-04-07 21:16:52,2024-04-08 21:16:52,First Class,Consumer,North,Technology,Phones,1207.77,8,0.135,170.59,2024-04,2024,1.0,14.124377985874794
ORD00182,C00800,2024-04-07 21:20:15,2024-04-10 21:20:15,Second Class,Corporate,West,Furniture,Chairs,1210.53,5,0.27,-175.25,2024-04,2024,3.0,-14.477129852213494
ORD02695,C00859,2024-04-08 00:17:03,2024-04-12 00:17:03,Standard Class,Corporate,North,Technology,Phones,878.73,8,0.183,74.76,2024-04,2024,4.0,8.507732750674268
ORD01897,C00131,2024-04-08 00:58:42,2024-04-08 00:58:42,Same Day,Corporate,North,Technology,Laptops,792.78,5,0.056,113.24,2024-04,2024,0.0,14.283912308584979
ORD02239,C00424,2024-04-08 02:06:29,2024-04-11 02:06:29,Second Class,Corporate,North,Office Supplies,Art,249.49,5,0.12,31.38,2024-04,2024,3.0,12.577658423183294
ORD03084,C00073,2024-04-08 05:21:16,2024-04-12 05:21:16,Second Class,Corporate,East,Technology,Accessories,279.4,2,0.098,43.8,2024-04,2024,4.0,15.676449534717252
ORD02648,C00501,2024-04-08 07:48:15,2024-04-11 07:48:15,Second Class,Consumer,South,Furniture,Furnishings,551.39,5,0.229,-47.38,2024-04,2024,3.0,-8.592829032082555
ORD01143,C00852,2024-04-08 13:52:02,2024-04-10 13:52:02,First Class,Consumer,South,Technology,Phones,326.0,3,0.189,-3.91,2024-04,2024,2.0,-1.1993865030674848
ORD02635,C00831,2024-04-08 14:35:52,2024-04-11 14:35:52,Standard Class,Consumer,North,Furniture,Tables,92.33,1,0.169,-3.68,2024-04,2024,3.0,-3.985703454998376
ORD00707,C00120,2024-04-08 20:27:38,2024-04-11 20:27:38,First Class,Corporate,North,Office Supplies,Art,166.68,7,0.021,33.41,2024-04,2024,3.0,20.044396448284136
ORD01973,C00267,2024-04-09 13:11:57,2024-04-11 13:11:57,Second Class,Home Office,South,Furniture,Furnishings,1205.72,6,0.22,-110.46,2024-04,2024,2.0,-9.161330988952658
ORD02732,C00003,2024-04-09 14:57:50,2024-04-13 14:57:50,Standard Class,Corporate,South,Technology,Laptops,943.83,6,0.266,38.06,2024-04,2024,4.0,4.032505853808419
ORD03590,C00522,2024-04-09 15:54:37,2024-04-13 15:54:37,Standard Class,Consumer,West,Office Supplies,Binders,337.16,8,0.083,24.67,2024-04,2024,4.0,7.317000830466247
ORD03723,C00791,2024-04-09 21:06:31,2024-04-12 21:06:31,Standard Class,Consumer,West,Furniture,Bookcases,1874.3,7,0.253,-285.46,2024-04,2024,3.0,-15.230219281865228
ORD00287,C00422,2024-04-10 03:56:28,2024-04-12 03:56:28,Second Class,Corporate,South,Office Supplies,Storage,102.24,5,0.186,-4.43,2024-04,2024,2.0,-4.332942097026605
ORD03039,C00807,2024-04-10 07:23:12,2024-04-13 07:23:12,Standard Class,Consumer,West,Office Supplies,Appliances,299.17,5,0.132,8.7,2024-04,2024,3.0,2.908045592806765
ORD00589,C00278,2024-04-10 14:08:33,2024-04-12 14:08:33,First Class,Consumer,East,Office Supplies,Storage,303.51,6,0.395,-60.73,2024-04,2024,2.0,-20.00922539619782
ORD01696,C00429,2024-04-10 17:42:59,2024-04-13 17:42:59,Second Class,Corporate,North,Technology,Accessories,1146.47,8,0.052,130.04,2024-04,2024,3.0,11.342643069596239
ORD02225,C00872,2024-04-10 21:21:29,2024-04-12 21:21:29,Second Class,Home Office,East,Office Supplies,Art,63.49,1,0.441,-9.96,2024-04,2024,2.0,-15.687509844069933
ORD03261,C00127,2024-04-10 23:31:31,2024-04-13 23:31:31,Second Class,Corporate,West,Office Supplies,Binders,145.26,2,0.143,1.32,2024-04,2024,3.0,0.908715406856671
ORD01480,C00436,2024-04-11 05:13:36,2024-04-15 05:13:36,Second Class,Home Office,South,Technology,Laptops,345.33,3,0.212,-7.13,2024-04,2024,4.0,-2.0646917441288046
ORD03842,C00495,2024-04-11 13:39:10,2024-04-12 13:39:10,First Class,Consumer,North,Furniture,Furnishings,661.19,7,0.304,-100.85,2024-04,2024,1.0,-15.252801766511892
ORD02651,C00873,2024-04-11 22:12:23,2024-04-16 22:12:23,Standard Class,Corporate,South,Furniture,Furnishings,360.61,3,0.172,-8.93,2024-04,2024,5.0,-2.4763595019550206
ORD03894,C00347,2024-04-11 22:59:33,2024-04-15 22:59:33,Second Class,Consumer,South,Furniture,Furnishings,743.36,6,0.108,26.49,2024-04,2024,4.0,3.5635492897115797
ORD02765,C00754,2024-04-11 23:26:17,2024-04-12 23:26:17,First Class,Home Office,West,Technology,Accessories,1235.9,6,0.087,215.48,2024-04,2024,1.0,17.435067562100492
ORD00468,C00220,2024-04-12 00:27:48,2024-04-16 00:27:48,Standard Class,Corporate,North,Technology,Accessories,587.35,5,0.042,132.65,2024-04,2024,4.0,22.584489656933684
ORD01285,C00315,2024-04-12 00:44:33,2024-04-17 00:44:33,Standard Class,Consumer,North,Office Supplies,Storage,112.27,6,0.168,0.05,2024-04,2024,5.0,0.04453549478934712
ORD01379,C00411,2024-04-12 01:04:42,2024-04-14 01:04:42,Same Day,Corporate,North,Office Supplies,Art,93.8,2,0.322,-6.05,2024-04,2024,2.0,-6.449893390191898
ORD00405,C00508,2024-04-12 01:14:36,2024-04-16 01:14:36,Second Class,Corporate,South,Technology,Accessories,469.01,4,0.224,7.38,2024-04,2024,4.0,1.5735272169036907
ORD03604,C00879,2024-04-12 03:32:26,2024-04-15 03:32:26,Standard Class,Consumer,South,Technology,Laptops,197.01,2,0.085,29.02,2024-04,2024,3.0,14.730216740266991
ORD01645,C00864,2024-04-12 05:46:14,2024-04-15 05:46:14,Second Class,Corporate,East,Technology,Accessories,894.72,5,0.062,128.78,2024-04,2024,3.0,14.393329756795422
ORD03122,C00452,2024-04-12 08:43:45,2024-04-17 08:43:45,Standard Class,Consumer,West,Technology,Laptops,781.48,7,0.089,166.6,2024-04,2024,5.0,21.31852382658545
ORD00883,C00703,2024-04-12 09:09:50,2024-04-17 09:09:50,Standard Class,Corporate,South,Office Supplies,Binders,87.88,7,0.286,-14.31,2024-04,2024,5.0,-16.283568502503414
ORD01749,C00257,2024-04-12 09:13:31,2024-04-16 09:13:31,Standard Class,Home Office,East,Office Supplies,Appliances,101.69,2,0.217,-1.89,2024-04,2024,4.0,-1.858589831841872
ORD03364,C00686,2024-04-12 10:40:03,2024-04-15 10:40:03,Standard Class,Consumer,South,Technology,Accessories,123.16,1,0.158,1.3,2024-04,2024,3.0,1.055537512179279
ORD01844,C00782,2024-04-12 10:44:59,2024-04-15 10:44:59,Second Class,Corporate,West,Furniture,Chairs,395.9,4,0.147,9.52,2024-04,2024,3.0,2.404647638292498
ORD03139,C00324,2024-04-12 21:42:27,2024-04-16 21:42:27,Second Class,Consumer,East,Office Supplies,Storage,80.36,3,0.194,-2.96,2024-04,2024,4.0,-3.683424589347934
ORD01716,C00442,2024-04-12 22:47:53,2024-04-15 22:47:53,First Class,Consumer,East,Office Supplies,Paper,167.48,7,0.021,14.84,2024-04,2024,3.0,8.860759493670885
ORD03218,C00780,2024-04-13 02:54:46,2024-04-17 02:54:46,Second Class,Corporate,West,Furniture,Tables,160.99,2,0.056,6.91,2024-04,2024,4.0,4.292192061618734
ORD01324,C00491,2024-04-13 08:45:35,2024-04-14 08:45:35,First Class,Home Office,South,Office Supplies,Binders,84.24,2,0.121,9.33,2024-04,2024,1.0,11.075498575498576
ORD03437,C00654,2024-04-13 09:30:52,2024-04-18 09:30:52,Standard Class,Corporate,East,Technology,Laptops,374.33,2,0.16,16.45,2024-04,2024,5.0,4.3945182058611385
ORD01841,C00419,2024-04-13 17:39:38,2024-04-16 17:39:38,Standard Class,Consumer,North,Furniture,Tables,452.37,2,0.213,-17.15,2024-04,2024,3.0,-3.791144417180626
ORD02746,C00499,2024-04-13 22:57:16,2024-04-16 22:57:16,Second Class,Consumer,South,Technology,Accessories,1123.79,8,0.083,239.3,2024-04,2024,3.0,21.294014006175534
ORD03717,C00078,2024-04-14 01:32:11,2024-04-16 01:32:11,Same Day,Corporate,North,Office Supplies,Binders,449.37,7,0.008,69.5,2024-04,2024,2.0,15.466096980216747
ORD00576,C00529,2024-04-14 09:44:35,2024-04-18 09:44:35,Second Class,Consumer,South,Furniture,Furnishings,1790.3,8,0.169,-156.2,2024-04,2024,4.0,-8.724794727140702
ORD03829,C00143,2024-04-14 13:32:21,2024-04-16 13:32:21,Same Day,Home Office,North,Office Supplies,Binders,325.1,5,0.223,10.19,2024-04,2024,2.0,3.1344201784066437
ORD02913,C00634,2024-04-14 21:57:03,2024-04-18 21:57:03,Standard Class,Consumer,East,Technology,Accessories,726.82,5,0.036,163.53,2024-04,2024,4.0,22.499380864588208
ORD01344,C00806,2024-04-15 00:38:10,2024-04-16 00:38:10,Same Day,Corporate,North,Technology,Phones,1040.71,7,0.216,28.88,2024-04,2024,1.0,2.775028586253615
ORD00818,C00314,2024-04-15 01:05:03,2024-04-17 01:05:03,First Class,Corporate,West,Furniture,Bookcases,1346.41,5,0.327,-228.39,2024-04,2024,2.0,-16.962886490742047
ORD02411,C00336,2024-04-15 01:16:49,2024-04-19 01:16:49,Second Class,Corporate,East,Furniture,Chairs,1433.95,6,0.12,-28.07,2024-04,2024,4.0,-1.9575298999267756
ORD00226,C00092,2024-04-15 03:45:36,2024-04-19 03:45:36,Standard Class,Corporate,South,Office Supplies,Appliances,31.59,1,0.142,-0.36,2024-04,2024,4.0,-1.1396011396011394
ORD03202,C00357,2024-04-15 03:53:45,2024-04-20 03:53:45,Standard Class,Corporate,South,Office Supplies,Storage,70.84,2,0.143,-0.57,2024-04,2024,5.0,-0.8046301524562393
ORD00340,C00753,2024-04-15 12:03:49,2024-04-18 12:03:49,Standard Class,Consumer,East,Furniture,Chairs,1002.17,5,0.193,-32.04,2024-04,2024,3.0,-3.197062374647016
ORD02011,C00861,2024-04-15 19:09:15,2024-04-18 19:09:15,Second Class,Consumer,South,Office Supplies,Paper,135.12,5,0.266,-14.95,2024-04,2024,3.0,-11.064239194789815
ORD02315,C00762,2024-04-15 22:40:55,2024-04-18 22:40:55,Standard Class,Consumer,North,Office Supplies,Storage,243.68,6,0.173,-13.08,2024-04,2024,3.0,-5.367695338148391
ORD02699,C00186,2024-04-16 16:57:18,2024-04-20 16:57:18,Standard Class,Corporate,East,Technology,Phones,483.35,4,0.117,54.75,2024-04,2024,4.0,11.327195613944346
ORD00824,C00197,2024-04-17 02:25:36,2024-04-19 02:25:36,Same Day,Consumer,West,Technology,Phones,770.03,5,0.102,102.42,2024-04,2024,2.0,13.300780489071856
ORD01552,C00073,2024-04-17 02:56:29,2024-04-20 02:56:29,Second Class,Home Office,East,Furniture,Chairs,1321.62,5,0.109,25.02,2024-04,2024,3.0,1.893131157216144
ORD02457,C00326,2024-04-17 05:03:09,2024-04-18 05:03:09,First Class,Consumer,North,Technology,Phones,140.64,1,0.115,19.08,2024-04,2024,1.0,13.56655290102389
ORD01172,C00546,2024-04-17 14:54:09,2024-04-18 14:54:09,First Class,Corporate,West,Technology,Phones,710.83,4,0.072,78.81,2024-04,2024,1.0,11.087039095142298
ORD00543,C00246,2024-04-17 21:09:52,2024-04-22 21:09:52,Standard Class,Consumer,East,Furniture,Bookcases,1022.67,4,0.2,-45.85,2024-04,2024,5.0,-4.483362179393158
ORD00290,C00881,2024-04-17 23:38:10,2024-04-20 23:38:10,Standard Class,Consumer,East,Technology,Laptops,414.16,3,0.169,52.42,2024-04,2024,3.0,12.656944176163801
ORD02837,C00259,2024-04-17 23:54:29,2024-04-19 23:54:29,First Class,Consumer,South,Technology,Accessories,848.66,7,0.237,-61.97,2024-04,2024,2.0,-7.302099780830957
ORD02666,C00617,2024-04-18 04:36:42,2024-04-22 04:36:42,Standard Class,Corporate,East,Office Supplies,Appliances,177.33,4,0.164,-8.55,2024-04,2024,4.0,-4.82151920148875
ORD03502,C00278,2024-04-18 08:02:36,2024-04-21 08:02:36,Standard Class,Corporate,North,Furniture,Tables,344.09,4,0.231,-46.84,2024-04,2024,3.0,-13.612717602952717
ORD00657,C00226,2024-04-18 08:39:03,2024-04-19 08:39:03,Same Day,Consumer,South,Technology,Phones,454.0,3,0.164,3.38,2024-04,2024,1.0,0.7444933920704846
ORD00416,C00472,2024-04-18 09:27:24,2024-04-21 09:27:24,Standard Class,Consumer,East,Furniture,Tables,851.16,5,0.141,-89.22,2024-04,2024,3.0,-10.482165515296773
ORD02577,C00273,2024-04-18 11:22:03,2024-04-21 11:22:03,Second Class,Consumer,West,Furniture,Bookcases,585.3,2,0.302,-69.79,2024-04,2024,3.0,-11.923799760806427
ORD03397,C00330,2024-04-18 19:14:31,2024-04-23 19:14:31,Standard Class,Consumer,West,Office Supplies,Storage,56.2,4,0.227,-3.11,2024-04,2024,5.0,-5.533807829181494
ORD00125,C00390,2024-04-19 01:02:06,2024-04-23 01:02:06,Standard Class,Consumer,West,Technology,Phones,1042.85,6,0.203,42.69,2024-04,2024,4.0,4.09358968212111
ORD01567,C00707,2024-04-19 03:30:50,2024-04-24 03:30:50,Standard Class,Corporate,North,Technology,Phones,419.1,4,0.022,80.26,2024-04,2024,5.0,19.150560725363874
ORD01275,C00454,2024-04-19 07:47:12,2024-04-22 07:47:12,Standard Class,Consumer,South,Technology,Accessories,976.09,8,0.321,-86.42,2024-04,2024,3.0,-8.853691770226106
ORD02449,C00769,2024-04-19 08:13:28,2024-04-23 08:13:28,Second Class,Consumer,West,Technology,Laptops,887.13,6,0.061,127.43,2024-04,2024,4.0,14.36429835537069
ORD03441,C00381,2024-04-19 12:41:36,2024-04-24 12:41:36,Standard Class,Consumer,South,Office Supplies,Art,228.56,5,0.103,28.09,2024-04,2024,5.0,12.289989499474974
ORD03399,C00062,2024-04-19 19:57:15,2024-04-21 19:57:15,First Class,Consumer,West,Office Supplies,Art,228.66,3,0.256,2.2,2024-04,2024,2.0,0.9621271757194088
ORD01746,C00542,2024-04-19 22:28:55,2024-04-24 22:28:55,Standard Class,Corporate,South,Office Supplies,Paper,206.99,8,0.128,-13.95,2024-04,2024,5.0,-6.7394560123677465
ORD01628,C00485,2024-04-19 23:47:25,2024-04-22 23:47:25,Standard Class,Consumer,East,Technology,Accessories,1133.88,7,0.277,-55.77,2024-04,2024,3.0,-4.918509895227007
ORD03380,C00347,2024-04-20 06:05:10,2024-04-24 06:05:10,Standard Class,Corporate,East,Furniture,Bookcases,510.65,3,0.145,-27.37,2024-04,2024,4.0,-5.359835503769705
ORD03626,C00257,2024-04-20 06:08:53,2024-04-24 06:08:53,Standard Class,Consumer,East,Office Supplies,Paper,40.36,3,0.1,0.56,2024-04,2024,4.0,1.387512388503469
ORD02591,C00056,2024-04-20 10:50:49,2024-04-25 10:50:49,Standard Class,Consumer,South,Furniture,Chairs,115.18,1,0.262,-19.44,2024-04,2024,5.0,-16.87793019621462
ORD02298,C00677,2024-04-20 14:00:34,2024-04-23 14:00:34,Standard Class,Consumer,West,Technology,Accessories,354.03,3,0.111,17.21,2024-04,2024,3.0,4.861169957348248
ORD00862,C00569,2024-04-20 14:15:01,2024-04-24 14:15:01,Standard Class,Consumer,North,Furniture,Furnishings,499.85,3,0.113,53.15,2024-04,2024,4.0,10.633189956987096
ORD01668,C00522,2024-04-20 14:58:47,2024-04-25 14:58:47,Standard Class,Consumer,South,Technology,Accessories,998.41,7,0.163,89.34,2024-04,2024,5.0,8.948227682014403
ORD00729,C00028,2024-04-20 19:33:58,2024-04-23 19:33:58,First Class,Corporate,South,Technology,Phones,744.06,7,0.071,42.26,2024-04,2024,3.0,5.679649490632476
ORD02739,C00596,2024-04-21 04:30:28,2024-04-24 04:30:28,Second Class,Corporate,East,Office Supplies,Binders,427.46,6,0.033,45.03,2024-04,2024,3.0,10.534319000608244
ORD00061,C00605,2024-04-21 04:45:50,2024-04-24 04:45:50,Second Class,Consumer,South,Office Supplies,Paper,113.39,2,0.054,17.61,2024-04,2024,3.0,15.530470059088103
ORD02123,C00871,2024-04-21 11:07:52,2024-04-24 11:07:52,Standard Class,Consumer,West,Technology,Phones,267.44,2,0.184,17.49,2024-04,2024,3.0,6.539784624588692
ORD02089,C00552,2024-04-21 14:24:25,2024-04-24 14:24:25,First Class,Corporate,North,Office Supplies,Art,134.77,2,0.085,13.52,2024-04,2024,3.0,10.031906210580988
ORD01747,C00525,2024-04-21 17:10:18,2024-04-25 17:10:18,Standard Class,Consumer,East,Office Supplies,Art,50.69,1,0.156,0.16,2024-04,2024,4.0,0.3156441112645493
ORD00135,C00347,2024-04-21 19:36:50,2024-04-24 19:36:50,Standard Class,Consumer,South,Technology,Accessories,444.66,3,0.369,4.285,2024-04,2024,3.0,0.9636576260513652
ORD01313,C00384,2024-04-21 21:32:28,2024-04-25 21:32:28,Standard Class,Corporate,East,Office Supplies,Paper,66.56,1,0.135,0.85,2024-04,2024,4.0,1.2770432692307692
ORD01055,C00454,2024-04-22 00:20:00,2024-04-25 00:20:00,Second Class,Consumer,West,Office Supplies,Binders,254.43,7,0.208,-16.77,2024-04,2024,3.0,-6.591203867468459
ORD01690,C00504,2024-04-22 01:46:01,2024-04-25 01:46:01,Standard Class,Home Office,East,Furniture,Tables,314.68,4,0.068,3.6,2024-04,2024,3.0,1.1440193212152028
ORD03626,C00669,2024-04-22 01:52:21,2024-04-24 01:52:21,Second Class,Consumer,South,Furniture,Chairs,313.13,2,0.168,-29.23,2024-04,2024,2.0,-9.334781081340019
ORD01869,C00862,2024-04-22 02:18:09,2024-04-25 02:18:09,Standard Class,Home Office,North,Furniture,Bookcases,1060.03,8,0.408,-225.23,2024-04,2024,3.0,-21.247511862871804
ORD01322,C00879,2024-04-22 02:43:03,2024-04-25 02:43:03,Standard Class,Corporate,West,Furniture,Tables,267.99,1,0.202,-44.65,2024-04,2024,3.0,-16.66106944288966
ORD03360,C00697,2024-04-22 03:06:14,2024-04-26 03:06:14,Second Class,Corporate,West,Office Supplies,Paper,70.67,2,0.187,4.55,2024-04,2024,4.0,6.438375548323191
ORD00876,C00128,2024-04-22 03:17:52,2024-04-26 03:17:52,Standard Class,Home Office,East,Technology,Accessories,1018.75,5,0.145,147.04,2024-04,2024,4.0,14.433374233128834
ORD01179,C00252,2024-04-22 03:18:24,2024-04-24 03:18:24,Second Class,Corporate,West,Furniture,Chairs,262.44,3,0.067,11.95,2024-04,2024,2.0,4.553421734491693
ORD02795,C00837,2024-04-22 09:26:31,2024-04-26 09:26:31,Second Class,Consumer,South,Office Supplies,Art,111.39,2,0.07,8.37,2024-04,2024,4.0,7.514139509830326
ORD02903,C00908,2024-04-22 10:18:30,2024-04-27 10:18:30,Standard Class,Consumer,East,Office Supplies,Appliances,361.86,5,0.259,-41.92,2024-04,2024,5.0,-11.58459072569502
ORD00794,C00201,2024-04-22 15:02:25,2024-04-27 15:02:25,Standard Class,Consumer,South,Furniture,Bookcases,694.44,8,0.076,20.34,2024-04,2024,5.0,2.9289787454639704
ORD02984,C00394,2024-04-22 15:09:06,2024-04-26 15:09:06,Second Class,Consumer,West,Office Supplies,Storage,541.5,7,0.092,37.16,2024-04,2024,4.0,6.862419205909511
ORD00870,C00843,2024-04-22 17:29:32,2024-04-26 17:29:32,Second Class,Consumer,West,Office Supplies,Art,138.57,3,0.296,-14.03,2024-04,2024,4.0,-10.124846647903587
ORD00279,C00818,2024-04-23 05:43:21,2024-04-26 05:43:21,Standard Class,Consumer,West,Office Supplies,Appliances,256.93,6,0.02,20.27,2024-04,2024,3.0,7.889308371930097
ORD01341,C00463,2024-04-23 07:19:53,2024-04-25 07:19:53,Second Class,Consumer,West,Office Supplies,Storage,219.48,3,0.064,25.44,2024-04,2024,2.0,11.591033351558231
ORD03527,C00066,2024-04-23 10:33:27,2024-04-25 10:33:27,Second Class,Consumer,North,Furniture,Chairs,780.25,6,0.328,-222.82,2024-04,2024,2.0,-28.55751361743031
ORD03650,C00385,2024-04-23 11:20:10,2024-04-25 11:20:10,First Class,Home Office,North,Technology,Phones,1119.84,7,0.073,112.3,2024-04,2024,2.0,10.028218316902414
ORD03632,C00714,2024-04-23 16:18:49,2024-04-28 16:18:49,Standard Class,Home Office,West,Technology,Phones,1014.28,8,0.037,226.93,2024-04,2024,5.0,22.37350632961313
ORD03646,C00275,2024-04-23 16:52:27,2024-04-27 16:52:27,Second Class,Home Office,North,Office Supplies,Appliances,508.65,8,0.176,-10.27,2024-04,2024,4.0,-2.019070087486484
ORD03600,C00311,2024-04-23 18:40:56,2024-04-26 18:40:56,Standard Class,Home Office,East,Technology,Accessories,161.96,1,0.031,23.72,2024-04,2024,3.0,14.645591504075078
ORD00263,C00741,2024-04-24 01:14:49,2024-04-28 01:14:49,Standard Class,Corporate,East,Furniture,Chairs,236.89,1,0.071,11.96,2024-04,2024,4.0,5.048756806956816
ORD03249,C00104,2024-04-24 01:41:02,2024-04-27 01:41:02,Second Class,Corporate,East,Furniture,Tables,1691.18,7,0.099,56.15,2024-04,2024,3.0,3.3201669839993375
ORD03057,C00404,2024-04-24 02:13:26,2024-04-27 02:13:26,Second Class,Corporate,East,Furniture,Tables,220.4,2,0.248,-29.5,2024-04,2024,3.0,-13.38475499092559
ORD03577,C00054,2024-04-24 02:49:37,2024-04-24 02:49:37,Same Day,Consumer,North,Furniture,Bookcases,625.41,3,0.095,62.06,2024-04,2024,0.0,9.923090452663054
ORD00717,C00190,2024-04-24 04:08:01,2024-04-29 04:08:01,Standard Class,Corporate,East,Office Supplies,Appliances,93.63,3,0.156,-1.05,2024-04,2024,5.0,-1.1214354373598208
ORD00260,C00651,2024-04-24 10:20:07,2024-04-26 10:20:07,Second Class,Home Office,South,Technology,Laptops,893.04,7,0.186,-14.48,2024-04,2024,2.0,-1.6214279315596165
ORD02617,C00641,2024-04-24 15:55:02,2024-04-29 15:55:02,Standard Class,Consumer,West,Furniture,Bookcases,1434.43,7,0.19,-69.96,2024-04,2024,5.0,-4.8771986085065135
ORD01972,C00455,2024-04-24 23:48:32,2024-04-28 23:48:32,Standard Class,Consumer,East,Furniture,Bookcases,936.74,4,0.057,56.89,2024-04,2024,4.0,6.073189999359481
ORD00794,C00629,2024-04-25 01:21:21,2024-04-28 01:21:21,First Class,Corporate,East,Office Supplies,Binders,326.77,5,0.184,-0.93,2024-04,2024,3.0,-0.2846038498026135
ORD03106,C00594,2024-04-25 03:52:44,2024-04-29 03:52:44,Second Class,Consumer,North,Office Supplies,Storage,45.64,3,0.179,2.12,2024-04,2024,4.0,4.645048203330412
ORD01700,C00039,2024-04-25 06:48:26,2024-04-28 06:48:26,Standard Class,Consumer,North,Technology,Phones,142.87,1,0.189,3.42,2024-04,2024,3.0,2.3937845593896547
ORD01696,C00759,2024-04-26 02:05:57,2024-05-01 02:05:57,Standard Class,Consumer,South,Office Supplies,Binders,461.2,8,0.08,36.4,2024-04,2024,5.0,7.8924544666088465
ORD03801,C00789,2024-04-26 19:26:30,2024-04-29 19:26:30,Standard Class,Consumer,West,Office Supplies,Storage,203.03,7,0.139,-6.3,2024-04,2024,3.0,-3.102989705954785
ORD02325,C00317,2024-04-27 00:40:00,2024-04-30 00:40:00,Standard Class,Corporate,West,Office Supplies,Appliances,57.79,4,0.187,1.24,2024-04,2024,3.0,2.1456999480879047
ORD00753,C00852,2024-04-27 00:54:36,2024-04-30 00:54:36,Standard Class,Corporate,West,Technology,Accessories,852.53,5,0.047,116.76,2024-04,2024,3.0,13.695705722965762
ORD01017,C00420,2024-04-27 05:30:26,2024-05-01 05:30:26,Standard Class,Corporate,East,Office Supplies,Art,63.7,2,0.208,-1.6,2024-04,2024,4.0,-2.511773940345369
ORD00644,C00333,2024-04-27 07:15:23,2024-05-01 07:15:23,Standard Class,Consumer,East,Technology,Laptops,847.25,5,0.198,38.36,2024-04,2024,4.0,4.527589259368545
ORD00491,C00789,2024-04-27 08:53:10,2024-04-30 08:53:10,Second Class,Corporate,North,Technology,Accessories,136.68,1,0.209,7.28,2024-04,2024,3.0,5.326309628328944
ORD02106,C00288,2024-04-27 13:03:06,2024-04-29 13:03:06,First Class,Home Office,East,Furniture,Chairs,552.75,8,0.294,-42.57,2024-04,2024,2.0,-7.701492537313433
ORD02182,C00730,2024-04-27 16:57:27,2024-05-01 16:57:27,Second Class,Home Office,East,Technology,Accessories,1024.68,7,0.097,82.01,2024-04,2024,4.0,8.003474255377288
ORD00494,C00887,2024-04-27 17:10:16,2024-04-27 17:10:16,Same Day,Corporate,South,Furniture,Tables,725.52,3,0.094,59.83,2024-04,2024,0.0,8.246499062741206
ORD02207,C00058,2024-04-27 17:28:53,2024-05-01 17:28:53,Standard Class,Consumer,West,Technology,Accessories,889.58,4,0.038,214.19,2024-04,2024,4.0,24.077654623530204
ORD01225,C00349,2024-04-28 05:12:58,2024-05-01 05:12:58,Second Class,Consumer,North,Furniture,Furnishings,724.62,3,0.174,-40.7,2024-04,2024,3.0,-5.616737048383981
ORD01478,C00120,2024-04-28 07:53:07,2024-05-01 07:53:07,First Class,Consumer,South,Furniture,Chairs,161.38,2,0.143,-7.06,2024-04,2024,3.0,-4.374767629198166
ORD00430,C00282,2024-04-28 11:13:08,2024-04-28 11:13:08,Same Day,Corporate,South,Technology,Accessories,288.58,2,0.173,-7.58,2024-04,2024,0.0,-2.626654653822164
ORD00967,C00371,2024-04-28 12:29:18,2024-04-30 12:29:18,Second Class,Home Office,East,Furniture,Furnishings,269.71,2,0.18,-14.05,2024-04,2024,2.0,-5.2092988765711326
ORD02750,C00649,2024-04-28 13:25:54,2024-05-01 13:25:54,Standard Class,Corporate,East,Technology,Accessories,738.74,5,0.035,110.09,2024-04,2024,3.0,14.902401386143977
ORD02861,C00896,2024-04-28 14:50:29,2024-04-30 14:50:29,Second Class,Consumer,West,Technology,Accessories,1499.87,8,0.191,145.7,2024-04,2024,2.0,9.714175228519805
ORD03874,C00179,2024-04-28 16:12:47,2024-05-02 16:12:47,Second Class,Consumer,East,Furniture,Tables,1500.56,7,0.267,-91.67,2024-04,2024,4.0,-6.109052620355068
ORD01482,C00851,2024-04-28 19:15:57,2024-05-01 19:15:57,Standard Class,Corporate,East,Furniture,Chairs,375.49,2,0.208,-30.32,2024-04,2024,3.0,-8.07478228448161
ORD01694,C00109,2024-04-28 21:14:48,2024-05-01 21:14:48,Standard Class,Home Office,East,Technology,Phones,1277.49,7,0.138,124.03,2024-04,2024,3.0,9.708882261309286
ORD00008,C00708,2024-04-28 21:30:31,2024-05-02 21:30:31,Standard Class,Corporate,East,Technology,Accessories,668.69,4,0.297,-39.74,2024-04,2024,4.0,-5.942963106970344
ORD01668,C00406,2024-04-29 05:28:56,2024-05-03 05:28:56,Standard Class,Consumer,North,Office Supplies,Binders,49.39,1,0.015,10.6,2024-04,2024,4.0,21.461834379429035
ORD02041,C00752,2024-04-29 06:37:21,2024-04-29 06:37:21,Same Day,Corporate,North,Technology,Accessories,134.78,1,0.029,20.72,2024-04,2024,0.0,15.373200771627838
ORD00027,C00478,2024-04-29 09:52:00,2024-05-03 09:52:00,Standard Class,Corporate,North,Technology,Accessories,690.97,5,0.304,-5.63,2024-04,2024,4.0,-0.8147965903005918
ORD03331,C00800,2024-04-29 12:55:22,2024-05-02 12:55:22,Second Class,Consumer,West,Technology,Accessories,1187.92,6,0.341,-109.07,2024-04,2024,3.0,-9.181594720183178
ORD03336,C00079,2024-04-30 00:12:07,2024-05-03 00:12:07,Second Class,Consumer,East,Furniture,Furnishings,663.24,6,0.262,-123.25,2024-04,2024,3.0,-18.583016705868165
ORD01715,C00166,2024-04-30 03:55:44,2024-05-04 03:55:44,Second Class,Corporate,South,Technology,Laptops,388.48,4,0.126,44.46,2024-04,2024,4.0,11.444604612850082
ORD02977,C00939,2024-04-30 07:29:07,2024-05-03 07:29:07,Standard Class,Corporate,East,Office Supplies,Binders,110.91,2,0.102,4.33,2024-04,2024,3.0,3.904066360111803
ORD02854,C00226,2024-04-30 12:54:54,2024-05-04 12:54:54,Standard Class,Consumer,North,Office Supplies,Art,247.99,6,0.068,18.14,2024-04,2024,4.0,7.314811081091979
ORD00194,C00410,2024-04-30 14:48:48,2024-05-05 14:48:48,Standard Class,Corporate,South,Office Supplies,Appliances,280.83,5,0.081,12.67,2024-04,2024,5.0,4.511626250756686
ORD01700,C00401,2024-04-30 16:15:15,2024-05-04 16:15:15,Second Class,Consumer,South,Technology,Laptops,137.98,1,0.163,8.08,2024-04,2024,4.0,5.855921147992463
ORD01406,C00161,2024-04-30 17:53:36,2024-05-01 17:53:36,First Class,Corporate,West,Technology,Accessories,217.0,1,0.006,47.13,2024-04,2024,1.0,21.71889400921659
ORD00777,C00919,2024-04-30 19:20:43,2024-05-05 19:20:43,Standard Class,Corporate,East,Office Supplies,Storage,308.97,8,0.109,12.81,2024-04,2024,5.0,4.146033595494708
ORD01363,C00597,2024-04-30 20:06:56,2024-05-03 20:06:56,Standard Class,Home Office,North,Office Supplies,Art,152.99,4,0.138,1.31,2024-04,2024,3.0,0.8562651153670174
ORD01201,C00256,2024-05-01 02:41:17,2024-05-06 02:41:17,Standard Class,Consumer,North,Office Supplies,Art,214.72,4,0.069,37.74,2024-05,2024,5.0,17.576378539493295
ORD02468,C00424,2024-05-01 03:48:03,2024-05-04 03:48:03,Standard Class,Consumer,East,Furniture,Furnishings,115.68,1,0.08,5.86,2024-05,2024,3.0,5.065698478561549
ORD00743,C00728,2024-05-01 04:34:29,2024-05-05 04:34:29,Second Class,Corporate,West,Office Supplies,Appliances,424.42,6,0.165,6.1,2024-05,2024,4.0,1.4372555487488807
ORD01547,C00836,2024-05-01 04:40:42,2024-05-06 04:40:42,Standard Class,Consumer,East,Office Supplies,Art,263.11,6,0.111,-2.62,2024-05,2024,5.0,-0.9957812321842575
ORD00341,C00615,2024-05-01 05:25:02,2024-05-03 05:25:02,Second Class,Corporate,South,Technology,Laptops,817.41,5,0.16,39.65,2024-05,2024,2.0,4.850686925777762
ORD01179,C00623,2024-05-01 08:04:15,2024-05-04 08:04:15,First Class,Consumer,East,Furniture,Bookcases,1059.36,6,0.077,75.2,2024-05,2024,3.0,7.0986255852590245
ORD01693,C00674,2024-05-01 21:21:55,2024-05-05 21:21:55,Second Class,Corporate,North,Office Supplies,Binders,78.35,7,0.235,-3.59,2024-05,2024,4.0,-4.582003828972559
ORD02000,C00730,2024-05-02 04:14:05,2024-05-03 04:14:05,First Class,Home Office,East,Furniture,Tables,1082.34,4,0.09,141.24,2024-05,2024,1.0,13.049503852763458
ORD00780,C00491,2024-05-02 04:41:19,2024-05-07 04:41:19,Standard Class,Consumer,West,Furniture,Tables,529.13,3,0.115,20.96,2024-05,2024,5.0,3.9612193600816434
ORD03612,C00702,2024-05-02 10:05:44,2024-05-04 10:05:44,Second Class,Consumer,North,Technology,Accessories,445.04,3,0.196,-3.64,2024-05,2024,2.0,-0.8179040086284379
ORD00718,C00765,2024-05-02 10:26:34,2024-05-05 10:26:34,Standard Class,Home Office,East,Furniture,Tables,227.45,3,0.202,-26.32,2024-05,2024,3.0,-11.571774016267312
ORD03334,C00015,2024-05-02 12:52:11,2024-05-07 12:52:11,Standard Class,Consumer,West,Technology,Laptops,510.52,3,0.276,-0.46,2024-05,2024,5.0,-0.09010420747473165
ORD01916,C00440,2024-05-02 15:22:29,2024-05-06 15:22:29,Second Class,Corporate,North,Furniture,Furnishings,936.91,6,0.083,31.77,2024-05,2024,4.0,3.390934027814838
ORD01877,C00107,2024-05-03 06:39:20,2024-05-07 06:39:20,Second Class,Consumer,West,Office Supplies,Art,574.99,8,0.197,-45.41,2024-05,2024,4.0,-7.89752865267222
ORD01612,C00806,2024-05-03 11:14:24,2024-05-06 11:14:24,Standard Class,Corporate,North,Office Supplies,Storage,164.85,6,0.266,-15.35,2024-05,2024,3.0,-9.311495298756444
ORD00935,C00614,2024-05-03 15:48:34,2024-05-08 15:48:34,Standard Class,Consumer,South,Furniture,Furnishings,510.14,6,0.194,4.285,2024-05,2024,5.0,0.8399654996667582
ORD02257,C00432,2024-05-03 17:14:28,2024-05-07 17:14:28,Standard Class,Consumer,North,Office Supplies,Storage,145.9,8,0.226,-11.42,2024-05,2024,4.0,-7.827278958190541
ORD02472,C00682,2024-05-03 19:35:56,2024-05-06 19:35:56,Standard Class,Consumer,South,Furniture,Bookcases,1236.12,8,0.257,-138.13,2024-05,2024,3.0,-11.174481441931205
ORD03522,C00008,2024-05-03 21:23:28,2024-05-07 21:23:28,Standard Class,Consumer,East,Furniture,Furnishings,431.6,3,0.375,-77.39,2024-05,2024,4.0,-17.930954587581095
ORD01605,C00276,2024-05-03 22:53:43,2024-05-06 22:53:43,Standard Class,Corporate,West,Office Supplies,Storage,72.1,2,0.331,-15.88,2024-05,2024,3.0,-22.0249653259362
ORD01693,C00623,2024-05-03 23:27:03,2024-05-06 23:27:03,Second Class,Consumer,South,Furniture,Tables,980.32,8,0.136,-67.29,2024-05,2024,3.0,-6.864085196670475
ORD02462,C00507,2024-05-04 02:01:25,2024-05-05 02:01:25,First Class,Corporate,South,Office Supplies,Paper,58.58,1,0.085,5.96,2024-05,2024,1.0,10.1741208603619
ORD03656,C00905,2024-05-04 07:20:09,2024-05-06 07:20:09,First Class,Consumer,South,Technology,Accessories,108.12,1,0.094,8.79,2024-05,2024,2.0,8.129855715871253
ORD03466,C00302,2024-05-04 08:22:39,2024-05-09 08:22:39,Standard Class,Consumer,East,Technology,Laptops,120.8,1,0.048,24.21,2024-05,2024,5.0,20.04139072847682
ORD01715,C00653,2024-05-04 12:47:19,2024-05-09 12:47:19,Standard Class,Consumer,North,Technology,Laptops,328.92,3,0.093,30.38,2024-05,2024,5.0,9.236288459199804
ORD03149,C00786,2024-05-04 23:21:52,2024-05-07 23:21:52,Standard Class,Consumer,East,Technology,Laptops,386.23,3,0.152,36.07,2024-05,2024,3.0,9.338994899412267
ORD02482,C00350,2024-05-05 01:01:25,2024-05-09 01:01:25,Standard Class,Consumer,South,Office Supplies,Storage,285.13,6,0.077,11.71,2024-05,2024,4.0,4.10689860765265
ORD02945,C00414,2024-05-05 12:44:43,2024-05-10 12:44:43,Standard Class,Consumer,West,Technology,Laptops,132.17,1,0.138,8.2,2024-05,2024,5.0,6.204131043353257
ORD01297,C00111,2024-05-05 16:03:35,2024-05-07 16:03:35,Second Class,Consumer,North,Furniture,Tables,201.39,1,0.079,-0.11,2024-05,2024,2.0,-0.054620388301305924
ORD02442,C00410,2024-05-05 16:19:17,2024-05-08 16:19:17,Standard Class,Consumer,East,Office Supplies,Paper,64.16,2,0.132,0.21,2024-05,2024,3.0,0.3273067331670823
ORD03416,C00283,2024-05-05 18:28:07,2024-05-09 18:28:07,Standard Class,Consumer,South,Office Supplies,Art,429.23,7,0.141,6.1,2024-05,2024,4.0,1.4211495002679215
ORD02159,C00795,2024-05-06 03:31:24,2024-05-09 03:31:24,Standard Class,Consumer,South,Office Supplies,Binders,110.41,2,0.155,-0.42,2024-05,2024,3.0,-0.38040032605742236
ORD01315,C00496,2024-05-06 05:58:39,2024-05-09 05:58:39,First Class,Consumer,East,Technology,Phones,728.69,5,0.263,-1.04,2024-05,2024,3.0,-0.1427218707543674
ORD01871,C00091,2024-05-06 06:51:45,2024-05-07 06:51:45,First Class,Consumer,North,Technology,Laptops,166.92,1,0.098,20.99,2024-05,2024,1.0,12.574886173017013
ORD01560,C00673,2024-05-06 09:11:59,2024-05-09 09:11:59,Standard Class,Corporate,South,Furniture,Bookcases,1417.85,7,0.328,-263.44,2024-05,2024,3.0,-18.580244736749304
ORD01109,C00543,2024-05-06 20:10:44,2024-05-09 20:10:44,Standard Class,Corporate,East,Furniture,Bookcases,458.48,3,0.127,8.71,2024-05,2024,3.0,1.8997557145349853
ORD00639,C00785,2024-05-07 03:57:05,2024-05-11 03:57:05,Standard Class,Consumer,East,Technology,Laptops,554.63,4,0.262,29.01,2024-05,2024,4.0,5.2305140363846165
ORD03640,C00686,2024-05-07 05:21:35,2024-05-12 05:21:35,Standard Class,Corporate,North,Office Supplies,Paper,82.75,5,0.111,6.51,2024-05,2024,5.0,7.867069486404834
ORD03023,C00463,2024-05-07 07:27:47,2024-05-08 07:27:47,First Class,Corporate,West,Office Supplies,Appliances,102.58,5,0.171,6.28,2024-05,2024,1.0,6.122051082082278
ORD02836,C00527,2024-05-07 11:43:06,2024-05-10 11:43:06,Standard Class,Corporate,East,Office Supplies,Appliances,108.69,5,0.146,4.37,2024-05,2024,3.0,4.020609071671727
ORD00187,C00125,2024-05-07 12:31:15,2024-05-10 12:31:15,Standard Class,Corporate,North,Office Supplies,Art,553.1,8,0.038,86.58,2024-05,2024,3.0,15.653588862773457
ORD00467,C00298,2024-05-07 14:37:31,2024-05-11 14:37:31,Standard Class,Corporate,North,Technology,Accessories,469.91,3,0.041,37.71,2024-05,2024,4.0,8.02494094613862
ORD01141,C00574,2024-05-07 21:09:48,2024-05-10 21:09:48,Standard Class,Consumer,East,Furniture,Furnishings,392.18,3,0.263,-46.33,2024-05,2024,3.0,-11.81345300627263
ORD00298,C00472,2024-05-07 21:14:39,2024-05-10 21:14:39,Second Class,Home Office,South,Furniture,Furnishings,259.82,3,0.081,-12.51,2024-05,2024,3.0,-4.814871834346855
ORD00625,C00274,2024-05-08 00:04:15,2024-05-11 00:04:15,Standard Class,Home Office,East,Office Supplies,Appliances,297.02,5,0.195,-13.22,2024-05,2024,3.0,-4.450878728705138
ORD01887,C00642,2024-05-08 02:05:54,2024-05-12 02:05:54,Standard Class,Consumer,West,Office Supplies,Binders,106.28,7,0.104,13.02,2024-05,2024,4.0,12.250658637561159
ORD01282,C00167,2024-05-08 11:30:40,2024-05-10 11:30:40,Second Class,Consumer,West,Furniture,Tables,664.64,3,0.107,29.1,2024-05,2024,2.0,4.378310062590274
ORD03359,C00472,2024-05-08 13:56:34,2024-05-10 13:56:34,Second Class,Corporate,North,Office Supplies,Paper,193.32,8,0.145,16.77,2024-05,2024,2.0,8.67473618870267
ORD03100,C00891,2024-05-08 16:37:28,2024-05-13 16:37:28,Standard Class,Corporate,East,Furniture,Bookcases,1434.15,6,0.165,-36.43,2024-05,2024,5.0,-2.5401805947773943
ORD00335,C00881,2024-05-08 17:44:58,2024-05-12 17:44:58,Standard Class,Consumer,East,Office Supplies,Binders,608.38,8,0.304,-27.19,2024-05,2024,4.0,-4.469246194812453
ORD02306,C00474,2024-05-08 17:45:49,2024-05-12 17:45:49,Standard Class,Consumer,East,Office Supplies,Storage,233.64,4,0.273,-37.13,2024-05,2024,4.0,-15.891970552987505
ORD02783,C00218,2024-05-08 19:36:26,2024-05-11 19:36:26,Second Class,Consumer,North,Technology,Phones,151.7,1,0.113,18.4,2024-05,2024,3.0,12.129202373104812
ORD01295,C00641,2024-05-08 23:12:19,2024-05-13 23:12:19,Standard Class,Consumer,North,Office Supplies,Art,127.0,2,0.273,-12.07,2024-05,2024,5.0,-9.503937007874017
ORD00357,C00838,2024-05-09 00:06:58,2024-05-13 00:06:58,Standard Class,Consumer,East,Furniture,Bookcases,272.96,1,0.098,21.11,2024-05,2024,4.0,7.73373388042204
ORD02474,C00674,2024-05-09 01:03:32,2024-05-13 01:03:32,Second Class,Consumer,North,Technology,Phones,602.81,4,0.168,28.83,2024-05,2024,4.0,4.782601483054362
ORD02868,C00276,2024-05-09 02:22:54,2024-05-12 02:22:54,First Class,Consumer,West,Technology,Laptops,512.36,3,0.154,26.97,2024-05,2024,3.0,5.263876961511437
ORD02161,C00528,2024-05-09 09:09:57,2024-05-14 09:09:57,Standard Class,Consumer,South,Technology,Laptops,515.24,4,0.146,30.59,2024-05,2024,5.0,5.937039049763217
ORD00431,C00380,2024-05-09 11:50:07,2024-05-10 11:50:07,First Class,Home Office,North,Office Supplies,Appliances,369.44,8,0.121,18.57,2024-05,2024,1.0,5.026526634906886
ORD01109,C00838,2024-05-09 13:54:55,2024-05-12 13:54:55,First Class,Corporate,North,Technology,Accessories,928.32,7,0.147,122.39,2024-05,2024,3.0,13.184031368493624
ORD03589,C00431,2024-05-09 19:36:58,2024-05-12 19:36:58,Standard Class,Corporate,East,Office Supplies,Binders,73.41,1,0.293,-14.19,2024-05,2024,3.0,-19.3297915815284
ORD03432,C00926,2024-05-09 19:39:17,2024-05-11 19:39:17,Second Class,Corporate,East,Technology,Phones,871.25,5,0.247,-19.31,2024-05,2024,2.0,-2.2163558106169297
ORD01222,C00049,2024-05-09 21:01:36,2024-05-12 21:01:36,Standard Class,Consumer,East,Furniture,Chairs,618.85,6,0.348,-138.67,2024-05,2024,3.0,-22.407691686192127
ORD00520,C00098,2024-05-10 03:07:57,2024-05-13 03:07:57,Second Class,Consumer,North,Furniture,Tables,137.94,1,0.056,15.22,2024-05,2024,3.0,11.033782804117733
ORD01839,C00024,2024-05-10 06:17:58,2024-05-12 06:17:58,Second Class,Consumer,West,Technology,Phones,271.56,2,0.109,29.43,2024-05,2024,2.0,10.83738400353513
ORD02995,C00739,2024-05-10 09:08:42,2024-05-12 09:08:42,Second Class,Consumer,North,Furniture,Bookcases,515.21,8,0.104,-24.77,2024-05,2024,2.0,-4.807748296811009
ORD00625,C00535,2024-05-10 20:46:50,2024-05-15 20:46:50,Standard Class,Home Office,South,Office Supplies,Paper,83.26,2,0.166,-0.95,2024-05,2024,5.0,-1.1410040835935622
ORD00054,C00477,2024-05-11 00:04:40,2024-05-16 00:04:40,Standard Class,Consumer,West,Office Supplies,Appliances,95.66,2,0.015,18.16,2024-05,2024,5.0,18.98390131716496
ORD00437,C00370,2024-05-11 00:42:03,2024-05-14 00:42:03,Standard Class,Consumer,East,Technology,Laptops,347.55,2,0.051,24.74,2024-05,2024,3.0,7.118400230182707
ORD00636,C00666,2024-05-11 02:02:04,2024-05-13 02:02:04,Second Class,Consumer,South,Technology,Accessories,907.57,6,0.122,125.18,2024-05,2024,2.0,13.792875480679175
ORD02308,C00187,2024-05-11 14:42:02,2024-05-15 14:42:02,Standard Class,Corporate,South,Office Supplies,Art,271.54,4,0.091,-0.93,2024-05,2024,4.0,-0.3424909773882301
ORD00504,C00801,2024-05-11 20:47:47,2024-05-16 20:47:47,Standard Class,Consumer,West,Office Supplies,Appliances,70.43,2,0.089,7.48,2024-05,2024,5.0,10.620474229731649
ORD01882,C00067,2024-05-11 21:53:56,2024-05-14 21:53:56,Second Class,Consumer,East,Technology,Laptops,885.04,6,0.126,91.38,2024-05,2024,3.0,10.3249570640875
ORD03703,C00028,2024-05-12 01:05:42,2024-05-14 01:05:42,Second Class,Consumer,West,Furniture,Chairs,1451.36,6,0.394,-277.22,2024-05,2024,2.0,-19.100705545143867
ORD02335,C00719,2024-05-12 01:50:05,2024-05-16 01:50:05,Second Class,Consumer,East,Furniture,Furnishings,632.33,4,0.232,-47.64,2024-05,2024,4.0,-7.534040769851185
ORD03763,C00715,2024-05-12 08:45:07,2024-05-16 08:45:07,Standard Class,Home Office,North,Technology,Phones,350.7,3,0.138,49.28,2024-05,2024,4.0,14.051896207584832
ORD02691,C00696,2024-05-12 11:18:10,2024-05-17 11:18:10,Standard Class,Corporate,South,Office Supplies,Appliances,241.33,4,0.302,-24.86,2024-05,2024,5.0,-10.301247254796337
ORD02329,C00677,2024-05-12 11:19:24,2024-05-16 11:19:24,Second Class,Consumer,West,Office Supplies,Paper,87.83,2,0.122,10.62,2024-05,2024,4.0,12.09154047591939
ORD02286,C00188,2024-05-12 11:51:07,2024-05-16 11:51:07,Second Class,Home Office,South,Office Supplies,Paper,50.95,3,0.203,-1.43,2024-05,2024,4.0,-2.806673209028459
ORD00406,C00494,2024-05-12 15:07:52,2024-05-16 15:07:52,Standard Class,Consumer,West,Technology,Laptops,512.24,4,0.123,35.78,2024-05,2024,4.0,6.985007027955646
ORD02591,C00561,2024-05-13 02:49:33,2024-05-16 02:49:33,Second Class,Corporate,North,Office Supplies,Storage,529.24,8,0.209,-25.27,2024-05,2024,3.0,-4.774771370266798
ORD02462,C00236,2024-05-13 05:26:53,2024-05-15 05:26:53,Same Day,Corporate,West,Furniture,Furnishings,2159.35,8,0.251,-182.14,2024-05,2024,2.0,-8.43494570125269
ORD03476,C00904,2024-05-13 06:16:10,2024-05-15 06:16:10,First Class,Consumer,North,Office Supplies,Storage,120.34,6,0.208,4.69,2024-05,2024,2.0,3.8972910088083763
ORD03733,C00043,2024-05-13 10:48:34,2024-05-15 10:48:34,Second Class,Consumer,North,Technology,Laptops,865.48,7,0.1,37.57,2024-05,2024,2.0,4.340943753755141
ORD02229,C00430,2024-05-13 12:41:05,2024-05-16 12:41:05,First Class,Consumer,West,Technology,Accessories,349.1,2,0.16,8.88,2024-05,2024,3.0,2.5436837582354626
ORD00029,C00254,2024-05-13 21:25:38,2024-05-15 21:25:38,Second Class,Corporate,West,Furniture,Bookcases,763.63,8,0.129,-42.96,2024-05,2024,2.0,-5.625761167057345
ORD02631,C00603,2024-05-13 23:30:07,2024-05-17 23:30:07,Second Class,Home Office,East,Office Supplies,Art,432.57,6,0.264,-55.94,2024-05,2024,4.0,-12.932011003999353
ORD01360,C00151,2024-05-13 23:49:08,2024-05-17 23:49:08,Standard Class,Consumer,East,Furniture,Chairs,703.43,3,0.269,-90.82,2024-05,2024,4.0,-12.911021707916923
ORD03123,C00385,2024-05-14 01:20:02,2024-05-18 01:20:02,Standard Class,Consumer,East,Furniture,Furnishings,428.66,2,0.055,24.09,2024-05,2024,4.0,5.619838566696216
ORD01124,C00168,2024-05-15 03:07:13,2024-05-19 03:07:13,Second Class,Consumer,West,Office Supplies,Storage,29.21,1,0.146,1.85,2024-05,2024,4.0,6.333447449503595
ORD03479,C00741,2024-05-15 04:20:31,2024-05-19 04:20:31,Second Class,Consumer,South,Technology,Laptops,1209.63,8,0.316,6.34,2024-05,2024,4.0,0.5241272124533948
ORD02237,C00683,2024-05-15 05:15:44,2024-05-18 05:15:44,Second Class,Home Office,East,Technology,Accessories,1311.65,8,0.305,-147.07,2024-05,2024,3.0,-11.212594823314145
ORD02060,C00625,2024-05-15 05:32:05,2024-05-18 05:32:05,Standard Class,Consumer,South,Furniture,Chairs,1119.49,5,0.123,-2.14,2024-05,2024,3.0,-0.19115847394795846
ORD00308,C00937,2024-05-15 07:46:29,2024-05-19 07:46:29,Standard Class,Consumer,South,Furniture,Furnishings,1292.71,6,0.249,-52.96,2024-05,2024,4.0,-4.096819859055782
ORD03755,C00687,2024-05-15 11:41:23,2024-05-19 11:41:23,Second Class,Corporate,North,Furniture,Tables,1545.28,6,0.158,38.65,2024-05,2024,4.0,2.501164837440464
ORD02209,C00090,2024-05-15 13:59:04,2024-05-19 13:59:04,Standard Class,Home Office,North,Technology,Accessories,1026.23,6,0.036,242.67,2024-05,2024,4.0,23.64674585619208
ORD01382,C00352,2024-05-15 14:37:21,2024-05-18 14:37:21,Second Class,Corporate,South,Furniture,Tables,378.43,3,0.086,8.01,2024-05,2024,3.0,2.1166398012842533
ORD00192,C00921,2024-05-15 18:16:18,2024-05-18 18:16:18,Second Class,Consumer,South,Office Supplies,Art,247.55,7,0.187,-21.0,2024-05,2024,3.0,-8.483134720258533
ORD02089,C00155,2024-05-16 03:11:14,2024-05-18 03:11:14,First Class,Consumer,East,Office Supplies,Binders,181.6,4,0.142,-1.91,2024-05,2024,2.0,-1.051762114537445
ORD01177,C00480,2024-05-16 06:49:30,2024-05-21 06:49:30,Standard Class,Home Office,West,Office Supplies,Appliances,53.66,1,0.13,1.94,2024-05,2024,5.0,3.6153559448378685
ORD01056,C00830,2024-05-16 13:44:30,2024-05-21 13:44:30,Standard Class,Consumer,North,Office Supplies,Binders,62.8,4,0.079,5.37,2024-05,2024,5.0,8.55095541401274
ORD00316,C00554,2024-05-16 16:25:34,2024-05-19 16:25:34,Second Class,Corporate,East,Office Supplies,Storage,188.39,8,0.019,39.69,2024-05,2024,3.0,21.067997239768566
ORD00971,C00926,2024-05-16 17:37:03,2024-05-18 17:37:03,Second Class,Home Office,East,Office Supplies,Storage,244.95,7,0.322,-25.94,2024-05,2024,2.0,-10.58991630945091
ORD02930,C00567,2024-05-16 19:14:04,2024-05-17 19:14:04,First Class,Consumer,East,Technology,Laptops,1368.77,7,0.016,303.0,2024-05,2024,1.0,22.136662843282657
ORD02009,C00894,2024-05-16 22:38:28,2024-05-18 22:38:28,First Class,Consumer,West,Office Supplies,Storage,96.55,3,0.134,4.21,2024-05,2024,2.0,4.360435007767996
ORD02494,C00547,2024-05-16 22:54:53,2024-05-18 22:54:53,Same Day,Corporate,South,Office Supplies,Paper,227.53,7,0.121,16.48,2024-05,2024,2.0,7.243000922955215
ORD02458,C00682,2024-05-17 04:04:14,2024-05-19 04:04:14,First Class,Corporate,North,Office Supplies,Paper,112.61,5,0.022,15.95,2024-05,2024,2.0,14.16392860314359
ORD02147,C00663,2024-05-17 08:03:16,2024-05-20 08:03:16,Second Class,Corporate,West,Technology,Phones,1007.93,7,0.144,132.68,2024-05,2024,3.0,13.163612552459
ORD00047,C00766,2024-05-17 09:42:18,2024-05-22 09:42:18,Standard Class,Consumer,North,Office Supplies,Appliances,130.22,3,0.148,6.45,2024-05,2024,5.0,4.953156197204731
ORD01855,C00830,2024-05-17 11:24:03,2024-05-18 11:24:03,First Class,Consumer,East,Office Supplies,Storage,70.99,4,0.284,-5.77,2024-05,2024,1.0,-8.12790533878011
ORD01383,C00079,2024-05-17 14:04:11,2024-05-19 14:04:11,Second Class,Corporate,East,Technology,Laptops,797.28,5,0.057,131.92,2024-05,2024,2.0,16.546257274734096
ORD01432,C00230,2024-05-17 15:02:58,2024-05-22 15:02:58,Standard Class,Consumer,West,Office Supplies,Paper,423.34,7,0.026,46.58,2024-05,2024,5.0,11.0029763310814
ORD02041,C00207,2024-05-17 18:14:16,2024-05-21 18:14:16,Standard Class,Home Office,West,Furniture,Furnishings,129.37,1,0.354,-37.69,2024-05,2024,4.0,-29.133493081858237
ORD00119,C00313,2024-05-17 20:24:50,2024-05-21 20:24:50,Second Class,Consumer,West,Office Supplies,Art,153.14,2,0.238,-2.32,2024-05,2024,4.0,-1.5149536371947239
ORD01407,C00158,2024-05-18 00:13:07,2024-05-23 00:13:07,Standard Class,Consumer,East,Furniture,Furnishings,1016.16,5,0.298,-165.11,2024-05,2024,5.0,-16.248425444811843
ORD02549,C00406,2024-05-18 05:38:54,2024-05-21 05:38:54,Standard Class,Consumer,East,Technology,Accessories,367.82,2,0.021,58.5,2024-05,2024,3.0,15.904518514490784
ORD02566,C00718,2024-05-18 07:32:17,2024-05-21 07:32:17,Standard Class,Corporate,South,Technology,Accessories,1196.04,7,0.144,18.97,2024-05,2024,3.0,1.5860673556068356
ORD00457,C00167,2024-05-18 07:57:17,2024-05-23 07:57:17,Standard Class,Consumer,West,Technology,Accessories,136.78,1,0.09,19.67,2024-05,2024,5.0,14.380757420675538
ORD02580,C00549,2024-05-18 11:16:55,2024-05-22 11:16:55,Second Class,Corporate,East,Office Supplies,Storage,257.26,4,0.211,7.36,2024-05,2024,4.0,2.8609189147166294
ORD02900,C00004,2024-05-18 12:41:45,2024-05-22 12:41:45,Standard Class,Consumer,West,Office Supplies,Appliances,138.59,2,0.354,-20.91,2024-05,2024,4.0,-15.087668662962695
ORD03063,C00497,2024-05-18 17:35:31,2024-05-23 17:35:31,Standard Class,Corporate,South,Furniture,Furnishings,842.59,4,0.226,-27.45,2024-05,2024,5.0,-3.257812221839803
ORD03188,C00408,2024-05-18 18:02:33,2024-05-21 18:02:33,First Class,Consumer,West,Technology,Laptops,138.53,1,0.132,21.17,2024-05,2024,3.0,15.281888399624632
ORD01728,C00556,2024-05-19 16:34:44,2024-05-22 16:34:44,Standard Class,Corporate,West,Technology,Laptops,848.67,5,0.124,140.99,2024-05,2024,3.0,16.61305336585481
ORD02346,C00689,2024-05-19 17:52:12,2024-05-23 17:52:12,Second Class,Consumer,East,Technology,Accessories,1345.54,7,0.158,200.29,2024-05,2024,4.0,14.885473490197242
ORD01795,C00802,2024-05-19 20:53:05,2024-05-22 20:53:05,Second Class,Consumer,West,Furniture,Bookcases,597.41,6,0.184,-19.69,2024-05,2024,3.0,-3.2958939421837607
ORD02835,C00710,2024-05-20 02:27:31,2024-05-23 02:27:31,Standard Class,Corporate,West,Technology,Accessories,547.53,4,0.039,101.31,2024-05,2024,3.0,18.503095720782426
ORD01693,C00191,2024-05-20 07:59:18,2024-05-25 07:59:18,Standard Class,Corporate,East,Furniture,Furnishings,528.47,3,0.146,-14.28,2024-05,2024,5.0,-2.7021401404053207
ORD02971,C00779,2024-05-20 09:06:28,2024-05-23 09:06:28,First Class,Home Office,North,Office Supplies,Paper,39.51,3,0.076,2.47,2024-05,2024,3.0,6.2515818780055685
ORD01566,C00001,2024-05-20 09:07:09,2024-05-24 09:07:09,Standard Class,Corporate,South,Technology,Phones,590.66,4,0.159,63.53,2024-05,2024,4.0,10.755764737750992
ORD00067,C00409,2024-05-20 13:40:11,2024-05-23 13:40:11,Standard Class,Consumer,East,Office Supplies,Appliances,199.58,5,0.059,5.63,2024-05,2024,3.0,2.8209239402745765
ORD01484,C00024,2024-05-20 14:11:28,2024-05-22 14:11:28,First Class,Consumer,North,Technology,Accessories,1046.18,8,0.084,178.36,2024-05,2024,2.0,17.04869142977308
ORD02580,C00553,2024-05-20 20:20:21,2024-05-24 20:20:21,Standard Class,Corporate,North,Office Supplies,Binders,278.63,7,0.095,35.14,2024-05,2024,4.0,12.611707282058646
ORD01997,C00229,2024-05-20 22:05:12,2024-05-23 22:05:12,Second Class,Consumer,South,Furniture,Tables,475.42,3,0.125,-48.55,2024-05,2024,3.0,-10.21202305330024
ORD00623,C00217,2024-05-20 22:55:28,2024-05-22 22:55:28,First Class,Consumer,South,Technology,Phones,796.71,6,0.139,54.98,2024-05,2024,2.0,6.900879868459037
ORD00045,C00426,2024-05-21 01:00:35,2024-05-25 01:00:35,Second Class,Corporate,South,Office Supplies,Binders,197.55,5,0.094,-4.97,2024-05,2024,4.0,-2.5158187800556817
ORD00929,C00620,2024-05-21 08:26:03,2024-05-24 08:26:03,Standard Class,Consumer,West,Office Supplies,Storage,16.09,1,0.201,0.24,2024-05,2024,3.0,1.4916096954630205
ORD01187,C00729,2024-05-21 21:39:38,2024-05-26 21:39:38,Standard Class,Consumer,South,Furniture,Chairs,1358.81,6,0.135,-16.74,2024-05,2024,5.0,-1.2319603182196186
ORD00348,C00363,2024-05-22 02:04:12,2024-05-27 02:04:12,Standard Class,Home Office,South,Furniture,Bookcases,59.66,1,0.263,-5.81,2024-05,2024,5.0,-9.738518270197789
ORD02084,C00932,2024-05-22 05:16:42,2024-05-24 05:16:42,Second Class,Home Office,East,Office Supplies,Art,374.41,8,0.141,39.56,2024-05,2024,2.0,10.565957105846532
ORD03045,C00120,2024-05-22 06:20:45,2024-05-25 06:20:45,Standard Class,Consumer,West,Office Supplies,Storage,289.82,4,0.108,0.68,2024-05,2024,3.0,0.23462839003519428
ORD01408,C00699,2024-05-22 10:34:36,2024-05-26 10:34:36,Standard Class,Corporate,North,Technology,Laptops,148.3,1,0.383,-22.36,2024-05,2024,4.0,-15.077545515846255
ORD02541,C00737,2024-05-22 11:39:01,2024-05-24 11:39:01,Second Class,Consumer,South,Office Supplies,Paper,341.85,8,0.155,28.45,2024-05,2024,2.0,8.322363609770367
ORD01896,C00019,2024-05-22 12:23:32,2024-05-25 12:23:32,Standard Class,Consumer,East,Furniture,Furnishings,951.52,6,0.16,-22.72,2024-05,2024,3.0,-2.3877585337144778
ORD01638,C00373,2024-05-22 16:55:25,2024-05-26 16:55:25,Second Class,Corporate,North,Technology,Accessories,1034.33,8,0.239,-63.76,2024-05,2024,4.0,-6.164376939661423
ORD02958,C00760,2024-05-22 17:05:12,2024-05-27 17:05:12,Standard Class,Consumer,North,Furniture,Tables,412.7,2,0.225,-9.56,2024-05,2024,5.0,-2.31645262902835
ORD02452,C00380,2024-05-23 05:19:13,2024-05-27 05:19:13,Standard Class,Corporate,South,Office Supplies,Appliances,339.81,6,0.054,23.23,2024-05,2024,4.0,6.836173155586946
ORD00976,C00775,2024-05-23 09:32:07,2024-05-26 09:32:07,Second Class,Corporate,West,Office Supplies,Binders,129.29,4,0.236,-3.46,2024-05,2024,3.0,-2.676154381622709
ORD01689,C00108,2024-05-23 10:13:38,2024-05-26 10:13:38,Standard Class,Consumer,North,Office Supplies,Storage,276.05,5,0.153,11.62,2024-05,2024,3.0,4.209382358268429
ORD02580,C00697,2024-05-23 14:55:22,2024-05-26 14:55:22,Standard Class,Corporate,North,Furniture,Furnishings,1304.56,6,0.234,-139.45,2024-05,2024,3.0,-10.689427853069233
ORD01442,C00225,2024-05-23 15:36:09,2024-05-24 15:36:09,Same Day,Consumer,North,Technology,Laptops,886.05,6,0.137,63.49,2024-05,2024,1.0,7.165509847074094
ORD01017,C00195,2024-05-23 18:43:52,2024-05-25 18:43:52,Second Class,Consumer,South,Office Supplies,Binders,302.75,8,0.158,5.79,2024-05,2024,2.0,1.912469033856317
ORD01767,C00449,2024-05-23 18:58:06,2024-05-28 18:58:06,Standard Class,Corporate,North,Furniture,Tables,500.03,4,0.26,-38.4,2024-05,2024,5.0,-7.679539227646341
ORD03434,C00445,2024-05-24 07:07:31,2024-05-27 07:07:31,Standard Class,Consumer,South,Office Supplies,Binders,244.22,8,0.105,12.61,2024-05,2024,3.0,5.163377282777823
ORD00168,C00489,2024-05-24 09:37:42,2024-05-29 09:37:42,Standard Class,Corporate,North,Technology,Phones,498.11,3,0.225,-14.68,2024-05,2024,5.0,-2.9471401899178895
ORD00719,C00090,2024-05-24 11:50:28,2024-05-26 11:50:28,First Class,Consumer,North,Technology,Phones,245.01,2,0.074,36.28,2024-05,2024,2.0,14.807558875147956
ORD00776,C00386,2024-05-24 16:24:55,2024-05-25 16:24:55,First Class,Home Office,West,Office Supplies,Paper,452.88,8,0.094,91.03,2024-05,2024,1.0,20.10024730612966
ORD02716,C00570,2024-05-24 16:32:17,2024-05-27 16:32:17,Standard Class,Consumer,West,Office Supplies,Art,49.17,2,0.074,7.25,2024-05,2024,3.0,14.744763066910718
ORD01819,C00637,2024-05-24 23:11:08,2024-05-28 23:11:08,Standard Class,Corporate,West,Furniture,Chairs,969.76,8,0.179,-78.54,2024-05,2024,4.0,-8.0989110707804
ORD01543,C00766,2024-05-25 02:04:09,2024-05-30 02:04:09,Standard Class,Corporate,South,Office Supplies,Art,237.32,7,0.27,-25.22,2024-05,2024,5.0,-10.627001516939155
ORD00652,C00717,2024-05-25 09:25:54,2024-05-29 09:25:54,Standard Class,Home Office,East,Office Supplies,Art,292.39,5,0.251,-21.35,2024-05,2024,4.0,-7.30189130955231
ORD03110,C00769,2024-05-25 15:58:32,2024-05-28 15:58:32,Standard Class,Consumer,North,Furniture,Chairs,146.02,1,0.193,-5.62,2024-05,2024,3.0,-3.8487878372825644
ORD01752,C00698,2024-05-25 19:50:08,2024-05-29 19:50:08,Standard Class,Corporate,West,Technology,Accessories,890.64,7,0.163,20.4,2024-05,2024,4.0,2.2904877391538667
ORD01962,C00023,2024-05-25 20:04:09,2024-05-28 20:04:09,Standard Class,Home Office,East,Office Supplies,Appliances,177.04,5,0.155,3.22,2024-05,2024,3.0,1.8187980117487574
ORD01081,C00127,2024-05-25 20:33:07,2024-05-28 20:33:07,Standard Class,Consumer,South,Office Supplies,Art,134.0,3,0.124,1.91,2024-05,2024,3.0,1.425373134328358
ORD02573,C00888,2024-05-25 22:11:49,2024-05-29 22:11:49,Standard Class,Corporate,North,Office Supplies,Storage,348.9,8,0.13,9.94,2024-05,2024,4.0,2.8489538549727715
ORD03539,C00849,2024-05-25 22:23:30,2024-05-28 22:23:30,Standard Class,Consumer,South,Office Supplies,Appliances,417.3,7,0.062,23.19,2024-05,2024,3.0,5.557153127246585
ORD02700,C00446,2024-05-26 03:12:49,2024-05-28 03:12:49,Second Class,Corporate,East,Office Supplies,Paper,78.72,5,0.082,3.21,2024-05,2024,2.0,4.077743902439025
ORD02807,C00722,2024-05-26 08:25:08,2024-05-29 08:25:08,Second Class,Consumer,East,Technology,Accessories,1098.44,6,0.257,-62.26,2024-05,2024,3.0,-5.6680383088744035
ORD03748,C00731,2024-05-26 09:51:16,2024-05-28 09:51:16,Second Class,Home Office,South,Office Supplies,Storage,165.41,4,0.238,-10.58,2024-05,2024,2.0,-6.39622755577051
ORD02633,C00482,2024-05-26 23:37:21,2024-05-27 23:37:21,First Class,Corporate,North,Furniture,Chairs,774.48,8,0.106,40.2,2024-05,2024,1.0,5.190579485590332
ORD01124,C00447,2024-05-27 01:42:53,2024-05-31 01:42:53,Standard Class,Corporate,South,Office Supplies,Appliances,401.07,6,0.14,-2.57,2024-05,2024,4.0,-0.6407858977235894
ORD03231,C00311,2024-05-27 01:44:46,2024-05-30 01:44:46,First Class,Corporate,West,Furniture,Bookcases,587.04,2,0.2,-41.08,2024-05,2024,3.0,-6.99781956936495
ORD03627,C00037,2024-05-27 02:53:33,2024-05-30 02:53:33,Second Class,Home Office,East,Office Supplies,Binders,119.84,5,0.133,6.87,2024-05,2024,3.0,5.7326435246996
ORD03741,C00133,2024-05-27 07:13:21,2024-05-30 07:13:21,Standard Class,Consumer,South,Furniture,Furnishings,769.0,8,0.231,-100.27,2024-05,2024,3.0,-13.039011703511052
ORD01147,C00028,2024-05-27 08:42:51,2024-05-29 08:42:51,Second Class,Consumer,West,Office Supplies,Appliances,76.73,1,0.075,10.42,2024-05,2024,2.0,13.580086015899909
ORD01667,C00732,2024-05-27 10:40:21,2024-06-01 10:40:21,Standard Class,Consumer,East,Technology,Laptops,856.35,7,0.094,84.34,2024-05,2024,5.0,9.84877678519297
ORD02678,C00651,2024-05-27 12:35:00,2024-05-31 12:35:00,Second Class,Corporate,North,Office Supplies,Appliances,107.07,4,0.195,3.57,2024-05,2024,4.0,3.3342673017652
ORD00263,C00116,2024-05-27 13:02:33,2024-06-01 13:02:33,Standard Class,Home Office,East,Office Supplies,Storage,361.93,8,0.333,-57.67,2024-05,2024,5.0,-15.934020390683282
ORD03398,C00484,2024-05-27 17:17:09,2024-05-30 17:17:09,First Class,Consumer,South,Technology,Phones,600.31,4,0.197,15.75,2024-05,2024,3.0,2.6236444503673106
ORD02400,C00546,2024-05-27 17:24:22,2024-05-30 17:24:22,Standard Class,Corporate,North,Technology,Accessories,976.53,7,0.186,33.82,2024-05,2024,3.0,3.4632832580668285
ORD02660,C00808,2024-05-27 18:07:42,2024-05-30 18:07:42,Standard Class,Corporate,North,Furniture,Tables,829.3,4,0.097,60.79,2024-05,2024,3.0,7.330278548173158
ORD02493,C00084,2024-05-27 20:11:33,2024-06-01 20:11:33,Standard Class,Consumer,North,Technology,Phones,597.88,4,0.172,59.64,2024-05,2024,5.0,9.975245868736202
ORD00835,C00904,2024-05-27 23:58:30,2024-05-31 23:58:30,Second Class,Corporate,West,Technology,Laptops,621.6,5,0.039,78.8,2024-05,2024,4.0,12.676962676962674
ORD00587,C00308,2024-05-28 00:53:19,2024-05-31 00:53:19,Standard Class,Consumer,West,Technology,Phones,162.79,1,0.053,14.62,2024-05,2024,3.0,8.980895632409853
ORD03135,C00662,2024-05-28 05:58:46,2024-05-30 05:58:46,Same Day,Corporate,South,Furniture,Bookcases,710.71,6,0.251,-109.52,2024-05,2024,2.0,-15.40994217050555
ORD00210,C00825,2024-05-28 12:21:32,2024-06-02 12:21:32,Standard Class,Corporate,West,Technology,Phones,1193.55,8,0.097,256.26,2024-05,2024,5.0,21.47040341837376
ORD03677,C00855,2024-05-28 19:38:17,2024-05-31 19:38:17,First Class,Consumer,East,Furniture,Furnishings,1054.76,8,0.146,43.87,2024-05,2024,3.0,4.15924001668626
ORD01640,C00091,2024-05-29 05:02:30,2024-06-02 05:02:30,Standard Class,Consumer,West,Office Supplies,Storage,66.61,4,0.195,0.9,2024-05,2024,4.0,1.351148476204774
ORD00905,C00031,2024-05-29 06:16:30,2024-05-31 06:16:30,First Class,Corporate,East,Furniture,Furnishings,1675.17,8,0.192,-80.21,2024-05,2024,2.0,-4.788170752819116
ORD02195,C00144,2024-05-29 20:30:51,2024-05-30 20:30:51,Same Day,Consumer,East,Office Supplies,Paper,124.18,8,0.065,20.76,2024-05,2024,1.0,16.7176679014334
ORD03065,C00500,2024-05-29 22:26:16,2024-05-30 22:26:16,First Class,Corporate,North,Furniture,Tables,190.43,1,0.201,-23.78,2024-05,2024,1.0,-12.487528225594707
ORD02312,C00647,2024-05-30 05:57:45,2024-06-04 05:57:45,Standard Class,Corporate,North,Office Supplies,Storage,56.06,4,0.354,-5.1,2024-05,2024,5.0,-9.097395647520514
ORD00806,C00465,2024-05-30 10:42:15,2024-06-04 10:42:15,Standard Class,Consumer,West,Technology,Laptops,550.58,4,0.149,56.6,2024-05,2024,5.0,10.280068291619745
ORD00632,C00407,2024-05-30 18:15:51,2024-06-02 18:15:51,First Class,Corporate,South,Office Supplies,Appliances,78.38,4,0.116,1.79,2024-05,2024,3.0,2.283745853534065
ORD00679,C00737,2024-05-30 23:22:22,2024-06-01 23:22:22,Second Class,Consumer,West,Office Supplies,Paper,200.3,3,0.109,8.01,2024-05,2024,2.0,3.99900149775337
ORD01155,C00727,2024-05-31 02:22:47,2024-06-02 02:22:47,First Class,Corporate,East,Office Supplies,Storage,155.7,3,0.006,30.39,2024-05,2024,2.0,19.518304431599233
ORD02411,C00469,2024-05-31 02:59:59,2024-06-05 02:59:59,Standard Class,Consumer,West,Technology,Accessories,1416.74,8,0.012,298.72,2024-05,2024,5.0,21.08502618687974
ORD00220,C00809,2024-05-31 11:02:40,2024-06-01 11:02:40,First Class,Corporate,South,Furniture,Bookcases,286.6,3,0.173,3.03,2024-05,2024,1.0,1.0572226099092812
ORD00966,C00880,2024-05-31 11:09:45,2024-06-04 11:09:45,Standard Class,Consumer,South,Furniture,Furnishings,720.36,3,0.237,-57.59,2024-05,2024,4.0,-7.994613804209007
ORD02089,C00689,2024-05-31 15:12:22,2024-06-02 15:12:22,Same Day,Consumer,North,Technology,Accessories,383.03,3,0.176,18.71,2024-05,2024,2.0,4.884734877163669
ORD02944,C00059,2024-05-31 20:07:34,2024-06-04 20:07:34,Standard Class,Consumer,South,Furniture,Tables,152.69,1,0.141,-2.25,2024-05,2024,4.0,-1.473573907918004
ORD01288,C00639,2024-06-01 00:47:54,2024-06-05 00:47:54,Standard Class,Consumer,North,Technology,Laptops,1038.79,7,0.219,11.05,2024-06,2024,4.0,1.0637376178053315
ORD03465,C00905,2024-06-01 02:48:21,2024-06-02 02:48:21,First Class,Consumer,West,Technology,Laptops,711.15,5,0.07,117.35,2024-06,2024,1.0,16.501441327427404
ORD02074,C00865,2024-06-01 10:48:01,2024-06-01 10:48:01,Same Day,Consumer,East,Technology,Phones,347.11,2,0.084,52.1,2024-06,2024,0.0,15.009651119241738
ORD01756,C00264,2024-06-01 14:41:24,2024-06-03 14:41:24,Same Day,Consumer,West,Office Supplies,Paper,351.11,5,0.212,4.05,2024-06,2024,2.0,1.1534846629261484
ORD01003,C00037,2024-06-02 06:38:53,2024-06-05 06:38:53,Standard Class,Home Office,North,Office Supplies,Appliances,195.26,5,0.296,-25.75,2024-06,2024,3.0,-13.187544812045479
ORD02804,C00687,2024-06-02 06:48:40,2024-06-05 06:48:40,Second Class,Consumer,North,Office Supplies,Storage,247.37,7,0.073,19.05,2024-06,2024,3.0,7.701014674374419
ORD01668,C00555,2024-06-02 06:52:23,2024-06-07 06:52:23,Standard Class,Corporate,East,Office Supplies,Art,345.52,7,0.147,37.56,2024-06,2024,5.0,10.870571891641585
ORD02080,C00657,2024-06-02 13:15:14,2024-06-04 13:15:14,Second Class,Consumer,North,Office Supplies,Paper,52.71,1,0.289,-4.83,2024-06,2024,2.0,-9.163346613545817
ORD03271,C00041,2024-06-02 18:24:28,2024-06-04 18:24:28,Second Class,Corporate,East,Technology,Accessories,185.07,1,0.118,6.82,2024-06,2024,2.0,3.6850921273031827
ORD01805,C00829,2024-06-02 23:34:13,2024-06-06 23:34:13,Second Class,Corporate,West,Office Supplies,Art,246.6,5,0.067,47.07,2024-06,2024,4.0,19.087591240875913
ORD01939,C00334,2024-06-03 13:55:57,2024-06-06 13:55:57,Second Class,Consumer,South,Office Supplies,Storage,88.68,2,0.207,2.98,2024-06,2024,3.0,3.360396932792061
ORD03070,C00498,2024-06-03 14:14:53,2024-06-07 14:14:53,Second Class,Consumer,North,Furniture,Tables,770.88,4,0.182,-78.39,2024-06,2024,4.0,-10.16889788293898
ORD02342,C00557,2024-06-03 17:26:41,2024-06-06 17:26:41,Second Class,Consumer,West,Office Supplies,Appliances,124.03,2,0.197,-2.01,2024-06,2024,3.0,-1.6205756671772955
ORD03342,C00177,2024-06-03 20:49:21,2024-06-08 20:49:21,Standard Class,Home Office,South,Technology,Laptops,703.51,6,0.045,130.66,2024-06,2024,5.0,18.57258603289221
ORD00628,C00715,2024-06-03 23:05:43,2024-06-08 23:05:43,Standard Class,Consumer,West,Technology,Accessories,276.43,2,0.302,-14.33,2024-06,2024,5.0,-5.183952537712983
ORD01718,C00371,2024-06-04 13:04:22,2024-06-07 13:04:22,Standard Class,Consumer,North,Furniture,Furnishings,88.32,1,0.415,-15.97,2024-06,2024,3.0,-18.08197463768116
ORD03318,C00344,2024-06-05 02:18:57,2024-06-10 02:18:57,Standard Class,Consumer,South,Office Supplies,Appliances,248.84,6,0.103,-6.38,2024-06,2024,5.0,-2.5638964796656483
ORD01221,C00872,2024-06-05 06:53:48,2024-06-10 06:53:48,Standard Class,Consumer,North,Technology,Phones,924.8,7,0.091,185.65,2024-06,2024,5.0,20.0746107266436
ORD01945,C00623,2024-06-05 10:59:54,2024-06-08 10:59:54,First Class,Home Office,South,Furniture,Chairs,65.14,1,0.307,-10.22,2024-06,2024,3.0,-15.689284617746393
ORD01801,C00836,2024-06-05 14:43:22,2024-06-07 14:43:22,First Class,Consumer,East,Office Supplies,Art,63.09,3,0.007,9.96,2024-06,2024,2.0,15.786970993818356
ORD00286,C00465,2024-06-05 15:31:24,2024-06-09 15:31:24,Second Class,Consumer,East,Furniture,Bookcases,417.7,3,0.239,-46.32,2024-06,2024,4.0,-11.089298539621737
ORD03824,C00158,2024-06-05 20:19:25,2024-06-10 20:19:25,Standard Class,Home Office,West,Technology,Accessories,399.45,3,0.18,-0.76,2024-06,2024,5.0,-0.19026160971335587
ORD03380,C00393,2024-06-06 01:55:24,2024-06-09 01:55:24,Second Class,Consumer,North,Office Supplies,Paper,69.43,2,0.049,4.07,2024-06,2024,3.0,5.862019300014403
ORD00942,C00170,2024-06-06 03:04:13,2024-06-08 03:04:13,Second Class,Corporate,South,Furniture,Tables,614.53,5,0.136,40.5,2024-06,2024,2.0,6.5904024213626675
ORD03680,C00860,2024-06-06 06:27:11,2024-06-08 06:27:11,First Class,Consumer,West,Technology,Accessories,915.58,7,0.056,168.65,2024-06,2024,2.0,18.420017912143123
ORD02573,C00933,2024-06-06 07:25:31,2024-06-08 07:25:31,First Class,Corporate,North,Technology,Phones,720.02,5,0.056,65.88,2024-06,2024,2.0,9.149745840393322
ORD03246,C00666,2024-06-06 07:28:29,2024-06-11 07:28:29,Standard Class,Consumer,South,Furniture,Bookcases,651.39,7,0.194,-64.72,2024-06,2024,5.0,-9.93567601590445
ORD01478,C00875,2024-06-06 08:15:44,2024-06-09 08:15:44,Standard Class,Consumer,South,Technology,Accessories,1028.47,8,0.239,-97.52,2024-06,2024,3.0,-9.482046146217197
ORD03348,C00681,2024-06-06 09:47:26,2024-06-08 09:47:26,Second Class,Corporate,East,Furniture,Tables,1183.65,8,0.169,-14.26,2024-06,2024,2.0,-1.2047480251763611
ORD03675,C00726,2024-06-06 15:00:08,2024-06-10 15:00:08,Second Class,Corporate,West,Technology,Accessories,734.31,6,0.052,87.51,2024-06,2024,4.0,11.91731012787515
ORD02773,C00702,2024-06-06 22:33:06,2024-06-11 22:33:06,Standard Class,Consumer,South,Technology,Accessories,888.46,7,0.372,-131.63,2024-06,2024,5.0,-14.815523490083965
ORD03214,C00089,2024-06-07 03:13:25,2024-06-11 03:13:25,Standard Class,Consumer,East,Furniture,Tables,719.02,3,0.119,15.92,2024-06,2024,4.0,2.214124780951851
ORD01370,C00023,2024-06-07 07:21:48,2024-06-10 07:21:48,Standard Class,Consumer,North,Technology,Phones,805.75,6,0.171,36.33,2024-06,2024,3.0,4.508842693143034
ORD02348,C00408,2024-06-07 08:22:13,2024-06-12 08:22:13,Standard Class,Consumer,West,Furniture,Furnishings,1366.14,7,0.167,9.5,2024-06,2024,5.0,0.6953899307538026
ORD03768,C00332,2024-06-07 20:51:06,2024-06-08 20:51:06,Same Day,Consumer,East,Technology,Phones,265.82,2,0.076,33.79,2024-06,2024,1.0,12.711609359717102
ORD03791,C00104,2024-06-08 15:41:52,2024-06-11 15:41:52,Standard Class,Home Office,South,Office Supplies,Appliances,140.87,3,0.082,9.83,2024-06,2024,3.0,6.9780648825157945
ORD03861,C00077,2024-06-08 18:22:04,2024-06-11 18:22:04,Second Class,Corporate,West,Furniture,Furnishings,328.18,2,0.097,23.3,2024-06,2024,3.0,7.0997623255530495
ORD01554,C00672,2024-06-08 23:15:29,2024-06-13 23:15:29,Standard Class,Consumer,North,Office Supplies,Art,384.48,8,0.106,20.8,2024-06,2024,5.0,5.409904286308781
ORD01726,C00762,2024-06-09 00:11:42,2024-06-11 00:11:42,Same Day,Consumer,North,Furniture,Furnishings,550.85,6,0.111,8.56,2024-06,2024,2.0,1.5539620586366525
ORD00104,C00053,2024-06-09 05:29:06,2024-06-13 05:29:06,Standard Class,Consumer,North,Furniture,Chairs,652.95,3,0.084,11.38,2024-06,2024,4.0,1.7428593307297648
ORD01879,C00805,2024-06-09 07:02:04,2024-06-11 07:02:04,Second Class,Corporate,West,Office Supplies,Paper,110.68,5,0.138,16.29,2024-06,2024,2.0,14.718106252258762
ORD02836,C00533,2024-06-09 17:09:58,2024-06-14 17:09:58,Standard Class,Consumer,East,Office Supplies,Art,386.29,7,0.202,-8.76,2024-06,2024,5.0,-2.267726319604442
ORD01167,C00780,2024-06-10 04:22:46,2024-06-12 04:22:46,Second Class,Corporate,North,Technology,Phones,419.12,3,0.069,64.72,2024-06,2024,2.0,15.441878221034546
ORD01454,C00214,2024-06-10 11:37:47,2024-06-11 11:37:47,Same Day,Consumer,East,Furniture,Chairs,1082.68,5,0.141,28.83,2024-06,2024,1.0,2.662836664573096
ORD00124,C00256,2024-06-10 18:29:52,2024-06-11 18:29:52,First Class,Consumer,South,Technology,Accessories,105.36,1,0.188,6.99,2024-06,2024,1.0,6.634396355353076
ORD01942,C00898,2024-06-11 00:10:48,2024-06-16 00:10:48,Standard Class,Corporate,West,Office Supplies,Paper,136.68,5,0.068,15.39,2024-06,2024,5.0,11.259877085162422
ORD01073,C00177,2024-06-11 00:43:16,2024-06-13 00:43:16,Same Day,Home Office,East,Office Supplies,Binders,70.58,1,0.111,8.3,2024-06,2024,2.0,11.759705298951546
ORD01490,C00411,2024-06-11 03:14:14,2024-06-14 03:14:14,Second Class,Corporate,North,Office Supplies,Storage,29.82,1,0.196,-2.24,2024-06,2024,3.0,-7.511737089201878
ORD03048,C00822,2024-06-11 07:46:03,2024-06-14 07:46:03,Standard Class,Corporate,North,Furniture,Chairs,1117.93,5,0.214,11.77,2024-06,2024,3.0,1.052838728721834
ORD03591,C00181,2024-06-11 07:53:09,2024-06-13 07:53:09,Second Class,Consumer,East,Office Supplies,Appliances,474.49,8,0.153,19.74,2024-06,2024,2.0,4.1602562751585905
ORD00753,C00101,2024-06-12 00:01:43,2024-06-17 00:01:43,Standard Class,Corporate,North,Office Supplies,Paper,325.8,6,0.054,29.99,2024-06,2024,5.0,9.205033763044812
ORD02478,C00647,2024-06-12 02:16:56,2024-06-16 02:16:56,Standard Class,Home Office,East,Technology,Phones,910.62,7,0.296,-100.24,2024-06,2024,4.0,-11.007884737870901
ORD02792,C00917,2024-06-12 04:45:14,2024-06-14 04:45:14,First Class,Consumer,East,Office Supplies,Paper,128.61,3,0.288,-12.62,2024-06,2024,2.0,-9.812611772023946
ORD02409,C00608,2024-06-12 05:18:08,2024-06-16 05:18:08,Second Class,Corporate,North,Office Supplies,Paper,363.57,8,0.102,28.5,2024-06,2024,4.0,7.838930604835383
ORD03648,C00845,2024-06-12 05:31:49,2024-06-13 05:31:49,First Class,Home Office,East,Technology,Laptops,285.02,2,0.056,42.75,2024-06,2024,1.0,14.998947442284752
ORD01080,C00903,2024-06-12 11:31:41,2024-06-14 11:31:41,Second Class,Consumer,East,Technology,Phones,522.69,5,0.221,-19.37,2024-06,2024,2.0,-3.705829459144043
ORD03105,C00036,2024-06-12 19:45:59,2024-06-17 19:45:59,Standard Class,Consumer,East,Office Supplies,Storage,311.39,8,0.121,18.71,2024-06,2024,5.0,6.008542342400206
ORD02848,C00121,2024-06-12 23:06:30,2024-06-12 23:06:30,Same Day,Consumer,North,Technology,Phones,642.28,5,0.191,71.14,2024-06,2024,0.0,11.076166158061906
ORD02197,C00057,2024-06-12 23:13:50,2024-06-15 23:13:50,Second Class,Corporate,East,Technology,Laptops,111.05,1,0.097,11.17,2024-06,2024,3.0,10.058532192705988
ORD00104,C00870,2024-06-13 00:33:34,2024-06-14 00:33:34,First Class,Corporate,North,Furniture,Tables,145.92,2,0.112,-5.48,2024-06,2024,1.0,-3.7554824561403515
ORD00652,C00524,2024-06-13 03:29:48,2024-06-15 03:29:48,First Class,Corporate,East,Furniture,Bookcases,696.61,3,0.187,-42.77,2024-06,2024,2.0,-6.139733853949844
ORD00728,C00613,2024-06-13 09:06:45,2024-06-16 09:06:45,Standard Class,Consumer,East,Technology,Laptops,1073.97,6,0.068,87.75,2024-06,2024,3.0,8.17061929104165
ORD02011,C00431,2024-06-13 16:23:13,2024-06-15 16:23:13,First Class,Consumer,North,Office Supplies,Binders,345.48,8,0.199,-8.7,2024-06,2024,2.0,-2.518235498436957
ORD02703,C00537,2024-06-13 17:21:08,2024-06-17 17:21:08,Standard Class,Consumer,South,Office Supplies,Appliances,123.93,2,0.209,-6.95,2024-06,2024,4.0,-5.608004518679899
ORD03215,C00336,2024-06-13 22:16:31,2024-06-18 22:16:31,Standard Class,Consumer,North,Furniture,Chairs,1260.97,5,0.151,-31.83,2024-06,2024,5.0,-2.5242472065156187
ORD03396,C00010,2024-06-13 22:40:45,2024-06-16 22:40:45,Standard Class,Consumer,East,Technology,Accessories,921.04,6,0.229,-15.45,2024-06,2024,3.0,-1.6774515764787632
ORD03511,C00823,2024-06-14 04:58:19,2024-06-19 04:58:19,Standard Class,Home Office,South,Furniture,Bookcases,196.09,1,0.095,3.55,2024-06,2024,5.0,1.8103931868019785
ORD00881,C00773,2024-06-14 11:42:51,2024-06-16 11:42:51,First Class,Consumer,North,Office Supplies,Storage,238.1,4,0.16,-3.8,2024-06,2024,2.0,-1.5959680806383874
ORD00293,C00025,2024-06-14 12:18:49,2024-06-17 12:18:49,Standard Class,Home Office,West,Furniture,Chairs,849.05,7,0.094,62.72,2024-06,2024,3.0,7.387079677286379
ORD00285,C00645,2024-06-14 12:54:28,2024-06-19 12:54:28,Standard Class,Consumer,North,Technology,Accessories,432.04,3,0.169,4.285,2024-06,2024,5.0,0.9918063142301639
ORD02572,C00687,2024-06-14 15:27:06,2024-06-17 15:27:06,First Class,Consumer,East,Office Supplies,Appliances,218.92,7,0.028,42.68,2024-06,2024,3.0,19.49570619404349
ORD01846,C00252,2024-06-14 21:13:20,2024-06-17 21:13:20,Standard Class,Corporate,North,Furniture,Tables,545.8,3,0.264,-55.52,2024-06,2024,3.0,-10.172224257969955
ORD01266,C00235,2024-06-15 04:37:23,2024-06-18 04:37:23,First Class,Corporate,East,Furniture,Chairs,506.97,2,0.062,38.82,2024-06,2024,3.0,7.657257825906857
ORD02595,C00580,2024-06-15 08:14:37,2024-06-18 08:14:37,Standard Class,Corporate,South,Furniture,Furnishings,215.71,1,0.244,-10.51,2024-06,2024,3.0,-4.872282230772797
ORD01205,C00072,2024-06-15 09:59:43,2024-06-17 09:59:43,Second Class,Consumer,South,Furniture,Bookcases,1514.97,7,0.153,-81.8,2024-06,2024,2.0,-5.399446853733076
ORD03668,C00494,2024-06-15 11:47:00,2024-06-18 11:47:00,Standard Class,Consumer,West,Office Supplies,Art,50.22,3,0.017,8.83,2024-06,2024,3.0,17.582636399840702
ORD01893,C00116,2024-06-15 14:59:25,2024-06-18 14:59:25,Standard Class,Corporate,North,Office Supplies,Paper,246.3,7,0.03,37.32,2024-06,2024,3.0,15.15225334957369
ORD01283,C00092,2024-06-15 21:52:15,2024-06-19 21:52:15,Standard Class,Consumer,North,Furniture,Chairs,699.28,6,0.077,-32.59,2024-06,2024,4.0,-4.660507951035351
ORD03855,C00859,2024-06-16 02:03:59,2024-06-20 02:03:59,Standard Class,Corporate,West,Furniture,Bookcases,276.54,1,0.117,22.7,2024-06,2024,4.0,8.208577420987922
ORD02863,C00232,2024-06-16 04:23:59,2024-06-16 04:23:59,Same Day,Corporate,East,Technology,Phones,1142.23,8,0.206,30.63,2024-06,2024,0.0,2.681596526093694
ORD02981,C00212,2024-06-16 15:34:25,2024-06-20 15:34:25,Standard Class,Home Office,East,Office Supplies,Paper,68.4,1,0.053,7.41,2024-06,2024,4.0,10.833333333333332
ORD02912,C00210,2024-06-17 01:20:56,2024-06-20 01:20:56,Standard Class,Consumer,North,Office Supplies,Binders,432.24,7,0.081,36.41,2024-06,2024,3.0,8.423560984638163
ORD03897,C00628,2024-06-17 07:14:30,2024-06-20 07:14:30,Standard Class,Corporate,East,Office Supplies,Art,492.9,8,0.149,11.65,2024-06,2024,3.0,2.3635625887603977
ORD03020,C00141,2024-06-17 09:29:53,2024-06-20 09:29:53,Standard Class,Consumer,South,Furniture,Chairs,497.48,4,0.126,6.92,2024-06,2024,3.0,1.3910106938972422
ORD01166,C00765,2024-06-17 10:06:51,2024-06-20 10:06:51,First Class,Consumer,East,Office Supplies,Art,400.15,7,0.127,-4.11,2024-06,2024,3.0,-1.0271148319380232
ORD02918,C00478,2024-06-17 10:40:30,2024-06-21 10:40:30,Standard Class,Consumer,East,Technology,Laptops,387.88,3,0.234,-4.24,2024-06,2024,4.0,-1.09312158399505
ORD02796,C00587,2024-06-17 20:02:06,2024-06-19 20:02:06,Second Class,Consumer,West,Furniture,Chairs,1402.83,8,0.125,-34.43,2024-06,2024,2.0,-2.4543244726730964
ORD01393,C00275,2024-06-17 21:03:05,2024-06-21 21:03:05,Standard Class,Consumer,East,Furniture,Chairs,1574.88,8,0.147,97.42,2024-06,2024,4.0,6.185868129635273
ORD03268,C00702,2024-06-18 18:37:31,2024-06-23 18:37:31,Standard Class,Consumer,East,Technology,Laptops,681.83,5,0.166,53.81,2024-06,2024,5.0,7.891996538726661
ORD03893,C00398,2024-06-18 19:33:51,2024-06-21 19:33:51,Second Class,Consumer,North,Office Supplies,Storage,432.76,7,0.056,56.51,2024-06,2024,3.0,13.058046030132175
ORD00870,C00203,2024-06-18 19:51:56,2024-06-22 19:51:56,Second Class,Consumer,East,Office Supplies,Storage,226.41,5,0.035,42.2,2024-06,2024,4.0,18.638752705269205
ORD00763,C00458,2024-06-18 23:34:19,2024-06-20 23:34:19,Second Class,Consumer,East,Technology,Accessories,644.4,4,0.026,120.5,2024-06,2024,2.0,18.699565487274985
ORD01396,C00319,2024-06-19 00:33:59,2024-06-22 00:33:59,Second Class,Home Office,South,Office Supplies,Art,183.4,8,0.205,-22.3,2024-06,2024,3.0,-12.159214830970557
ORD02321,C00676,2024-06-19 05:12:59,2024-06-23 05:12:59,Standard Class,Consumer,East,Office Supplies,Paper,39.14,2,0.121,4.91,2024-06,2024,4.0,12.544711292795094
ORD03256,C00857,2024-06-19 13:36:17,2024-06-20 13:36:17,First Class,Consumer,East,Office Supplies,Paper,55.33,2,0.377,-6.33,2024-06,2024,1.0,-11.440448219772275
ORD03290,C00181,2024-06-19 18:37:11,2024-06-22 18:37:11,Second Class,Consumer,East,Furniture,Tables,500.1,4,0.253,-108.47,2024-06,2024,3.0,-21.689662067586482
ORD00292,C00265,2024-06-19 20:14:02,2024-06-22 20:14:02,Standard Class,Consumer,East,Furniture,Chairs,278.92,1,0.224,-3.47,2024-06,2024,3.0,-1.2440843252545533
ORD00876,C00661,2024-06-20 04:50:19,2024-06-23 04:50:19,Standard Class,Consumer,North,Office Supplies,Paper,122.12,2,0.209,7.74,2024-06,2024,3.0,6.338028169014084
ORD03629,C00142,2024-06-20 05:03:20,2024-06-23 05:03:20,Standard Class,Consumer,North,Furniture,Tables,138.51,1,0.346,-21.73,2024-06,2024,3.0,-15.688397949606529
ORD01535,C00004,2024-06-20 14:54:05,2024-06-23 14:54:05,Second Class,Corporate,West,Technology,Phones,424.69,3,0.082,54.23,2024-06,2024,3.0,12.769314087922956
ORD02436,C00833,2024-06-20 17:06:00,2024-06-23 17:06:00,Standard Class,Consumer,West,Technology,Laptops,1116.57,8,0.182,90.26,2024-06,2024,3.0,8.083684856300994
ORD02049,C00320,2024-06-20 17:41:30,2024-06-23 17:41:30,Second Class,Consumer,North,Office Supplies,Appliances,86.42,5,0.036,8.8,2024-06,2024,3.0,10.182828049062717
ORD01045,C00779,2024-06-20 20:09:11,2024-06-23 20:09:11,Standard Class,Consumer,East,Office Supplies,Paper,545.82,7,0.205,39.18,2024-06,2024,3.0,7.178190612289765
ORD03007,C00042,2024-06-20 21:01:00,2024-06-21 21:01:00,Same Day,Consumer,North,Technology,Laptops,344.67,2,0.147,30.27,2024-06,2024,1.0,8.782313517277396
ORD03103,C00432,2024-06-21 01:36:52,2024-06-24 01:36:52,First Class,Consumer,South,Furniture,Bookcases,1813.14,8,0.269,-473.75,2024-06,2024,3.0,-26.128704898684052
ORD00441,C00478,2024-06-21 06:40:19,2024-06-25 06:40:19,Standard Class,Consumer,South,Technology,Laptops,207.54,2,0.162,11.88,2024-06,2024,4.0,5.72419774501301
ORD02332,C00831,2024-06-21 11:38:01,2024-06-26 11:38:01,Standard Class,Consumer,North,Office Supplies,Art,59.26,1,0.13,3.48,2024-06,2024,5.0,5.872426594667567
ORD03128,C00314,2024-06-21 13:02:05,2024-06-25 13:02:05,Standard Class,Corporate,South,Furniture,Bookcases,804.35,7,0.313,-159.78,2024-06,2024,4.0,-19.864486852738235
ORD01245,C00905,2024-06-21 14:41:57,2024-06-24 14:41:57,Standard Class,Home Office,West,Office Supplies,Paper,298.77,6,0.024,37.75,2024-06,2024,3.0,12.635137396659637
ORD00954,C00044,2024-06-21 16:47:03,2024-06-24 16:47:03,Standard Class,Consumer,East,Furniture,Bookcases,868.67,6,0.217,-92.49,2024-06,2024,3.0,-10.647311407093603
ORD02921,C00365,2024-06-21 18:19:28,2024-06-22 18:19:28,Same Day,Consumer,North,Technology,Phones,1102.59,8,0.257,66.98,2024-06,2024,1.0,6.074787545687881
ORD02474,C00854,2024-06-21 19:46:12,2024-06-24 19:46:12,First Class,Consumer,South,Technology,Laptops,934.55,6,0.071,196.51,2024-06,2024,3.0,21.027232357819273
ORD01731,C00762,2024-06-22 01:19:39,2024-06-25 01:19:39,Standard Class,Corporate,East,Furniture,Bookcases,1206.93,6,0.064,69.38,2024-06,2024,3.0,5.74846925670917
ORD03063,C00768,2024-06-22 11:46:28,2024-06-25 11:46:28,Second Class,Corporate,East,Office Supplies,Paper,481.37,7,0.102,41.39,2024-06,2024,3.0,8.598375470012671
ORD00296,C00128,2024-06-22 17:29:30,2024-06-25 17:29:30,Standard Class,Consumer,East,Furniture,Tables,504.5,2,0.068,44.14,2024-06,2024,3.0,8.749256689791874
ORD02601,C00797,2024-06-22 23:41:27,2024-06-26 23:41:27,Second Class,Consumer,South,Office Supplies,Storage,431.77,8,0.16,-15.67,2024-06,2024,4.0,-3.629247052829053
ORD02334,C00461,2024-06-23 00:26:10,2024-06-26 00:26:10,First Class,Consumer,East,Office Supplies,Binders,257.95,5,0.07,20.42,2024-06,2024,3.0,7.916262841635977
ORD02776,C00604,2024-06-23 01:55:55,2024-06-27 01:55:55,Standard Class,Corporate,South,Office Supplies,Art,31.58,1,0.268,-5.02,2024-06,2024,4.0,-15.896136795440153
ORD00622,C00350,2024-06-23 03:26:43,2024-06-28 03:26:43,Standard Class,Home Office,East,Office Supplies,Binders,265.77,7,0.034,55.42,2024-06,2024,5.0,20.852616924408323
ORD00399,C00329,2024-06-23 07:11:05,2024-06-28 07:11:05,Standard Class,Consumer,North,Technology,Phones,296.26,2,0.022,55.13,2024-06,2024,5.0,18.608654560183624
ORD01173,C00646,2024-06-23 18:39:41,2024-06-26 18:39:41,Standard Class,Consumer,South,Technology,Phones,349.79,3,0.118,45.89,2024-06,2024,3.0,13.119300151519484
ORD00192,C00306,2024-06-23 19:45:00,2024-06-28 19:45:00,Standard Class,Consumer,West,Technology,Laptops,688.33,5,0.176,94.87,2024-06,2024,5.0,13.782633329943486
ORD02112,C00850,2024-06-23 21:03:08,2024-06-27 21:03:08,Standard Class,Home Office,North,Furniture,Bookcases,475.93,5,0.174,-37.48,2024-06,2024,4.0,-7.875107683903095
ORD01534,C00034,2024-06-24 02:39:46,2024-06-28 02:39:46,Standard Class,Consumer,East,Office Supplies,Art,92.43,6,0.091,8.92,2024-06,2024,4.0,9.650546359407118
ORD03318,C00902,2024-06-24 08:45:51,2024-06-26 08:45:51,Second Class,Consumer,West,Office Supplies,Art,189.57,3,0.221,-7.61,2024-06,2024,2.0,-4.014348261855779
ORD03212,C00385,2024-06-24 09:09:41,2024-06-29 09:09:41,Standard Class,Home Office,East,Office Supplies,Binders,71.13,4,0.149,-0.98,2024-06,2024,5.0,-1.377759032756924
ORD01794,C00527,2024-06-24 09:10:33,2024-06-27 09:10:33,Standard Class,Home Office,East,Office Supplies,Art,76.01,1,0.071,11.39,2024-06,2024,3.0,14.984870411787924
ORD03624,C00859,2024-06-24 14:21:51,2024-06-28 14:21:51,Second Class,Consumer,South,Office Supplies,Art,230.23,5,0.275,-19.23,2024-06,2024,4.0,-8.352517048169222
ORD00615,C00511,2024-06-24 17:15:53,2024-06-26 17:15:53,First Class,Corporate,West,Office Supplies,Paper,432.21,6,0.22,-31.64,2024-06,2024,2.0,-7.320515490155249
ORD00789,C00848,2024-06-24 17:59:37,2024-06-29 17:59:37,Standard Class,Corporate,North,Technology,Laptops,962.3,6,0.047,113.47,2024-06,2024,5.0,11.791541099449237
ORD00704,C00403,2024-06-24 19:18:27,2024-06-27 19:18:27,Standard Class,Corporate,West,Office Supplies,Storage,164.8,8,0.152,5.11,2024-06,2024,3.0,3.1007281553398056
ORD02179,C00148,2024-06-24 21:02:35,2024-06-27 21:02:35,Standard Class,Consumer,West,Office Supplies,Paper,49.42,1,0.144,0.85,2024-06,2024,3.0,1.7199514366653175
ORD01783,C00537,2024-06-24 21:48:16,2024-06-24 21:48:16,Same Day,Consumer,South,Furniture,Chairs,1077.54,6,0.088,-20.24,2024-06,2024,0.0,-1.8783525437570763
ORD03746,C00341,2024-06-25 04:50:18,2024-06-28 04:50:18,Second Class,Corporate,South,Technology,Phones,223.36,2,0.326,-24.77,2024-06,2024,3.0,-11.089720630372492
ORD00663,C00055,2024-06-25 08:19:17,2024-06-27 08:19:17,Second Class,Consumer,West,Office Supplies,Art,314.15,5,0.068,20.51,2024-06,2024,2.0,6.5287283144994435
ORD03081,C00349,2024-06-25 09:30:49,2024-06-27 09:30:49,Second Class,Consumer,North,Office Supplies,Appliances,119.85,7,0.151,6.45,2024-06,2024,2.0,5.381727158948686
ORD03559,C00308,2024-06-25 10:34:37,2024-06-30 10:34:37,Standard Class,Consumer,North,Office Supplies,Paper,27.02,1,0.222,-2.65,2024-06,2024,5.0,-9.807549962990377
ORD01901,C00538,2024-06-25 14:17:26,2024-06-28 14:17:26,Standard Class,Home Office,East,Technology,Accessories,1523.45,8,0.257,23.74,2024-06,2024,3.0,1.5583051626243065
ORD02290,C00280,2024-06-26 00:17:58,2024-06-28 00:17:58,Second Class,Corporate,South,Technology,Accessories,147.68,1,0.098,19.06,2024-06,2024,2.0,12.906283856988082
ORD02528,C00631,2024-06-26 11:39:28,2024-07-01 11:39:28,Standard Class,Home Office,East,Furniture,Chairs,706.4,7,0.202,-58.97,2024-06,2024,5.0,-8.347961494903737
ORD01958,C00699,2024-06-26 19:48:53,2024-06-30 19:48:53,Standard Class,Consumer,South,Furniture,Bookcases,655.88,3,0.131,23.28,2024-06,2024,4.0,3.549429773739099
ORD02468,C00846,2024-06-26 20:51:07,2024-06-29 20:51:07,Standard Class,Consumer,East,Office Supplies,Binders,34.27,1,0.068,4.95,2024-06,2024,3.0,14.444120221768308
ORD03863,C00742,2024-06-26 21:03:13,2024-07-01 21:03:13,Standard Class,Consumer,East,Technology,Laptops,991.46,7,0.217,70.35,2024-06,2024,5.0,7.0955963931979085
ORD01523,C00322,2024-06-26 22:44:59,2024-06-28 22:44:59,First Class,Corporate,South,Furniture,Chairs,1627.37,8,0.236,-293.99,2024-06,2024,2.0,-18.065344697272288
ORD01289,C00372,2024-06-27 00:39:33,2024-06-29 00:39:33,Same Day,Home Office,North,Office Supplies,Appliances,139.61,6,0.054,15.85,2024-06,2024,2.0,11.353054938757968
ORD03445,C00462,2024-06-27 04:21:42,2024-07-01 04:21:42,Standard Class,Consumer,East,Technology,Laptops,326.99,3,0.073,49.34,2024-06,2024,4.0,15.089146457078199
ORD01145,C00384,2024-06-27 06:28:17,2024-06-30 06:28:17,Standard Class,Consumer,North,Technology,Accessories,592.9,4,0.064,90.94,2024-06,2024,3.0,15.33816832518131
ORD00426,C00949,2024-06-27 08:08:39,2024-06-28 08:08:39,Same Day,Consumer,East,Office Supplies,Paper,202.86,5,0.131,3.18,2024-06,2024,1.0,1.567583555161195
ORD01985,C00389,2024-06-27 10:49:45,2024-07-01 10:49:45,Standard Class,Corporate,North,Office Supplies,Binders,165.54,3,0.233,-8.82,2024-06,2024,4.0,-5.328017397607829
ORD02427,C00861,2024-06-27 11:15:50,2024-06-29 11:15:50,Second Class,Consumer,North,Technology,Accessories,870.89,8,0.144,5.39,2024-06,2024,2.0,0.6189070950407055
ORD02251,C00799,2024-06-27 15:58:13,2024-06-27 15:58:13,Same Day,Consumer,East,Furniture,Bookcases,663.36,6,0.298,-149.73,2024-06,2024,0.0,-22.57145441389291
ORD00330,C00307,2024-06-27 16:50:04,2024-06-30 16:50:04,Second Class,Consumer,West,Office Supplies,Paper,118.97,2,0.274,-9.57,2024-06,2024,3.0,-8.044044717155586
ORD01134,C00585,2024-06-27 18:20:47,2024-06-30 18:20:47,Standard Class,Consumer,North,Office Supplies,Appliances,60.5,1,0.026,4.71,2024-06,2024,3.0,7.785123966942149
ORD01665,C00257,2024-06-27 23:20:04,2024-07-01 23:20:04,Second Class,Consumer,East,Office Supplies,Art,119.08,3,0.202,1.72,2024-06,2024,4.0,1.4444071212630165
ORD00308,C00118,2024-06-28 00:56:13,2024-06-30 00:56:13,First Class,Consumer,North,Technology,Phones,434.11,4,0.147,13.15,2024-06,2024,2.0,3.0291861509755593
ORD00953,C00928,2024-06-28 04:49:48,2024-07-01 04:49:48,Standard Class,Corporate,South,Office Supplies,Art,85.35,2,0.282,-6.16,2024-06,2024,3.0,-7.217340363210312
ORD02115,C00324,2024-06-28 06:19:01,2024-06-30 06:19:01,First Class,Corporate,South,Office Supplies,Art,53.68,3,0.1,4.09,2024-06,2024,2.0,7.619225037257824
ORD03045,C00651,2024-06-28 08:39:34,2024-07-02 08:39:34,Second Class,Consumer,South,Office Supplies,Art,35.3,1,0.15,0.44,2024-06,2024,4.0,1.246458923512748
ORD03425,C00747,2024-06-28 11:44:25,2024-07-02 11:44:25,Standard Class,Home Office,South,Furniture,Furnishings,1203.35,8,0.09,79.19,2024-06,2024,4.0,6.58079527984377
ORD00374,C00810,2024-06-28 12:27:28,2024-07-01 12:27:28,First Class,Consumer,East,Office Supplies,Appliances,85.4,2,0.142,5.44,2024-06,2024,3.0,6.370023419203748
ORD03365,C00417,2024-06-28 12:33:03,2024-07-01 12:33:03,Standard Class,Corporate,South,Office Supplies,Appliances,308.68,6,0.103,29.07,2024-06,2024,3.0,9.417519761565375
ORD03697,C00401,2024-06-28 15:05:13,2024-07-02 15:05:13,Second Class,Consumer,North,Office Supplies,Art,427.05,8,0.067,52.96,2024-06,2024,4.0,12.401358154782812
ORD01609,C00479,2024-06-28 18:54:12,2024-07-03 18:54:12,Standard Class,Consumer,West,Office Supplies,Storage,20.95,1,0.081,1.77,2024-06,2024,5.0,8.448687350835323
ORD01179,C00391,2024-06-28 20:05:28,2024-06-30 20:05:28,Second Class,Home Office,South,Office Supplies,Art,108.43,4,0.181,-9.27,2024-06,2024,2.0,-8.549294475698606
ORD03259,C00845,2024-06-29 01:50:24,2024-07-03 01:50:24,Standard Class,Home Office,West,Office Supplies,Art,175.34,5,0.175,3.05,2024-06,2024,4.0,1.7394775864035588
ORD00901,C00301,2024-06-29 02:37:22,2024-07-04 02:37:22,Standard Class,Corporate,North,Technology,Laptops,1312.75,8,0.12,142.71,2024-06,2024,5.0,10.871072176728243
ORD00168,C00632,2024-06-29 05:07:19,2024-07-04 05:07:19,Standard Class,Home Office,West,Technology,Accessories,1166.29,6,0.152,105.05,2024-06,2024,5.0,9.007193751125362
ORD03246,C00697,2024-06-29 09:34:12,2024-06-30 09:34:12,First Class,Corporate,West,Technology,Phones,979.14,6,0.07,95.21,2024-06,2024,1.0,9.723839287538043
ORD00761,C00117,2024-06-29 19:03:26,2024-07-02 19:03:26,Second Class,Consumer,North,Technology,Accessories,179.76,2,0.186,7.21,2024-06,2024,3.0,4.010903426791278
ORD00262,C00662,2024-06-29 22:08:56,2024-07-02 22:08:56,Second Class,Home Office,East,Office Supplies,Art,48.87,3,0.151,2.04,2024-06,2024,3.0,4.174340085942296
ORD00986,C00454,2024-06-30 03:47:47,2024-07-05 03:47:47,Standard Class,Consumer,South,Office Supplies,Paper,264.6,7,0.123,3.25,2024-06,2024,5.0,1.2282690854119425
ORD02127,C00061,2024-06-30 06:01:56,2024-07-03 06:01:56,First Class,Consumer,West,Office Supplies,Art,243.77,3,0.071,26.79,2024-06,2024,3.0,10.98986749805144
ORD00379,C00106,2024-06-30 06:06:54,2024-07-04 06:06:54,Standard Class,Corporate,West,Technology,Laptops,488.03,4,0.147,4.9,2024-06,2024,4.0,1.0040366370919822
ORD03029,C00524,2024-06-30 07:20:25,2024-07-04 07:20:25,Standard Class,Corporate,South,Office Supplies,Storage,130.09,4,0.356,-14.19,2024-06,2024,4.0,-10.907833038665538
ORD02375,C00213,2024-06-30 08:04:48,2024-07-03 08:04:48,Standard Class,Consumer,East,Furniture,Bookcases,1726.44,7,0.302,-333.67,2024-06,2024,3.0,-19.327054516809156
ORD00163,C00539,2024-06-30 09:16:19,2024-07-04 09:16:19,Standard Class,Consumer,North,Technology,Accessories,372.27,4,0.204,29.17,2024-06,2024,4.0,7.83571064012679
ORD00594,C00013,2024-06-30 13:20:47,2024-07-04 13:20:47,Standard Class,Home Office,East,Office Supplies,Storage,244.89,4,0.065,37.26,2024-06,2024,4.0,15.214994487320837
ORD00967,C00411,2024-07-01 01:16:13,2024-07-04 01:16:13,Second Class,Consumer,South,Furniture,Chairs,565.82,3,0.264,-110.09,2024-07,2024,3.0,-19.45671768406914
ORD03751,C00685,2024-07-01 02:09:24,2024-07-04 02:09:24,Standard Class,Consumer,West,Office Supplies,Art,101.01,6,0.314,-8.66,2024-07,2024,3.0,-8.573408573408573
ORD00393,C00627,2024-07-01 03:17:39,2024-07-05 03:17:39,Standard Class,Corporate,South,Office Supplies,Storage,328.14,6,0.161,-1.58,2024-07,2024,4.0,-0.48150179801304327
ORD02756,C00806,2024-07-01 08:28:23,2024-07-04 08:28:23,First Class,Home Office,North,Technology,Laptops,1024.82,6,0.059,177.48,2024-07,2024,3.0,17.3181631896333
ORD02682,C00671,2024-07-01 11:49:01,2024-07-04 11:49:01,Second Class,Home Office,South,Office Supplies,Paper,22.62,1,0.245,-3.02,2024-07,2024,3.0,-13.351016799292662
ORD02713,C00048,2024-07-01 19:35:15,2024-07-05 19:35:15,Standard Class,Consumer,West,Furniture,Tables,160.37,1,0.259,-18.75,2024-07,2024,4.0,-11.691712913886636
ORD00883,C00720,2024-07-01 20:59:26,2024-07-05 20:59:26,Standard Class,Corporate,South,Furniture,Bookcases,1239.48,7,0.285,-199.56,2024-07,2024,4.0,-16.10030012585923
ORD02065,C00375,2024-07-01 22:32:35,2024-07-04 22:32:35,Standard Class,Consumer,East,Office Supplies,Paper,128.21,2,0.183,-7.19,2024-07,2024,3.0,-5.607986896497933
ORD02795,C00892,2024-07-02 12:50:10,2024-07-05 12:50:10,Second Class,Corporate,West,Technology,Phones,1306.64,8,0.049,259.47,2024-07,2024,3.0,19.857803220473887
ORD03375,C00720,2024-07-02 21:31:52,2024-07-06 21:31:52,Standard Class,Consumer,South,Technology,Laptops,415.99,3,0.054,55.89,2024-07,2024,4.0,13.43541912065194
ORD00624,C00123,2024-07-03 06:41:01,2024-07-06 06:41:01,Second Class,Corporate,West,Technology,Phones,844.8,7,0.308,-9.84,2024-07,2024,3.0,-1.1647727272727273
ORD00772,C00199,2024-07-03 16:01:22,2024-07-07 16:01:22,Standard Class,Consumer,East,Furniture,Tables,885.01,4,0.045,53.82,2024-07,2024,4.0,6.0812872170935925
ORD01013,C00639,2024-07-03 17:10:07,2024-07-08 17:10:07,Standard Class,Corporate,East,Office Supplies,Binders,21.9,1,0.096,1.97,2024-07,2024,5.0,8.995433789954339
ORD01679,C00817,2024-07-03 19:47:39,2024-07-08 19:47:39,Standard Class,Consumer,East,Technology,Accessories,1280.4,8,0.094,140.64,2024-07,2024,5.0,10.984067478912838
ORD03129,C00744,2024-07-03 21:02:09,2024-07-07 21:02:09,Standard Class,Consumer,East,Office Supplies,Paper,71.16,1,0.233,-5.1,2024-07,2024,4.0,-7.166947723440134
ORD03486,C00425,2024-07-03 21:56:56,2024-07-05 21:56:56,Second Class,Consumer,East,Technology,Accessories,1024.81,7,0.122,70.12,2024-07,2024,2.0,6.8422439281427785
ORD00566,C00685,2024-07-03 23:16:34,2024-07-07 23:16:34,Second Class,Consumer,West,Office Supplies,Appliances,181.29,5,0.105,7.19,2024-07,2024,4.0,3.966021291852833
ORD02641,C00535,2024-07-04 04:12:07,2024-07-07 04:12:07,Standard Class,Corporate,East,Office Supplies,Appliances,248.96,8,0.101,20.06,2024-07,2024,3.0,8.057519280205655
ORD00085,C00673,2024-07-04 14:41:46,2024-07-08 14:41:46,Standard Class,Consumer,East,Technology,Laptops,702.22,6,0.325,-83.21,2024-07,2024,4.0,-11.849562815072199
ORD02791,C00931,2024-07-04 18:31:14,2024-07-05 18:31:14,First Class,Home Office,West,Office Supplies,Storage,19.44,1,0.026,2.97,2024-07,2024,1.0,15.277777777777779
ORD03398,C00573,2024-07-04 19:42:14,2024-07-09 19:42:14,Standard Class,Corporate,West,Furniture,Furnishings,106.57,1,0.226,-6.65,2024-07,2024,5.0,-6.240030027212161
ORD00264,C00830,2024-07-04 21:28:16,2024-07-09 21:28:16,Standard Class,Consumer,West,Office Supplies,Binders,76.88,3,0.083,11.51,2024-07,2024,5.0,14.971383975026015
ORD03154,C00539,2024-07-04 22:50:26,2024-07-07 22:50:26,Second Class,Corporate,East,Office Supplies,Paper,347.19,7,0.048,15.49,2024-07,2024,3.0,4.461534030358017
ORD03864,C00549,2024-07-05 05:28:24,2024-07-06 05:28:24,First Class,Consumer,North,Furniture,Tables,889.4,5,0.059,85.83,2024-07,2024,1.0,9.650326062514054
ORD02165,C00867,2024-07-05 08:03:55,2024-07-10 08:03:55,Standard Class,Home Office,South,Office Supplies,Storage,45.11,3,0.181,2.52,2024-07,2024,5.0,5.586344491243627
ORD00289,C00836,2024-07-05 15:12:29,2024-07-09 15:12:29,Standard Class,Home Office,West,Technology,Accessories,236.48,2,0.133,24.32,2024-07,2024,4.0,10.284167794316645
ORD03277,C00211,2024-07-05 18:06:09,2024-07-09 18:06:09,Standard Class,Home Office,North,Technology,Laptops,1243.82,8,0.039,205.16,2024-07,2024,4.0,16.494348056792784
ORD03250,C00392,2024-07-05 20:30:30,2024-07-10 20:30:30,Standard Class,Consumer,West,Office Supplies,Appliances,87.65,3,0.117,3.9,2024-07,2024,5.0,4.449515116942384
ORD00635,C00647,2024-07-06 09:45:54,2024-07-11 09:45:54,Standard Class,Consumer,North,Office Supplies,Art,394.17,8,0.06,22.61,2024-07,2024,5.0,5.7361037115965186
ORD00157,C00394,2024-07-06 17:59:22,2024-07-10 17:59:22,Second Class,Corporate,East,Technology,Laptops,1175.26,7,0.06,163.02,2024-07,2024,4.0,13.870973231455169
ORD02731,C00414,2024-07-06 21:09:46,2024-07-07 21:09:46,First Class,Consumer,East,Technology,Laptops,708.39,7,0.041,89.95,2024-07,2024,1.0,12.697807704795384
ORD00458,C00067,2024-07-06 22:02:23,2024-07-10 22:02:23,Standard Class,Corporate,East,Office Supplies,Paper,224.23,4,0.154,11.28,2024-07,2024,4.0,5.030548989876467
ORD01319,C00593,2024-07-06 22:33:29,2024-07-08 22:33:29,First Class,Corporate,West,Office Supplies,Storage,68.69,1,0.151,1.27,2024-07,2024,2.0,1.8488863007715826
ORD03307,C00397,2024-07-06 23:16:15,2024-07-09 23:16:15,Second Class,Consumer,North,Office Supplies,Art,24.18,1,0.161,-0.54,2024-07,2024,3.0,-2.2332506203473947
ORD03467,C00636,2024-07-07 01:22:22,2024-07-09 01:22:22,Second Class,Corporate,West,Office Supplies,Appliances,196.78,3,0.21,-8.34,2024-07,2024,2.0,-4.238235593048074
ORD02677,C00834,2024-07-07 04:48:12,2024-07-11 04:48:12,Standard Class,Consumer,North,Office Supplies,Paper,322.15,7,0.263,-17.88,2024-07,2024,4.0,-5.550209529722179
ORD01098,C00618,2024-07-07 06:18:10,2024-07-11 06:18:10,Standard Class,Consumer,North,Office Supplies,Storage,142.13,8,0.202,3.3,2024-07,2024,4.0,2.3218180538943223
ORD00669,C00029,2024-07-07 17:35:24,2024-07-12 17:35:24,Standard Class,Consumer,West,Technology,Accessories,880.84,8,0.137,125.98,2024-07,2024,5.0,14.302256936560557
ORD01674,C00774,2024-07-07 17:55:18,2024-07-10 17:55:18,Standard Class,Corporate,North,Technology,Laptops,151.52,1,0.2,11.35,2024-07,2024,3.0,7.490760295670537
ORD00376,C00249,2024-07-07 18:11:04,2024-07-10 18:11:04,Second Class,Consumer,North,Furniture,Bookcases,522.8,3,0.253,-26.46,2024-07,2024,3.0,-5.061208875286917
ORD03287,C00927,2024-07-07 21:10:57,2024-07-11 21:10:57,Standard Class,Consumer,East,Technology,Accessories,921.06,7,0.299,-41.05,2024-07,2024,4.0,-4.456821488285236
ORD03163,C00178,2024-07-07 22:30:28,2024-07-10 22:30:28,First Class,Consumer,West,Office Supplies,Binders,249.33,6,0.173,6.49,2024-07,2024,3.0,2.602975975614647
ORD02370,C00174,2024-07-07 22:48:01,2024-07-11 22:48:01,Standard Class,Consumer,West,Office Supplies,Art,203.06,4,0.113,23.87,2024-07,2024,4.0,11.755146262188516
ORD03182,C00171,2024-07-08 04:36:22,2024-07-11 04:36:22,Standard Class,Corporate,West,Office Supplies,Art,280.42,5,0.191,13.79,2024-07,2024,3.0,4.917623564653019
ORD02944,C00637,2024-07-08 09:23:09,2024-07-11 09:23:09,Standard Class,Corporate,West,Technology,Accessories,1029.53,8,0.031,187.75,2024-07,2024,3.0,18.23647683894593
ORD03485,C00573,2024-07-08 22:26:06,2024-07-09 22:26:06,First Class,Consumer,South,Furniture,Tables,571.73,3,0.218,-65.31,2024-07,2024,1.0,-11.423224249208543
ORD00477,C00313,2024-07-08 23:13:48,2024-07-09 23:13:48,Same Day,Corporate,West,Furniture,Chairs,197.2,1,0.337,-28.03,2024-07,2024,1.0,-14.213995943204868
ORD01566,C00120,2024-07-09 01:18:23,2024-07-11 01:18:23,Second Class,Corporate,South,Office Supplies,Binders,20.21,1,0.1,2.93,2024-07,2024,2.0,14.497773379515092
ORD00255,C00536,2024-07-09 06:27:18,2024-07-11 06:27:18,Second Class,Home Office,East,Technology,Laptops,785.03,8,0.098,74.66,2024-07,2024,2.0,9.510464568233061
ORD02461,C00703,2024-07-09 07:31:48,2024-07-13 07:31:48,Second Class,Corporate,East,Technology,Phones,313.45,2,0.221,-18.77,2024-07,2024,4.0,-5.988195884511086
ORD00208,C00023,2024-07-09 09:31:56,2024-07-10 09:31:56,First Class,Consumer,West,Furniture,Furnishings,1407.96,6,0.169,-112.72,2024-07,2024,1.0,-8.005909258785762
ORD00078,C00199,2024-07-09 15:10:22,2024-07-14 15:10:22,Standard Class,Consumer,East,Technology,Phones,847.26,6,0.105,101.64,2024-07,2024,5.0,11.99631754125062
ORD03355,C00327,2024-07-09 16:52:15,2024-07-11 16:52:15,Second Class,Consumer,East,Furniture,Chairs,182.56,2,0.314,-27.55,2024-07,2024,2.0,-15.090929009640666
ORD01726,C00079,2024-07-10 04:25:28,2024-07-15 04:25:28,Standard Class,Consumer,South,Office Supplies,Appliances,340.12,6,0.205,-2.0,2024-07,2024,5.0,-0.5880277549100317
ORD01010,C00706,2024-07-10 14:18:29,2024-07-15 14:18:29,Standard Class,Consumer,West,Technology,Phones,783.77,6,0.051,97.98,2024-07,2024,5.0,12.501116398943568
ORD00085,C00096,2024-07-10 21:30:20,2024-07-14 21:30:20,Standard Class,Consumer,East,Furniture,Chairs,931.92,6,0.104,-7.56,2024-07,2024,4.0,-0.8112284316250322
ORD02584,C00188,2024-07-10 23:21:46,2024-07-15 23:21:46,Standard Class,Home Office,West,Technology,Accessories,946.64,5,0.067,111.01,2024-07,2024,5.0,11.726738781374124
ORD02309,C00097,2024-07-11 01:42:51,2024-07-14 01:42:51,Standard Class,Consumer,West,Technology,Phones,684.67,4,0.119,88.6,2024-07,2024,3.0,12.940540698438664
ORD01075,C00754,2024-07-11 07:37:55,2024-07-13 07:37:55,Second Class,Consumer,West,Office Supplies,Art,163.79,5,0.149,1.7,2024-07,2024,2.0,1.0379144025886806
ORD03003,C00514,2024-07-11 08:05:22,2024-07-16 08:05:22,Standard Class,Consumer,East,Technology,Accessories,272.07,2,0.098,42.3,2024-07,2024,5.0,15.547469401257027
ORD03737,C00447,2024-07-11 08:57:20,2024-07-13 08:57:20,Second Class,Consumer,East,Office Supplies,Binders,192.97,6,0.076,8.34,2024-07,2024,2.0,4.321915323625434
ORD00489,C00087,2024-07-11 14:34:25,2024-07-14 14:34:25,Standard Class,Home Office,East,Technology,Phones,931.37,6,0.097,42.27,2024-07,2024,3.0,4.538475578985795
ORD02973,C00024,2024-07-12 02:44:14,2024-07-16 02:44:14,Standard Class,Consumer,South,Office Supplies,Storage,439.0,8,0.226,-19.41,2024-07,2024,4.0,-4.421412300683372
ORD00963,C00169,2024-07-12 03:20:28,2024-07-15 03:20:28,Standard Class,Consumer,South,Technology,Phones,1085.74,8,0.172,12.96,2024-07,2024,3.0,1.1936559397277435
ORD02929,C00793,2024-07-12 03:45:00,2024-07-14 03:45:00,Second Class,Consumer,North,Furniture,Bookcases,427.57,6,0.211,-53.38,2024-07,2024,2.0,-12.484505461094091
ORD00448,C00180,2024-07-12 05:44:56,2024-07-15 05:44:56,Second Class,Corporate,East,Office Supplies,Paper,127.79,3,0.234,-6.57,2024-07,2024,3.0,-5.141247358948275
ORD01283,C00600,2024-07-12 07:25:18,2024-07-16 07:25:18,Second Class,Consumer,North,Office Supplies,Appliances,19.23,1,0.237,0.36,2024-07,2024,4.0,1.8720748829953195
ORD01886,C00340,2024-07-12 10:35:32,2024-07-16 10:35:32,Second Class,Consumer,North,Technology,Accessories,92.99,1,0.357,-12.17,2024-07,2024,4.0,-13.087428755780191
ORD02636,C00357,2024-07-12 14:32:23,2024-07-15 14:32:23,Standard Class,Consumer,East,Furniture,Bookcases,1555.87,7,0.068,4.97,2024-07,2024,3.0,0.3194354284098286
ORD02096,C00733,2024-07-12 17:33:19,2024-07-14 17:33:19,Second Class,Consumer,West,Technology,Laptops,172.98,1,0.064,38.11,2024-07,2024,2.0,22.031448722395652
ORD00046,C00155,2024-07-13 00:58:51,2024-07-16 00:58:51,First Class,Consumer,North,Technology,Accessories,459.8,4,0.101,32.89,2024-07,2024,3.0,7.153110047846891
ORD02815,C00525,2024-07-13 01:11:38,2024-07-16 01:11:38,First Class,Consumer,East,Technology,Accessories,1442.24,8,0.242,-8.09,2024-07,2024,3.0,-0.5609329931218104
ORD00417,C00899,2024-07-13 02:02:30,2024-07-18 02:02:30,Standard Class,Consumer,South,Furniture,Furnishings,811.96,5,0.237,-104.85,2024-07,2024,5.0,-12.913197694467707
ORD00821,C00457,2024-07-13 04:51:39,2024-07-16 04:51:39,Standard Class,Consumer,South,Technology,Laptops,109.71,1,0.21,2.68,2024-07,2024,3.0,2.442803755355027
ORD03004,C00726,2024-07-13 06:01:38,2024-07-16 06:01:38,Second Class,Corporate,East,Technology,Laptops,706.6,6,0.054,139.72,2024-07,2024,3.0,19.77356354373054
ORD02753,C00817,2024-07-13 12:26:14,2024-07-18 12:26:14,Standard Class,Consumer,East,Technology,Phones,967.06,6,0.057,243.89,2024-07,2024,5.0,25.219738175501007
ORD03206,C00155,2024-07-13 21:24:49,2024-07-13 21:24:49,Same Day,Home Office,East,Office Supplies,Binders,34.2,2,0.095,2.79,2024-07,2024,0.0,8.157894736842104
ORD00391,C00242,2024-07-13 21:59:05,2024-07-15 21:59:05,Same Day,Consumer,North,Office Supplies,Binders,99.7,2,0.084,13.83,2024-07,2024,2.0,13.8716148445336
ORD00658,C00336,2024-07-14 05:02:41,2024-07-16 05:02:41,First Class,Consumer,North,Technology,Phones,637.4,5,0.249,-33.18,2024-07,2024,2.0,-5.205522434891748
ORD01175,C00715,2024-07-14 09:39:06,2024-07-18 09:39:06,Standard Class,Home Office,West,Technology,Phones,505.54,4,0.206,3.34,2024-07,2024,4.0,0.6606796692645488
ORD01255,C00866,2024-07-14 16:51:03,2024-07-18 16:51:03,Standard Class,Corporate,North,Furniture,Chairs,595.37,3,0.148,3.13,2024-07,2024,4.0,0.5257234996724726
ORD02349,C00123,2024-07-14 22:36:02,2024-07-18 22:36:02,Standard Class,Consumer,West,Office Supplies,Binders,192.96,6,0.066,15.38,2024-07,2024,4.0,7.97056384742952
ORD02939,C00327,2024-07-15 03:29:00,2024-07-20 03:29:00,Standard Class,Corporate,West,Office Supplies,Storage,101.1,6,0.009,8.85,2024-07,2024,5.0,8.753709198813056
ORD01258,C00200,2024-07-15 04:45:13,2024-07-17 04:45:13,Second Class,Consumer,North,Office Supplies,Binders,93.28,3,0.277,0.79,2024-07,2024,2.0,0.8469125214408233
ORD00285,C00055,2024-07-15 06:26:04,2024-07-19 06:26:04,Second Class,Consumer,West,Furniture,Tables,1140.48,8,0.134,113.71,2024-07,2024,4.0,9.970363355780023
ORD02852,C00511,2024-07-15 06:38:52,2024-07-20 06:38:52,Standard Class,Consumer,North,Technology,Laptops,1231.29,8,0.115,164.12,2024-07,2024,5.0,13.329110120280358
ORD01761,C00222,2024-07-15 11:09:58,2024-07-17 11:09:58,First Class,Consumer,East,Office Supplies,Appliances,293.27,6,0.065,35.38,2024-07,2024,2.0,12.063968356804311
ORD02087,C00343,2024-07-15 17:59:18,2024-07-18 17:59:18,Standard Class,Consumer,East,Technology,Phones,659.37,4,0.077,39.92,2024-07,2024,3.0,6.054263918588957
ORD01829,C00639,2024-07-16 08:22:25,2024-07-20 08:22:25,Standard Class,Corporate,West,Office Supplies,Appliances,502.2,8,0.148,-6.56,2024-07,2024,4.0,-1.306252489048188
ORD03643,C00808,2024-07-16 08:23:17,2024-07-18 08:23:17,Second Class,Consumer,West,Office Supplies,Paper,34.85,1,0.052,5.67,2024-07,2024,2.0,16.269727403156384
ORD02559,C00221,2024-07-16 11:46:19,2024-07-18 11:46:19,First Class,Corporate,South,Furniture,Chairs,58.07,1,0.091,-0.91,2024-07,2024,2.0,-1.5670742207680384
ORD00471,C00112,2024-07-16 13:28:31,2024-07-18 13:28:31,Same Day,Home Office,North,Technology,Laptops,455.47,3,0.188,15.72,2024-07,2024,2.0,3.451379893297034
ORD02988,C00687,2024-07-16 14:36:26,2024-07-20 14:36:26,Standard Class,Consumer,West,Technology,Accessories,543.28,4,0.14,64.61,2024-07,2024,4.0,11.89257841260492
ORD01139,C00320,2024-07-16 15:41:35,2024-07-18 15:41:35,Second Class,Home Office,North,Office Supplies,Binders,117.37,3,0.269,-8.89,2024-07,2024,2.0,-7.574337564965495
ORD02679,C00341,2024-07-16 15:48:03,2024-07-19 15:48:03,Standard Class,Corporate,South,Technology,Phones,660.05,7,0.239,-16.88,2024-07,2024,3.0,-2.5573820165139005
ORD03822,C00690,2024-07-16 18:40:19,2024-07-21 18:40:19,Standard Class,Consumer,North,Office Supplies,Art,17.65,1,0.255,-0.35,2024-07,2024,5.0,-1.9830028328611897
ORD00805,C00674,2024-07-16 19:20:42,2024-07-18 19:20:42,Second Class,Consumer,West,Technology,Accessories,135.26,1,0.133,12.5,2024-07,2024,2.0,9.241460890137514
ORD03109,C00924,2024-07-17 17:40:19,2024-07-21 17:40:19,Standard Class,Corporate,East,Furniture,Tables,1278.63,6,0.233,-113.54,2024-07,2024,4.0,-8.879816678789016
ORD01184,C00322,2024-07-17 23:42:55,2024-07-17 23:42:55,Same Day,Consumer,West,Office Supplies,Binders,159.31,7,0.024,15.32,2024-07,2024,0.0,9.616471031322579
ORD00229,C00242,2024-07-18 03:31:54,2024-07-21 03:31:54,First Class,Consumer,East,Furniture,Tables,788.35,3,0.352,-161.36,2024-07,2024,3.0,-20.468066214244942
ORD02656,C00550,2024-07-18 06:10:51,2024-07-20 06:10:51,First Class,Corporate,West,Technology,Accessories,636.23,5,0.056,118.95,2024-07,2024,2.0,18.6960690316395
ORD03083,C00133,2024-07-18 10:14:22,2024-07-21 10:14:22,Standard Class,Corporate,North,Office Supplies,Art,168.75,3,0.102,5.89,2024-07,2024,3.0,3.49037037037037
ORD02510,C00580,2024-07-18 14:29:18,2024-07-22 14:29:18,Second Class,Consumer,North,Office Supplies,Binders,230.68,5,0.03,27.6,2024-07,2024,4.0,11.964626322177908
ORD01271,C00731,2024-07-18 22:50:09,2024-07-23 22:50:09,Standard Class,Home Office,West,Furniture,Bookcases,1210.87,5,0.307,-249.71,2024-07,2024,5.0,-20.62236243362211
ORD01797,C00170,2024-07-19 01:49:10,2024-07-22 01:49:10,Standard Class,Home Office,East,Office Supplies,Appliances,43.15,3,0.131,-1.13,2024-07,2024,3.0,-2.6187717265353414
ORD03765,C00691,2024-07-19 02:50:04,2024-07-22 02:50:04,Standard Class,Corporate,South,Office Supplies,Storage,122.97,8,0.254,-19.67,2024-07,2024,3.0,-15.995771326339758
ORD01691,C00556,2024-07-19 14:56:05,2024-07-21 14:56:05,Second Class,Consumer,South,Office Supplies,Art,46.44,4,0.12,0.13,2024-07,2024,2.0,0.27993109388458226
ORD03188,C00094,2024-07-19 15:09:53,2024-07-22 15:09:53,First Class,Home Office,North,Technology,Accessories,155.32,1,0.103,8.25,2024-07,2024,3.0,5.311614730878187
ORD00896,C00094,2024-07-19 18:32:37,2024-07-19 18:32:37,Same Day,Corporate,West,Office Supplies,Binders,435.03,6,0.034,55.21,2024-07,2024,0.0,12.691078776176356
ORD01978,C00753,2024-07-19 20:40:20,2024-07-23 20:40:20,Second Class,Consumer,East,Office Supplies,Appliances,25.28,1,0.016,4.85,2024-07,2024,4.0,19.18512658227848
ORD01874,C00346,2024-07-20 05:13:17,2024-07-24 05:13:17,Standard Class,Consumer,West,Office Supplies,Binders,96.42,5,0.194,0.4,2024-07,2024,4.0,0.41485169052063886
ORD00647,C00750,2024-07-20 08:50:37,2024-07-24 08:50:37,Standard Class,Consumer,North,Office Supplies,Art,252.99,7,0.205,-11.66,2024-07,2024,4.0,-4.6088778212577575
ORD00375,C00010,2024-07-20 10:11:08,2024-07-23 10:11:08,Second Class,Consumer,West,Furniture,Tables,337.18,3,0.136,-7.33,2024-07,2024,3.0,-2.1739130434782608
ORD01333,C00092,2024-07-20 15:09:10,2024-07-24 15:09:10,Second Class,Consumer,East,Office Supplies,Storage,48.1,2,0.217,-5.47,2024-07,2024,4.0,-11.372141372141371
ORD01125,C00948,2024-07-20 21:07:36,2024-07-23 21:07:36,Standard Class,Consumer,West,Office Supplies,Art,412.69,8,0.243,-11.09,2024-07,2024,3.0,-2.6872470861906033
ORD01166,C00288,2024-07-20 21:26:19,2024-07-25 21:26:19,Standard Class,Consumer,East,Office Supplies,Storage,473.3,8,0.137,14.49,2024-07,2024,5.0,3.0614832030424677
ORD00018,C00339,2024-07-21 00:49:47,2024-07-23 00:49:47,First Class,Consumer,East,Office Supplies,Appliances,53.92,1,0.103,2.95,2024-07,2024,2.0,5.471068249258161
ORD01042,C00708,2024-07-21 02:21:15,2024-07-25 02:21:15,Second Class,Consumer,East,Office Supplies,Storage,133.5,3,0.09,-5.44,2024-07,2024,4.0,-4.074906367041199
ORD03416,C00380,2024-07-21 03:30:59,2024-07-24 03:30:59,Standard Class,Consumer,South,Office Supplies,Storage,81.4,3,0.105,5.21,2024-07,2024,3.0,6.4004914004914
ORD00016,C00633,2024-07-21 07:10:15,2024-07-26 07:10:15,Standard Class,Consumer,West,Office Supplies,Storage,415.57,7,0.118,-24.78,2024-07,2024,5.0,-5.962894337897346
ORD01716,C00099,2024-07-21 18:14:04,2024-07-25 18:14:04,Standard Class,Corporate,West,Technology,Phones,624.69,5,0.047,98.32,2024-07,2024,4.0,15.739006547247433
ORD01501,C00762,2024-07-21 22:56:50,2024-07-24 22:56:50,Standard Class,Corporate,North,Office Supplies,Appliances,77.67,3,0.03,8.76,2024-07,2024,3.0,11.278485901892623
ORD02755,C00719,2024-07-21 23:53:00,2024-07-25 23:53:00,Standard Class,Consumer,West,Furniture,Tables,642.26,7,0.225,-72.98,2024-07,2024,4.0,-11.362999408339302
ORD01049,C00238,2024-07-22 00:32:45,2024-07-24 00:32:45,First Class,Consumer,East,Furniture,Furnishings,541.64,4,0.295,-57.62,2024-07,2024,2.0,-10.638062181522782
ORD03707,C00448,2024-07-22 21:17:32,2024-07-27 21:17:32,Standard Class,Consumer,West,Office Supplies,Storage,158.16,4,0.235,-6.41,2024-07,2024,5.0,-4.052857865452706
ORD00811,C00629,2024-07-22 22:17:46,2024-07-26 22:17:46,Standard Class,Consumer,North,Office Supplies,Art,261.4,6,0.058,27.22,2024-07,2024,4.0,10.413159908186689
ORD02121,C00884,2024-07-23 00:37:07,2024-07-27 00:37:07,Standard Class,Consumer,North,Office Supplies,Storage,55.59,3,0.105,1.63,2024-07,2024,4.0,2.9321820471307785
ORD03579,C00446,2024-07-23 03:13:42,2024-07-27 03:13:42,Standard Class,Corporate,South,Technology,Accessories,201.42,2,0.144,4.48,2024-07,2024,4.0,2.224208122331447
ORD02752,C00390,2024-07-23 08:15:15,2024-07-25 08:15:15,Second Class,Consumer,East,Technology,Laptops,322.03,2,0.299,-1.35,2024-07,2024,2.0,-0.41921560103095995
ORD02306,C00727,2024-07-23 18:30:39,2024-07-28 18:30:39,Standard Class,Corporate,South,Office Supplies,Art,36.03,2,0.315,-2.85,2024-07,2024,5.0,-7.91007493755204
ORD01647,C00943,2024-07-23 19:02:33,2024-07-27 19:02:33,Second Class,Consumer,East,Office Supplies,Appliances,528.46,8,0.345,-67.96,2024-07,2024,4.0,-12.86000832607955
ORD01188,C00077,2024-07-23 19:37:04,2024-07-26 19:37:04,Standard Class,Home Office,West,Technology,Accessories,1159.86,6,0.127,205.29,2024-07,2024,3.0,17.699549945683103
ORD01449,C00604,2024-07-23 20:18:44,2024-07-25 20:18:44,First Class,Corporate,North,Office Supplies,Paper,225.94,4,0.194,-0.7,2024-07,2024,2.0,-0.30981676551296805
ORD03628,C00207,2024-07-23 20:48:51,2024-07-26 20:48:51,Second Class,Corporate,North,Furniture,Chairs,208.58,3,0.229,-37.89,2024-07,2024,3.0,-18.16569182088407
ORD00750,C00634,2024-07-23 21:16:59,2024-07-28 21:16:59,Standard Class,Consumer,North,Office Supplies,Appliances,23.45,2,0.13,1.41,2024-07,2024,5.0,6.0127931769722816
ORD01977,C00445,2024-07-24 01:18:16,2024-07-28 01:18:16,Standard Class,Consumer,West,Technology,Accessories,621.36,5,0.139,58.54,2024-07,2024,4.0,9.421269473413158
ORD02182,C00772,2024-07-24 04:56:45,2024-07-25 04:56:45,First Class,Consumer,North,Technology,Accessories,963.69,6,0.031,104.06,2024-07,2024,1.0,10.798078220174537
ORD03537,C00139,2024-07-24 07:12:57,2024-07-29 07:12:57,Standard Class,Corporate,North,Office Supplies,Storage,220.01,7,0.006,38.08,2024-07,2024,5.0,17.308304167992365
ORD00481,C00870,2024-07-24 09:50:44,2024-07-29 09:50:44,Standard Class,Consumer,West,Office Supplies,Art,19.97,1,0.096,2.89,2024-07,2024,5.0,14.471707561342015
ORD00202,C00638,2024-07-25 00:30:35,2024-07-26 00:30:35,First Class,Corporate,South,Office Supplies,Paper,45.23,1,0.048,3.9,2024-07,2024,1.0,8.622595622374531
ORD03360,C00814,2024-07-25 01:30:48,2024-07-28 01:30:48,Standard Class,Consumer,East,Technology,Phones,912.4,6,0.034,188.9,2024-07,2024,3.0,20.70363875493205
ORD00514,C00744,2024-07-25 08:02:36,2024-07-26 08:02:36,Same Day,Corporate,East,Technology,Laptops,288.31,2,0.148,44.12,2024-07,2024,1.0,15.30297249488398
ORD01440,C00067,2024-07-25 08:25:30,2024-07-30 08:25:30,Standard Class,Consumer,North,Office Supplies,Appliances,182.1,7,0.083,19.49,2024-07,2024,5.0,10.702910488742448
ORD00020,C00554,2024-07-25 08:42:57,2024-07-29 08:42:57,Second Class,Consumer,East,Technology,Phones,787.83,7,0.134,49.55,2024-07,2024,4.0,6.289427922267493
ORD01328,C00533,2024-07-25 10:58:43,2024-07-28 10:58:43,Second Class,Consumer,North,Office Supplies,Appliances,97.38,2,0.114,-7.72,2024-07,2024,3.0,-7.927705894434175
ORD02186,C00864,2024-07-25 11:27:37,2024-07-29 11:27:37,Second Class,Consumer,North,Office Supplies,Paper,134.33,4,0.168,3.89,2024-07,2024,4.0,2.8958534951239483
ORD02290,C00092,2024-07-25 18:29:10,2024-07-27 18:29:10,First Class,Consumer,North,Furniture,Furnishings,497.77,4,0.234,-7.53,2024-07,2024,2.0,-1.5127468509552606
ORD00479,C00298,2024-07-25 23:17:01,2024-07-30 23:17:01,Standard Class,Consumer,East,Technology,Phones,1226.2,8,0.062,196.06,2024-07,2024,5.0,15.98923503506769
ORD00013,C00077,2024-07-26 06:04:32,2024-07-28 06:04:32,First Class,Home Office,South,Office Supplies,Art,214.12,6,0.215,-11.72,2024-07,2024,2.0,-5.473566224546983
ORD01067,C00133,2024-07-26 08:34:44,2024-07-31 08:34:44,Standard Class,Home Office,East,Technology,Laptops,548.51,5,0.04,149.32,2024-07,2024,5.0,27.222840057610615
ORD01337,C00030,2024-07-26 14:38:16,2024-07-28 14:38:16,Second Class,Consumer,North,Furniture,Furnishings,806.45,4,0.218,-25.72,2024-07,2024,2.0,-3.1892863785727568
ORD03022,C00004,2024-07-26 17:09:22,2024-07-31 17:09:22,Standard Class,Corporate,East,Furniture,Chairs,611.41,3,0.059,68.89,2024-07,2024,5.0,11.267398308827138
ORD01690,C00738,2024-07-26 17:10:48,2024-07-31 17:10:48,Standard Class,Corporate,North,Office Supplies,Paper,55.6,2,0.139,9.36,2024-07,2024,5.0,16.834532374100718
ORD01033,C00529,2024-07-26 17:28:22,2024-07-29 17:28:22,Standard Class,Consumer,East,Furniture,Furnishings,687.52,3,0.159,4.285,2024-07,2024,3.0,0.623254596229928
ORD00388,C00387,2024-07-26 20:17:45,2024-07-29 20:17:45,Standard Class,Corporate,East,Office Supplies,Appliances,298.66,6,0.255,-15.99,2024-07,2024,3.0,-5.353914149869416
ORD02453,C00691,2024-07-26 20:29:06,2024-07-26 20:29:06,Same Day,Home Office,West,Technology,Accessories,605.19,5,0.171,74.9,2024-07,2024,0.0,12.376278524099869
ORD02901,C00801,2024-07-26 21:49:44,2024-07-28 21:49:44,First Class,Consumer,North,Technology,Accessories,108.89,1,0.052,23.27,2024-07,2024,2.0,21.37019010010102
ORD02026,C00536,2024-07-27 03:20:40,2024-08-01 03:20:40,Standard Class,Corporate,North,Furniture,Bookcases,261.32,4,0.218,-8.93,2024-07,2024,5.0,-3.41726618705036
ORD00218,C00894,2024-07-27 19:32:55,2024-07-29 19:32:55,Second Class,Corporate,North,Technology,Accessories,771.65,7,0.006,155.66,2024-07,2024,2.0,20.172357934296635
ORD03273,C00816,2024-07-28 01:55:42,2024-07-31 01:55:42,Second Class,Consumer,West,Office Supplies,Binders,98.46,4,0.216,-2.41,2024-07,2024,3.0,-2.447694495226488
ORD00205,C00351,2024-07-28 02:32:16,2024-08-01 02:32:16,Second Class,Consumer,South,Technology,Laptops,1018.57,8,0.1,10.42,2024-07,2024,4.0,1.0230028373111322
ORD00378,C00139,2024-07-28 03:02:33,2024-07-31 03:02:33,First Class,Home Office,West,Technology,Laptops,895.63,8,0.014,200.05,2024-07,2024,3.0,22.33623259604971
ORD03378,C00921,2024-07-28 05:07:21,2024-08-01 05:07:21,Standard Class,Consumer,North,Furniture,Tables,1087.22,5,0.111,-106.5,2024-07,2024,4.0,-9.795625540369015
ORD02368,C00917,2024-07-28 10:21:18,2024-07-30 10:21:18,Second Class,Consumer,East,Office Supplies,Art,247.73,8,0.065,9.71,2024-07,2024,2.0,3.919589876074759
ORD03508,C00622,2024-07-28 15:46:26,2024-07-31 15:46:26,Second Class,Consumer,South,Furniture,Furnishings,169.89,3,0.089,2.9,2024-07,2024,3.0,1.7069868738595562
ORD00625,C00078,2024-07-29 02:14:56,2024-08-01 02:14:56,Second Class,Corporate,South,Office Supplies,Appliances,238.21,5,0.324,-41.68,2024-07,2024,3.0,-17.49716636581168
ORD02007,C00598,2024-07-29 03:13:02,2024-08-01 03:13:02,Standard Class,Home Office,South,Office Supplies,Paper,11.14,1,0.26,-1.3,2024-07,2024,3.0,-11.669658886894076
ORD00783,C00813,2024-07-29 04:33:51,2024-08-02 04:33:51,Second Class,Consumer,South,Technology,Accessories,349.01,3,0.238,-23.74,2024-07,2024,4.0,-6.802097361107132
ORD00162,C00047,2024-07-29 08:29:10,2024-08-02 08:29:10,Standard Class,Corporate,North,Furniture,Tables,216.54,1,0.104,19.11,2024-07,2024,4.0,8.825159323912441
ORD02207,C00187,2024-07-29 09:45:31,2024-08-01 09:45:31,Second Class,Consumer,South,Furniture,Tables,1501.54,8,0.106,-41.1,2024-07,2024,3.0,-2.737189818453055
ORD00795,C00904,2024-07-29 11:30:30,2024-08-01 11:30:30,Second Class,Consumer,North,Office Supplies,Art,423.81,7,0.076,11.92,2024-07,2024,3.0,2.8125811094594275
ORD03278,C00073,2024-07-29 12:39:37,2024-08-01 12:39:37,Standard Class,Consumer,West,Office Supplies,Appliances,369.66,7,0.029,32.01,2024-07,2024,3.0,8.6593085538062
ORD01725,C00074,2024-07-29 19:27:18,2024-07-31 19:27:18,Same Day,Consumer,South,Technology,Accessories,917.0,8,0.163,21.95,2024-07,2024,2.0,2.3936750272628133
ORD01029,C00344,2024-07-29 21:40:31,2024-08-02 21:40:31,Standard Class,Corporate,West,Technology,Accessories,985.89,7,0.097,95.82,2024-07,2024,4.0,9.719137023400176
ORD01311,C00274,2024-07-30 00:44:39,2024-07-31 00:44:39,Same Day,Consumer,North,Furniture,Tables,1096.74,7,0.401,-323.02,2024-07,2024,1.0,-29.452741761949046
ORD03261,C00111,2024-07-30 04:53:19,2024-07-31 04:53:19,First Class,Home Office,East,Office Supplies,Appliances,144.42,3,0.18,1.88,2024-07,2024,1.0,1.3017587591746296
ORD02326,C00713,2024-07-30 06:48:30,2024-08-02 06:48:30,Standard Class,Corporate,East,Office Supplies,Appliances,254.68,5,0.248,-25.38,2024-07,2024,3.0,-9.965446835244228
ORD01574,C00103,2024-07-30 08:03:58,2024-08-02 08:03:58,Second Class,Corporate,East,Office Supplies,Art,157.89,6,0.144,5.06,2024-07,2024,3.0,3.204762809550953
ORD02305,C00146,2024-07-30 09:29:45,2024-08-02 09:29:45,Standard Class,Consumer,East,Office Supplies,Appliances,189.5,7,0.167,4.53,2024-07,2024,3.0,2.390501319261214
ORD02562,C00120,2024-07-30 10:28:25,2024-08-02 10:28:25,Standard Class,Corporate,West,Furniture,Tables,966.98,6,0.103,4.39,2024-07,2024,3.0,0.4539907754038346
ORD03849,C00850,2024-07-30 10:54:00,2024-08-02 10:54:00,First Class,Home Office,North,Furniture,Furnishings,869.66,5,0.317,-148.65,2024-07,2024,3.0,-17.09288687533059
ORD00696,C00721,2024-07-30 12:58:38,2024-08-04 12:58:38,Standard Class,Consumer,East,Office Supplies,Binders,69.62,2,0.38,-12.39,2024-07,2024,5.0,-17.796610169491526
ORD02251,C00828,2024-07-30 13:53:37,2024-08-02 13:53:37,Standard Class,Consumer,South,Technology,Accessories,189.55,2,0.097,22.2,2024-07,2024,3.0,11.711949353732523
ORD02206,C00239,2024-07-30 14:16:25,2024-08-02 14:16:25,Second Class,Consumer,North,Technology,Laptops,611.45,4,0.136,59.11,2024-07,2024,3.0,9.667184561288739
ORD00642,C00590,2024-07-30 16:40:34,2024-07-31 16:40:34,First Class,Corporate,East,Furniture,Furnishings,992.55,4,0.13,-9.0,2024-07,2024,1.0,-0.9067553271875473
ORD00301,C00067,2024-07-31 05:08:27,2024-08-05 05:08:27,Standard Class,Consumer,South,Furniture,Tables,471.42,4,0.281,-51.22,2024-07,2024,5.0,-10.86504603113996
ORD02447,C00583,2024-07-31 08:52:49,2024-08-04 08:52:49,Second Class,Corporate,South,Office Supplies,Art,279.6,6,0.109,21.88,2024-07,2024,4.0,7.825464949928468
ORD01638,C00127,2024-07-31 09:46:51,2024-07-31 09:46:51,Same Day,Consumer,East,Technology,Accessories,628.97,4,0.364,-96.06,2024-07,2024,0.0,-15.272588517735345
ORD01716,C00205,2024-07-31 11:52:04,2024-08-03 11:52:04,Standard Class,Consumer,East,Office Supplies,Appliances,36.98,1,0.053,5.38,2024-07,2024,3.0,14.548404542996215
ORD03709,C00932,2024-07-31 12:39:18,2024-08-02 12:39:18,Second Class,Consumer,North,Office Supplies,Appliances,74.14,5,0.066,6.34,2024-07,2024,2.0,8.551389263555436
ORD00943,C00867,2024-07-31 14:06:32,2024-08-05 14:06:32,Standard Class,Consumer,East,Office Supplies,Binders,192.77,5,0.165,12.05,2024-07,2024,5.0,6.250972661721223
ORD01929,C00438,2024-07-31 16:05:31,2024-08-05 16:05:31,Standard Class,Consumer,South,Furniture,Tables,455.91,2,0.125,-32.33,2024-07,2024,5.0,-7.091311881731042
ORD01998,C00442,2024-07-31 18:53:10,2024-08-03 18:53:10,Standard Class,Corporate,West,Technology,Phones,1176.79,7,0.021,268.57,2024-07,2024,3.0,22.822253758104676
ORD02192,C00561,2024-08-01 04:52:46,2024-08-06 04:52:46,Standard Class,Corporate,South,Furniture,Furnishings,216.41,2,0.347,-40.9,2024-08,2024,5.0,-18.899311492075228
ORD03822,C00534,2024-08-02 07:45:45,2024-08-04 07:45:45,Second Class,Corporate,East,Office Supplies,Binders,167.94,7,0.094,20.29,2024-08,2024,2.0,12.081695843753721
ORD02588,C00262,2024-08-02 08:45:24,2024-08-06 08:45:24,Standard Class,Home Office,North,Office Supplies,Art,149.24,8,0.28,-5.26,2024-08,2024,4.0,-3.5245242562315733
ORD00957,C00702,2024-08-02 17:19:43,2024-08-03 17:19:43,First Class,Consumer,North,Furniture,Tables,770.47,8,0.159,-29.38,2024-08,2024,1.0,-3.813256843225563
ORD03612,C00050,2024-08-03 04:04:23,2024-08-06 04:04:23,Standard Class,Consumer,East,Technology,Laptops,239.92,2,0.147,19.42,2024-08,2024,3.0,8.094364788262755
ORD02883,C00276,2024-08-03 04:06:39,2024-08-05 04:06:39,First Class,Consumer,South,Technology,Laptops,565.44,4,0.139,10.17,2024-08,2024,2.0,1.7985993208828523
ORD03593,C00442,2024-08-03 04:26:22,2024-08-05 04:26:22,First Class,Corporate,South,Office Supplies,Appliances,122.32,5,0.047,10.93,2024-08,2024,2.0,8.93557880967953
ORD02374,C00791,2024-08-03 06:22:35,2024-08-05 06:22:35,Second Class,Consumer,East,Furniture,Chairs,167.34,1,0.237,-23.2,2024-08,2024,2.0,-13.863989482490737
ORD00397,C00313,2024-08-03 08:44:11,2024-08-07 08:44:11,Standard Class,Corporate,South,Technology,Phones,715.21,6,0.07,88.41,2024-08,2024,4.0,12.36140434278044
ORD00125,C00298,2024-08-03 09:47:04,2024-08-08 09:47:04,Standard Class,Consumer,North,Technology,Phones,294.52,3,0.236,-19.83,2024-08,2024,5.0,-6.732989270677712
ORD03433,C00257,2024-08-03 14:41:24,2024-08-08 14:41:24,Standard Class,Consumer,East,Office Supplies,Art,104.39,2,0.187,5.43,2024-08,2024,5.0,5.201647667401091
ORD02138,C00454,2024-08-04 02:29:44,2024-08-06 02:29:44,First Class,Corporate,West,Technology,Accessories,884.48,8,0.056,76.15,2024-08,2024,2.0,8.609578509406656
ORD03633,C00282,2024-08-04 04:25:24,2024-08-07 04:25:24,Standard Class,Consumer,North,Office Supplies,Appliances,125.75,2,0.014,16.24,2024-08,2024,3.0,12.914512922465207
ORD02817,C00080,2024-08-04 07:10:10,2024-08-08 07:10:10,Standard Class,Corporate,West,Technology,Phones,208.15,2,0.278,-16.61,2024-08,2024,4.0,-7.979822243574344
ORD01316,C00313,2024-08-04 08:15:47,2024-08-07 08:15:47,First Class,Consumer,West,Office Supplies,Appliances,93.95,3,0.107,8.46,2024-08,2024,3.0,9.00478978179883
ORD02106,C00233,2024-08-04 09:40:46,2024-08-09 09:40:46,Standard Class,Corporate,East,Office Supplies,Appliances,464.37,8,0.096,16.44,2024-08,2024,5.0,3.540280379869501
ORD01149,C00785,2024-08-04 11:17:48,2024-08-09 11:17:48,Standard Class,Consumer,South,Office Supplies,Art,55.1,2,0.328,-10.48,2024-08,2024,5.0,-19.019963702359348
ORD03393,C00549,2024-08-04 13:39:36,2024-08-09 13:39:36,Standard Class,Consumer,East,Furniture,Chairs,662.79,5,0.199,9.95,2024-08,2024,5.0,1.5012296504171758
ORD00921,C00810,2024-08-04 17:08:09,2024-08-09 17:08:09,Standard Class,Corporate,East,Furniture,Furnishings,954.92,5,0.133,40.99,2024-08,2024,5.0,4.292506178528044
ORD00662,C00508,2024-08-04 19:02:33,2024-08-07 19:02:33,Standard Class,Home Office,West,Office Supplies,Appliances,376.38,6,0.119,28.49,2024-08,2024,3.0,7.569477655560869
ORD02410,C00755,2024-08-05 09:03:25,2024-08-08 09:03:25,Second Class,Home Office,East,Technology,Phones,211.76,2,0.112,30.82,2024-08,2024,3.0,14.55421231582924
ORD02677,C00267,2024-08-05 11:56:08,2024-08-09 11:56:08,Standard Class,Corporate,West,Office Supplies,Appliances,89.94,2,0.109,10.92,2024-08,2024,4.0,12.141427618412274
ORD02433,C00613,2024-08-06 00:43:17,2024-08-10 00:43:17,Standard Class,Consumer,East,Office Supplies,Storage,94.49,2,0.233,-16.32,2024-08,2024,4.0,-17.271668959678273
ORD03605,C00060,2024-08-06 02:56:24,2024-08-10 02:56:24,Standard Class,Consumer,North,Technology,Accessories,672.82,5,0.031,94.1,2024-08,2024,4.0,13.985910050236317
ORD01968,C00311,2024-08-06 05:29:33,2024-08-09 05:29:33,Standard Class,Consumer,West,Office Supplies,Storage,97.09,3,0.154,-2.29,2024-08,2024,3.0,-2.358636316819446
ORD01008,C00012,2024-08-06 13:11:42,2024-08-08 13:11:42,Second Class,Consumer,South,Technology,Laptops,557.85,6,0.077,112.7,2024-08,2024,2.0,20.20256341310388
ORD00203,C00889,2024-08-06 13:50:02,2024-08-09 13:50:02,Standard Class,Consumer,North,Office Supplies,Paper,360.8,8,0.188,-1.57,2024-08,2024,3.0,-0.43514412416851445
ORD03785,C00555,2024-08-06 18:40:03,2024-08-10 18:40:03,Standard Class,Home Office,North,Office Supplies,Appliances,252.15,5,0.324,-30.62,2024-08,2024,4.0,-12.143565338092406
ORD03839,C00878,2024-08-06 23:52:25,2024-08-08 23:52:25,Second Class,Home Office,West,Office Supplies,Storage,44.63,1,0.247,-6.41,2024-08,2024,2.0,-14.362536410486221
ORD01014,C00493,2024-08-07 03:31:38,2024-08-11 03:31:38,Standard Class,Consumer,East,Technology,Laptops,800.04,6,0.273,-30.65,2024-08,2024,4.0,-3.831058447077646
ORD01127,C00561,2024-08-07 04:45:50,2024-08-09 04:45:50,Same Day,Corporate,North,Office Supplies,Storage,45.59,1,0.415,-11.09,2024-08,2024,2.0,-24.32550998025883
ORD03516,C00115,2024-08-07 16:37:15,2024-08-09 16:37:15,First Class,Corporate,West,Office Supplies,Storage,233.02,4,0.109,29.36,2024-08,2024,2.0,12.599776843189424
ORD02840,C00485,2024-08-07 20:24:37,2024-08-09 20:24:37,Second Class,Home Office,South,Office Supplies,Storage,173.12,4,0.105,12.13,2024-08,2024,2.0,7.006700554528651
ORD01391,C00129,2024-08-07 23:07:57,2024-08-08 23:07:57,Same Day,Consumer,East,Technology,Accessories,106.88,1,0.102,9.24,2024-08,2024,1.0,8.645209580838324
ORD02889,C00485,2024-08-07 23:31:22,2024-08-12 23:31:22,Standard Class,Home Office,East,Office Supplies,Appliances,137.3,5,0.078,16.27,2024-08,2024,5.0,11.849963583394027
ORD02370,C00784,2024-08-08 00:32:20,2024-08-11 00:32:20,Standard Class,Consumer,East,Furniture,Chairs,410.65,2,0.16,-11.78,2024-08,2024,3.0,-2.8686229148910263
ORD01940,C00630,2024-08-08 02:17:03,2024-08-10 02:17:03,Same Day,Home Office,South,Furniture,Tables,198.2,2,0.106,10.04,2024-08,2024,2.0,5.065590312815338
ORD03354,C00941,2024-08-08 02:29:30,2024-08-13 02:29:30,Standard Class,Consumer,North,Technology,Phones,791.99,8,0.093,111.95,2024-08,2024,5.0,14.135279485852095
ORD01112,C00771,2024-08-08 04:29:49,2024-08-10 04:29:49,First Class,Consumer,North,Technology,Laptops,104.63,1,0.101,9.59,2024-08,2024,2.0,9.165631272101692
ORD00002,C00071,2024-08-08 04:55:57,2024-08-11 04:55:57,Second Class,Corporate,East,Office Supplies,Binders,157.31,5,0.054,36.79,2024-08,2024,3.0,23.386942978831605
ORD00776,C00388,2024-08-08 06:55:13,2024-08-12 06:55:13,Second Class,Consumer,East,Office Supplies,Storage,365.32,6,0.031,60.86,2024-08,2024,4.0,16.659367130187235
ORD03254,C00855,2024-08-08 07:45:32,2024-08-09 07:45:32,First Class,Consumer,North,Office Supplies,Binders,89.47,4,0.221,1.08,2024-08,2024,1.0,1.2071085279982119
ORD01392,C00578,2024-08-08 09:46:04,2024-08-12 09:46:04,Standard Class,Consumer,West,Office Supplies,Art,57.14,4,0.151,2.13,2024-08,2024,4.0,3.7276863843192154
ORD03545,C00640,2024-08-08 12:17:37,2024-08-10 12:17:37,Second Class,Corporate,West,Furniture,Tables,1452.01,6,0.147,-33.99,2024-08,2024,2.0,-2.340892969056687
ORD01014,C00464,2024-08-08 14:10:54,2024-08-11 14:10:54,Standard Class,Consumer,North,Office Supplies,Appliances,47.66,3,0.012,5.64,2024-08,2024,3.0,11.833822912295426
ORD02147,C00563,2024-08-08 19:27:16,2024-08-12 19:27:16,Second Class,Consumer,East,Furniture,Furnishings,362.3,3,0.134,-22.71,2024-08,2024,4.0,-6.268285950869446
ORD02734,C00882,2024-08-09 02:48:54,2024-08-10 02:48:54,First Class,Consumer,West,Office Supplies,Art,208.11,6,0.05,32.03,2024-08,2024,1.0,15.390899043774924
ORD01687,C00857,2024-08-09 03:56:25,2024-08-11 03:56:25,Second Class,Consumer,West,Furniture,Tables,188.48,1,0.179,-15.26,2024-08,2024,2.0,-8.09634974533107
ORD00445,C00188,2024-08-09 08:06:01,2024-08-13 08:06:01,Standard Class,Consumer,North,Furniture,Chairs,291.98,2,0.134,-11.66,2024-08,2024,4.0,-3.993424207137475
ORD01637,C00732,2024-08-09 10:19:36,2024-08-12 10:19:36,Standard Class,Corporate,North,Office Supplies,Art,104.56,2,0.141,4.61,2024-08,2024,3.0,4.408951798010712
ORD02763,C00316,2024-08-09 12:42:20,2024-08-14 12:42:20,Standard Class,Consumer,North,Office Supplies,Storage,28.14,1,0.177,-0.12,2024-08,2024,5.0,-0.42643923240938164
ORD03451,C00680,2024-08-09 15:28:59,2024-08-14 15:28:59,Standard Class,Consumer,West,Furniture,Tables,1245.99,8,0.185,-103.01,2024-08,2024,5.0,-8.267321567588827
ORD03699,C00069,2024-08-09 18:31:00,2024-08-12 18:31:00,Second Class,Consumer,West,Technology,Phones,131.13,1,0.305,2.71,2024-08,2024,3.0,2.0666514146267065
ORD02058,C00492,2024-08-09 21:12:20,2024-08-13 21:12:20,Standard Class,Corporate,East,Technology,Laptops,416.5,4,0.338,-58.87,2024-08,2024,4.0,-14.134453781512605
ORD02199,C00201,2024-08-10 06:15:12,2024-08-13 06:15:12,Standard Class,Consumer,North,Furniture,Furnishings,80.32,1,0.083,1.24,2024-08,2024,3.0,1.5438247011952193
ORD00311,C00173,2024-08-10 10:25:28,2024-08-15 10:25:28,Standard Class,Corporate,East,Furniture,Bookcases,618.59,6,0.138,51.53,2024-08,2024,5.0,8.330234889021808
ORD02700,C00188,2024-08-10 15:15:35,2024-08-13 15:15:35,First Class,Consumer,West,Office Supplies,Binders,169.54,4,0.138,16.33,2024-08,2024,3.0,9.631945263654593
ORD01115,C00937,2024-08-10 16:10:20,2024-08-15 16:10:20,Standard Class,Consumer,East,Office Supplies,Storage,173.63,6,0.285,-17.66,2024-08,2024,5.0,-10.171053389391234
ORD03060,C00646,2024-08-10 22:17:14,2024-08-15 22:17:14,Standard Class,Consumer,West,Office Supplies,Appliances,298.49,7,0.017,70.82,2024-08,2024,5.0,23.7260879761466
ORD00150,C00188,2024-08-11 03:35:27,2024-08-16 03:35:27,Standard Class,Corporate,South,Office Supplies,Paper,99.01,2,0.238,-5.87,2024-08,2024,5.0,-5.928694071305928
ORD02096,C00221,2024-08-11 05:37:12,2024-08-12 05:37:12,First Class,Corporate,South,Furniture,Bookcases,676.8,4,0.164,-21.48,2024-08,2024,1.0,-3.173758865248227
ORD01478,C00008,2024-08-11 08:21:36,2024-08-14 08:21:36,Standard Class,Corporate,South,Furniture,Chairs,855.47,6,0.39,-182.59,2024-08,2024,3.0,-21.343822693957705
ORD03159,C00776,2024-08-11 09:17:50,2024-08-15 09:17:50,Standard Class,Consumer,North,Office Supplies,Binders,9.97,1,0.351,-1.83,2024-08,2024,4.0,-18.355065195586757
ORD03221,C00254,2024-08-11 11:27:00,2024-08-14 11:27:00,Second Class,Corporate,East,Furniture,Bookcases,540.43,7,0.212,-79.69,2024-08,2024,3.0,-14.745665488592419
ORD02041,C00321,2024-08-11 15:09:20,2024-08-15 15:09:20,Standard Class,Corporate,South,Office Supplies,Art,39.77,4,0.169,0.3,2024-08,2024,4.0,0.7543374402816192
ORD03591,C00213,2024-08-12 11:58:46,2024-08-14 11:58:46,Second Class,Consumer,West,Technology,Laptops,713.36,5,0.113,19.21,2024-08,2024,2.0,2.6928899854211057
ORD01965,C00371,2024-08-12 12:00:52,2024-08-13 12:00:52,Same Day,Consumer,South,Technology,Accessories,217.37,2,0.126,32.36,2024-08,2024,1.0,14.887058931775313
ORD02369,C00603,2024-08-12 14:17:56,2024-08-12 14:17:56,Same Day,Corporate,South,Furniture,Tables,339.69,2,0.149,-26.76,2024-08,2024,0.0,-7.877770908769762
ORD00862,C00700,2024-08-12 15:07:46,2024-08-16 15:07:46,Standard Class,Home Office,East,Technology,Laptops,1081.27,7,0.185,149.67,2024-08,2024,4.0,13.842056100696402
ORD02646,C00601,2024-08-12 15:20:50,2024-08-15 15:20:50,Standard Class,Corporate,South,Furniture,Furnishings,701.94,4,0.122,13.14,2024-08,2024,3.0,1.8719548679374305
ORD01983,C00206,2024-08-12 16:34:39,2024-08-15 16:34:39,Standard Class,Consumer,West,Office Supplies,Appliances,151.75,6,0.178,8.11,2024-08,2024,3.0,5.344316309719934
ORD00994,C00344,2024-08-12 17:48:29,2024-08-13 17:48:29,First Class,Consumer,North,Furniture,Chairs,182.28,1,0.147,-3.28,2024-08,2024,1.0,-1.7994294491990341
ORD00796,C00187,2024-08-12 21:17:11,2024-08-15 21:17:11,Second Class,Consumer,South,Office Supplies,Art,310.9,7,0.239,-31.19,2024-08,2024,3.0,-10.032164683177871
ORD01966,C00646,2024-08-13 01:59:51,2024-08-14 01:59:51,First Class,Consumer,South,Technology,Laptops,348.72,3,0.161,24.82,2024-08,2024,1.0,7.11745813259922
ORD03494,C00178,2024-08-13 04:12:45,2024-08-18 04:12:45,Standard Class,Consumer,East,Technology,Accessories,736.62,7,0.091,159.89,2024-08,2024,5.0,21.705899921261977
ORD00539,C00036,2024-08-13 07:50:57,2024-08-16 07:50:57,Standard Class,Consumer,South,Technology,Laptops,727.05,6,0.071,153.4,2024-08,2024,3.0,21.098961556976825
ORD03500,C00017,2024-08-13 08:02:39,2024-08-16 08:02:39,Standard Class,Consumer,South,Office Supplies,Paper,169.7,5,0.043,14.17,2024-08,2024,3.0,8.350029463759576
ORD03311,C00402,2024-08-13 16:33:44,2024-08-18 16:33:44,Standard Class,Corporate,East,Technology,Phones,218.89,2,0.031,44.12,2024-08,2024,5.0,20.156242861711362
ORD02578,C00095,2024-08-14 06:25:09,2024-08-18 06:25:09,Standard Class,Corporate,South,Furniture,Chairs,1190.74,7,0.124,-8.64,2024-08,2024,4.0,-0.725599207215681
ORD01361,C00944,2024-08-14 09:19:43,2024-08-18 09:19:43,Standard Class,Consumer,South,Technology,Laptops,484.4,4,0.169,-8.52,2024-08,2024,4.0,-1.7588769611891
ORD01414,C00668,2024-08-14 12:52:14,2024-08-18 12:52:14,Standard Class,Home Office,West,Office Supplies,Storage,77.26,2,0.169,3.59,2024-08,2024,4.0,4.646647683147812
ORD01777,C00626,2024-08-14 13:03:48,2024-08-16 13:03:48,Second Class,Corporate,North,Office Supplies,Paper,347.81,6,0.031,50.58,2024-08,2024,2.0,14.542422587044651
ORD00270,C00250,2024-08-14 15:05:39,2024-08-18 15:05:39,Standard Class,Home Office,South,Technology,Phones,1032.99,8,0.062,164.99,2024-08,2024,4.0,15.97208104628312
ORD00969,C00658,2024-08-14 18:39:40,2024-08-16 18:39:40,Second Class,Consumer,East,Office Supplies,Appliances,188.72,8,0.055,24.88,2024-08,2024,2.0,13.18355235269182
ORD03303,C00017,2024-08-15 00:00:20,2024-08-18 00:00:20,Second Class,Consumer,North,Furniture,Furnishings,419.78,2,0.102,6.3,2024-08,2024,3.0,1.5007861260660347
ORD01170,C00235,2024-08-15 00:02:44,2024-08-18 00:02:44,First Class,Corporate,West,Office Supplies,Paper,82.34,6,0.022,14.47,2024-08,2024,3.0,17.573475831916443
ORD03304,C00301,2024-08-15 21:59:38,2024-08-19 21:59:38,Second Class,Home Office,East,Technology,Phones,591.8,4,0.091,56.32,2024-08,2024,4.0,9.516728624535316
ORD01980,C00463,2024-08-16 00:39:48,2024-08-20 00:39:48,Second Class,Corporate,North,Office Supplies,Binders,105.33,3,0.088,6.99,2024-08,2024,4.0,6.636285958416406
ORD03020,C00654,2024-08-16 04:13:31,2024-08-20 04:13:31,Standard Class,Corporate,West,Office Supplies,Storage,454.12,8,0.377,-51.57,2024-08,2024,4.0,-11.356029243371795
ORD00877,C00269,2024-08-16 06:16:48,2024-08-19 06:16:48,Standard Class,Home Office,East,Technology,Phones,871.92,8,0.175,61.79,2024-08,2024,3.0,7.086659326543719
ORD00825,C00554,2024-08-16 12:03:32,2024-08-21 12:03:32,Standard Class,Consumer,West,Office Supplies,Appliances,72.06,1,0.119,-2.94,2024-08,2024,5.0,-4.0799333888426315
ORD00779,C00459,2024-08-17 00:40:55,2024-08-20 00:40:55,Standard Class,Corporate,West,Furniture,Tables,432.5,5,0.13,14.01,2024-08,2024,3.0,3.239306358381503
ORD02114,C00733,2024-08-17 02:35:43,2024-08-17 02:35:43,Same Day,Corporate,East,Technology,Phones,406.7,3,0.077,51.25,2024-08,2024,0.0,12.60142611261372
ORD02121,C00126,2024-08-17 03:24:42,2024-08-20 03:24:42,Second Class,Home Office,East,Technology,Phones,282.88,2,0.165,-3.9,2024-08,2024,3.0,-1.3786764705882353
ORD01899,C00738,2024-08-17 11:22:33,2024-08-21 11:22:33,Standard Class,Home Office,South,Technology,Phones,750.15,5,0.133,36.4,2024-08,2024,4.0,4.852362860761181
ORD02414,C00671,2024-08-17 12:59:18,2024-08-22 12:59:18,Standard Class,Consumer,North,Office Supplies,Appliances,189.66,4,0.155,3.21,2024-08,2024,5.0,1.6925023726668775
ORD02576,C00481,2024-08-17 13:10:34,2024-08-20 13:10:34,Standard Class,Consumer,North,Technology,Accessories,310.98,3,0.191,4.63,2024-08,2024,3.0,1.4888417261560227
ORD00113,C00602,2024-08-17 13:36:49,2024-08-22 13:36:49,Standard Class,Corporate,East,Office Supplies,Paper,144.58,4,0.094,23.15,2024-08,2024,5.0,16.01189652787384
ORD02573,C00483,2024-08-17 15:28:08,2024-08-20 15:28:08,Standard Class,Home Office,South,Office Supplies,Storage,317.67,7,0.205,-33.7,2024-08,2024,3.0,-10.608493090313848
ORD03260,C00599,2024-08-17 17:50:58,2024-08-22 17:50:58,Standard Class,Consumer,West,Office Supplies,Paper,72.09,6,0.261,-5.34,2024-08,2024,5.0,-7.4074074074074066
ORD00722,C00893,2024-08-17 18:24:47,2024-08-19 18:24:47,First Class,Home Office,East,Office Supplies,Storage,446.67,7,0.269,-14.72,2024-08,2024,2.0,-3.2954977947925763
ORD00207,C00609,2024-08-18 02:39:18,2024-08-22 02:39:18,Standard Class,Consumer,West,Technology,Accessories,103.1,1,0.256,-2.76,2024-08,2024,4.0,-2.6770126091173614
ORD01764,C00948,2024-08-18 05:37:40,2024-08-21 05:37:40,Standard Class,Home Office,West,Office Supplies,Binders,22.51,2,0.054,1.43,2024-08,2024,3.0,6.352732119058195
ORD00236,C00044,2024-08-18 10:55:36,2024-08-22 10:55:36,Standard Class,Consumer,East,Office Supplies,Binders,283.76,4,0.089,30.15,2024-08,2024,4.0,10.625176205243868
ORD02184,C00767,2024-08-18 15:04:37,2024-08-20 15:04:37,Second Class,Consumer,West,Furniture,Furnishings,396.8,4,0.09,9.85,2024-08,2024,2.0,2.482358870967742
ORD01848,C00678,2024-08-18 17:05:30,2024-08-22 17:05:30,Standard Class,Consumer,East,Furniture,Furnishings,87.55,1,0.203,-1.04,2024-08,2024,4.0,-1.187892632781268
ORD03640,C00634,2024-08-18 20:04:18,2024-08-22 20:04:18,Standard Class,Consumer,South,Furniture,Tables,305.6,6,0.172,11.24,2024-08,2024,4.0,3.6780104712041886
ORD03781,C00120,2024-08-18 22:39:09,2024-08-21 22:39:09,First Class,Consumer,North,Office Supplies,Binders,135.53,5,0.052,17.98,2024-08,2024,3.0,13.266435475540472
ORD02585,C00867,2024-08-19 00:31:18,2024-08-22 00:31:18,Standard Class,Consumer,West,Furniture,Chairs,434.58,5,0.23,-30.72,2024-08,2024,3.0,-7.068894104652768
ORD00329,C00461,2024-08-19 01:40:16,2024-08-22 01:40:16,Standard Class,Home Office,North,Technology,Accessories,940.17,8,0.16,60.96,2024-08,2024,3.0,6.483933756661029
ORD00568,C00551,2024-08-19 10:33:24,2024-08-22 10:33:24,Standard Class,Consumer,South,Office Supplies,Paper,45.05,1,0.116,-0.17,2024-08,2024,3.0,-0.37735849056603776
ORD02706,C00835,2024-08-19 12:16:24,2024-08-23 12:16:24,Standard Class,Consumer,West,Office Supplies,Art,164.98,4,0.097,19.16,2024-08,2024,4.0,11.613528912595466
ORD03384,C00315,2024-08-19 12:31:24,2024-08-23 12:31:24,Standard Class,Consumer,East,Furniture,Furnishings,109.99,1,0.082,11.26,2024-08,2024,4.0,10.237294299481771
ORD00104,C00258,2024-08-19 18:25:25,2024-08-24 18:25:25,Standard Class,Consumer,East,Office Supplies,Storage,342.83,6,0.143,19.95,2024-08,2024,5.0,5.819210687512761
ORD03730,C00736,2024-08-19 20:58:34,2024-08-24 20:58:34,Standard Class,Corporate,East,Furniture,Furnishings,179.88,1,0.101,-9.47,2024-08,2024,5.0,-5.264620858350011
ORD00700,C00300,2024-08-20 03:12:14,2024-08-22 03:12:14,Second Class,Consumer,South,Office Supplies,Storage,270.41,6,0.179,-16.16,2024-08,2024,2.0,-5.9761103509485585
ORD01612,C00066,2024-08-20 09:04:41,2024-08-23 09:04:41,Second Class,Home Office,South,Furniture,Chairs,770.39,4,0.149,-61.97,2024-08,2024,3.0,-8.043977725567569
ORD01024,C00441,2024-08-20 10:21:09,2024-08-23 10:21:09,Second Class,Corporate,South,Furniture,Chairs,63.37,1,0.19,-1.69,2024-08,2024,3.0,-2.666877071169323
ORD01544,C00103,2024-08-20 16:02:33,2024-08-23 16:02:33,Standard Class,Corporate,East,Office Supplies,Art,312.57,5,0.068,16.17,2024-08,2024,3.0,5.173241193972551
ORD00380,C00105,2024-08-20 19:59:21,2024-08-25 19:59:21,Standard Class,Corporate,South,Office Supplies,Appliances,431.33,8,0.154,16.29,2024-08,2024,5.0,3.7766907008554935
ORD03396,C00465,2024-08-20 21:09:34,2024-08-23 21:09:34,Second Class,Corporate,North,Technology,Phones,833.83,7,0.071,135.74,2024-08,2024,3.0,16.279097657795955
ORD03420,C00456,2024-08-20 23:12:04,2024-08-24 23:12:04,Standard Class,Corporate,East,Office Supplies,Binders,284.32,6,0.202,-17.53,2024-08,2024,4.0,-6.165588069780529
ORD00807,C00364,2024-08-20 23:37:18,2024-08-23 23:37:18,Standard Class,Consumer,East,Office Supplies,Appliances,46.61,1,0.047,3.35,2024-08,2024,3.0,7.187298862904957
ORD01296,C00448,2024-08-21 04:45:24,2024-08-24 04:45:24,Second Class,Home Office,North,Office Supplies,Appliances,91.82,6,0.168,5.47,2024-08,2024,3.0,5.957307776083642
ORD01850,C00468,2024-08-21 17:13:12,2024-08-26 17:13:12,Standard Class,Consumer,North,Furniture,Bookcases,373.59,2,0.056,23.39,2024-08,2024,5.0,6.260874220402046
ORD02644,C00351,2024-08-21 18:16:20,2024-08-24 18:16:20,First Class,Home Office,South,Office Supplies,Art,48.53,3,0.19,-0.89,2024-08,2024,3.0,-1.8339171646404286
ORD01032,C00657,2024-08-21 21:21:32,2024-08-24 21:21:32,Standard Class,Home Office,North,Furniture,Chairs,1047.75,8,0.295,-136.71,2024-08,2024,3.0,-13.047959914101648
ORD03736,C00620,2024-08-21 21:42:35,2024-08-25 21:42:35,Second Class,Corporate,West,Office Supplies,Paper,109.29,6,0.206,-6.92,2024-08,2024,4.0,-6.331777838777564
ORD03632,C00489,2024-08-21 22:29:04,2024-08-25 22:29:04,Second Class,Consumer,North,Office Supplies,Art,85.27,3,0.208,-4.15,2024-08,2024,4.0,-4.866893397443415
ORD01351,C00034,2024-08-21 23:00:18,2024-08-24 23:00:18,Standard Class,Consumer,North,Furniture,Chairs,173.6,3,0.123,-6.43,2024-08,2024,3.0,-3.7039170506912438
ORD00799,C00499,2024-08-22 02:18:13,2024-08-27 02:18:13,Standard Class,Consumer,West,Furniture,Bookcases,1315.35,8,0.422,-323.32,2024-08,2024,5.0,-24.580529896985595
ORD01274,C00523,2024-08-22 02:35:57,2024-08-26 02:35:57,Standard Class,Consumer,North,Office Supplies,Paper,56.98,1,0.254,1.74,2024-08,2024,4.0,3.0537030537030536
ORD03805,C00704,2024-08-22 02:56:10,2024-08-25 02:56:10,Second Class,Consumer,North,Office Supplies,Storage,228.64,6,0.286,-35.52,2024-08,2024,3.0,-15.535339398180547
ORD00354,C00876,2024-08-22 03:15:42,2024-08-26 03:15:42,Standard Class,Corporate,North,Office Supplies,Paper,273.79,5,0.135,17.84,2024-08,2024,4.0,6.515942875926804
ORD00918,C00710,2024-08-22 05:17:35,2024-08-25 05:17:35,Second Class,Corporate,North,Office Supplies,Appliances,26.26,2,0.158,-0.96,2024-08,2024,3.0,-3.6557501904036553
ORD00216,C00004,2024-08-22 09:25:12,2024-08-25 09:25:12,Standard Class,Consumer,North,Furniture,Chairs,994.26,6,0.051,6.67,2024-08,2024,3.0,0.6708506829199606
ORD03701,C00344,2024-08-22 11:41:58,2024-08-24 11:41:58,Second Class,Corporate,West,Furniture,Chairs,322.6,4,0.126,-3.28,2024-08,2024,2.0,-1.0167389956602604
ORD00892,C00142,2024-08-22 17:15:28,2024-08-25 17:15:28,First Class,Consumer,North,Furniture,Furnishings,62.61,1,0.158,-0.75,2024-08,2024,3.0,-1.1978917105893627
ORD01853,C00773,2024-08-22 17:28:49,2024-08-25 17:28:49,Second Class,Consumer,North,Furniture,Bookcases,537.48,5,0.123,-45.72,2024-08,2024,3.0,-8.506363027461486
ORD02063,C00020,2024-08-23 05:13:06,2024-08-27 05:13:06,Standard Class,Home Office,East,Office Supplies,Storage,144.6,4,0.034,26.91,2024-08,2024,4.0,18.609958506224068
ORD01739,C00844,2024-08-23 09:03:59,2024-08-27 09:03:59,Standard Class,Corporate,South,Office Supplies,Art,47.35,3,0.03,7.22,2024-08,2024,4.0,15.248152059134107
ORD01786,C00232,2024-08-23 10:01:57,2024-08-26 10:01:57,First Class,Corporate,South,Furniture,Bookcases,823.77,5,0.229,-30.84,2024-08,2024,3.0,-3.743763429112495
ORD02577,C00447,2024-08-23 10:03:57,2024-08-28 10:03:57,Standard Class,Corporate,South,Technology,Accessories,549.77,5,0.185,19.97,2024-08,2024,5.0,3.6324281062989976
ORD01660,C00480,2024-08-23 20:25:17,2024-08-24 20:25:17,First Class,Corporate,South,Office Supplies,Paper,48.22,4,0.049,5.67,2024-08,2024,1.0,11.758606387391124
ORD03496,C00569,2024-08-23 23:37:05,2024-08-27 23:37:05,Second Class,Home Office,West,Furniture,Chairs,1901.42,8,0.094,58.74,2024-08,2024,4.0,3.0892701244333183
ORD03286,C00619,2024-08-24 07:38:28,2024-08-27 07:38:28,Second Class,Home Office,South,Technology,Phones,421.02,4,0.101,5.62,2024-08,2024,3.0,1.3348534511424637
ORD02600,C00268,2024-08-24 08:02:03,2024-08-26 08:02:03,Second Class,Consumer,East,Technology,Accessories,1102.74,8,0.083,131.99,2024-08,2024,2.0,11.96927652937229
ORD00614,C00235,2024-08-24 10:45:00,2024-08-27 10:45:00,Standard Class,Corporate,West,Office Supplies,Storage,261.45,8,0.19,-13.37,2024-08,2024,3.0,-5.113788487282464
ORD01927,C00737,2024-08-24 11:22:13,2024-08-27 11:22:13,Second Class,Consumer,North,Office Supplies,Binders,133.45,7,0.135,10.98,2024-08,2024,3.0,8.227800674409892
ORD02214,C00862,2024-08-24 23:22:57,2024-08-26 23:22:57,Second Class,Consumer,West,Office Supplies,Binders,299.61,4,0.096,24.48,2024-08,2024,2.0,8.170621808350855
ORD00395,C00842,2024-08-25 03:52:39,2024-08-28 03:52:39,Second Class,Consumer,North,Office Supplies,Storage,74.81,7,0.077,6.03,2024-08,2024,3.0,8.060419729982621
ORD03154,C00527,2024-08-25 10:33:43,2024-08-30 10:33:43,Standard Class,Home Office,West,Technology,Accessories,603.82,5,0.17,40.71,2024-08,2024,5.0,6.742075452949554
ORD03724,C00858,2024-08-25 12:00:16,2024-08-30 12:00:16,Standard Class,Corporate,West,Office Supplies,Art,44.67,1,0.077,3.49,2024-08,2024,5.0,7.812849787329304
ORD03811,C00712,2024-08-25 12:53:53,2024-08-26 12:53:53,First Class,Consumer,West,Office Supplies,Storage,307.63,7,0.309,-29.97,2024-08,2024,1.0,-9.742222800117023
ORD02111,C00118,2024-08-25 16:14:47,2024-08-28 16:14:47,Standard Class,Home Office,South,Furniture,Bookcases,193.53,2,0.15,-6.67,2024-08,2024,3.0,-3.4464940836046094
ORD03328,C00936,2024-08-25 20:27:36,2024-08-26 20:27:36,First Class,Consumer,East,Office Supplies,Binders,116.44,4,0.16,-4.02,2024-08,2024,1.0,-3.4524218481621434
ORD01633,C00545,2024-08-25 21:39:14,2024-08-28 21:39:14,Standard Class,Corporate,West,Office Supplies,Paper,68.86,6,0.072,1.11,2024-08,2024,3.0,1.6119663084519313
ORD01275,C00450,2024-08-26 00:05:35,2024-08-29 00:05:35,Standard Class,Home Office,South,Office Supplies,Paper,220.25,8,0.132,6.78,2024-08,2024,3.0,3.0783200908059025
ORD03554,C00531,2024-08-26 03:17:48,2024-08-30 03:17:48,Standard Class,Consumer,East,Technology,Laptops,645.27,6,0.166,40.86,2024-08,2024,4.0,6.332233018736343
ORD03188,C00104,2024-08-26 03:41:45,2024-08-27 03:41:45,First Class,Home Office,North,Office Supplies,Appliances,408.23,8,0.102,51.56,2024-08,2024,1.0,12.630134972931925
ORD03290,C00136,2024-08-26 09:06:02,2024-08-30 09:06:02,Second Class,Consumer,North,Technology,Phones,705.61,6,0.072,85.92,2024-08,2024,4.0,12.176698176046258
ORD01709,C00677,2024-08-26 16:27:35,2024-08-29 16:27:35,Second Class,Corporate,West,Technology,Phones,912.66,5,0.132,89.56,2024-08,2024,3.0,9.813073871978613
ORD02770,C00141,2024-08-26 22:08:51,2024-08-30 22:08:51,Second Class,Consumer,South,Office Supplies,Art,187.03,5,0.193,-8.89,2024-08,2024,4.0,-4.753248142009304
ORD01041,C00570,2024-08-27 00:48:19,2024-08-29 00:48:19,First Class,Corporate,West,Office Supplies,Storage,60.15,2,0.209,-2.96,2024-08,2024,2.0,-4.921030756442228
ORD03335,C00866,2024-08-27 01:43:20,2024-08-28 01:43:20,First Class,Consumer,East,Office Supplies,Paper,270.14,6,0.083,29.27,2024-08,2024,1.0,10.835122529059008
ORD00846,C00523,2024-08-27 07:11:28,2024-08-30 07:11:28,Standard Class,Home Office,North,Office Supplies,Binders,102.41,2,0.116,11.09,2024-08,2024,3.0,10.829020603456692
ORD03787,C00728,2024-08-27 09:13:35,2024-08-28 09:13:35,First Class,Home Office,West,Furniture,Tables,91.38,1,0.192,0.43,2024-08,2024,1.0,0.47056248632085795
ORD03336,C00451,2024-08-27 11:39:30,2024-09-01 11:39:30,Standard Class,Consumer,South,Office Supplies,Storage,140.99,5,0.25,-8.73,2024-08,2024,5.0,-6.191928505567771
ORD03810,C00086,2024-08-27 12:43:20,2024-08-30 12:43:20,Standard Class,Consumer,West,Technology,Laptops,522.99,4,0.116,101.14,2024-08,2024,3.0,19.338801889137457
ORD00425,C00374,2024-08-27 16:53:17,2024-08-28 16:53:17,First Class,Consumer,North,Technology,Laptops,381.36,3,0.125,54.87,2024-08,2024,1.0,14.387979861548143
ORD00151,C00400,2024-08-27 17:38:26,2024-08-29 17:38:26,First Class,Corporate,North,Office Supplies,Storage,251.25,8,0.125,34.34,2024-08,2024,2.0,13.66766169154229
ORD03400,C00615,2024-08-27 20:56:39,2024-08-31 20:56:39,Standard Class,Consumer,East,Office Supplies,Appliances,129.55,5,0.041,19.57,2024-08,2024,4.0,15.106136626785025
ORD00443,C00072,2024-08-27 22:50:19,2024-08-31 22:50:19,Standard Class,Consumer,South,Furniture,Furnishings,114.74,1,0.335,-27.65,2024-08,2024,4.0,-24.09796060658881
ORD00301,C00465,2024-08-28 07:29:47,2024-08-31 07:29:47,Standard Class,Consumer,East,Furniture,Furnishings,118.4,1,0.163,-9.13,2024-08,2024,3.0,-7.711148648648648
ORD01566,C00384,2024-08-28 08:40:41,2024-08-31 08:40:41,Standard Class,Consumer,South,Office Supplies,Art,33.73,1,0.137,1.54,2024-08,2024,3.0,4.565668544322562
ORD03662,C00753,2024-08-28 17:48:50,2024-08-31 17:48:50,Second Class,Corporate,North,Office Supplies,Paper,78.98,6,0.052,11.13,2024-08,2024,3.0,14.092175234236514
ORD03121,C00103,2024-08-28 19:10:06,2024-09-02 19:10:06,Standard Class,Corporate,West,Office Supplies,Art,40.26,2,0.121,5.17,2024-08,2024,5.0,12.841530054644808
ORD02377,C00107,2024-08-29 01:02:23,2024-08-31 01:02:23,Same Day,Corporate,East,Furniture,Tables,435.99,2,0.147,-92.48,2024-08,2024,2.0,-21.211495676506342
ORD03321,C00630,2024-08-29 01:07:36,2024-09-02 01:07:36,Second Class,Consumer,East,Office Supplies,Binders,65.92,6,0.114,1.38,2024-08,2024,4.0,2.0934466019417473
ORD01755,C00641,2024-08-29 05:14:29,2024-09-02 05:14:29,Standard Class,Corporate,West,Furniture,Bookcases,751.13,7,0.143,-24.39,2024-08,2024,4.0,-3.2471076910787744
ORD02365,C00623,2024-08-29 09:07:29,2024-09-02 09:07:29,Standard Class,Consumer,South,Furniture,Chairs,152.31,1,0.154,-13.62,2024-08,2024,4.0,-8.942288753200708
ORD02513,C00865,2024-08-29 09:27:39,2024-08-30 09:27:39,Same Day,Home Office,West,Furniture,Chairs,771.11,3,0.369,-136.96,2024-08,2024,1.0,-17.761408878110778
ORD00960,C00249,2024-08-29 10:08:43,2024-09-03 10:08:43,Standard Class,Corporate,West,Office Supplies,Storage,219.57,5,0.086,13.78,2024-08,2024,5.0,6.275902901124926
ORD02063,C00417,2024-08-29 10:29:24,2024-09-01 10:29:24,Standard Class,Corporate,North,Office Supplies,Storage,183.13,7,0.116,14.08,2024-08,2024,3.0,7.688527275705782
ORD00844,C00688,2024-08-29 16:59:42,2024-09-01 16:59:42,First Class,Corporate,West,Office Supplies,Binders,390.51,6,0.152,36.45,2024-08,2024,3.0,9.333947914265961
ORD01368,C00759,2024-08-30 01:05:19,2024-09-04 01:05:19,Standard Class,Consumer,West,Office Supplies,Storage,34.61,2,0.311,-0.11,2024-08,2024,5.0,-0.31782721756717713
ORD03144,C00070,2024-08-30 11:29:47,2024-08-31 11:29:47,First Class,Corporate,West,Technology,Phones,1068.66,7,0.141,63.56,2024-08,2024,1.0,5.947635356427675
ORD02540,C00454,2024-08-30 13:11:14,2024-09-04 13:11:14,Standard Class,Corporate,East,Office Supplies,Art,400.58,8,0.155,20.57,2024-08,2024,5.0,5.1350541714513955
ORD03224,C00045,2024-08-31 03:42:30,2024-09-01 03:42:30,Same Day,Consumer,North,Furniture,Furnishings,420.25,3,0.11,-2.91,2024-08,2024,1.0,-0.6924449732302201
ORD03827,C00458,2024-08-31 03:48:34,2024-09-01 03:48:34,Same Day,Home Office,North,Furniture,Furnishings,439.18,3,0.091,36.46,2024-08,2024,1.0,8.301835238398834
ORD02918,C00539,2024-08-31 08:20:07,2024-09-04 08:20:07,Standard Class,Consumer,South,Office Supplies,Appliances,116.69,3,0.309,-18.27,2024-08,2024,4.0,-15.656868626274745
ORD01838,C00828,2024-08-31 10:00:58,2024-09-04 10:00:58,Standard Class,Consumer,South,Furniture,Bookcases,325.59,3,0.25,-35.07,2024-08,2024,4.0,-10.771215332166221
ORD01039,C00299,2024-08-31 11:47:40,2024-09-01 11:47:40,Same Day,Corporate,East,Technology,Accessories,337.26,2,0.231,3.83,2024-08,2024,1.0,1.135622368499081
ORD00952,C00675,2024-08-31 13:10:08,2024-09-05 13:10:08,Standard Class,Corporate,North,Office Supplies,Storage,326.93,8,0.131,-11.07,2024-08,2024,5.0,-3.386045942556511
ORD02585,C00787,2024-08-31 13:20:00,2024-09-03 13:20:00,Standard Class,Consumer,East,Office Supplies,Art,288.77,7,0.282,-18.0,2024-08,2024,3.0,-6.233334487654535
ORD03500,C00086,2024-08-31 21:37:45,2024-09-01 21:37:45,First Class,Consumer,North,Technology,Phones,802.78,6,0.317,-57.41,2024-08,2024,1.0,-7.151398888861207
ORD02084,C00562,2024-08-31 21:57:29,2024-09-03 21:57:29,Second Class,Consumer,North,Furniture,Furnishings,365.61,6,0.089,7.46,2024-08,2024,3.0,2.0404255901096797
ORD00541,C00236,2024-08-31 23:57:29,2024-09-04 23:57:29,Standard Class,Corporate,East,Office Supplies,Art,231.23,4,0.22,7.57,2024-08,2024,4.0,3.2737966526834756
ORD00798,C00771,2024-09-01 00:47:09,2024-09-03 00:47:09,Second Class,Corporate,North,Technology,Phones,670.3,8,0.086,89.88,2024-09,2024,2.0,13.408921378487246
ORD00261,C00632,2024-09-01 11:04:28,2024-09-05 11:04:28,Standard Class,Corporate,East,Technology,Phones,986.38,6,0.042,153.3,2024-09,2024,4.0,15.541677649587381
ORD00608,C00535,2024-09-01 14:01:16,2024-09-05 14:01:16,Standard Class,Corporate,West,Furniture,Bookcases,113.23,1,0.171,4.24,2024-09,2024,4.0,3.744590656186523
ORD02665,C00485,2024-09-01 23:14:48,2024-09-03 23:14:48,Second Class,Consumer,West,Office Supplies,Paper,116.4,7,0.158,9.5,2024-09,2024,2.0,8.161512027491408
ORD00891,C00866,2024-09-01 23:25:32,2024-09-05 23:25:32,Standard Class,Home Office,West,Office Supplies,Appliances,178.54,3,0.277,-3.77,2024-09,2024,4.0,-2.111571636608043
ORD02128,C00105,2024-09-02 00:10:23,2024-09-06 00:10:23,Standard Class,Consumer,North,Office Supplies,Appliances,39.64,4,0.245,-0.81,2024-09,2024,4.0,-2.0433905146316853
ORD02144,C00726,2024-09-02 03:16:31,2024-09-07 03:16:31,Standard Class,Consumer,West,Technology,Laptops,1039.41,7,0.148,18.1,2024-09,2024,5.0,1.7413725094043735
ORD01750,C00806,2024-09-02 08:59:49,2024-09-04 08:59:49,First Class,Home Office,East,Office Supplies,Binders,60.21,5,0.164,-6.66,2024-09,2024,2.0,-11.061285500747383
ORD02259,C00772,2024-09-02 11:43:39,2024-09-04 11:43:39,Same Day,Consumer,East,Office Supplies,Paper,303.77,5,0.197,4.48,2024-09,2024,2.0,1.4748000131678576
ORD02837,C00331,2024-09-02 21:43:35,2024-09-05 21:43:35,Standard Class,Consumer,North,Furniture,Tables,493.77,5,0.11,6.11,2024-09,2024,3.0,1.2374182311602568
ORD01931,C00463,2024-09-02 23:05:56,2024-09-06 23:05:56,Standard Class,Home Office,North,Office Supplies,Art,152.62,6,0.095,14.75,2024-09,2024,4.0,9.664526274407024
ORD03485,C00617,2024-09-02 23:24:48,2024-09-07 23:24:48,Standard Class,Consumer,South,Office Supplies,Paper,63.63,7,0.16,1.59,2024-09,2024,5.0,2.498821310702499
ORD02519,C00713,2024-09-03 02:38:35,2024-09-06 02:38:35,Standard Class,Corporate,West,Office Supplies,Art,206.86,6,0.224,-22.06,2024-09,2024,3.0,-10.664217345064293
ORD02563,C00109,2024-09-03 04:34:38,2024-09-06 04:34:38,Standard Class,Consumer,North,Technology,Accessories,567.11,6,0.147,53.21,2024-09,2024,3.0,9.382659448784187
ORD02324,C00017,2024-09-03 18:25:02,2024-09-07 18:25:02,Standard Class,Consumer,North,Office Supplies,Storage,212.56,5,0.149,20.15,2024-09,2024,4.0,9.47967632668423
ORD03533,C00516,2024-09-03 19:17:20,2024-09-05 19:17:20,Second Class,Corporate,North,Furniture,Tables,973.2,6,0.106,-51.84,2024-09,2024,2.0,-5.326757090012331
ORD03478,C00919,2024-09-03 21:54:37,2024-09-05 21:54:37,First Class,Consumer,North,Office Supplies,Storage,39.57,2,0.143,3.03,2024-09,2024,2.0,7.657316148597422
ORD01196,C00110,2024-09-04 00:23:07,2024-09-08 00:23:07,Second Class,Consumer,North,Furniture,Furnishings,596.85,6,0.14,0.74,2024-09,2024,4.0,0.12398425064924185
ORD00303,C00778,2024-09-04 01:45:27,2024-09-08 01:45:27,Standard Class,Consumer,West,Furniture,Chairs,625.59,3,0.108,-7.93,2024-09,2024,4.0,-1.2676033824070077
ORD00368,C00466,2024-09-04 08:45:02,2024-09-06 08:45:02,Second Class,Consumer,North,Office Supplies,Binders,74.13,2,0.029,13.27,2024-09,2024,2.0,17.900984756508837
ORD00468,C00880,2024-09-04 10:17:43,2024-09-07 10:17:43,Standard Class,Home Office,East,Furniture,Chairs,1284.24,7,0.222,-31.43,2024-09,2024,3.0,-2.447361863826076
ORD03152,C00013,2024-09-04 11:24:56,2024-09-06 11:24:56,First Class,Consumer,South,Furniture,Bookcases,330.09,2,0.202,-14.97,2024-09,2024,2.0,-4.535126783604472
ORD01493,C00602,2024-09-04 11:33:28,2024-09-06 11:33:28,Same Day,Consumer,North,Technology,Accessories,468.35,4,0.21,-1.95,2024-09,2024,2.0,-0.41635528984733633
ORD00929,C00670,2024-09-04 15:00:14,2024-09-09 15:00:14,Standard Class,Corporate,West,Technology,Phones,112.22,1,0.042,17.67,2024-09,2024,5.0,15.745856353591162
ORD03875,C00736,2024-09-04 16:55:26,2024-09-09 16:55:26,Standard Class,Consumer,North,Office Supplies,Binders,51.39,2,0.066,6.23,2024-09,2024,5.0,12.122981124732439
ORD02597,C00746,2024-09-04 19:39:00,2024-09-09 19:39:00,Standard Class,Consumer,East,Technology,Accessories,833.17,7,0.259,-95.62,2024-09,2024,5.0,-11.476649423286965
ORD00468,C00158,2024-09-04 22:17:05,2024-09-05 22:17:05,First Class,Corporate,North,Technology,Phones,543.18,4,0.178,48.61,2024-09,2024,1.0,8.949151294230274
ORD01364,C00570,2024-09-05 00:10:25,2024-09-08 00:10:25,Second Class,Home Office,North,Office Supplies,Storage,199.09,7,0.203,-7.86,2024-09,2024,3.0,-3.947963232708825
ORD01838,C00209,2024-09-05 05:43:21,2024-09-08 05:43:21,Second Class,Home Office,West,Technology,Phones,238.55,2,0.305,-23.86,2024-09,2024,3.0,-10.002095996646403
ORD02032,C00482,2024-09-05 11:42:10,2024-09-09 11:42:10,Second Class,Consumer,West,Technology,Accessories,730.47,6,0.21,42.13,2024-09,2024,4.0,5.767519542212548
ORD03140,C00945,2024-09-05 15:09:02,2024-09-08 15:09:02,Standard Class,Home Office,East,Office Supplies,Art,148.9,3,0.089,20.74,2024-09,2024,3.0,13.928811282740092
ORD00546,C00681,2024-09-05 20:23:21,2024-09-06 20:23:21,Same Day,Consumer,South,Office Supplies,Paper,95.13,7,0.126,13.12,2024-09,2024,1.0,13.791653526752864
ORD01475,C00365,2024-09-06 05:06:05,2024-09-10 05:06:05,Second Class,Corporate,North,Technology,Laptops,762.16,8,0.164,82.4,2024-09,2024,4.0,10.811378188306918
ORD00739,C00249,2024-09-06 07:45:01,2024-09-09 07:45:01,Second Class,Consumer,West,Technology,Laptops,793.38,5,0.151,70.08,2024-09,2024,3.0,8.833093851622174
ORD01139,C00813,2024-09-06 10:21:18,2024-09-08 10:21:18,Second Class,Home Office,East,Office Supplies,Appliances,100.53,4,0.217,-5.17,2024-09,2024,2.0,-5.142743459663782
ORD01957,C00818,2024-09-06 14:33:35,2024-09-08 14:33:35,Second Class,Consumer,West,Technology,Accessories,331.39,3,0.16,27.62,2024-09,2024,2.0,8.334590663568605
ORD03270,C00534,2024-09-06 19:25:37,2024-09-10 19:25:37,Standard Class,Corporate,West,Office Supplies,Art,64.76,1,0.307,-4.41,2024-09,2024,4.0,-6.809759110562075
ORD01381,C00253,2024-09-06 19:40:42,2024-09-09 19:40:42,Standard Class,Consumer,North,Office Supplies,Art,144.44,3,0.064,10.74,2024-09,2024,3.0,7.435613403489338
ORD03672,C00457,2024-09-06 20:21:23,2024-09-10 20:21:23,Standard Class,Consumer,North,Office Supplies,Appliances,103.1,3,0.135,9.47,2024-09,2024,4.0,9.185257032007762
ORD03308,C00065,2024-09-06 22:11:23,2024-09-09 22:11:23,Standard Class,Corporate,North,Furniture,Bookcases,1283.91,8,0.04,232.47,2024-09,2024,3.0,18.106409327756616
ORD00718,C00857,2024-09-06 22:54:44,2024-09-11 22:54:44,Standard Class,Consumer,North,Office Supplies,Art,151.47,5,0.095,20.61,2024-09,2024,5.0,13.606654783125371
ORD03101,C00721,2024-09-07 02:11:25,2024-09-12 02:11:25,Standard Class,Home Office,East,Office Supplies,Appliances,30.2,2,0.147,-0.53,2024-09,2024,5.0,-1.7549668874172186
ORD00491,C00942,2024-09-07 03:02:34,2024-09-10 03:02:34,Standard Class,Corporate,North,Office Supplies,Storage,258.2,8,0.383,-30.32,2024-09,2024,3.0,-11.7428350116189
ORD01775,C00832,2024-09-07 03:13:59,2024-09-11 03:13:59,Second Class,Home Office,East,Office Supplies,Binders,309.63,7,0.263,-22.49,2024-09,2024,4.0,-7.2635080580047156
ORD01714,C00176,2024-09-07 04:08:18,2024-09-10 04:08:18,Second Class,Corporate,West,Office Supplies,Binders,120.51,7,0.113,-3.46,2024-09,2024,3.0,-2.8711310264708323
ORD03134,C00782,2024-09-07 04:20:34,2024-09-12 04:20:34,Standard Class,Consumer,East,Office Supplies,Binders,94.32,6,0.164,3.0,2024-09,2024,5.0,3.1806615776081424
ORD02771,C00603,2024-09-07 14:29:02,2024-09-10 14:29:02,Second Class,Corporate,South,Furniture,Furnishings,1313.38,7,0.186,-31.02,2024-09,2024,3.0,-2.36184501058338
ORD01609,C00686,2024-09-07 15:35:31,2024-09-12 15:35:31,Standard Class,Home Office,South,Office Supplies,Binders,71.35,5,0.074,9.7,2024-09,2024,5.0,13.594954449894884
ORD03589,C00278,2024-09-07 18:08:52,2024-09-10 18:08:52,Standard Class,Corporate,South,Office Supplies,Storage,293.26,7,0.195,-9.11,2024-09,2024,3.0,-3.1064584327900153
ORD01803,C00945,2024-09-07 23:38:52,2024-09-08 23:38:52,First Class,Consumer,West,Furniture,Bookcases,245.43,2,0.201,-20.38,2024-09,2024,1.0,-8.303793342297192
ORD00322,C00426,2024-09-07 23:41:10,2024-09-11 23:41:10,Standard Class,Home Office,West,Office Supplies,Appliances,130.03,5,0.138,3.92,2024-09,2024,4.0,3.0146889179420135
ORD03278,C00342,2024-09-08 02:35:45,2024-09-10 02:35:45,First Class,Consumer,South,Office Supplies,Art,39.57,1,0.188,-3.08,2024-09,2024,2.0,-7.783674500884509
ORD02255,C00763,2024-09-08 04:02:41,2024-09-11 04:02:41,Standard Class,Corporate,North,Furniture,Tables,158.1,2,0.074,5.43,2024-09,2024,3.0,3.4345351043643264
ORD01565,C00937,2024-09-08 05:21:06,2024-09-10 05:21:06,Second Class,Home Office,West,Furniture,Tables,462.04,5,0.333,-68.5,2024-09,2024,2.0,-14.825556228897929
ORD00179,C00411,2024-09-08 08:43:59,2024-09-11 08:43:59,Standard Class,Home Office,West,Furniture,Chairs,454.14,3,0.173,-43.04,2024-09,2024,3.0,-9.477253710309597
ORD02303,C00152,2024-09-08 14:06:29,2024-09-13 14:06:29,Standard Class,Corporate,West,Office Supplies,Art,406.86,7,0.255,-55.15,2024-09,2024,5.0,-13.555031214668437
ORD03718,C00219,2024-09-08 17:26:37,2024-09-12 17:26:37,Standard Class,Corporate,North,Office Supplies,Binders,127.26,8,0.155,8.0,2024-09,2024,4.0,6.286342920006287
ORD03412,C00214,2024-09-09 03:07:01,2024-09-14 03:07:01,Standard Class,Consumer,East,Office Supplies,Paper,51.64,1,0.181,0.2,2024-09,2024,5.0,0.3872966692486445
ORD02069,C00578,2024-09-09 09:12:13,2024-09-13 09:12:13,Standard Class,Consumer,North,Office Supplies,Appliances,90.92,7,0.077,2.43,2024-09,2024,4.0,2.672679278486582
ORD03555,C00350,2024-09-09 15:02:17,2024-09-12 15:02:17,Standard Class,Consumer,East,Office Supplies,Paper,129.15,2,0.103,-0.36,2024-09,2024,3.0,-0.27874564459930307
ORD02469,C00403,2024-09-09 22:18:21,2024-09-14 22:18:21,Standard Class,Corporate,East,Furniture,Tables,336.26,3,0.191,-24.1,2024-09,2024,5.0,-7.1670730981978235
ORD02996,C00948,2024-09-09 22:33:17,2024-09-12 22:33:17,Second Class,Home Office,East,Technology,Phones,271.34,2,0.06,67.05,2024-09,2024,3.0,24.710695068917225
ORD03329,C00557,2024-09-10 02:18:56,2024-09-14 02:18:56,Second Class,Corporate,South,Office Supplies,Paper,281.62,7,0.087,36.56,2024-09,2024,4.0,12.982032526099
ORD00212,C00772,2024-09-10 05:09:32,2024-09-15 05:09:32,Standard Class,Home Office,North,Office Supplies,Appliances,167.35,3,0.028,18.93,2024-09,2024,5.0,11.311622348371676
ORD01801,C00738,2024-09-10 07:42:44,2024-09-13 07:42:44,Standard Class,Consumer,South,Office Supplies,Appliances,50.04,1,0.061,2.31,2024-09,2024,3.0,4.6163069544364514
ORD03124,C00591,2024-09-10 16:11:09,2024-09-15 16:11:09,Standard Class,Consumer,East,Office Supplies,Storage,274.94,6,0.157,19.54,2024-09,2024,5.0,7.107005164763221
ORD03609,C00941,2024-09-10 19:14:31,2024-09-12 19:14:31,First Class,Corporate,East,Office Supplies,Appliances,114.71,4,0.171,4.64,2024-09,2024,2.0,4.044983000610235
ORD03154,C00437,2024-09-10 19:16:44,2024-09-15 19:16:44,Standard Class,Consumer,West,Office Supplies,Appliances,461.72,8,0.051,77.65,2024-09,2024,5.0,16.81755176297323
ORD03039,C00097,2024-09-10 23:13:17,2024-09-13 23:13:17,Standard Class,Home Office,South,Office Supplies,Appliances,137.05,3,0.08,0.28,2024-09,2024,3.0,0.2043049981758482
ORD00662,C00345,2024-09-11 01:25:40,2024-09-14 01:25:40,Second Class,Consumer,South,Technology,Accessories,885.12,8,0.24,-0.96,2024-09,2024,3.0,-0.10845986984815618
ORD01994,C00735,2024-09-11 01:30:37,2024-09-13 01:30:37,Second Class,Consumer,West,Office Supplies,Paper,163.21,4,0.235,-0.03,2024-09,2024,2.0,-0.018381226640524474
ORD03814,C00684,2024-09-11 02:32:49,2024-09-14 02:32:49,Standard Class,Consumer,North,Office Supplies,Art,112.3,4,0.136,6.41,2024-09,2024,3.0,5.707925200356189
ORD03005,C00825,2024-09-11 05:47:36,2024-09-14 05:47:36,Second Class,Consumer,North,Office Supplies,Art,167.0,4,0.166,12.4,2024-09,2024,3.0,7.425149700598803
ORD02092,C00203,2024-09-11 10:12:07,2024-09-13 10:12:07,First Class,Home Office,East,Office Supplies,Appliances,100.79,8,0.221,-2.58,2024-09,2024,2.0,-2.5597777557297348
ORD00572,C00372,2024-09-11 16:02:19,2024-09-14 16:02:19,Standard Class,Consumer,West,Technology,Accessories,465.94,5,0.22,28.61,2024-09,2024,3.0,6.140275571962055
ORD00851,C00202,2024-09-12 04:21:16,2024-09-15 04:21:16,Second Class,Consumer,North,Technology,Accessories,478.86,5,0.254,-36.44,2024-09,2024,3.0,-7.609739798688551
ORD00282,C00293,2024-09-12 06:19:36,2024-09-15 06:19:36,Standard Class,Consumer,East,Office Supplies,Storage,39.82,2,0.191,-0.19,2024-09,2024,3.0,-0.4771471622300351
ORD01004,C00535,2024-09-12 08:21:20,2024-09-15 08:21:20,Standard Class,Home Office,North,Office Supplies,Art,135.33,5,0.242,-27.33,2024-09,2024,3.0,-20.195078696519616
ORD03428,C00566,2024-09-12 19:26:29,2024-09-14 19:26:29,Second Class,Corporate,South,Office Supplies,Binders,44.43,1,0.098,4.01,2024-09,2024,2.0,9.025433265811388
ORD02702,C00366,2024-09-13 03:12:48,2024-09-17 03:12:48,Standard Class,Corporate,West,Office Supplies,Art,199.4,4,0.139,13.76,2024-09,2024,4.0,6.900702106318956
ORD02230,C00101,2024-09-13 03:13:11,2024-09-18 03:13:11,Standard Class,Corporate,South,Office Supplies,Appliances,78.8,3,0.242,-0.77,2024-09,2024,5.0,-0.9771573604060915
ORD03454,C00637,2024-09-13 09:00:42,2024-09-16 09:00:42,Second Class,Home Office,North,Technology,Phones,864.73,7,0.081,131.49,2024-09,2024,3.0,15.205902420408684
ORD03519,C00795,2024-09-13 21:48:45,2024-09-14 21:48:45,First Class,Corporate,South,Office Supplies,Appliances,150.11,6,0.048,16.98,2024-09,2024,1.0,11.311704749850108
ORD03413,C00446,2024-09-13 23:55:40,2024-09-18 23:55:40,Standard Class,Consumer,South,Technology,Phones,107.46,1,0.172,12.26,2024-09,2024,5.0,11.40889633351945
ORD03052,C00070,2024-09-14 02:45:46,2024-09-17 02:45:46,Second Class,Corporate,North,Office Supplies,Binders,221.38,5,0.281,-18.04,2024-09,2024,3.0,-8.148884271388562
ORD01572,C00370,2024-09-14 04:06:16,2024-09-17 04:06:16,Standard Class,Corporate,West,Furniture,Tables,289.75,2,0.144,8.98,2024-09,2024,3.0,3.099223468507334
ORD02808,C00066,2024-09-14 16:57:07,2024-09-18 16:57:07,Standard Class,Home Office,East,Technology,Laptops,1025.07,8,0.147,301.2,2024-09,2024,4.0,29.383359185226375
ORD02799,C00402,2024-09-14 20:57:03,2024-09-17 20:57:03,Standard Class,Consumer,East,Office Supplies,Binders,77.99,2,0.13,1.19,2024-09,2024,3.0,1.5258366457238108
ORD02509,C00144,2024-09-14 22:28:35,2024-09-18 22:28:35,Standard Class,Home Office,South,Technology,Phones,856.28,8,0.123,91.6,2024-09,2024,4.0,10.69743541832111
ORD00204,C00801,2024-09-15 19:17:41,2024-09-18 19:17:41,Standard Class,Corporate,East,Office Supplies,Storage,150.66,7,0.274,-2.85,2024-09,2024,3.0,-1.8916766228594186
ORD02806,C00774,2024-09-16 00:50:12,2024-09-19 00:50:12,First Class,Consumer,South,Office Supplies,Storage,251.26,8,0.079,8.11,2024-09,2024,3.0,3.2277322295630024
ORD02416,C00050,2024-09-16 06:29:19,2024-09-20 06:29:19,Standard Class,Consumer,South,Furniture,Chairs,701.11,5,0.083,61.74,2024-09,2024,4.0,8.806036142688022
ORD02710,C00032,2024-09-16 07:24:59,2024-09-18 07:24:59,Second Class,Corporate,East,Technology,Accessories,655.14,6,0.065,79.43,2024-09,2024,2.0,12.124126140977502
ORD01286,C00146,2024-09-16 09:34:59,2024-09-21 09:34:59,Standard Class,Consumer,South,Office Supplies,Appliances,416.85,8,0.128,5.58,2024-09,2024,5.0,1.3386110111550917
ORD02967,C00864,2024-09-16 13:06:01,2024-09-19 13:06:01,Standard Class,Consumer,North,Technology,Accessories,676.3,5,0.192,16.29,2024-09,2024,3.0,2.4086943664054417
ORD03391,C00534,2024-09-17 21:06:56,2024-09-21 21:06:56,Second Class,Home Office,East,Office Supplies,Binders,148.9,6,0.086,11.12,2024-09,2024,4.0,7.468099395567494
ORD01439,C00706,2024-09-18 02:35:58,2024-09-19 02:35:58,First Class,Corporate,East,Office Supplies,Paper,181.81,5,0.205,1.84,2024-09,2024,1.0,1.0120455420493923
ORD03212,C00110,2024-09-18 05:43:34,2024-09-21 05:43:34,Standard Class,Consumer,North,Office Supplies,Binders,30.34,1,0.175,-1.93,2024-09,2024,3.0,-6.361239288068556
ORD01585,C00633,2024-09-18 15:42:48,2024-09-22 15:42:48,Standard Class,Corporate,South,Technology,Accessories,297.8,3,0.123,28.96,2024-09,2024,4.0,9.724647414372061
ORD02136,C00317,2024-09-18 19:56:50,2024-09-19 19:56:50,First Class,Corporate,East,Office Supplies,Appliances,31.91,3,0.198,-0.1,2024-09,2024,1.0,-0.3133813851457224
ORD02847,C00080,2024-09-18 22:05:08,2024-09-23 22:05:08,Standard Class,Consumer,West,Office Supplies,Paper,30.78,1,0.058,3.24,2024-09,2024,5.0,10.526315789473685
ORD03842,C00619,2024-09-19 02:35:46,2024-09-23 02:35:46,Standard Class,Consumer,South,Office Supplies,Art,165.37,8,0.169,0.53,2024-09,2024,4.0,0.3204934389550705
ORD00478,C00935,2024-09-19 13:04:26,2024-09-21 13:04:26,Second Class,Corporate,South,Furniture,Bookcases,536.07,3,0.222,-25.89,2024-09,2024,2.0,-4.829593150148302
ORD03395,C00135,2024-09-19 13:21:12,2024-09-21 13:21:12,Second Class,Consumer,South,Furniture,Furnishings,438.11,3,0.09,27.06,2024-09,2024,2.0,6.176531008194289
ORD01421,C00154,2024-09-19 14:15:24,2024-09-21 14:15:24,Second Class,Corporate,West,Office Supplies,Storage,372.05,7,0.08,34.86,2024-09,2024,2.0,9.369708372530573
ORD03560,C00857,2024-09-19 15:57:23,2024-09-22 15:57:23,Second Class,Consumer,East,Furniture,Chairs,1130.02,6,0.121,41.38,2024-09,2024,3.0,3.6618820905824676
ORD03421,C00879,2024-09-19 16:16:17,2024-09-21 16:16:17,First Class,Corporate,East,Technology,Phones,329.39,3,0.281,-19.75,2024-09,2024,2.0,-5.995931874070251
ORD02076,C00120,2024-09-19 19:06:14,2024-09-20 19:06:14,First Class,Corporate,South,Technology,Phones,246.32,3,0.351,-32.45,2024-09,2024,1.0,-13.173920103929849
ORD01581,C00387,2024-09-20 06:42:59,2024-09-23 06:42:59,Second Class,Corporate,South,Office Supplies,Art,155.51,5,0.336,-25.73,2024-09,2024,3.0,-16.545559771075816
ORD00313,C00724,2024-09-20 08:29:31,2024-09-23 08:29:31,First Class,Consumer,East,Furniture,Furnishings,365.85,2,0.144,-28.23,2024-09,2024,3.0,-7.716277162771627
ORD03278,C00509,2024-09-20 08:55:04,2024-09-25 08:55:04,Standard Class,Home Office,West,Furniture,Tables,231.38,1,0.44,-68.34,2024-09,2024,5.0,-29.535828507217566
ORD01680,C00136,2024-09-20 09:24:03,2024-09-23 09:24:03,Second Class,Corporate,South,Technology,Phones,198.79,2,0.1,17.19,2024-09,2024,3.0,8.647316263393531
ORD02512,C00283,2024-09-20 15:58:18,2024-09-21 15:58:18,First Class,Consumer,West,Furniture,Tables,239.5,4,0.082,-3.25,2024-09,2024,1.0,-1.3569937369519833
ORD02254,C00485,2024-09-20 17:57:24,2024-09-23 17:57:24,Second Class,Consumer,North,Furniture,Chairs,194.25,3,0.12,1.67,2024-09,2024,3.0,0.8597168597168596
ORD00022,C00174,2024-09-20 19:17:38,2024-09-23 19:17:38,Second Class,Corporate,East,Technology,Laptops,465.13,4,0.106,30.37,2024-09,2024,3.0,6.529357383957174
ORD02635,C00130,2024-09-20 22:06:43,2024-09-21 22:06:43,First Class,Consumer,East,Technology,Laptops,222.45,2,0.197,4.41,2024-09,2024,1.0,1.9824679703304113
ORD03144,C00333,2024-09-20 23:12:53,2024-09-25 23:12:53,Standard Class,Corporate,West,Furniture,Tables,711.78,5,0.139,23.01,2024-09,2024,5.0,3.232740453510917
ORD02650,C00662,2024-09-21 02:57:24,2024-09-25 02:57:24,Standard Class,Corporate,North,Furniture,Furnishings,368.92,6,0.215,2.98,2024-09,2024,4.0,0.8077632006939173
ORD02625,C00337,2024-09-21 05:34:39,2024-09-24 05:34:39,Standard Class,Corporate,North,Office Supplies,Art,193.72,4,0.094,3.35,2024-09,2024,3.0,1.7293000206483586
ORD02601,C00300,2024-09-21 11:54:41,2024-09-24 11:54:41,First Class,Consumer,South,Technology,Laptops,751.4,8,0.245,38.69,2024-09,2024,3.0,5.149055097151982
ORD02483,C00765,2024-09-21 15:37:51,2024-09-26 15:37:51,Standard Class,Consumer,North,Furniture,Tables,392.38,5,0.21,-36.86,2024-09,2024,5.0,-9.393954839696212
ORD03444,C00320,2024-09-21 16:05:18,2024-09-26 16:05:18,Standard Class,Consumer,South,Technology,Laptops,753.44,6,0.114,68.23,2024-09,2024,5.0,9.055797409216394
ORD02898,C00237,2024-09-21 18:15:21,2024-09-25 18:15:21,Second Class,Consumer,West,Technology,Accessories,984.84,6,0.093,65.55,2024-09,2024,4.0,6.655903497014743
ORD00447,C00521,2024-09-22 08:26:25,2024-09-26 08:26:25,Standard Class,Home Office,West,Office Supplies,Art,126.57,2,0.097,13.47,2024-09,2024,4.0,10.642332306233705
ORD00636,C00804,2024-09-22 11:38:34,2024-09-27 11:38:34,Standard Class,Consumer,West,Technology,Phones,529.25,6,0.05,117.4,2024-09,2024,5.0,22.182333490788853
ORD02693,C00009,2024-09-22 15:38:01,2024-09-27 15:38:01,Standard Class,Corporate,South,Office Supplies,Binders,238.27,5,0.146,0.25,2024-09,2024,5.0,0.10492298652788852
ORD01754,C00180,2024-09-22 20:38:38,2024-09-27 20:38:38,Standard Class,Consumer,North,Office Supplies,Art,165.08,3,0.062,21.22,2024-09,2024,5.0,12.854373637024471
ORD00693,C00831,2024-09-22 23:22:10,2024-09-25 23:22:10,Standard Class,Consumer,East,Technology,Accessories,531.46,4,0.177,-1.93,2024-09,2024,3.0,-0.3631505663643547
ORD03564,C00710,2024-09-23 00:57:49,2024-09-26 00:57:49,First Class,Consumer,East,Office Supplies,Appliances,139.31,3,0.043,19.93,2024-09,2024,3.0,14.306223530256263
ORD02724,C00206,2024-09-23 09:23:13,2024-09-27 09:23:13,Second Class,Consumer,West,Office Supplies,Art,516.3,8,0.261,-12.55,2024-09,2024,4.0,-2.4307573116405194
ORD00471,C00516,2024-09-23 10:04:55,2024-09-25 10:04:55,Second Class,Home Office,West,Office Supplies,Storage,207.66,5,0.021,30.63,2024-09,2024,2.0,14.750072233458539
ORD01224,C00648,2024-09-23 17:25:50,2024-09-26 17:25:50,First Class,Consumer,East,Office Supplies,Paper,50.75,2,0.049,7.08,2024-09,2024,3.0,13.950738916256158
ORD02551,C00527,2024-09-23 19:29:50,2024-09-25 19:29:50,Second Class,Consumer,North,Furniture,Furnishings,724.84,4,0.338,-165.07,2024-09,2024,2.0,-22.773301694166985
ORD03317,C00742,2024-09-24 04:18:12,2024-09-28 04:18:12,Standard Class,Consumer,West,Office Supplies,Storage,372.13,6,0.082,25.92,2024-09,2024,4.0,6.965307822535135
ORD00780,C00838,2024-09-24 08:56:13,2024-09-27 08:56:13,Standard Class,Corporate,West,Technology,Accessories,559.65,4,0.15,48.97,2024-09,2024,3.0,8.750111676940946
ORD02657,C00069,2024-09-24 10:11:51,2024-09-29 10:11:51,Standard Class,Consumer,North,Technology,Laptops,518.03,6,0.062,95.63,2024-09,2024,5.0,18.460320830839912
ORD02393,C00853,2024-09-24 11:11:44,2024-09-27 11:11:44,Second Class,Home Office,East,Office Supplies,Appliances,56.3,4,0.109,3.46,2024-09,2024,3.0,6.145648312611013
ORD01336,C00652,2024-09-24 12:17:39,2024-09-26 12:17:39,Second Class,Corporate,West,Technology,Laptops,335.87,2,0.092,71.81,2024-09,2024,2.0,21.38029594783696
ORD01682,C00247,2024-09-24 12:46:37,2024-09-25 12:46:37,First Class,Consumer,North,Office Supplies,Binders,128.53,8,0.225,-0.51,2024-09,2024,1.0,-0.3967945226795301
ORD01713,C00345,2024-09-24 14:58:44,2024-09-27 14:58:44,Standard Class,Corporate,South,Furniture,Furnishings,474.15,7,0.274,-55.66,2024-09,2024,3.0,-11.73890119160603
ORD03512,C00268,2024-09-24 15:34:45,2024-09-28 15:34:45,Second Class,Consumer,South,Technology,Phones,158.9,2,0.157,18.98,2024-09,2024,4.0,11.944619257394587
ORD00601,C00348,2024-09-25 01:30:05,2024-09-26 01:30:05,First Class,Corporate,West,Technology,Accessories,513.12,4,0.18,68.8,2024-09,2024,1.0,13.408169628936701
ORD00651,C00194,2024-09-25 06:48:24,2024-09-29 06:48:24,Standard Class,Consumer,North,Office Supplies,Binders,119.25,2,0.198,-10.88,2024-09,2024,4.0,-9.123689727463313
ORD01005,C00025,2024-09-25 13:41:02,2024-09-29 13:41:02,Standard Class,Corporate,South,Office Supplies,Storage,62.86,2,0.183,-6.85,2024-09,2024,4.0,-10.897231944002545
ORD00491,C00041,2024-09-25 21:23:23,2024-09-29 21:23:23,Standard Class,Consumer,South,Technology,Laptops,824.36,6,0.032,112.08,2024-09,2024,4.0,13.596001746809646
ORD03323,C00042,2024-09-26 04:16:05,2024-10-01 04:16:05,Standard Class,Consumer,North,Office Supplies,Binders,34.99,1,0.164,1.35,2024-09,2024,5.0,3.8582452129179767
ORD03352,C00374,2024-09-26 06:44:57,2024-09-27 06:44:57,First Class,Corporate,West,Office Supplies,Binders,27.56,2,0.147,2.02,2024-09,2024,1.0,7.329462989840349
ORD03447,C00677,2024-09-26 08:29:46,2024-09-30 08:29:46,Standard Class,Consumer,West,Office Supplies,Art,18.92,1,0.077,2.08,2024-09,2024,4.0,10.993657505285412
ORD01585,C00913,2024-09-26 08:40:46,2024-09-29 08:40:46,First Class,Consumer,South,Furniture,Chairs,607.46,4,0.11,-20.4,2024-09,2024,3.0,-3.358245810423731
ORD00925,C00799,2024-09-26 13:39:36,2024-09-27 13:39:36,Same Day,Corporate,East,Technology,Laptops,1133.3,8,0.06,155.4,2024-09,2024,1.0,13.712168004941322
ORD00626,C00826,2024-09-26 14:42:15,2024-09-30 14:42:15,Second Class,Consumer,North,Furniture,Chairs,975.7,5,0.145,27.34,2024-09,2024,4.0,2.8020908066003893
ORD00299,C00819,2024-09-26 14:53:21,2024-09-27 14:53:21,Same Day,Home Office,South,Office Supplies,Appliances,97.39,6,0.135,2.46,2024-09,2024,1.0,2.525926686518123
ORD00518,C00461,2024-09-26 23:12:51,2024-10-01 23:12:51,Standard Class,Consumer,North,Furniture,Bookcases,443.26,3,0.074,11.57,2024-09,2024,5.0,2.6102061995217256
ORD01158,C00927,2024-09-27 00:05:01,2024-09-28 00:05:01,First Class,Corporate,West,Furniture,Tables,341.43,4,0.108,6.71,2024-09,2024,1.0,1.9652637436663445
ORD02473,C00034,2024-09-27 02:07:34,2024-09-30 02:07:34,Second Class,Corporate,East,Technology,Laptops,407.47,4,0.123,60.33,2024-09,2024,3.0,14.805997987581906
ORD01311,C00785,2024-09-27 10:27:14,2024-09-30 10:27:14,Second Class,Corporate,North,Office Supplies,Appliances,262.52,6,0.02,42.47,2024-09,2024,3.0,16.17781502361725
ORD03884,C00704,2024-09-27 16:22:52,2024-09-30 16:22:52,First Class,Consumer,West,Technology,Accessories,1110.0,7,0.355,-144.15,2024-09,2024,3.0,-12.986486486486488
ORD02879,C00935,2024-09-27 17:45:32,2024-09-30 17:45:32,Standard Class,Consumer,North,Office Supplies,Art,44.86,5,0.104,2.8,2024-09,2024,3.0,6.241640659830583
ORD01300,C00358,2024-09-27 18:23:01,2024-09-30 18:23:01,Second Class,Corporate,East,Furniture,Chairs,375.77,2,0.103,33.88,2024-09,2024,3.0,9.016153498150466
ORD02605,C00375,2024-09-27 18:33:30,2024-10-01 18:33:30,Standard Class,Corporate,North,Furniture,Chairs,616.67,4,0.24,-69.23,2024-09,2024,4.0,-11.226425803103767
ORD00435,C00222,2024-09-27 20:31:31,2024-09-30 20:31:31,Second Class,Consumer,West,Furniture,Bookcases,181.19,1,0.112,-5.61,2024-09,2024,3.0,-3.096197361885314
ORD00066,C00207,2024-09-27 22:39:44,2024-09-30 22:39:44,Standard Class,Consumer,West,Technology,Laptops,645.01,6,0.116,50.89,2024-09,2024,3.0,7.889800158137083
ORD01820,C00791,2024-09-28 00:20:46,2024-09-30 00:20:46,First Class,Consumer,West,Technology,Accessories,597.56,5,0.138,49.08,2024-09,2024,2.0,8.213401164736595
ORD00015,C00415,2024-09-28 05:26:13,2024-09-30 05:26:13,First Class,Consumer,North,Office Supplies,Art,79.91,2,0.153,6.16,2024-09,2024,2.0,7.708672256288325
ORD00294,C00533,2024-09-28 05:59:52,2024-10-02 05:59:52,Second Class,Consumer,East,Office Supplies,Paper,97.02,6,0.144,3.08,2024-09,2024,4.0,3.1746031746031753
ORD01533,C00365,2024-09-28 14:00:19,2024-10-03 14:00:19,Standard Class,Consumer,East,Furniture,Furnishings,755.54,7,0.288,-71.77,2024-09,2024,5.0,-9.499166159303279
ORD03831,C00650,2024-09-28 18:01:21,2024-10-01 18:01:21,First Class,Corporate,West,Furniture,Chairs,1500.08,7,0.375,4.285,2024-09,2024,3.0,0.28565143192363074
ORD01120,C00464,2024-09-28 23:53:50,2024-10-02 23:53:50,Standard Class,Consumer,North,Technology,Phones,285.77,2,0.138,17.82,2024-09,2024,4.0,6.235784022115689
ORD02601,C00796,2024-09-29 01:44:42,2024-10-03 01:44:42,Second Class,Consumer,East,Technology,Accessories,371.39,3,0.243,-19.67,2024-09,2024,4.0,-5.296319233151136
ORD01792,C00379,2024-09-29 01:59:03,2024-09-29 01:59:03,Same Day,Corporate,West,Office Supplies,Appliances,465.37,8,0.158,52.15,2024-09,2024,0.0,11.206137052238004
ORD03261,C00556,2024-09-29 08:01:17,2024-09-30 08:01:17,First Class,Consumer,North,Office Supplies,Art,166.94,4,0.094,14.9,2024-09,2024,1.0,8.925362405654727
ORD03505,C00592,2024-09-29 17:43:10,2024-10-02 17:43:10,First Class,Consumer,West,Technology,Laptops,510.29,5,0.239,-36.33,2024-09,2024,3.0,-7.11948107938623
ORD00159,C00706,2024-09-29 18:29:00,2024-10-03 18:29:00,Second Class,Consumer,East,Technology,Phones,569.62,6,0.124,101.26,2024-09,2024,4.0,17.776763456339314
ORD02590,C00451,2024-09-29 19:32:21,2024-10-02 19:32:21,First Class,Consumer,West,Technology,Laptops,249.59,2,0.17,3.77,2024-09,2024,3.0,1.5104771825794303
ORD00835,C00461,2024-09-29 23:24:54,2024-10-01 23:24:54,Second Class,Consumer,West,Furniture,Chairs,649.97,7,0.147,12.83,2024-09,2024,2.0,1.9739372586427064
ORD01458,C00098,2024-09-30 03:42:15,2024-10-05 03:42:15,Standard Class,Consumer,North,Furniture,Tables,1205.04,6,0.119,-47.8,2024-09,2024,5.0,-3.966673305450441
ORD03836,C00315,2024-09-30 08:36:29,2024-10-03 08:36:29,Second Class,Corporate,East,Office Supplies,Binders,378.11,7,0.168,3.04,2024-09,2024,3.0,0.8039988363174736
ORD01639,C00784,2024-09-30 08:42:26,2024-10-03 08:42:26,Standard Class,Corporate,South,Office Supplies,Appliances,90.69,6,0.167,4.79,2024-09,2024,3.0,5.281728966810012
ORD00502,C00261,2024-09-30 17:56:33,2024-10-04 17:56:33,Second Class,Corporate,East,Office Supplies,Binders,342.01,8,0.326,-38.27,2024-09,2024,4.0,-11.189731294406597
ORD00822,C00326,2024-10-01 17:49:04,2024-10-05 17:49:04,Standard Class,Consumer,East,Office Supplies,Art,286.69,6,0.023,30.19,2024-10,2024,4.0,10.530538212006
ORD03497,C00109,2024-10-01 18:07:19,2024-10-04 18:07:19,Second Class,Consumer,East,Technology,Accessories,443.09,3,0.222,-4.95,2024-10,2024,3.0,-1.1171545284253765
ORD03721,C00838,2024-10-02 00:22:47,2024-10-07 00:22:47,Standard Class,Consumer,South,Technology,Phones,780.2,7,0.071,75.72,2024-10,2024,5.0,9.705203793898999
ORD00257,C00038,2024-10-02 05:01:21,2024-10-06 05:01:21,Standard Class,Home Office,South,Technology,Laptops,368.15,5,0.075,48.43,2024-10,2024,4.0,13.154964009235368
ORD00019,C00184,2024-10-02 07:34:29,2024-10-05 07:34:29,Standard Class,Corporate,South,Furniture,Bookcases,761.78,5,0.272,-113.58,2024-10,2024,3.0,-14.909816482449001
ORD02008,C00822,2024-10-02 08:38:55,2024-10-06 08:38:55,Standard Class,Home Office,South,Office Supplies,Appliances,133.85,3,0.07,10.73,2024-10,2024,4.0,8.016436309301458
ORD02196,C00314,2024-10-02 19:42:55,2024-10-06 19:42:55,Standard Class,Consumer,North,Technology,Phones,135.9,1,0.102,18.28,2024-10,2024,4.0,13.451066961000734
ORD00395,C00505,2024-10-03 02:04:23,2024-10-04 02:04:23,First Class,Consumer,East,Technology,Phones,421.65,4,0.082,56.11,2024-10,2024,1.0,13.307245345665839
ORD00202,C00491,2024-10-03 03:59:17,2024-10-07 03:59:17,Standard Class,Home Office,North,Office Supplies,Art,81.0,2,0.222,-1.55,2024-10,2024,4.0,-1.9135802469135803
ORD01400,C00502,2024-10-03 04:07:53,2024-10-06 04:07:53,Standard Class,Corporate,North,Office Supplies,Art,37.79,1,0.066,2.73,2024-10,2024,3.0,7.224133368616036
ORD00112,C00444,2024-10-03 08:56:44,2024-10-08 08:56:44,Standard Class,Consumer,South,Office Supplies,Appliances,161.3,4,0.138,6.81,2024-10,2024,5.0,4.221946683199008
ORD00642,C00565,2024-10-03 09:26:19,2024-10-08 09:26:19,Standard Class,Corporate,South,Office Supplies,Art,98.09,2,0.219,-10.48,2024-10,2024,5.0,-10.684065653991233
ORD01621,C00011,2024-10-03 13:45:59,2024-10-06 13:45:59,Standard Class,Consumer,West,Office Supplies,Appliances,271.4,6,0.204,-3.52,2024-10,2024,3.0,-1.2969786293294032
ORD00654,C00152,2024-10-03 16:32:30,2024-10-06 16:32:30,Second Class,Consumer,West,Office Supplies,Appliances,96.53,3,0.165,-1.81,2024-10,2024,3.0,-1.875064746710867
ORD01307,C00169,2024-10-03 16:54:11,2024-10-05 16:54:11,Second Class,Corporate,East,Technology,Laptops,807.98,6,0.062,117.41,2024-10,2024,2.0,14.531300279709894
ORD03580,C00303,2024-10-03 17:00:11,2024-10-04 17:00:11,Same Day,Consumer,South,Technology,Accessories,217.78,3,0.227,3.49,2024-10,2024,1.0,1.602534668013592
ORD01064,C00512,2024-10-03 18:23:39,2024-10-07 18:23:39,Second Class,Corporate,South,Furniture,Chairs,282.9,3,0.245,-48.57,2024-10,2024,4.0,-17.16861081654295
ORD02654,C00324,2024-10-04 00:12:38,2024-10-08 00:12:38,Second Class,Consumer,North,Furniture,Chairs,618.52,4,0.331,-131.37,2024-10,2024,4.0,-21.2394102050055
ORD02911,C00804,2024-10-04 09:27:00,2024-10-09 09:27:00,Standard Class,Corporate,East,Office Supplies,Binders,112.19,2,0.122,-1.31,2024-10,2024,5.0,-1.1676620019609592
ORD00001,C00727,2024-10-04 11:56:21,2024-10-08 11:56:21,Second Class,Consumer,East,Office Supplies,Art,116.82,2,0.285,-14.37,2024-10,2024,4.0,-12.300975860297894
ORD01992,C00271,2024-10-04 17:02:48,2024-10-06 17:02:48,Second Class,Home Office,North,Technology,Accessories,518.06,4,0.371,-81.77,2024-10,2024,2.0,-15.783886036366447
ORD00502,C00167,2024-10-04 22:25:51,2024-10-08 22:25:51,Second Class,Consumer,West,Office Supplies,Paper,286.3,8,0.204,-5.91,2024-10,2024,4.0,-2.064268250087321
ORD03116,C00125,2024-10-05 03:29:30,2024-10-07 03:29:30,First Class,Corporate,West,Office Supplies,Paper,54.32,1,0.17,2.33,2024-10,2024,2.0,4.28939617083947
ORD02303,C00517,2024-10-05 17:27:23,2024-10-08 17:27:23,First Class,Home Office,West,Furniture,Chairs,358.79,6,0.138,0.74,2024-10,2024,3.0,0.20624878062376317
ORD00041,C00690,2024-10-06 04:14:20,2024-10-09 04:14:20,Standard Class,Consumer,North,Technology,Phones,557.57,6,0.246,13.64,2024-10,2024,3.0,2.446329608838352
ORD00982,C00456,2024-10-06 08:05:08,2024-10-09 08:05:08,Second Class,Corporate,North,Office Supplies,Paper,36.89,1,0.033,5.0,2024-10,2024,3.0,13.553808620222282
ORD02067,C00416,2024-10-06 10:21:39,2024-10-10 10:21:39,Standard Class,Home Office,South,Office Supplies,Appliances,125.83,3,0.2,-1.02,2024-10,2024,4.0,-0.8106174998013191
ORD01386,C00802,2024-10-06 19:10:26,2024-10-11 19:10:26,Standard Class,Consumer,West,Technology,Phones,125.73,1,0.181,6.36,2024-10,2024,5.0,5.058458601765689
ORD01879,C00638,2024-10-06 19:45:47,2024-10-10 19:45:47,Standard Class,Corporate,East,Office Supplies,Art,241.74,8,0.079,15.29,2024-10,2024,4.0,6.324977248283278
ORD02821,C00670,2024-10-06 20:01:29,2024-10-09 20:01:29,Standard Class,Consumer,East,Technology,Laptops,141.03,1,0.457,-37.74,2024-10,2024,3.0,-26.760263773665177
ORD02643,C00918,2024-10-06 23:40:30,2024-10-10 23:40:30,Standard Class,Corporate,East,Office Supplies,Storage,171.72,7,0.058,19.04,2024-10,2024,4.0,11.087817377125553
ORD00917,C00365,2024-10-07 02:18:08,2024-10-11 02:18:08,Standard Class,Corporate,East,Technology,Laptops,129.68,1,0.166,11.1,2024-10,2024,4.0,8.559531153608884
ORD01833,C00922,2024-10-07 06:23:06,2024-10-11 06:23:06,Standard Class,Home Office,West,Technology,Phones,336.66,2,0.043,66.21,2024-10,2024,4.0,19.666726073783636
ORD00825,C00186,2024-10-07 06:53:29,2024-10-12 06:53:29,Standard Class,Consumer,South,Office Supplies,Appliances,93.7,3,0.193,-2.81,2024-10,2024,5.0,-2.9989327641408754
ORD00645,C00664,2024-10-07 11:29:54,2024-10-12 11:29:54,Standard Class,Consumer,North,Office Supplies,Appliances,246.47,5,0.111,-4.54,2024-10,2024,5.0,-1.8420091694729583
ORD00008,C00510,2024-10-07 16:31:00,2024-10-09 16:31:00,Second Class,Consumer,West,Office Supplies,Appliances,66.79,1,0.163,0.77,2024-10,2024,2.0,1.1528671956879772
ORD01746,C00817,2024-10-07 19:31:08,2024-10-11 19:31:08,Second Class,Consumer,North,Office Supplies,Paper,158.95,5,0.19,-7.41,2024-10,2024,4.0,-4.661843346964455
ORD00616,C00922,2024-10-07 23:23:58,2024-10-10 23:23:58,Standard Class,Consumer,East,Furniture,Furnishings,205.49,2,0.125,-4.09,2024-10,2024,3.0,-1.9903644946226091
ORD01900,C00402,2024-10-08 02:46:04,2024-10-11 02:46:04,Standard Class,Consumer,South,Office Supplies,Storage,193.78,4,0.11,5.73,2024-10,2024,3.0,2.9569615027350604
ORD00904,C00057,2024-10-08 04:08:19,2024-10-11 04:08:19,Second Class,Home Office,East,Technology,Phones,715.41,5,0.114,103.03,2024-10,2024,3.0,14.401531988649866
ORD01632,C00011,2024-10-08 07:40:23,2024-10-10 07:40:23,First Class,Consumer,North,Office Supplies,Binders,32.97,2,0.135,-0.62,2024-10,2024,2.0,-1.8804974218986958
ORD00191,C00315,2024-10-08 17:20:27,2024-10-12 17:20:27,Second Class,Corporate,East,Furniture,Chairs,193.21,1,0.193,-7.32,2024-10,2024,4.0,-3.788623777237203
ORD01790,C00782,2024-10-09 00:21:56,2024-10-11 00:21:56,First Class,Consumer,North,Office Supplies,Art,140.91,7,0.3,-6.19,2024-10,2024,2.0,-4.392874884678164
ORD00803,C00573,2024-10-09 00:42:08,2024-10-11 00:42:08,Second Class,Consumer,East,Furniture,Tables,408.33,3,0.144,-6.48,2024-10,2024,2.0,-1.5869517302182061
ORD00477,C00895,2024-10-09 09:22:13,2024-10-09 09:22:13,Same Day,Corporate,West,Furniture,Tables,515.12,8,0.171,7.02,2024-10,2024,0.0,1.3627892529895946
ORD02163,C00395,2024-10-09 20:37:16,2024-10-12 20:37:16,Standard Class,Consumer,West,Office Supplies,Appliances,253.85,5,0.199,-8.55,2024-10,2024,3.0,-3.368130785897184
ORD03789,C00354,2024-10-10 02:59:11,2024-10-13 02:59:11,Second Class,Corporate,North,Office Supplies,Art,50.45,1,0.14,2.16,2024-10,2024,3.0,4.281466798810704
ORD03220,C00311,2024-10-10 06:48:53,2024-10-14 06:48:53,Standard Class,Corporate,North,Office Supplies,Binders,121.71,8,0.138,6.68,2024-10,2024,4.0,5.488456166296936
ORD01175,C00490,2024-10-10 08:27:18,2024-10-11 08:27:18,Same Day,Corporate,North,Technology,Laptops,697.73,5,0.199,-1.54,2024-10,2024,1.0,-0.22071574964527824
ORD03592,C00806,2024-10-10 08:49:27,2024-10-14 08:49:27,Second Class,Consumer,South,Office Supplies,Binders,425.71,8,0.378,-63.88,2024-10,2024,4.0,-15.00552018980057
ORD00332,C00248,2024-10-10 18:09:54,2024-10-12 18:09:54,Second Class,Consumer,South,Office Supplies,Appliances,48.15,1,0.35,-5.55,2024-10,2024,2.0,-11.526479750778815
ORD02812,C00448,2024-10-11 00:40:57,2024-10-16 00:40:57,Standard Class,Consumer,South,Furniture,Chairs,112.88,1,0.133,-6.11,2024-10,2024,5.0,-5.412827781715096
ORD02214,C00399,2024-10-11 00:58:27,2024-10-14 00:58:27,Standard Class,Consumer,West,Technology,Laptops,151.39,1,0.014,33.23,2024-10,2024,3.0,21.94993064271088
ORD03249,C00431,2024-10-11 11:42:44,2024-10-14 11:42:44,Second Class,Consumer,East,Office Supplies,Binders,231.46,6,0.171,-5.27,2024-10,2024,3.0,-2.276851291799879
ORD00945,C00803,2024-10-11 14:51:48,2024-10-16 14:51:48,Standard Class,Corporate,North,Technology,Accessories,409.91,5,0.143,20.7,2024-10,2024,5.0,5.049889000024395
ORD02090,C00907,2024-10-11 17:53:47,2024-10-14 17:53:47,Standard Class,Consumer,North,Technology,Laptops,900.63,8,0.097,129.95,2024-10,2024,3.0,14.428788736773146
ORD03617,C00347,2024-10-12 09:01:54,2024-10-15 09:01:54,Second Class,Home Office,East,Technology,Phones,568.45,5,0.186,19.14,2024-10,2024,3.0,3.3670507520450346
ORD03839,C00023,2024-10-12 18:56:22,2024-10-15 18:56:22,Second Class,Corporate,East,Furniture,Bookcases,667.05,3,0.185,-65.67,2024-10,2024,3.0,-9.844839217449968
ORD00026,C00136,2024-10-12 19:08:39,2024-10-17 19:08:39,Standard Class,Corporate,South,Technology,Phones,659.66,5,0.074,97.36,2024-10,2024,5.0,14.759118333687052
ORD01101,C00051,2024-10-12 19:11:59,2024-10-17 19:11:59,Standard Class,Consumer,East,Technology,Accessories,738.05,7,0.169,37.33,2024-10,2024,5.0,5.057922904952239
ORD00602,C00672,2024-10-13 00:59:48,2024-10-16 00:59:48,Second Class,Home Office,North,Technology,Phones,430.55,5,0.155,29.75,2024-10,2024,3.0,6.90976657763326
ORD03591,C00007,2024-10-13 04:53:29,2024-10-15 04:53:29,First Class,Corporate,South,Office Supplies,Storage,348.11,8,0.295,-18.14,2024-10,2024,2.0,-5.210996524087213
ORD01398,C00192,2024-10-13 08:42:47,2024-10-18 08:42:47,Standard Class,Consumer,South,Office Supplies,Art,9.96,1,0.272,-1.41,2024-10,2024,5.0,-14.156626506024095
ORD01732,C00215,2024-10-13 10:18:23,2024-10-15 10:18:23,Second Class,Corporate,East,Furniture,Chairs,316.84,3,0.228,-41.52,2024-10,2024,2.0,-13.104406009342256
ORD00547,C00020,2024-10-13 12:19:57,2024-10-15 12:19:57,Second Class,Consumer,North,Office Supplies,Binders,20.84,2,0.248,-1.52,2024-10,2024,2.0,-7.293666026871401
ORD01191,C00748,2024-10-13 13:52:26,2024-10-18 13:52:26,Standard Class,Consumer,East,Furniture,Chairs,1356.36,7,0.149,-89.03,2024-10,2024,5.0,-6.56389159220266
ORD02934,C00379,2024-10-13 16:37:01,2024-10-15 16:37:01,Second Class,Consumer,East,Technology,Phones,642.23,7,0.298,-24.04,2024-10,2024,2.0,-3.7432072621957864
ORD01769,C00223,2024-10-13 16:43:02,2024-10-16 16:43:02,Standard Class,Consumer,East,Furniture,Chairs,430.34,6,0.159,0.95,2024-10,2024,3.0,0.22075568155412
ORD00566,C00494,2024-10-13 19:55:35,2024-10-16 19:55:35,First Class,Corporate,South,Technology,Accessories,729.41,7,0.206,49.37,2024-10,2024,3.0,6.768484117300284
ORD03435,C00306,2024-10-13 20:05:16,2024-10-15 20:05:16,First Class,Consumer,West,Technology,Phones,291.96,2,0.092,34.63,2024-10,2024,2.0,11.861213864913003
ORD00103,C00264,2024-10-14 02:18:52,2024-10-17 02:18:52,First Class,Consumer,East,Technology,Laptops,961.46,8,0.379,-199.73,2024-10,2024,3.0,-20.77361512699436
ORD01148,C00773,2024-10-14 05:00:32,2024-10-18 05:00:32,Standard Class,Consumer,North,Office Supplies,Appliances,282.21,7,0.217,-9.48,2024-10,2024,4.0,-3.3592005953013717
ORD00746,C00941,2024-10-14 08:24:20,2024-10-15 08:24:20,First Class,Consumer,North,Office Supplies,Art,30.46,2,0.126,0.34,2024-10,2024,1.0,1.1162179908076166
ORD00137,C00545,2024-10-14 16:08:27,2024-10-15 16:08:27,First Class,Home Office,West,Furniture,Chairs,926.35,4,0.115,14.57,2024-10,2024,1.0,1.5728396394451343
ORD03177,C00900,2024-10-14 16:45:15,2024-10-17 16:45:15,Standard Class,Consumer,West,Technology,Phones,417.7,4,0.066,95.5,2024-10,2024,3.0,22.863299018434283
ORD00295,C00308,2024-10-14 17:05:01,2024-10-19 17:05:01,Standard Class,Home Office,East,Office Supplies,Storage,101.22,8,0.201,2.63,2024-10,2024,5.0,2.5983007310808137
ORD00504,C00798,2024-10-14 18:45:45,2024-10-17 18:45:45,Second Class,Home Office,West,Technology,Accessories,731.4,6,0.078,104.06,2024-10,2024,3.0,14.227508887065902
ORD03330,C00811,2024-10-14 23:18:58,2024-10-17 23:18:58,Second Class,Consumer,East,Office Supplies,Paper,83.04,2,0.182,1.1,2024-10,2024,3.0,1.3246628131021196
ORD02768,C00344,2024-10-15 01:54:56,2024-10-19 01:54:56,Standard Class,Corporate,East,Office Supplies,Binders,129.58,3,0.143,8.1,2024-10,2024,4.0,6.250964655039357
ORD00559,C00221,2024-10-15 02:39:01,2024-10-16 02:39:01,First Class,Consumer,North,Technology,Laptops,439.85,3,0.184,28.66,2024-10,2024,1.0,6.515857678754121
ORD03061,C00866,2024-10-15 08:31:36,2024-10-17 08:31:36,Second Class,Home Office,North,Office Supplies,Appliances,26.01,1,0.076,2.26,2024-10,2024,2.0,8.688965782391387
ORD02900,C00143,2024-10-15 10:11:03,2024-10-19 10:11:03,Standard Class,Consumer,North,Office Supplies,Binders,135.29,7,0.081,12.67,2024-10,2024,4.0,9.365067632493163
ORD03243,C00367,2024-10-15 11:13:25,2024-10-18 11:13:25,Standard Class,Home Office,East,Office Supplies,Binders,182.65,5,0.08,11.29,2024-10,2024,3.0,6.181220914316999
ORD01036,C00004,2024-10-15 12:30:40,2024-10-20 12:30:40,Standard Class,Consumer,North,Office Supplies,Art,57.94,3,0.14,2.2,2024-10,2024,5.0,3.797031411805316
ORD00050,C00755,2024-10-15 13:27:28,2024-10-17 13:27:28,First Class,Corporate,West,Technology,Phones,624.46,4,0.204,20.68,2024-10,2024,2.0,3.311661275341895
ORD01362,C00084,2024-10-16 04:50:13,2024-10-18 04:50:13,First Class,Home Office,East,Office Supplies,Appliances,111.94,3,0.037,6.11,2024-10,2024,2.0,5.458281222083259
ORD01359,C00521,2024-10-16 09:33:46,2024-10-19 09:33:46,Second Class,Consumer,North,Office Supplies,Storage,54.69,1,0.076,3.89,2024-10,2024,3.0,7.112817699762298
ORD02602,C00601,2024-10-16 18:23:23,2024-10-21 18:23:23,Standard Class,Consumer,West,Office Supplies,Art,239.07,4,0.245,-4.79,2024-10,2024,5.0,-2.003597272765299
ORD02137,C00701,2024-10-16 23:31:38,2024-10-21 23:31:38,Standard Class,Consumer,North,Office Supplies,Appliances,30.16,1,0.104,0.77,2024-10,2024,5.0,2.553050397877984
ORD00478,C00843,2024-10-17 04:34:14,2024-10-20 04:34:14,Standard Class,Corporate,North,Office Supplies,Paper,36.5,1,0.072,1.71,2024-10,2024,3.0,4.684931506849315
ORD01344,C00098,2024-10-17 04:38:18,2024-10-22 04:38:18,Standard Class,Consumer,North,Office Supplies,Art,184.68,5,0.158,-10.03,2024-10,2024,5.0,-5.431015811132769
ORD00955,C00905,2024-10-17 05:34:11,2024-10-20 05:34:11,Standard Class,Corporate,West,Technology,Laptops,228.29,2,0.074,38.39,2024-10,2024,3.0,16.81633010644356
ORD01727,C00787,2024-10-17 21:50:09,2024-10-21 21:50:09,Standard Class,Consumer,West,Furniture,Furnishings,585.58,5,0.118,-22.93,2024-10,2024,4.0,-3.915775812015437
ORD00768,C00450,2024-10-17 22:38:23,2024-10-20 22:38:23,First Class,Home Office,North,Office Supplies,Paper,212.42,4,0.203,9.62,2024-10,2024,3.0,4.528763769889841
ORD02270,C00202,2024-10-18 09:54:06,2024-10-23 09:54:06,Standard Class,Consumer,East,Office Supplies,Art,181.68,7,0.215,-0.04,2024-10,2024,5.0,-0.022016732716864818
ORD02051,C00056,2024-10-18 18:19:33,2024-10-22 18:19:33,Standard Class,Consumer,South,Technology,Laptops,641.92,6,0.108,48.38,2024-10,2024,4.0,7.536764705882354
ORD03589,C00422,2024-10-18 21:10:39,2024-10-23 21:10:39,Standard Class,Consumer,East,Office Supplies,Art,168.83,3,0.255,0.35,2024-10,2024,5.0,0.207309127524729
ORD00954,C00490,2024-10-19 01:04:35,2024-10-23 01:04:35,Standard Class,Consumer,East,Furniture,Bookcases,1099.63,6,0.133,-15.02,2024-10,2024,4.0,-1.3659139892509295
ORD03447,C00689,2024-10-19 07:54:20,2024-10-22 07:54:20,Standard Class,Consumer,North,Office Supplies,Appliances,236.2,7,0.182,17.46,2024-10,2024,3.0,7.3920406435224395
ORD00694,C00589,2024-10-19 08:59:12,2024-10-20 08:59:12,First Class,Corporate,East,Office Supplies,Storage,31.8,1,0.144,1.19,2024-10,2024,1.0,3.742138364779874
ORD03676,C00329,2024-10-19 13:44:05,2024-10-22 13:44:05,Second Class,Consumer,North,Office Supplies,Binders,194.25,8,0.168,6.6,2024-10,2024,3.0,3.397683397683397
ORD00480,C00917,2024-10-19 18:57:07,2024-10-21 18:57:07,First Class,Consumer,East,Office Supplies,Binders,145.66,7,0.134,14.3,2024-10,2024,2.0,9.817382946587944
ORD03367,C00568,2024-10-19 22:09:43,2024-10-22 22:09:43,Standard Class,Corporate,South,Office Supplies,Binders,86.14,5,0.071,5.38,2024-10,2024,3.0,6.2456466217785
ORD03514,C00151,2024-10-19 23:44:57,2024-10-22 23:44:57,First Class,Home Office,South,Office Supplies,Appliances,171.06,4,0.233,-15.98,2024-10,2024,3.0,-9.341751432245996
ORD01414,C00856,2024-10-20 05:06:42,2024-10-25 05:06:42,Standard Class,Consumer,East,Technology,Laptops,117.21,1,0.113,-0.92,2024-10,2024,5.0,-0.7849159628018089
ORD03359,C00473,2024-10-20 05:55:19,2024-10-23 05:55:19,Standard Class,Consumer,West,Technology,Laptops,377.13,3,0.173,9.92,2024-10,2024,3.0,2.6303927027815344
ORD00741,C00205,2024-10-20 10:40:57,2024-10-22 10:40:57,First Class,Consumer,East,Office Supplies,Storage,405.68,8,0.041,55.27,2024-10,2024,2.0,13.624038651153619
ORD02812,C00292,2024-10-20 11:52:38,2024-10-21 11:52:38,First Class,Home Office,West,Office Supplies,Paper,204.31,6,0.186,-3.27,2024-10,2024,1.0,-1.6005090303949878
ORD03712,C00174,2024-10-20 14:52:50,2024-10-23 14:52:50,Standard Class,Consumer,East,Office Supplies,Paper,256.9,5,0.089,30.04,2024-10,2024,3.0,11.693265862203193
ORD03868,C00474,2024-10-20 18:17:58,2024-10-24 18:17:58,Second Class,Corporate,East,Office Supplies,Storage,47.59,2,0.077,3.17,2024-10,2024,4.0,6.661063248581635
ORD00917,C00284,2024-10-20 20:48:39,2024-10-24 20:48:39,Second Class,Corporate,East,Technology,Phones,122.53,1,0.121,12.33,2024-10,2024,4.0,10.062841753040072
ORD02969,C00169,2024-10-20 23:32:47,2024-10-24 23:32:47,Standard Class,Corporate,East,Furniture,Chairs,124.96,1,0.195,-11.17,2024-10,2024,4.0,-8.93886043533931
ORD00094,C00428,2024-10-21 01:32:22,2024-10-25 01:32:22,Standard Class,Corporate,East,Office Supplies,Binders,173.87,3,0.129,-1.83,2024-10,2024,4.0,-1.052510496347846
ORD00649,C00386,2024-10-21 02:17:37,2024-10-25 02:17:37,Standard Class,Consumer,North,Furniture,Bookcases,647.94,8,0.175,-41.74,2024-10,2024,4.0,-6.441954501960058
ORD02218,C00730,2024-10-21 02:27:02,2024-10-24 02:27:02,Second Class,Consumer,West,Technology,Phones,363.12,3,0.061,58.18,2024-10,2024,3.0,16.02225159726812
ORD01451,C00437,2024-10-21 07:00:58,2024-10-22 07:00:58,Same Day,Home Office,East,Office Supplies,Binders,126.23,3,0.155,0.57,2024-10,2024,1.0,0.4515566822466925
ORD02342,C00717,2024-10-21 08:16:17,2024-10-25 08:16:17,Standard Class,Corporate,East,Office Supplies,Art,132.18,6,0.133,1.45,2024-10,2024,4.0,1.0969889544560447
ORD01887,C00529,2024-10-21 10:46:08,2024-10-24 10:46:08,First Class,Consumer,South,Technology,Laptops,572.08,7,0.095,87.83,2024-10,2024,3.0,15.352747867431127
ORD01365,C00254,2024-10-21 13:49:31,2024-10-24 13:49:31,Standard Class,Consumer,North,Furniture,Bookcases,743.16,5,0.12,103.71,2024-10,2024,3.0,13.955272081382205
ORD03449,C00113,2024-10-21 22:40:57,2024-10-25 22:40:57,Second Class,Consumer,East,Office Supplies,Binders,194.32,4,0.081,7.66,2024-10,2024,4.0,3.9419514203375874
ORD01045,C00369,2024-10-21 23:42:14,2024-10-24 23:42:14,Standard Class,Consumer,South,Furniture,Furnishings,184.63,1,0.369,-42.73,2024-10,2024,3.0,-23.143584466229754
ORD03436,C00878,2024-10-22 13:03:32,2024-10-24 13:03:32,First Class,Corporate,East,Office Supplies,Storage,258.37,6,0.296,-25.54,2024-10,2024,2.0,-9.885048573750822
ORD03090,C00056,2024-10-22 15:29:45,2024-10-25 15:29:45,Standard Class,Consumer,East,Office Supplies,Appliances,74.87,2,0.183,-2.11,2024-10,2024,3.0,-2.8182182449579267
ORD01651,C00696,2024-10-23 15:53:52,2024-10-24 15:53:52,Same Day,Consumer,North,Furniture,Chairs,160.69,1,0.107,7.31,2024-10,2024,1.0,4.549131868815732
ORD03745,C00518,2024-10-23 21:41:01,2024-10-27 21:41:01,Standard Class,Consumer,North,Office Supplies,Paper,74.51,6,0.196,1.03,2024-10,2024,4.0,1.3823647832505703
ORD01169,C00634,2024-10-23 23:15:24,2024-10-25 23:15:24,First Class,Consumer,West,Office Supplies,Art,32.55,1,0.279,-4.98,2024-10,2024,2.0,-15.299539170506915
ORD00428,C00930,2024-10-24 05:23:40,2024-10-26 05:23:40,Second Class,Corporate,South,Office Supplies,Paper,135.54,5,0.258,-2.66,2024-10,2024,2.0,-1.9625202892135165
ORD02421,C00587,2024-10-24 08:19:54,2024-10-26 08:19:54,First Class,Consumer,North,Technology,Phones,891.43,7,0.294,-29.31,2024-10,2024,2.0,-3.2879755000392628
ORD00375,C00439,2024-10-24 08:59:20,2024-10-27 08:59:20,Standard Class,Corporate,East,Office Supplies,Art,112.64,4,0.22,-4.22,2024-10,2024,3.0,-3.7464488636363633
ORD00660,C00405,2024-10-24 13:44:38,2024-10-29 13:44:38,Standard Class,Consumer,West,Office Supplies,Paper,159.24,3,0.087,-8.25,2024-10,2024,5.0,-5.180859080633007
ORD02518,C00888,2024-10-24 19:08:34,2024-10-28 19:08:34,Second Class,Consumer,West,Office Supplies,Art,73.46,5,0.021,10.24,2024-10,2024,4.0,13.9395589436428
ORD03490,C00024,2024-10-24 19:29:03,2024-10-27 19:29:03,Standard Class,Home Office,East,Furniture,Tables,1731.05,8,0.324,-475.67,2024-10,2024,3.0,-27.478697900118426
ORD01757,C00191,2024-10-24 22:54:17,2024-10-26 22:54:17,Same Day,Home Office,East,Office Supplies,Paper,113.58,5,0.147,-1.46,2024-10,2024,2.0,-1.285437577038211
ORD03448,C00287,2024-10-25 01:49:09,2024-10-29 01:49:09,Second Class,Home Office,North,Office Supplies,Appliances,128.09,4,0.205,-3.98,2024-10,2024,4.0,-3.107190256850652
ORD03010,C00162,2024-10-25 04:31:46,2024-10-29 04:31:46,Second Class,Consumer,North,Technology,Laptops,521.29,6,0.069,33.53,2024-10,2024,4.0,6.432120316906137
ORD01951,C00839,2024-10-25 05:25:18,2024-10-28 05:25:18,First Class,Home Office,North,Furniture,Tables,398.18,7,0.208,-10.2,2024-10,2024,3.0,-2.561655532673665
ORD01661,C00259,2024-10-25 07:53:14,2024-10-26 07:53:14,Same Day,Corporate,West,Office Supplies,Paper,243.1,4,0.211,-14.93,2024-10,2024,1.0,-6.141505553270259
ORD01877,C00567,2024-10-25 09:52:48,2024-10-30 09:52:48,Standard Class,Consumer,East,Furniture,Bookcases,1356.71,8,0.181,-48.19,2024-10,2024,5.0,-3.551974998341576
ORD01738,C00511,2024-10-25 14:17:43,2024-10-30 14:17:43,Standard Class,Corporate,West,Office Supplies,Art,240.07,5,0.114,16.45,2024-10,2024,5.0,6.852168117632357
ORD02808,C00157,2024-10-25 16:07:56,2024-10-29 16:07:56,Second Class,Consumer,West,Furniture,Chairs,378.64,3,0.272,-38.73,2024-10,2024,4.0,-10.228713289668285
ORD03107,C00721,2024-10-25 16:56:47,2024-10-29 16:56:47,Standard Class,Home Office,North,Office Supplies,Binders,243.35,7,0.005,28.96,2024-10,2024,4.0,11.900554756523526
ORD02407,C00390,2024-10-25 19:29:40,2024-10-28 19:29:40,Standard Class,Corporate,East,Office Supplies,Art,107.97,2,0.075,13.71,2024-10,2024,3.0,12.69797165879411
ORD03873,C00461,2024-10-25 23:03:06,2024-10-30 23:03:06,Standard Class,Consumer,South,Technology,Accessories,436.98,5,0.116,43.36,2024-10,2024,5.0,9.922650922239004
ORD02568,C00399,2024-10-26 05:06:39,2024-10-30 05:06:39,Standard Class,Consumer,North,Office Supplies,Appliances,21.26,1,0.124,2.98,2024-10,2024,4.0,14.016933207902163
ORD03174,C00055,2024-10-26 06:53:29,2024-10-30 06:53:29,Second Class,Consumer,South,Technology,Accessories,275.27,3,0.073,13.13,2024-10,2024,4.0,4.769862316997857
ORD00626,C00641,2024-10-26 08:03:17,2024-10-31 08:03:17,Standard Class,Consumer,West,Office Supplies,Appliances,339.04,8,0.094,48.94,2024-10,2024,5.0,14.434874941009909
ORD01861,C00566,2024-10-26 09:22:51,2024-10-29 09:22:51,Second Class,Consumer,West,Office Supplies,Art,158.5,3,0.079,18.71,2024-10,2024,3.0,11.804416403785488
ORD02266,C00653,2024-10-26 09:33:28,2024-10-31 09:33:28,Standard Class,Consumer,East,Technology,Accessories,600.53,6,0.1,118.12,2024-10,2024,5.0,19.669292125289328
ORD02031,C00573,2024-10-26 11:03:11,2024-10-30 11:03:11,Standard Class,Home Office,South,Office Supplies,Paper,15.09,1,0.344,-2.56,2024-10,2024,4.0,-16.964877402253148
ORD03657,C00096,2024-10-26 22:05:53,2024-10-29 22:05:53,Standard Class,Consumer,West,Technology,Laptops,370.67,3,0.058,38.82,2024-10,2024,3.0,10.472927401731999
ORD01324,C00430,2024-10-27 10:34:14,2024-11-01 10:34:14,Standard Class,Consumer,West,Technology,Accessories,546.32,5,0.166,43.4,2024-10,2024,5.0,7.944062088153463
ORD02562,C00016,2024-10-27 10:48:41,2024-10-29 10:48:41,Second Class,Consumer,North,Technology,Phones,360.0,4,0.121,-6.25,2024-10,2024,2.0,-1.7361111111111112
ORD00701,C00707,2024-10-27 11:03:37,2024-11-01 11:03:37,Standard Class,Consumer,West,Technology,Phones,283.61,2,0.099,73.78,2024-10,2024,5.0,26.014597510666054
ORD02340,C00216,2024-10-27 14:55:36,2024-11-01 14:55:36,Standard Class,Consumer,East,Technology,Accessories,299.81,3,0.184,5.58,2024-10,2024,5.0,1.8611787465394751
ORD01847,C00233,2024-10-27 15:29:49,2024-10-30 15:29:49,Standard Class,Consumer,South,Office Supplies,Art,41.75,1,0.381,-8.22,2024-10,2024,3.0,-19.68862275449102
ORD00417,C00759,2024-10-27 22:46:14,2024-11-01 22:46:14,Standard Class,Corporate,North,Technology,Accessories,222.72,3,0.263,18.69,2024-10,2024,5.0,8.391702586206899
ORD01594,C00260,2024-10-28 00:48:30,2024-10-31 00:48:30,First Class,Consumer,North,Technology,Accessories,242.51,2,0.224,1.03,2024-10,2024,3.0,0.42472475361840756
ORD01541,C00687,2024-10-28 03:57:37,2024-10-31 03:57:37,Standard Class,Consumer,East,Furniture,Tables,883.91,6,0.128,55.47,2024-10,2024,3.0,6.275525788824654
ORD01804,C00348,2024-10-28 04:15:14,2024-10-31 04:15:14,First Class,Corporate,East,Office Supplies,Art,89.08,7,0.229,-5.79,2024-10,2024,3.0,-6.499775482712169
ORD01918,C00660,2024-10-28 11:46:32,2024-11-02 11:46:32,Standard Class,Consumer,North,Office Supplies,Binders,274.25,7,0.161,11.69,2024-10,2024,5.0,4.26253418413856
ORD01815,C00716,2024-10-28 17:20:50,2024-11-02 17:20:50,Standard Class,Consumer,West,Office Supplies,Art,259.32,7,0.163,8.99,2024-10,2024,5.0,3.4667592164121555
ORD03798,C00286,2024-10-28 18:54:44,2024-11-02 18:54:44,Standard Class,Consumer,North,Technology,Accessories,183.62,2,0.025,27.04,2024-10,2024,5.0,14.726064698834548
ORD03815,C00411,2024-10-28 20:48:48,2024-10-31 20:48:48,First Class,Corporate,East,Technology,Laptops,572.2,4,0.186,70.36,2024-10,2024,3.0,12.296399860188744
ORD01229,C00461,2024-10-28 21:42:36,2024-11-01 21:42:36,Standard Class,Consumer,East,Technology,Accessories,425.45,3,0.101,48.16,2024-10,2024,4.0,11.319779057468562
ORD02725,C00668,2024-10-29 04:03:33,2024-10-30 04:03:33,First Class,Corporate,South,Office Supplies,Appliances,75.71,2,0.088,2.17,2024-10,2024,1.0,2.8661999735834107
ORD01198,C00846,2024-10-29 04:10:37,2024-11-01 04:10:37,Standard Class,Corporate,South,Office Supplies,Appliances,277.26,7,0.097,31.91,2024-10,2024,3.0,11.509052874558177
ORD01109,C00718,2024-10-29 05:44:13,2024-11-01 05:44:13,Standard Class,Consumer,South,Technology,Laptops,379.1,3,0.316,-45.32,2024-10,2024,3.0,-11.954629385386442
ORD03468,C00759,2024-10-29 06:11:23,2024-11-01 06:11:23,Standard Class,Consumer,South,Technology,Laptops,508.56,4,0.355,-28.51,2024-10,2024,3.0,-5.606024854491112
ORD00572,C00107,2024-10-29 08:23:24,2024-11-03 08:23:24,Standard Class,Consumer,East,Furniture,Bookcases,1153.39,8,0.225,-120.28,2024-10,2024,5.0,-10.428389356592305
ORD03559,C00367,2024-10-29 11:28:41,2024-11-02 11:28:41,Standard Class,Consumer,East,Furniture,Tables,495.33,4,0.167,-21.1,2024-10,2024,4.0,-4.259786405022915
ORD01633,C00802,2024-10-29 15:01:14,2024-11-01 15:01:14,Standard Class,Consumer,East,Technology,Phones,596.24,7,0.273,15.51,2024-10,2024,3.0,2.6013014893331543
ORD01588,C00503,2024-10-29 18:20:54,2024-11-03 18:20:54,Standard Class,Consumer,South,Office Supplies,Storage,101.34,3,0.116,11.2,2024-10,2024,5.0,11.051904479968421
ORD01786,C00567,2024-10-29 18:55:35,2024-10-30 18:55:35,First Class,Consumer,West,Furniture,Tables,128.61,1,0.228,-10.94,2024-10,2024,1.0,-8.50633698779255
ORD03077,C00217,2024-10-29 21:05:30,2024-11-03 21:05:30,Standard Class,Consumer,South,Office Supplies,Binders,152.33,4,0.1,13.32,2024-10,2024,5.0,8.74417383312545
ORD03640,C00665,2024-10-29 22:49:42,2024-11-01 22:49:42,Second Class,Home Office,East,Technology,Accessories,835.23,7,0.126,39.52,2024-10,2024,3.0,4.731630808280355
ORD03150,C00783,2024-10-29 23:36:53,2024-10-31 23:36:53,First Class,Consumer,North,Furniture,Bookcases,367.95,2,0.056,25.48,2024-10,2024,2.0,6.924853920369616
ORD02283,C00607,2024-10-30 01:28:32,2024-11-04 01:28:32,Standard Class,Consumer,South,Office Supplies,Storage,184.33,6,0.117,4.285,2024-10,2024,5.0,2.3246351651928605
ORD01898,C00167,2024-10-30 02:28:47,2024-11-02 02:28:47,Standard Class,Corporate,East,Office Supplies,Art,333.26,6,0.021,23.73,2024-10,2024,3.0,7.120566524635421
ORD03880,C00633,2024-10-30 07:56:13,2024-11-02 07:56:13,Standard Class,Consumer,North,Office Supplies,Paper,234.68,6,0.173,-2.35,2024-10,2024,3.0,-1.0013635588886995
ORD00394,C00188,2024-10-30 12:56:44,2024-11-04 12:56:44,Standard Class,Corporate,North,Office Supplies,Appliances,241.61,4,0.15,11.17,2024-10,2024,5.0,4.623153015189768
ORD01925,C00918,2024-10-30 14:00:04,2024-11-04 14:00:04,Standard Class,Consumer,North,Office Supplies,Art,127.63,7,0.227,-8.87,2024-10,2024,5.0,-6.9497766982684315
ORD01912,C00440,2024-10-30 19:09:09,2024-10-31 19:09:09,First Class,Corporate,West,Furniture,Tables,181.43,1,0.179,-1.62,2024-10,2024,1.0,-0.8929063550680704
ORD01197,C00370,2024-10-30 20:55:03,2024-11-02 20:55:03,Second Class,Corporate,West,Office Supplies,Storage,339.96,6,0.102,33.37,2024-10,2024,3.0,9.815860689492881
ORD00765,C00098,2024-10-30 22:46:57,2024-11-02 22:46:57,Standard Class,Consumer,East,Office Supplies,Appliances,44.87,1,0.116,3.05,2024-10,2024,3.0,6.7974147537330065
ORD02081,C00664,2024-10-31 03:00:02,2024-11-02 03:00:02,Second Class,Consumer,West,Furniture,Chairs,419.05,4,0.091,-21.46,2024-10,2024,2.0,-5.1211072664359865
ORD03686,C00340,2024-10-31 03:59:17,2024-11-04 03:59:17,Standard Class,Consumer,South,Furniture,Tables,421.65,3,0.359,-79.51,2024-10,2024,4.0,-18.856871813115145
ORD03484,C00661,2024-10-31 07:06:20,2024-11-03 07:06:20,Second Class,Home Office,South,Office Supplies,Appliances,142.79,4,0.339,-23.19,2024-10,2024,3.0,-16.240633097555854
ORD00006,C00823,2024-10-31 07:54:06,2024-11-04 07:54:06,Standard Class,Consumer,South,Furniture,Tables,823.18,8,0.122,12.37,2024-10,2024,4.0,1.50270900653563
ORD03157,C00341,2024-10-31 10:28:01,2024-11-02 10:28:01,First Class,Home Office,West,Furniture,Tables,345.44,5,0.082,18.84,2024-10,2024,2.0,5.453913849004169
ORD02593,C00108,2024-10-31 14:16:59,2024-11-03 14:16:59,Standard Class,Corporate,South,Office Supplies,Paper,51.5,2,0.197,-1.99,2024-10,2024,3.0,-3.8640776699029127
ORD00408,C00163,2024-10-31 20:41:24,2024-11-05 20:41:24,Standard Class,Consumer,East,Furniture,Furnishings,429.13,3,0.124,-44.73,2024-10,2024,5.0,-10.423414816023117
ORD03629,C00487,2024-10-31 22:51:44,2024-11-03 22:51:44,Standard Class,Corporate,East,Furniture,Chairs,656.01,3,0.088,24.03,2024-10,2024,3.0,3.663053916861023
ORD03650,C00252,2024-10-31 23:02:42,2024-11-04 23:02:42,Second Class,Home Office,West,Technology,Phones,677.85,4,0.131,55.14,2024-10,2024,4.0,8.134543040495684
ORD01227,C00701,2024-11-01 02:38:13,2024-11-03 02:38:13,Second Class,Corporate,East,Office Supplies,Appliances,58.4,4,0.147,1.43,2024-11,2024,2.0,2.4486301369863015
ORD02075,C00168,2024-11-01 06:04:26,2024-11-03 06:04:26,Second Class,Consumer,West,Office Supplies,Appliances,107.23,2,0.253,-7.96,2024-11,2024,2.0,-7.423295719481487
ORD02818,C00038,2024-11-01 06:57:37,2024-11-04 06:57:37,First Class,Consumer,South,Office Supplies,Binders,69.84,2,0.141,3.07,2024-11,2024,3.0,4.395761741122565
ORD00498,C00092,2024-11-01 09:48:47,2024-11-02 09:48:47,First Class,Home Office,West,Office Supplies,Art,153.1,5,0.088,16.06,2024-11,2024,1.0,10.489875898105813
ORD03646,C00791,2024-11-01 10:22:07,2024-11-04 10:22:07,Standard Class,Consumer,East,Office Supplies,Binders,286.61,6,0.079,36.49,2024-11,2024,3.0,12.731586476396497
ORD03127,C00313,2024-11-01 14:01:02,2024-11-04 14:01:02,First Class,Corporate,East,Technology,Laptops,605.87,6,0.204,-6.43,2024-11,2024,3.0,-1.0612837737468435
ORD00114,C00015,2024-11-01 14:51:16,2024-11-02 14:51:16,First Class,Consumer,South,Office Supplies,Art,134.65,4,0.249,-5.48,2024-11,2024,1.0,-4.069810620126253
ORD01225,C00667,2024-11-01 15:28:50,2024-11-06 15:28:50,Standard Class,Consumer,North,Office Supplies,Paper,72.07,3,0.006,9.33,2024-11,2024,5.0,12.945747190231721
ORD01100,C00920,2024-11-01 22:52:58,2024-11-05 22:52:58,Standard Class,Corporate,East,Office Supplies,Paper,349.09,8,0.004,91.05,2024-11,2024,4.0,26.082099172133262
ORD03654,C00051,2024-11-02 01:39:08,2024-11-06 01:39:08,Second Class,Home Office,North,Technology,Laptops,689.13,6,0.15,47.25,2024-11,2024,4.0,6.856471202820948
ORD00509,C00623,2024-11-02 02:09:11,2024-11-06 02:09:11,Standard Class,Home Office,South,Technology,Accessories,113.07,1,0.306,-9.16,2024-11,2024,4.0,-8.101176262492261
ORD01412,C00283,2024-11-02 19:05:54,2024-11-06 19:05:54,Second Class,Consumer,East,Office Supplies,Paper,103.54,4,0.033,13.32,2024-11,2024,4.0,12.864593393857445
ORD03697,C00583,2024-11-02 19:06:36,2024-11-05 19:06:36,Second Class,Consumer,East,Technology,Accessories,354.19,3,0.229,2.15,2024-11,2024,3.0,0.6070188317004996
ORD01562,C00944,2024-11-02 21:05:19,2024-11-05 21:05:19,Standard Class,Home Office,East,Furniture,Tables,941.47,5,0.158,-10.61,2024-11,2024,3.0,-1.1269610290290715
ORD02122,C00458,2024-11-03 02:48:40,2024-11-04 02:48:40,First Class,Consumer,North,Technology,Phones,501.09,4,0.065,98.8,2024-11,2024,1.0,19.71701690315113
ORD01070,C00373,2024-11-03 12:49:40,2024-11-07 12:49:40,Standard Class,Consumer,East,Office Supplies,Art,115.56,3,0.086,13.61,2024-11,2024,4.0,11.777431637244721
ORD03286,C00775,2024-11-03 21:20:29,2024-11-07 21:20:29,Standard Class,Corporate,South,Furniture,Furnishings,1023.11,5,0.09,10.31,2024-11,2024,4.0,1.0077117807469382
ORD03888,C00235,2024-11-04 00:10:36,2024-11-08 00:10:36,Second Class,Corporate,West,Office Supplies,Appliances,36.3,2,0.075,0.8,2024-11,2024,4.0,2.2038567493112953
ORD01571,C00695,2024-11-04 14:18:01,2024-11-07 14:18:01,Second Class,Corporate,South,Furniture,Tables,67.41,1,0.375,-17.46,2024-11,2024,3.0,-25.901201602136187
ORD00553,C00079,2024-11-04 15:27:42,2024-11-05 15:27:42,First Class,Consumer,North,Technology,Accessories,1057.52,8,0.06,180.8,2024-11,2024,1.0,17.096603373931462
ORD03526,C00675,2024-11-04 15:36:24,2024-11-06 15:36:24,Second Class,Home Office,South,Office Supplies,Appliances,57.52,2,0.155,1.74,2024-11,2024,2.0,3.0250347705146035
ORD01038,C00507,2024-11-04 19:14:52,2024-11-09 19:14:52,Standard Class,Consumer,North,Office Supplies,Appliances,85.06,2,0.203,-8.7,2024-11,2024,5.0,-10.228074300493768
ORD02613,C00049,2024-11-05 01:45:25,2024-11-10 01:45:25,Standard Class,Corporate,North,Technology,Laptops,136.17,1,0.275,-4.57,2024-11,2024,5.0,-3.3560989939046784
ORD02205,C00221,2024-11-05 03:38:21,2024-11-09 03:38:21,Standard Class,Corporate,West,Office Supplies,Appliances,198.39,3,0.109,17.48,2024-11,2024,4.0,8.810927970159788
ORD00384,C00434,2024-11-05 05:38:10,2024-11-08 05:38:10,Standard Class,Consumer,West,Office Supplies,Appliances,337.72,6,0.233,-29.32,2024-11,2024,3.0,-8.681748193769986
ORD00822,C00096,2024-11-05 06:26:15,2024-11-08 06:26:15,Standard Class,Consumer,West,Technology,Laptops,704.57,5,0.276,-76.56,2024-11,2024,3.0,-10.866202080701704
ORD00678,C00818,2024-11-05 09:02:26,2024-11-08 09:02:26,Standard Class,Consumer,East,Office Supplies,Storage,107.34,5,0.013,14.67,2024-11,2024,3.0,13.666852990497484
ORD00592,C00647,2024-11-05 13:48:58,2024-11-09 13:48:58,Second Class,Consumer,West,Office Supplies,Art,116.18,5,0.175,-3.09,2024-11,2024,4.0,-2.6596660354622137
ORD00910,C00663,2024-11-05 20:43:30,2024-11-08 20:43:30,Standard Class,Consumer,West,Furniture,Furnishings,493.94,7,0.253,-44.29,2024-11,2024,3.0,-8.966676114507836
ORD02830,C00802,2024-11-06 02:05:30,2024-11-09 02:05:30,Standard Class,Consumer,East,Technology,Phones,156.94,1,0.163,16.27,2024-11,2024,3.0,10.367019243022812
ORD03276,C00782,2024-11-06 04:02:41,2024-11-11 04:02:41,Standard Class,Corporate,East,Furniture,Bookcases,632.04,6,0.116,-8.79,2024-11,2024,5.0,-1.3907347636225555
ORD02477,C00127,2024-11-06 05:38:19,2024-11-11 05:38:19,Standard Class,Corporate,East,Office Supplies,Storage,19.39,1,0.022,2.7,2024-11,2024,5.0,13.924703455389375
ORD03835,C00621,2024-11-06 07:25:57,2024-11-09 07:25:57,Standard Class,Corporate,East,Technology,Laptops,370.63,3,0.446,-67.68,2024-11,2024,3.0,-18.26079917977498
ORD01677,C00439,2024-11-06 07:47:53,2024-11-08 07:47:53,Same Day,Consumer,East,Office Supplies,Binders,88.01,2,0.204,0.19,2024-11,2024,2.0,0.2158845585728894
ORD02557,C00817,2024-11-06 08:49:44,2024-11-06 08:49:44,Same Day,Consumer,West,Office Supplies,Art,166.06,8,0.106,25.24,2024-11,2024,0.0,15.199325544983738
ORD01036,C00283,2024-11-06 18:41:06,2024-11-09 18:41:06,First Class,Consumer,South,Furniture,Bookcases,928.32,6,0.177,-13.19,2024-11,2024,3.0,-1.4208462599103755
ORD03371,C00922,2024-11-06 21:27:14,2024-11-10 21:27:14,Second Class,Home Office,West,Office Supplies,Paper,192.85,3,0.06,6.53,2024-11,2024,4.0,3.3860513352346384
ORD01105,C00554,2024-11-06 23:00:40,2024-11-11 23:00:40,Standard Class,Corporate,North,Technology,Phones,570.1,4,0.13,75.33,2024-11,2024,5.0,13.213471320820908
ORD02410,C00255,2024-11-06 23:11:10,2024-11-09 23:11:10,Second Class,Consumer,West,Technology,Accessories,345.32,3,0.084,74.01,2024-11,2024,3.0,21.432294683192403
ORD01422,C00483,2024-11-07 19:36:11,2024-11-11 19:36:11,Second Class,Consumer,West,Technology,Laptops,573.31,5,0.166,49.32,2024-11,2024,4.0,8.602675690289722
ORD02220,C00268,2024-11-08 08:51:51,2024-11-12 08:51:51,Second Class,Consumer,South,Office Supplies,Paper,426.15,8,0.072,48.16,2024-11,2024,4.0,11.301185028745747
ORD00112,C00332,2024-11-08 10:43:34,2024-11-13 10:43:34,Standard Class,Corporate,East,Office Supplies,Paper,264.91,6,0.147,28.73,2024-11,2024,5.0,10.845192706957079
ORD03284,C00759,2024-11-08 13:32:09,2024-11-11 13:32:09,Standard Class,Corporate,South,Office Supplies,Paper,98.17,2,0.173,-0.1,2024-11,2024,3.0,-0.10186411327289396
ORD01321,C00829,2024-11-09 04:32:15,2024-11-13 04:32:15,Standard Class,Corporate,East,Furniture,Furnishings,418.02,3,0.307,-76.98,2024-11,2024,4.0,-18.415386823596958
ORD02469,C00520,2024-11-09 07:40:27,2024-11-14 07:40:27,Standard Class,Consumer,West,Furniture,Tables,580.02,6,0.233,18.26,2024-11,2024,5.0,3.1481673045757046
ORD02486,C00176,2024-11-09 08:37:45,2024-11-13 08:37:45,Second Class,Corporate,West,Technology,Phones,144.66,1,0.011,30.79,2024-11,2024,4.0,21.284390985759714
ORD00340,C00087,2024-11-09 20:50:51,2024-11-12 20:50:51,Standard Class,Consumer,West,Technology,Laptops,114.67,1,0.165,8.9,2024-11,2024,3.0,7.7614022848173025
ORD00150,C00718,2024-11-09 23:12:05,2024-11-13 23:12:05,Standard Class,Consumer,West,Office Supplies,Paper,114.01,3,0.168,8.96,2024-11,2024,4.0,7.858959740373652
ORD03317,C00794,2024-11-10 12:45:02,2024-11-13 12:45:02,Second Class,Corporate,West,Office Supplies,Paper,144.12,4,0.025,24.33,2024-11,2024,3.0,16.881765195670273
ORD00096,C00460,2024-11-10 15:33:03,2024-11-12 15:33:03,First Class,Home Office,South,Office Supplies,Binders,104.98,3,0.13,-2.51,2024-11,2024,2.0,-2.390931606020194
ORD02843,C00246,2024-11-10 16:27:28,2024-11-14 16:27:28,Standard Class,Corporate,North,Furniture,Chairs,188.26,1,0.202,-12.11,2024-11,2024,4.0,-6.4325932221395945
ORD03000,C00893,2024-11-10 20:24:14,2024-11-14 20:24:14,Standard Class,Consumer,South,Office Supplies,Binders,105.03,4,0.127,9.16,2024-11,2024,4.0,8.721317718747025
ORD03461,C00818,2024-11-10 20:50:57,2024-11-13 20:50:57,Standard Class,Consumer,North,Furniture,Tables,795.15,7,0.23,-114.31,2024-11,2024,3.0,-14.375903917499844
ORD00444,C00562,2024-11-10 22:26:48,2024-11-12 22:26:48,First Class,Corporate,East,Office Supplies,Binders,49.91,1,0.016,8.15,2024-11,2024,2.0,16.32939290723302
ORD03567,C00650,2024-11-11 00:12:46,2024-11-14 00:12:46,Standard Class,Home Office,North,Furniture,Tables,171.47,2,0.158,-1.79,2024-11,2024,3.0,-1.043914387356389
ORD02266,C00589,2024-11-11 05:56:16,2024-11-14 05:56:16,First Class,Consumer,East,Office Supplies,Paper,53.14,1,0.387,-8.81,2024-11,2024,3.0,-16.578848325178775
ORD03145,C00386,2024-11-11 07:41:16,2024-11-14 07:41:16,Standard Class,Corporate,East,Technology,Accessories,864.64,7,0.099,112.97,2024-11,2024,3.0,13.065553293856402
ORD01289,C00491,2024-11-11 10:02:23,2024-11-15 10:02:23,Standard Class,Consumer,East,Technology,Laptops,762.53,5,0.178,41.11,2024-11,2024,4.0,5.391263294558903
ORD01251,C00853,2024-11-11 10:16:12,2024-11-16 10:16:12,Standard Class,Consumer,West,Technology,Laptops,183.84,1,0.023,45.0,2024-11,2024,5.0,24.47780678851175
ORD01209,C00406,2024-11-11 17:40:23,2024-11-14 17:40:23,Second Class,Consumer,East,Office Supplies,Appliances,89.8,3,0.088,12.53,2024-11,2024,3.0,13.953229398663696
ORD03610,C00507,2024-11-12 01:40:41,2024-11-16 01:40:41,Standard Class,Home Office,East,Office Supplies,Appliances,362.32,7,0.1,35.63,2024-11,2024,4.0,9.8338485316847
ORD03466,C00555,2024-11-12 02:25:36,2024-11-15 02:25:36,Standard Class,Home Office,West,Office Supplies,Art,110.38,5,0.154,0.96,2024-11,2024,3.0,0.869722775865193
ORD01036,C00790,2024-11-12 10:21:28,2024-11-17 10:21:28,Standard Class,Corporate,West,Technology,Accessories,336.43,3,0.12,47.92,2024-11,2024,5.0,14.243676247659245
ORD00822,C00948,2024-11-12 12:53:36,2024-11-15 12:53:36,Standard Class,Consumer,North,Furniture,Tables,770.14,6,0.048,1.61,2024-11,2024,3.0,0.20905289947282316
ORD02799,C00333,2024-11-12 12:59:55,2024-11-15 12:59:55,Second Class,Corporate,North,Technology,Accessories,595.19,6,0.282,-68.37,2024-11,2024,3.0,-11.487088156723063
ORD03814,C00426,2024-11-12 14:24:13,2024-11-14 14:24:13,Second Class,Consumer,North,Furniture,Tables,961.64,5,0.171,-36.48,2024-11,2024,2.0,-3.7935194043509
ORD03233,C00269,2024-11-12 15:48:30,2024-11-15 15:48:30,Standard Class,Consumer,North,Furniture,Bookcases,559.11,8,0.277,-49.24,2024-11,2024,3.0,-8.80685374970936
ORD03678,C00460,2024-11-12 16:48:15,2024-11-14 16:48:15,First Class,Consumer,East,Technology,Accessories,463.02,3,0.086,49.79,2024-11,2024,2.0,10.753315191568399
ORD00232,C00552,2024-11-12 17:52:16,2024-11-16 17:52:16,Second Class,Corporate,North,Office Supplies,Storage,32.22,1,0.064,3.67,2024-11,2024,4.0,11.390440720049659
ORD00281,C00066,2024-11-12 20:42:40,2024-11-16 20:42:40,Second Class,Consumer,North,Office Supplies,Art,172.12,8,0.119,7.66,2024-11,2024,4.0,4.450383453404601
ORD01651,C00558,2024-11-13 01:13:49,2024-11-15 01:13:49,Second Class,Corporate,South,Office Supplies,Storage,113.88,3,0.1,11.59,2024-11,2024,2.0,10.177379697927643
ORD01395,C00251,2024-11-13 01:47:55,2024-11-15 01:47:55,First Class,Consumer,West,Furniture,Furnishings,588.27,4,0.105,27.32,2024-11,2024,2.0,4.644125996566203
ORD02732,C00422,2024-11-13 05:32:42,2024-11-16 05:32:42,Standard Class,Consumer,West,Technology,Accessories,899.81,6,0.199,-15.32,2024-11,2024,3.0,-1.7025816561274048
ORD02034,C00338,2024-11-13 08:30:13,2024-11-15 08:30:13,Second Class,Corporate,North,Office Supplies,Paper,111.33,2,0.141,8.35,2024-11,2024,2.0,7.500224557621485
ORD01659,C00944,2024-11-13 08:59:26,2024-11-16 08:59:26,First Class,Home Office,North,Office Supplies,Appliances,263.15,5,0.01,18.92,2024-11,2024,3.0,7.189815694470836
ORD03869,C00654,2024-11-13 12:45:16,2024-11-17 12:45:16,Second Class,Home Office,North,Office Supplies,Art,41.77,2,0.082,4.37,2024-11,2024,4.0,10.462054105817572
ORD00782,C00856,2024-11-13 14:54:01,2024-11-17 14:54:01,Standard Class,Corporate,East,Office Supplies,Binders,341.31,6,0.223,-22.74,2024-11,2024,4.0,-6.662564823767249
ORD00591,C00317,2024-11-13 16:20:53,2024-11-17 16:20:53,Standard Class,Consumer,East,Technology,Laptops,903.25,6,0.174,66.03,2024-11,2024,4.0,7.310268474951565
ORD03502,C00348,2024-11-13 16:59:45,2024-11-16 16:59:45,Standard Class,Consumer,South,Technology,Phones,810.41,7,0.11,142.84,2024-11,2024,3.0,17.62564627781
ORD03299,C00173,2024-11-13 18:14:55,2024-11-18 18:14:55,Standard Class,Consumer,East,Furniture,Chairs,918.14,7,0.265,-140.25,2024-11,2024,5.0,-15.275448188729387
ORD01793,C00790,2024-11-14 06:28:03,2024-11-17 06:28:03,Standard Class,Corporate,North,Office Supplies,Paper,327.39,7,0.076,39.9,2024-11,2024,3.0,12.187299550994227
ORD02186,C00785,2024-11-14 12:16:04,2024-11-18 12:16:04,Second Class,Corporate,North,Technology,Phones,562.23,4,0.3,-52.33,2024-11,2024,4.0,-9.307578748910588
ORD03792,C00867,2024-11-14 18:24:51,2024-11-16 18:24:51,Same Day,Home Office,North,Furniture,Bookcases,327.91,2,0.058,-6.56,2024-11,2024,2.0,-2.0005489311091456
ORD00597,C00315,2024-11-14 18:30:42,2024-11-18 18:30:42,Second Class,Corporate,South,Office Supplies,Appliances,197.01,4,0.309,-28.46,2024-11,2024,4.0,-14.445967209786307
ORD02142,C00848,2024-11-14 19:17:19,2024-11-14 19:17:19,Same Day,Consumer,South,Office Supplies,Storage,79.25,2,0.184,-1.29,2024-11,2024,0.0,-1.6277602523659305
ORD00332,C00908,2024-11-15 02:54:05,2024-11-15 02:54:05,Same Day,Consumer,South,Technology,Phones,249.13,3,0.146,24.91,2024-11,2024,0.0,9.99879580941677
ORD00908,C00543,2024-11-15 14:59:03,2024-11-20 14:59:03,Standard Class,Consumer,East,Technology,Laptops,612.4,5,0.049,129.18,2024-11,2024,5.0,21.094056172436318
ORD03721,C00369,2024-11-15 16:04:43,2024-11-20 16:04:43,Standard Class,Corporate,North,Furniture,Tables,221.18,1,0.175,-15.44,2024-11,2024,5.0,-6.980739669047834
ORD03765,C00666,2024-11-15 16:48:12,2024-11-16 16:48:12,Same Day,Consumer,South,Technology,Accessories,473.78,5,0.195,21.13,2024-11,2024,1.0,4.45987589176411
ORD01189,C00836,2024-11-15 17:34:40,2024-11-18 17:34:40,Standard Class,Corporate,West,Office Supplies,Paper,475.51,8,0.241,-18.64,2024-11,2024,3.0,-3.9200016824041555
ORD00447,C00377,2024-11-16 00:31:38,2024-11-21 00:31:38,Standard Class,Consumer,South,Office Supplies,Paper,180.22,4,0.067,2.6,2024-11,2024,5.0,1.442681167461991
ORD00908,C00808,2024-11-16 08:09:22,2024-11-20 08:09:22,Standard Class,Consumer,East,Office Supplies,Storage,152.48,4,0.094,8.12,2024-11,2024,4.0,5.325288562434418
ORD01409,C00748,2024-11-16 09:09:00,2024-11-19 09:09:00,First Class,Corporate,West,Technology,Accessories,724.78,4,0.046,70.96,2024-11,2024,3.0,9.79055713457877
ORD01163,C00163,2024-11-16 09:43:43,2024-11-18 09:43:43,Second Class,Home Office,East,Technology,Phones,336.66,3,0.311,9.84,2024-11,2024,2.0,2.922830155052575
ORD01406,C00088,2024-11-16 14:24:27,2024-11-20 14:24:27,Standard Class,Home Office,North,Technology,Phones,771.33,6,0.029,195.9,2024-11,2024,4.0,25.39768970479561
ORD01854,C00229,2024-11-16 17:47:21,2024-11-21 17:47:21,Standard Class,Consumer,South,Technology,Laptops,531.27,4,0.127,13.79,2024-11,2024,5.0,2.5956669866546203
ORD01765,C00757,2024-11-16 22:01:47,2024-11-19 22:01:47,Standard Class,Consumer,North,Furniture,Furnishings,605.76,5,0.212,-58.23,2024-11,2024,3.0,-9.61271790808241
ORD00409,C00592,2024-11-16 23:23:48,2024-11-17 23:23:48,First Class,Consumer,South,Office Supplies,Storage,414.28,8,0.207,-26.94,2024-11,2024,1.0,-6.5028483151491745
ORD02837,C00923,2024-11-17 01:27:15,2024-11-21 01:27:15,Standard Class,Home Office,West,Technology,Laptops,417.11,4,0.075,67.5,2024-11,2024,4.0,16.18278152046223
ORD01331,C00210,2024-11-17 04:42:45,2024-11-22 04:42:45,Standard Class,Home Office,South,Office Supplies,Appliances,197.26,7,0.048,24.33,2024-11,2024,5.0,12.333975463854811
ORD01590,C00225,2024-11-17 05:40:40,2024-11-21 05:40:40,Second Class,Home Office,East,Technology,Accessories,650.47,4,0.099,41.27,2024-11,2024,4.0,6.344643104216951
ORD02048,C00903,2024-11-17 06:21:14,2024-11-22 06:21:14,Standard Class,Corporate,South,Office Supplies,Paper,61.62,3,0.253,-3.45,2024-11,2024,5.0,-5.598831548198637
ORD00595,C00320,2024-11-17 11:23:44,2024-11-19 11:23:44,Second Class,Consumer,West,Office Supplies,Appliances,25.23,1,0.35,-3.2,2024-11,2024,2.0,-12.683313515655966
ORD01862,C00074,2024-11-17 21:39:55,2024-11-20 21:39:55,Standard Class,Consumer,North,Furniture,Furnishings,506.68,4,0.161,-1.51,2024-11,2024,3.0,-0.29801847319807373
ORD03307,C00619,2024-11-17 23:25:12,2024-11-20 23:25:12,Standard Class,Consumer,East,Technology,Laptops,251.36,2,0.099,34.51,2024-11,2024,3.0,13.729312539783574
ORD02141,C00228,2024-11-17 23:40:35,2024-11-20 23:40:35,Standard Class,Consumer,East,Furniture,Bookcases,658.4,6,0.299,-84.62,2024-11,2024,3.0,-12.852369380315917
ORD03662,C00812,2024-11-18 01:15:52,2024-11-20 01:15:52,First Class,Corporate,South,Technology,Phones,682.57,5,0.163,18.72,2024-11,2024,2.0,2.7425758530260627
ORD01470,C00418,2024-11-18 02:13:21,2024-11-21 02:13:21,Standard Class,Corporate,East,Furniture,Bookcases,808.58,8,0.229,-66.62,2024-11,2024,3.0,-8.239135274184372
ORD01532,C00363,2024-11-18 21:20:36,2024-11-23 21:20:36,Standard Class,Corporate,North,Technology,Laptops,694.99,7,0.275,-0.73,2024-11,2024,5.0,-0.10503748255370579
ORD02168,C00760,2024-11-19 01:41:36,2024-11-22 01:41:36,Second Class,Consumer,East,Office Supplies,Storage,129.07,2,0.137,-3.94,2024-11,2024,3.0,-3.0526071124196172
ORD01938,C00532,2024-11-19 02:27:53,2024-11-22 02:27:53,First Class,Consumer,East,Furniture,Chairs,336.94,3,0.148,-29.53,2024-11,2024,3.0,-8.764171662610554
ORD03460,C00495,2024-11-19 03:20:00,2024-11-21 03:20:00,First Class,Home Office,West,Office Supplies,Art,319.65,8,0.332,-61.26,2024-11,2024,2.0,-19.164711403097137
ORD00863,C00846,2024-11-19 03:42:15,2024-11-24 03:42:15,Standard Class,Consumer,East,Technology,Accessories,631.56,4,0.092,80.67,2024-11,2024,5.0,12.773133193995822
ORD02287,C00653,2024-11-19 05:19:59,2024-11-24 05:19:59,Standard Class,Consumer,West,Technology,Accessories,787.06,5,0.136,106.16,2024-11,2024,5.0,13.488171168652963
ORD01168,C00479,2024-11-19 06:45:31,2024-11-22 06:45:31,Standard Class,Consumer,South,Furniture,Tables,429.46,3,0.144,5.56,2024-11,2024,3.0,1.2946490942113351
ORD02101,C00849,2024-11-19 16:37:00,2024-11-24 16:37:00,Standard Class,Corporate,South,Office Supplies,Appliances,124.87,4,0.184,-4.72,2024-11,2024,5.0,-3.7799311283735078
ORD01112,C00687,2024-11-19 22:30:17,2024-11-24 22:30:17,Standard Class,Consumer,North,Office Supplies,Appliances,282.1,5,0.057,30.73,2024-11,2024,5.0,10.893300248138956
ORD02801,C00596,2024-11-20 01:52:45,2024-11-23 01:52:45,Second Class,Consumer,South,Furniture,Furnishings,1026.85,7,0.226,-75.92,2024-11,2024,3.0,-7.393484929639188
ORD00159,C00572,2024-11-20 09:36:16,2024-11-24 09:36:16,Second Class,Corporate,East,Furniture,Tables,1143.98,5,0.14,-12.99,2024-11,2024,4.0,-1.135509362051784
ORD00179,C00800,2024-11-20 11:10:41,2024-11-25 11:10:41,Standard Class,Consumer,West,Office Supplies,Binders,255.6,4,0.353,-27.94,2024-11,2024,5.0,-10.93114241001565
ORD00009,C00220,2024-11-20 14:56:03,2024-11-23 14:56:03,Standard Class,Corporate,West,Technology,Laptops,505.05,3,0.098,61.27,2024-11,2024,3.0,12.131472131472131
ORD00740,C00648,2024-11-20 19:18:34,2024-11-21 19:18:34,First Class,Corporate,West,Furniture,Tables,603.64,4,0.048,79.28,2024-11,2024,1.0,13.133655821350473
ORD03774,C00489,2024-11-20 20:40:52,2024-11-24 20:40:52,Standard Class,Home Office,North,Office Supplies,Binders,18.57,2,0.126,0.13,2024-11,2024,4.0,0.7000538502961766
ORD03604,C00752,2024-11-20 23:39:50,2024-11-25 23:39:50,Standard Class,Home Office,West,Office Supplies,Paper,76.12,6,0.06,8.29,2024-11,2024,5.0,10.890698896479241
ORD00800,C00515,2024-11-21 01:05:03,2024-11-24 01:05:03,First Class,Corporate,West,Technology,Accessories,244.98,2,0.126,25.61,2024-11,2024,3.0,10.453914605273901
ORD01625,C00947,2024-11-21 05:07:16,2024-11-25 05:07:16,Standard Class,Corporate,North,Furniture,Furnishings,538.89,5,0.089,-18.98,2024-11,2024,4.0,-3.5220545937018692
ORD00088,C00892,2024-11-21 08:26:41,2024-11-24 08:26:41,Standard Class,Consumer,East,Office Supplies,Binders,88.48,6,0.192,-3.33,2024-11,2024,3.0,-3.7635623869801087
ORD00697,C00048,2024-11-21 09:12:12,2024-11-24 09:12:12,Standard Class,Consumer,South,Office Supplies,Appliances,21.62,1,0.065,3.33,2024-11,2024,3.0,15.402405180388529
ORD02515,C00462,2024-11-21 15:11:49,2024-11-25 15:11:49,Standard Class,Home Office,East,Office Supplies,Art,117.87,7,0.02,15.45,2024-11,2024,4.0,13.10766098243828
ORD00144,C00617,2024-11-21 16:39:28,2024-11-26 16:39:28,Standard Class,Consumer,South,Furniture,Tables,335.17,2,0.116,17.8,2024-11,2024,5.0,5.3107378345317295
ORD02376,C00286,2024-11-21 18:51:59,2024-11-25 18:51:59,Second Class,Consumer,West,Office Supplies,Art,78.67,3,0.043,11.45,2024-11,2024,4.0,14.554468031015633
ORD02505,C00158,2024-11-21 20:44:38,2024-11-26 20:44:38,Standard Class,Consumer,North,Technology,Accessories,654.87,5,0.092,85.72,2024-11,2024,5.0,13.089620840777558
ORD03280,C00604,2024-11-21 23:22:53,2024-11-25 23:22:53,Standard Class,Consumer,East,Furniture,Chairs,232.88,2,0.136,-16.26,2024-11,2024,4.0,-6.98213672277568
ORD02255,C00010,2024-11-21 23:33:33,2024-11-25 23:33:33,Standard Class,Consumer,North,Office Supplies,Storage,26.47,3,0.052,2.69,2024-11,2024,4.0,10.162448054401208
ORD00183,C00416,2024-11-22 04:36:59,2024-11-27 04:36:59,Standard Class,Consumer,East,Technology,Phones,1203.09,8,0.154,137.0,2024-11,2024,5.0,11.387344255209502
ORD02696,C00050,2024-11-22 07:51:20,2024-11-25 07:51:20,Second Class,Consumer,West,Office Supplies,Binders,200.79,7,0.078,29.39,2024-11,2024,3.0,14.637183126649733
ORD01081,C00685,2024-11-22 08:06:30,2024-11-26 08:06:30,Second Class,Corporate,North,Office Supplies,Storage,278.94,6,0.208,-24.16,2024-11,2024,4.0,-8.661360866136086
ORD01381,C00674,2024-11-22 10:37:15,2024-11-26 10:37:15,Standard Class,Corporate,East,Technology,Accessories,267.35,2,0.259,4.86,2024-11,2024,4.0,1.8178417804376286
ORD03336,C00760,2024-11-22 13:21:15,2024-11-25 13:21:15,First Class,Corporate,North,Office Supplies,Art,66.55,4,0.173,-1.2,2024-11,2024,3.0,-1.8031555221637865
ORD00150,C00424,2024-11-22 14:19:15,2024-11-26 14:19:15,Standard Class,Home Office,East,Office Supplies,Storage,304.36,8,0.251,-32.89,2024-11,2024,4.0,-10.806282034432908
ORD01181,C00162,2024-11-23 04:35:32,2024-11-25 04:35:32,First Class,Corporate,North,Office Supplies,Binders,233.09,4,0.219,-13.96,2024-11,2024,2.0,-5.989102921618259
ORD03234,C00913,2024-11-23 04:44:45,2024-11-26 04:44:45,Second Class,Consumer,West,Technology,Phones,466.49,4,0.256,-26.13,2024-11,2024,3.0,-5.601406246650517
ORD01421,C00121,2024-11-23 05:10:33,2024-11-26 05:10:33,Second Class,Consumer,South,Furniture,Bookcases,206.59,3,0.19,-25.73,2024-11,2024,3.0,-12.45462026235539
ORD00663,C00805,2024-11-23 05:15:47,2024-11-28 05:15:47,Standard Class,Consumer,North,Technology,Laptops,518.84,4,0.042,75.74,2024-11,2024,5.0,14.597949271451698
ORD00288,C00759,2024-11-23 05:22:52,2024-11-26 05:22:52,First Class,Consumer,East,Technology,Accessories,781.9,6,0.092,90.27,2024-11,2024,3.0,11.544954597774652
ORD02011,C00835,2024-11-23 13:44:27,2024-11-26 13:44:27,Second Class,Corporate,South,Furniture,Bookcases,396.03,5,0.196,-27.32,2024-11,2024,3.0,-6.89846728783173
ORD02538,C00827,2024-11-23 14:38:20,2024-11-27 14:38:20,Standard Class,Consumer,East,Furniture,Furnishings,1020.77,5,0.076,117.95,2024-11,2024,4.0,11.555002596079431
ORD02755,C00510,2024-11-23 17:58:40,2024-11-25 17:58:40,First Class,Home Office,South,Furniture,Chairs,648.06,7,0.243,-92.45,2024-11,2024,2.0,-14.265654414714687
ORD01709,C00394,2024-11-23 17:59:12,2024-11-26 17:59:12,Standard Class,Home Office,South,Office Supplies,Binders,183.59,4,0.081,11.95,2024-11,2024,3.0,6.509069121411841
ORD02960,C00821,2024-11-23 23:20:44,2024-11-26 23:20:44,Standard Class,Home Office,South,Furniture,Bookcases,623.62,7,0.217,-68.25,2024-11,2024,3.0,-10.944164715692247
ORD02237,C00196,2024-11-24 00:48:48,2024-11-28 00:48:48,Second Class,Consumer,West,Office Supplies,Appliances,24.78,2,0.221,-1.58,2024-11,2024,4.0,-6.376109765940274
ORD01727,C00074,2024-11-24 01:19:35,2024-11-27 01:19:35,Standard Class,Corporate,North,Office Supplies,Storage,71.45,3,0.06,6.27,2024-11,2024,3.0,8.775367389783066
ORD02679,C00900,2024-11-24 03:48:17,2024-11-28 03:48:17,Second Class,Consumer,West,Furniture,Tables,1221.81,5,0.305,-203.34,2024-11,2024,4.0,-16.642522159746605
ORD03861,C00280,2024-11-24 04:37:07,2024-11-29 04:37:07,Standard Class,Home Office,East,Office Supplies,Appliances,313.01,8,0.204,6.59,2024-11,2024,5.0,2.1053640458771286
ORD02097,C00733,2024-11-24 05:33:52,2024-11-28 05:33:52,Standard Class,Corporate,East,Furniture,Bookcases,295.38,2,0.34,-60.54,2024-11,2024,4.0,-20.49563274426163
ORD03248,C00245,2024-11-24 06:55:06,2024-11-27 06:55:06,Second Class,Consumer,West,Office Supplies,Appliances,175.82,5,0.177,-3.7,2024-11,2024,3.0,-2.104424980093277
ORD00263,C00009,2024-11-24 09:20:30,2024-11-26 09:20:30,Second Class,Corporate,West,Technology,Phones,599.96,4,0.037,122.86,2024-11,2024,2.0,20.478031868791252
ORD02438,C00224,2024-11-24 09:32:05,2024-11-29 09:32:05,Standard Class,Consumer,South,Office Supplies,Binders,120.02,3,0.126,2.57,2024-11,2024,5.0,2.1413097817030495
ORD01468,C00275,2024-11-24 18:45:41,2024-11-27 18:45:41,Standard Class,Consumer,East,Furniture,Tables,298.06,4,0.161,-21.7,2024-11,2024,3.0,-7.280413339596054
ORD03631,C00004,2024-11-24 20:03:04,2024-11-27 20:03:04,First Class,Consumer,East,Technology,Laptops,507.92,4,0.097,66.17,2024-11,2024,3.0,13.027642148369821
ORD00084,C00347,2024-11-24 20:04:25,2024-11-29 20:04:25,Standard Class,Corporate,West,Office Supplies,Binders,61.39,3,0.078,7.24,2024-11,2024,5.0,11.793451702231634
ORD02829,C00366,2024-11-24 22:05:58,2024-11-28 22:05:58,Standard Class,Consumer,South,Technology,Accessories,236.55,2,0.134,19.38,2024-11,2024,4.0,8.192771084337348
ORD02918,C00799,2024-11-24 22:30:50,2024-11-25 22:30:50,Same Day,Consumer,North,Technology,Laptops,853.57,7,0.118,82.1,2024-11,2024,1.0,9.618426139625337
ORD03164,C00442,2024-11-25 03:26:43,2024-11-29 03:26:43,Standard Class,Corporate,South,Technology,Phones,600.55,5,0.161,39.89,2024-11,2024,4.0,6.642244609108318
ORD02671,C00818,2024-11-25 06:20:04,2024-11-28 06:20:04,Second Class,Consumer,South,Office Supplies,Storage,115.95,3,0.108,7.29,2024-11,2024,3.0,6.28719275549806
ORD00474,C00476,2024-11-25 11:43:36,2024-11-28 11:43:36,First Class,Consumer,South,Office Supplies,Appliances,216.78,8,0.148,5.54,2024-11,2024,3.0,2.5555863087000645
ORD01446,C00921,2024-11-25 15:21:57,2024-11-26 15:21:57,First Class,Home Office,South,Technology,Laptops,637.71,6,0.126,87.67,2024-11,2024,1.0,13.747628232268585
ORD02983,C00868,2024-11-25 20:51:16,2024-11-30 20:51:16,Standard Class,Corporate,South,Office Supplies,Paper,213.29,7,0.219,-13.98,2024-11,2024,5.0,-6.554456373950959
ORD00776,C00721,2024-11-26 02:05:24,2024-11-30 02:05:24,Standard Class,Consumer,South,Office Supplies,Storage,60.79,1,0.054,7.81,2024-11,2024,4.0,12.84750781378516
ORD01347,C00320,2024-11-26 03:25:06,2024-11-29 03:25:06,First Class,Consumer,North,Furniture,Chairs,1057.18,8,0.325,-287.4,2024-11,2024,3.0,-27.185531319169865
ORD02756,C00011,2024-11-26 06:18:36,2024-11-29 06:18:36,Standard Class,Home Office,North,Office Supplies,Paper,283.97,8,0.072,21.49,2024-11,2024,3.0,7.56770081346621
ORD00921,C00124,2024-11-26 06:55:41,2024-11-28 06:55:41,First Class,Consumer,North,Technology,Laptops,183.93,2,0.144,13.89,2024-11,2024,2.0,7.551786005545588
ORD03631,C00115,2024-11-26 07:07:53,2024-11-29 07:07:53,Standard Class,Corporate,North,Office Supplies,Binders,86.0,6,0.197,-0.25,2024-11,2024,3.0,-0.29069767441860467
ORD01148,C00683,2024-11-26 07:56:20,2024-11-29 07:56:20,Second Class,Corporate,South,Office Supplies,Storage,409.44,8,0.159,4.5,2024-11,2024,3.0,1.0990621336459556
ORD02248,C00011,2024-11-26 09:24:19,2024-11-29 09:24:19,Standard Class,Consumer,West,Furniture,Tables,554.91,3,0.17,-4.65,2024-11,2024,3.0,-0.8379737254689952
ORD02365,C00292,2024-11-26 14:14:24,2024-11-27 14:14:24,First Class,Consumer,South,Office Supplies,Storage,138.12,8,0.212,-15.57,2024-11,2024,1.0,-11.27280625543006
ORD01754,C00316,2024-11-26 21:27:50,2024-11-28 21:27:50,First Class,Consumer,South,Technology,Laptops,365.83,3,0.131,7.45,2024-11,2024,2.0,2.0364650247382663
ORD03112,C00505,2024-11-26 21:40:53,2024-12-01 21:40:53,Standard Class,Corporate,West,Furniture,Tables,157.2,1,0.161,-11.39,2024-11,2024,5.0,-7.245547073791349
ORD00206,C00133,2024-11-27 06:25:44,2024-12-02 06:25:44,Standard Class,Home Office,North,Furniture,Tables,1183.82,7,0.156,-77.11,2024-11,2024,5.0,-6.513659171157777
ORD03617,C00388,2024-11-27 08:16:24,2024-12-01 08:16:24,Standard Class,Corporate,East,Technology,Laptops,722.33,5,0.275,-19.57,2024-11,2024,4.0,-2.7092879985602147
ORD03615,C00454,2024-11-27 15:39:02,2024-11-28 15:39:02,Same Day,Home Office,South,Technology,Accessories,180.3,2,0.107,27.1,2024-11,2024,1.0,15.030504714364948
ORD00422,C00097,2024-11-27 15:55:22,2024-11-30 15:55:22,First Class,Home Office,South,Office Supplies,Binders,9.86,1,0.254,-0.5,2024-11,2024,3.0,-5.070993914807302
ORD00003,C00142,2024-11-27 18:05:39,2024-11-29 18:05:39,Same Day,Home Office,South,Furniture,Tables,314.92,2,0.161,-19.88,2024-11,2024,2.0,-6.312714340149879
ORD02413,C00820,2024-11-27 18:10:54,2024-11-29 18:10:54,Second Class,Consumer,East,Technology,Accessories,337.48,3,0.09,51.47,2024-11,2024,2.0,15.251274149579233
ORD01548,C00946,2024-11-27 18:39:19,2024-12-01 18:39:19,Standard Class,Consumer,North,Technology,Laptops,650.62,5,0.158,56.94,2024-11,2024,4.0,8.751652270142324
ORD02230,C00011,2024-11-27 22:23:04,2024-12-01 22:23:04,Second Class,Corporate,South,Office Supplies,Art,180.24,6,0.291,-11.92,2024-11,2024,4.0,-6.61340434975588
ORD02097,C00514,2024-11-27 22:47:08,2024-11-28 22:47:08,First Class,Consumer,East,Technology,Laptops,1189.86,8,0.147,35.3,2024-11,2024,1.0,2.9667355823374177
ORD03321,C00075,2024-11-27 23:58:42,2024-12-02 23:58:42,Standard Class,Consumer,East,Office Supplies,Binders,171.67,3,0.021,33.09,2024-11,2024,5.0,19.275353876623758
ORD00027,C00926,2024-11-28 01:44:59,2024-12-01 01:44:59,Standard Class,Consumer,East,Technology,Phones,453.34,3,0.166,30.49,2024-11,2024,3.0,6.72563638770018
ORD01417,C00359,2024-11-28 05:39:52,2024-12-01 05:39:52,Second Class,Corporate,South,Office Supplies,Appliances,62.75,2,0.087,6.93,2024-11,2024,3.0,11.04382470119522
ORD02342,C00923,2024-11-28 09:46:08,2024-12-02 09:46:08,Standard Class,Corporate,South,Technology,Accessories,85.36,1,0.207,0.7,2024-11,2024,4.0,0.8200562324273664
ORD01240,C00129,2024-11-28 11:34:35,2024-11-30 11:34:35,Second Class,Consumer,North,Technology,Phones,617.88,5,0.049,84.17,2024-11,2024,2.0,13.62238622386224
ORD02225,C00088,2024-11-28 15:07:36,2024-12-02 15:07:36,Standard Class,Consumer,South,Technology,Laptops,929.9,7,0.098,35.24,2024-11,2024,4.0,3.7896548015915696
ORD01035,C00909,2024-11-28 17:12:02,2024-12-01 17:12:02,Standard Class,Corporate,South,Technology,Laptops,732.04,7,0.122,59.57,2024-11,2024,3.0,8.137533468116496
ORD03843,C00816,2024-11-28 17:44:23,2024-12-03 17:44:23,Standard Class,Home Office,South,Technology,Accessories,549.09,4,0.217,39.87,2024-11,2024,5.0,7.261104736928371
ORD01431,C00093,2024-11-28 22:06:23,2024-12-02 22:06:23,Standard Class,Corporate,East,Technology,Laptops,750.86,5,0.156,4.285,2024-11,2024,4.0,0.5706789547984977
ORD00935,C00781,2024-11-29 00:31:30,2024-12-01 00:31:30,Second Class,Consumer,South,Technology,Laptops,93.41,1,0.22,0.24,2024-11,2024,2.0,0.25693180601648646
ORD02801,C00206,2024-11-29 04:11:44,2024-12-02 04:11:44,Standard Class,Consumer,West,Technology,Phones,683.67,4,0.247,-20.09,2024-11,2024,3.0,-2.9385522254889054
ORD02857,C00208,2024-11-29 05:02:32,2024-12-03 05:02:32,Second Class,Consumer,North,Furniture,Chairs,194.15,1,0.086,11.28,2024-11,2024,4.0,5.809940767447849
ORD01626,C00125,2024-11-29 06:42:32,2024-12-02 06:42:32,Standard Class,Consumer,East,Technology,Phones,564.6,5,0.039,122.09,2024-11,2024,3.0,21.624158696422246
ORD01942,C00674,2024-11-29 08:38:04,2024-12-03 08:38:04,Second Class,Corporate,South,Office Supplies,Paper,165.37,3,0.088,4.83,2024-11,2024,4.0,2.920723226703755
ORD00648,C00110,2024-11-29 21:57:15,2024-11-30 21:57:15,First Class,Corporate,North,Technology,Phones,861.02,8,0.049,165.4,2024-11,2024,1.0,19.209774453555088
ORD03503,C00770,2024-11-30 05:03:51,2024-12-05 05:03:51,Standard Class,Consumer,North,Technology,Phones,126.97,1,0.133,12.01,2024-11,2024,5.0,9.458927305662755
ORD03607,C00377,2024-11-30 12:45:03,2024-12-05 12:45:03,Standard Class,Corporate,East,Technology,Laptops,919.66,7,0.149,89.3,2024-11,2024,5.0,9.710110258138878
ORD03683,C00258,2024-11-30 17:45:44,2024-12-04 17:45:44,Standard Class,Consumer,North,Office Supplies,Storage,189.72,5,0.171,-13.81,2024-11,2024,4.0,-7.2791482184271565
ORD02128,C00864,2024-11-30 17:58:56,2024-12-04 17:58:56,Second Class,Consumer,North,Furniture,Bookcases,168.02,1,0.215,-9.44,2024-11,2024,4.0,-5.618378764432805
ORD00477,C00630,2024-12-01 00:12:15,2024-12-06 00:12:15,Standard Class,Consumer,South,Technology,Phones,857.63,8,0.221,15.4,2024-12,2024,5.0,1.7956461411098028
ORD01709,C00449,2024-12-01 00:27:21,2024-12-05 00:27:21,Standard Class,Corporate,North,Furniture,Bookcases,336.19,5,0.109,1.58,2024-12,2024,4.0,0.469972337071299
ORD02280,C00846,2024-12-01 14:06:35,2024-12-03 14:06:35,First Class,Consumer,South,Office Supplies,Paper,147.38,3,0.241,-9.17,2024-12,2024,2.0,-6.222011127697109
ORD01744,C00288,2024-12-01 16:15:27,2024-12-04 16:15:27,Standard Class,Consumer,South,Furniture,Bookcases,788.47,6,0.127,37.31,2024-12,2024,3.0,4.731949218105952
ORD01445,C00942,2024-12-01 19:47:40,2024-12-05 19:47:40,Second Class,Consumer,North,Technology,Phones,634.12,4,0.156,38.6,2024-12,2024,4.0,6.087175928846275
ORD00916,C00325,2024-12-01 23:26:30,2024-12-02 23:26:30,First Class,Corporate,North,Furniture,Bookcases,424.01,3,0.124,16.44,2024-12,2024,1.0,3.877267045588548
ORD03729,C00478,2024-12-02 03:54:30,2024-12-05 03:54:30,Standard Class,Home Office,East,Office Supplies,Storage,205.56,6,0.324,-14.08,2024-12,2024,3.0,-6.849581630667445
ORD01043,C00782,2024-12-02 08:07:25,2024-12-07 08:07:25,Standard Class,Corporate,South,Technology,Phones,746.36,7,0.141,47.24,2024-12,2024,5.0,6.329385283241332
ORD02438,C00526,2024-12-02 08:41:00,2024-12-07 08:41:00,Standard Class,Consumer,West,Office Supplies,Binders,291.92,6,0.287,-26.12,2024-12,2024,5.0,-8.94765689229926
ORD01254,C00793,2024-12-02 11:31:04,2024-12-03 11:31:04,First Class,Consumer,North,Office Supplies,Art,306.02,5,0.111,27.98,2024-12,2024,1.0,9.143193255342789
ORD02844,C00339,2024-12-02 14:27:43,2024-12-06 14:27:43,Second Class,Consumer,East,Furniture,Tables,519.82,2,0.191,-16.71,2024-12,2024,4.0,-3.214574275710823
ORD00181,C00799,2024-12-02 16:22:46,2024-12-05 16:22:46,Standard Class,Consumer,West,Technology,Laptops,1443.0,8,0.11,90.05,2024-12,2024,3.0,6.240471240471241
ORD01980,C00663,2024-12-03 00:15:22,2024-12-07 00:15:22,Standard Class,Consumer,North,Office Supplies,Storage,152.77,4,0.144,-0.07,2024-12,2024,4.0,-0.04582051449891995
ORD02691,C00022,2024-12-03 01:27:37,2024-12-04 01:27:37,Same Day,Consumer,West,Furniture,Furnishings,583.76,6,0.165,-31.53,2024-12,2024,1.0,-5.401192270796217
ORD00462,C00491,2024-12-03 02:20:04,2024-12-06 02:20:04,Second Class,Consumer,South,Office Supplies,Binders,78.05,2,0.305,-8.03,2024-12,2024,3.0,-10.288276745675848
ORD03352,C00603,2024-12-03 03:02:59,2024-12-06 03:02:59,Standard Class,Consumer,South,Technology,Accessories,639.42,5,0.149,18.46,2024-12,2024,3.0,2.8869913358981583
ORD00850,C00503,2024-12-03 04:05:20,2024-12-06 04:05:20,First Class,Consumer,East,Technology,Accessories,104.76,1,0.224,8.37,2024-12,2024,3.0,7.989690721649484
ORD01097,C00487,2024-12-03 12:21:07,2024-12-07 12:21:07,Standard Class,Home Office,East,Technology,Phones,642.35,6,0.192,47.5,2024-12,2024,4.0,7.394722503308166
ORD02986,C00830,2024-12-03 16:47:24,2024-12-05 16:47:24,First Class,Home Office,East,Technology,Laptops,1144.44,6,0.211,33.75,2024-12,2024,2.0,2.949040578798364
ORD02978,C00078,2024-12-03 20:14:41,2024-12-06 20:14:41,Second Class,Consumer,South,Office Supplies,Art,108.24,3,0.121,2.94,2024-12,2024,3.0,2.7161862527716187
ORD03861,C00244,2024-12-03 22:43:07,2024-12-06 22:43:07,First Class,Corporate,West,Office Supplies,Paper,155.39,4,0.094,18.55,2024-12,2024,3.0,11.937705129030183
ORD00373,C00620,2024-12-03 23:53:48,2024-12-07 23:53:48,Standard Class,Corporate,East,Furniture,Furnishings,556.87,6,0.306,-80.48,2024-12,2024,4.0,-14.45220608041374
ORD03453,C00203,2024-12-04 03:22:03,2024-12-06 03:22:03,Second Class,Corporate,South,Office Supplies,Art,173.2,5,0.176,-7.07,2024-12,2024,2.0,-4.081986143187068
ORD03894,C00233,2024-12-04 11:35:54,2024-12-08 11:35:54,Second Class,Home Office,North,Furniture,Tables,1315.8,6,0.324,-211.8,2024-12,2024,4.0,-16.09667122663019
ORD01697,C00937,2024-12-04 14:16:06,2024-12-06 14:16:06,First Class,Consumer,West,Furniture,Chairs,307.86,3,0.101,0.56,2024-12,2024,2.0,0.18190086402910416
ORD00978,C00817,2024-12-04 14:48:37,2024-12-08 14:48:37,Standard Class,Consumer,South,Furniture,Furnishings,758.0,6,0.135,-19.32,2024-12,2024,4.0,-2.548812664907652
ORD02293,C00732,2024-12-04 15:30:00,2024-12-09 15:30:00,Standard Class,Consumer,East,Office Supplies,Binders,255.37,4,0.093,16.38,2024-12,2024,5.0,6.4142225006852795
ORD00971,C00137,2024-12-04 15:55:06,2024-12-07 15:55:06,Standard Class,Consumer,East,Office Supplies,Paper,473.83,8,0.068,43.06,2024-12,2024,3.0,9.08764746850136
ORD03788,C00469,2024-12-04 19:45:45,2024-12-06 19:45:45,Second Class,Consumer,East,Office Supplies,Binders,438.72,7,0.034,55.42,2024-12,2024,2.0,12.632202771699488
ORD01074,C00656,2024-12-04 23:43:31,2024-12-08 23:43:31,Standard Class,Corporate,North,Furniture,Chairs,1283.32,6,0.228,4.285,2024-12,2024,4.0,0.3338995729825765
ORD02155,C00904,2024-12-05 05:11:14,2024-12-09 05:11:14,Standard Class,Corporate,East,Technology,Laptops,504.56,3,0.149,59.85,2024-12,2024,4.0,11.861820199778023
ORD03818,C00520,2024-12-05 10:20:05,2024-12-08 10:20:05,Second Class,Consumer,South,Technology,Laptops,248.78,2,0.232,6.33,2024-12,2024,3.0,2.5444167537583406
ORD03041,C00885,2024-12-05 11:02:51,2024-12-08 11:02:51,Second Class,Consumer,East,Office Supplies,Appliances,160.34,3,0.112,11.55,2024-12,2024,3.0,7.203442684295871
ORD01431,C00407,2024-12-06 00:04:13,2024-12-10 00:04:13,Second Class,Corporate,South,Furniture,Chairs,191.52,3,0.155,-0.4,2024-12,2024,4.0,-0.20885547201336674
ORD00184,C00153,2024-12-06 04:03:35,2024-12-10 04:03:35,Standard Class,Corporate,West,Technology,Phones,1150.91,6,0.135,11.22,2024-12,2024,4.0,0.9748807465396947
ORD01907,C00561,2024-12-06 13:14:32,2024-12-09 13:14:32,Standard Class,Home Office,South,Office Supplies,Binders,95.66,2,0.113,-0.63,2024-12,2024,3.0,-0.6585824796153043
ORD00063,C00420,2024-12-06 16:57:07,2024-12-09 16:57:07,Standard Class,Consumer,East,Technology,Accessories,278.3,2,0.041,69.94,2024-12,2024,3.0,25.131153431548686
ORD03151,C00919,2024-12-06 17:02:59,2024-12-10 17:02:59,Standard Class,Corporate,South,Office Supplies,Storage,50.37,4,0.09,2.44,2024-12,2024,4.0,4.844153265832837
ORD02501,C00599,2024-12-06 23:43:27,2024-12-10 23:43:27,Standard Class,Home Office,East,Office Supplies,Appliances,21.68,1,0.162,-0.99,2024-12,2024,4.0,-4.566420664206642
ORD00694,C00672,2024-12-07 01:52:06,2024-12-10 01:52:06,First Class,Consumer,North,Office Supplies,Art,135.21,8,0.098,10.35,2024-12,2024,3.0,7.654759263368094
ORD02250,C00092,2024-12-07 04:31:32,2024-12-10 04:31:32,First Class,Consumer,West,Office Supplies,Storage,99.95,3,0.153,6.88,2024-12,2024,3.0,6.8834417208604295
ORD00117,C00489,2024-12-07 04:45:14,2024-12-12 04:45:14,Standard Class,Corporate,East,Furniture,Chairs,1260.35,5,0.529,-433.49,2024-12,2024,5.0,-34.394414250009916
ORD01756,C00598,2024-12-07 06:19:44,2024-12-09 06:19:44,Same Day,Home Office,West,Office Supplies,Appliances,33.53,1,0.15,1.17,2024-12,2024,2.0,3.489412466447957
ORD00501,C00787,2024-12-07 09:03:26,2024-12-11 09:03:26,Second Class,Corporate,North,Office Supplies,Storage,67.32,1,0.085,6.25,2024-12,2024,4.0,9.284016636957816
ORD02484,C00337,2024-12-07 09:16:15,2024-12-10 09:16:15,Second Class,Corporate,North,Office Supplies,Art,21.9,2,0.19,-1.04,2024-12,2024,3.0,-4.748858447488584
ORD03385,C00054,2024-12-07 10:33:57,2024-12-11 10:33:57,Standard Class,Corporate,North,Office Supplies,Appliances,417.46,7,0.024,58.45,2024-12,2024,4.0,14.001341445887034
ORD03007,C00023,2024-12-07 19:24:51,2024-12-10 19:24:51,Second Class,Home Office,West,Furniture,Chairs,193.16,2,0.213,-7.64,2024-12,2024,3.0,-3.955270242286187
ORD03531,C00816,2024-12-07 20:58:32,2024-12-12 20:58:32,Standard Class,Consumer,West,Technology,Laptops,1352.2,8,0.291,-1.34,2024-12,2024,5.0,-0.09909776660257359
ORD00448,C00453,2024-12-07 22:25:54,2024-12-09 22:25:54,First Class,Home Office,South,Office Supplies,Appliances,39.91,2,0.069,3.22,2024-12,2024,2.0,8.06815334502631
ORD01044,C00625,2024-12-07 22:39:34,2024-12-11 22:39:34,Second Class,Corporate,East,Technology,Laptops,193.49,1,0.398,-29.59,2024-12,2024,4.0,-15.292779988629905
ORD02564,C00785,2024-12-08 03:15:11,2024-12-09 03:15:11,First Class,Corporate,North,Office Supplies,Appliances,76.47,5,0.359,-6.92,2024-12,2024,1.0,-9.049300379233687
ORD02670,C00439,2024-12-08 04:39:46,2024-12-11 04:39:46,Second Class,Consumer,West,Office Supplies,Appliances,335.79,5,0.027,24.86,2024-12,2024,3.0,7.403436671729353
ORD01842,C00405,2024-12-08 05:20:16,2024-12-12 05:20:16,Standard Class,Corporate,North,Office Supplies,Art,49.94,1,0.075,4.83,2024-12,2024,4.0,9.671605927112536
ORD02824,C00225,2024-12-08 06:39:23,2024-12-10 06:39:23,Second Class,Consumer,West,Technology,Laptops,1175.65,7,0.023,233.67,2024-12,2024,2.0,19.87581337983243
ORD00027,C00067,2024-12-08 08:58:08,2024-12-08 08:58:08,Same Day,Corporate,East,Office Supplies,Paper,296.2,5,0.164,10.98,2024-12,2024,0.0,3.7069547602970965
ORD00703,C00495,2024-12-08 14:36:28,2024-12-11 14:36:28,Second Class,Corporate,North,Office Supplies,Storage,367.93,7,0.105,30.94,2024-12,2024,3.0,8.409208273312858
ORD03743,C00222,2024-12-08 18:26:01,2024-12-12 18:26:01,Standard Class,Corporate,West,Technology,Phones,469.31,4,0.103,63.36,2024-12,2024,4.0,13.500671198141953
ORD02260,C00458,2024-12-08 18:37:04,2024-12-13 18:37:04,Standard Class,Consumer,South,Office Supplies,Paper,143.74,3,0.289,-20.63,2024-12,2024,5.0,-14.35230276888827
ORD01609,C00222,2024-12-08 22:54:41,2024-12-12 22:54:41,Second Class,Corporate,East,Furniture,Tables,500.98,5,0.173,-14.02,2024-12,2024,4.0,-2.7985149107748812
ORD01007,C00371,2024-12-09 01:37:41,2024-12-12 01:37:41,Standard Class,Consumer,South,Office Supplies,Binders,210.2,8,0.215,-10.18,2024-12,2024,3.0,-4.843006660323502
ORD02219,C00933,2024-12-09 05:22:21,2024-12-13 05:22:21,Second Class,Corporate,West,Technology,Phones,159.86,1,0.033,32.7,2024-12,2024,4.0,20.455398473664456
ORD01634,C00403,2024-12-09 07:13:57,2024-12-10 07:13:57,First Class,Corporate,North,Office Supplies,Art,37.55,2,0.027,3.8,2024-12,2024,1.0,10.119840213049267
ORD01311,C00677,2024-12-09 19:49:37,2024-12-14 19:49:37,Standard Class,Corporate,North,Technology,Laptops,489.68,5,0.165,61.19,2024-12,2024,5.0,12.49591570004901
ORD01872,C00535,2024-12-09 21:36:19,2024-12-13 21:36:19,Standard Class,Consumer,West,Furniture,Chairs,441.33,5,0.089,38.76,2024-12,2024,4.0,8.782543674801168
ORD03394,C00489,2024-12-10 04:54:14,2024-12-14 04:54:14,Standard Class,Corporate,West,Office Supplies,Art,251.94,5,0.236,-4.26,2024-12,2024,4.0,-1.6908787806620622
ORD01250,C00273,2024-12-10 05:51:22,2024-12-13 05:51:22,First Class,Home Office,North,Office Supplies,Binders,95.33,4,0.128,6.59,2024-12,2024,3.0,6.912829119899297
ORD02710,C00785,2024-12-10 12:24:33,2024-12-13 12:24:33,Second Class,Corporate,West,Office Supplies,Storage,127.8,4,0.113,6.09,2024-12,2024,3.0,4.765258215962441
ORD02024,C00487,2024-12-10 21:39:04,2024-12-12 21:39:04,First Class,Consumer,East,Office Supplies,Appliances,124.55,7,0.026,8.83,2024-12,2024,2.0,7.089522280208752
ORD00041,C00223,2024-12-10 23:10:50,2024-12-15 23:10:50,Standard Class,Corporate,East,Furniture,Chairs,738.29,6,0.18,-6.57,2024-12,2024,5.0,-0.8898942150103619
ORD02556,C00777,2024-12-11 03:10:30,2024-12-15 03:10:30,Standard Class,Consumer,North,Furniture,Furnishings,808.43,8,0.223,-81.82,2024-12,2024,4.0,-10.120851527033881
ORD01278,C00900,2024-12-11 04:51:19,2024-12-15 04:51:19,Standard Class,Consumer,West,Furniture,Bookcases,546.82,5,0.227,-48.62,2024-12,2024,4.0,-8.891408507369883
ORD00609,C00205,2024-12-11 09:41:01,2024-12-12 09:41:01,First Class,Consumer,South,Technology,Phones,964.37,6,0.431,-231.0,2024-12,2024,1.0,-23.953461845557204
ORD03595,C00700,2024-12-11 15:32:03,2024-12-13 15:32:03,First Class,Consumer,South,Office Supplies,Binders,131.36,3,0.177,-8.43,2024-12,2024,2.0,-6.4174786845310585
ORD02867,C00205,2024-12-11 23:18:05,2024-12-14 23:18:05,Standard Class,Consumer,North,Office Supplies,Appliances,292.09,8,0.017,38.99,2024-12,2024,3.0,13.348625423670788
ORD03697,C00728,2024-12-12 02:29:45,2024-12-16 02:29:45,Second Class,Consumer,East,Furniture,Chairs,1070.63,7,0.14,-6.69,2024-12,2024,4.0,-0.6248657332598564
ORD00632,C00853,2024-12-12 02:48:16,2024-12-17 02:48:16,Standard Class,Consumer,West,Technology,Laptops,105.37,1,0.115,12.93,2024-12,2024,5.0,12.27104488943722
ORD01716,C00918,2024-12-12 03:26:10,2024-12-14 03:26:10,First Class,Corporate,South,Technology,Accessories,296.65,3,0.111,26.01,2024-12,2024,2.0,8.767908309455589
ORD02659,C00107,2024-12-12 06:39:02,2024-12-15 06:39:02,Standard Class,Corporate,North,Office Supplies,Art,81.32,2,0.077,5.33,2024-12,2024,3.0,6.554353172651255
ORD00818,C00375,2024-12-12 12:07:10,2024-12-15 12:07:10,Second Class,Consumer,North,Furniture,Furnishings,623.96,3,0.285,-48.75,2024-12,2024,3.0,-7.813000833386755
ORD03040,C00241,2024-12-12 15:50:31,2024-12-17 15:50:31,Standard Class,Consumer,North,Furniture,Chairs,679.22,3,0.1,3.97,2024-12,2024,5.0,0.5844939783869734
ORD01108,C00055,2024-12-12 18:23:35,2024-12-14 18:23:35,First Class,Consumer,South,Office Supplies,Storage,69.77,3,0.301,-11.28,2024-12,2024,2.0,-16.167407195069515
ORD03547,C00422,2024-12-12 23:21:15,2024-12-17 23:21:15,Standard Class,Consumer,East,Office Supplies,Binders,43.09,1,0.319,-4.27,2024-12,2024,5.0,-9.909491761429564
ORD03530,C00799,2024-12-13 01:22:34,2024-12-16 01:22:34,Standard Class,Home Office,West,Office Supplies,Art,132.02,4,0.022,20.29,2024-12,2024,3.0,15.368883502499619
ORD00452,C00153,2024-12-13 02:47:43,2024-12-15 02:47:43,Second Class,Home Office,South,Technology,Phones,791.03,8,0.128,68.06,2024-12,2024,2.0,8.603972036458794
ORD03091,C00347,2024-12-13 03:49:54,2024-12-16 03:49:54,Standard Class,Corporate,North,Furniture,Chairs,1253.35,6,0.217,-115.07,2024-12,2024,3.0,-9.180994933578011
ORD02481,C00491,2024-12-13 06:21:01,2024-12-16 06:21:01,Standard Class,Corporate,East,Furniture,Bookcases,288.88,3,0.123,3.88,2024-12,2024,3.0,1.3431182497923013
ORD00521,C00147,2024-12-13 10:16:12,2024-12-17 10:16:12,Standard Class,Consumer,West,Office Supplies,Binders,27.75,1,0.241,-2.12,2024-12,2024,4.0,-7.639639639639641
ORD00267,C00472,2024-12-13 13:07:39,2024-12-16 13:07:39,Second Class,Corporate,South,Furniture,Bookcases,601.59,8,0.218,-86.11,2024-12,2024,3.0,-14.313735268205921
ORD01827,C00479,2024-12-13 13:51:52,2024-12-17 13:51:52,Second Class,Consumer,North,Office Supplies,Paper,93.94,2,0.15,7.44,2024-12,2024,4.0,7.919948903555461
ORD00697,C00576,2024-12-13 14:37:23,2024-12-14 14:37:23,First Class,Consumer,South,Office Supplies,Appliances,115.52,2,0.297,-21.41,2024-12,2024,1.0,-18.53358725761773
ORD00461,C00075,2024-12-13 16:01:40,2024-12-15 16:01:40,First Class,Home Office,South,Technology,Laptops,543.02,5,0.258,4.39,2024-12,2024,2.0,0.8084416780229089
ORD02365,C00187,2024-12-14 08:33:18,2024-12-17 08:33:18,Standard Class,Corporate,North,Office Supplies,Appliances,230.3,6,0.033,19.77,2024-12,2024,3.0,8.584455058619191
ORD01258,C00209,2024-12-14 09:07:14,2024-12-16 09:07:14,Second Class,Consumer,East,Furniture,Furnishings,889.79,4,0.15,0.5,2024-12,2024,2.0,0.05619303431146675
ORD02606,C00040,2024-12-14 09:51:55,2024-12-18 09:51:55,Second Class,Home Office,North,Technology,Phones,583.24,4,0.215,-27.07,2024-12,2024,4.0,-4.641314038817639
ORD03620,C00633,2024-12-14 13:10:06,2024-12-19 13:10:06,Standard Class,Consumer,North,Technology,Laptops,433.83,3,0.241,6.72,2024-12,2024,5.0,1.5489938455155245
ORD02743,C00380,2024-12-14 13:54:10,2024-12-18 13:54:10,Standard Class,Home Office,North,Office Supplies,Paper,372.34,7,0.056,28.76,2024-12,2024,4.0,7.724123113283558
ORD02810,C00921,2024-12-14 16:09:04,2024-12-17 16:09:04,Standard Class,Corporate,North,Furniture,Bookcases,295.19,2,0.155,-20.3,2024-12,2024,3.0,-6.876926725160066
ORD02340,C00292,2024-12-14 20:24:35,2024-12-19 20:24:35,Standard Class,Consumer,North,Office Supplies,Paper,81.12,6,0.32,-7.64,2024-12,2024,5.0,-9.418145956607495
ORD01696,C00853,2024-12-14 21:37:26,2024-12-18 21:37:26,Standard Class,Corporate,North,Technology,Phones,336.85,3,0.183,29.43,2024-12,2024,4.0,8.736826480629361
ORD02567,C00749,2024-12-14 23:27:55,2024-12-19 23:27:55,Standard Class,Consumer,North,Furniture,Furnishings,846.16,6,0.311,-110.32,2024-12,2024,5.0,-13.037723362011914
ORD00310,C00674,2024-12-15 01:34:31,2024-12-17 01:34:31,Second Class,Consumer,East,Office Supplies,Art,163.32,4,0.178,3.46,2024-12,2024,2.0,2.118540289003184
ORD02351,C00076,2024-12-15 05:39:15,2024-12-19 05:39:15,Standard Class,Consumer,North,Furniture,Tables,645.41,4,0.151,-5.51,2024-12,2024,4.0,-0.8537208905966751
ORD01058,C00235,2024-12-15 07:48:20,2024-12-20 07:48:20,Standard Class,Consumer,East,Technology,Phones,1182.94,8,0.093,195.94,2024-12,2024,5.0,16.56381557813583
ORD03575,C00212,2024-12-15 13:44:39,2024-12-19 13:44:39,Standard Class,Corporate,East,Technology,Laptops,1150.57,7,0.069,190.23,2024-12,2024,4.0,16.53354424328811
ORD01213,C00306,2024-12-15 14:47:05,2024-12-20 14:47:05,Standard Class,Consumer,East,Office Supplies,Binders,115.03,3,0.335,-12.93,2024-12,2024,5.0,-11.240545944536208
ORD03739,C00129,2024-12-15 22:33:17,2024-12-16 22:33:17,First Class,Consumer,North,Technology,Phones,651.04,6,0.14,80.68,2024-12,2024,1.0,12.392479724748098
ORD01842,C00186,2024-12-15 23:23:13,2024-12-20 23:23:13,Standard Class,Corporate,North,Furniture,Tables,99.82,1,0.112,10.94,2024-12,2024,5.0,10.959727509517132
ORD01121,C00194,2024-12-16 04:39:42,2024-12-19 04:39:42,Standard Class,Corporate,North,Office Supplies,Appliances,113.26,4,0.175,-0.26,2024-12,2024,3.0,-0.22956030372594033
ORD01156,C00745,2024-12-16 06:04:11,2024-12-19 06:04:11,Second Class,Consumer,South,Technology,Phones,123.93,1,0.083,18.11,2024-12,2024,3.0,14.613088033567333
ORD01043,C00882,2024-12-16 07:12:24,2024-12-19 07:12:24,Standard Class,Corporate,West,Office Supplies,Art,398.79,6,0.022,22.49,2024-12,2024,3.0,5.639559667995686
ORD03412,C00726,2024-12-16 10:32:19,2024-12-20 10:32:19,Second Class,Corporate,West,Technology,Laptops,461.56,4,0.065,68.31,2024-12,2024,4.0,14.799809342230697
ORD03464,C00898,2024-12-16 20:14:44,2024-12-19 20:14:44,First Class,Home Office,North,Office Supplies,Storage,53.2,5,0.277,-6.61,2024-12,2024,3.0,-12.424812030075188
ORD00234,C00934,2024-12-17 01:33:02,2024-12-21 01:33:02,Standard Class,Home Office,North,Technology,Phones,1001.17,7,0.06,96.02,2024-12,2024,4.0,9.590778788817083
ORD01717,C00127,2024-12-17 03:07:52,2024-12-21 03:07:52,Standard Class,Consumer,West,Office Supplies,Storage,18.95,1,0.101,2.37,2024-12,2024,4.0,12.506596306068602
ORD02064,C00733,2024-12-17 05:16:36,2024-12-18 05:16:36,First Class,Corporate,North,Office Supplies,Storage,44.66,1,0.143,2.11,2024-12,2024,1.0,4.724585759068518
ORD01764,C00397,2024-12-17 11:43:41,2024-12-22 11:43:41,Standard Class,Consumer,South,Office Supplies,Art,173.11,3,0.114,2.33,2024-12,2024,5.0,1.3459649933568252
ORD03452,C00624,2024-12-17 13:29:04,2024-12-22 13:29:04,Standard Class,Consumer,South,Office Supplies,Art,213.27,4,0.211,-7.69,2024-12,2024,5.0,-3.605757959394195
ORD01202,C00209,2024-12-17 16:29:50,2024-12-21 16:29:50,Standard Class,Corporate,East,Furniture,Chairs,1254.73,8,0.25,-138.78,2024-12,2024,4.0,-11.060546890566098
ORD01308,C00431,2024-12-17 21:10:44,2024-12-20 21:10:44,Standard Class,Corporate,East,Technology,Phones,1218.0,7,0.117,55.66,2024-12,2024,3.0,4.569786535303776
ORD01533,C00530,2024-12-17 21:15:55,2024-12-21 21:15:55,Standard Class,Home Office,West,Office Supplies,Storage,205.01,4,0.113,7.23,2024-12,2024,4.0,3.526657236232379
ORD00585,C00207,2024-12-18 01:57:22,2024-12-21 01:57:22,Standard Class,Corporate,West,Furniture,Tables,917.55,7,0.254,-83.91,2024-12,2024,3.0,-9.145005721759032
ORD01688,C00389,2024-12-18 03:13:39,2024-12-20 03:13:39,First Class,Consumer,North,Technology,Laptops,344.05,3,0.09,52.81,2024-12,2024,2.0,15.349513152158117
ORD00425,C00354,2024-12-18 06:40:13,2024-12-20 06:40:13,Second Class,Corporate,North,Technology,Phones,254.32,2,0.075,23.73,2024-12,2024,2.0,9.330764391318025
ORD03872,C00143,2024-12-18 07:40:32,2024-12-21 07:40:32,Standard Class,Consumer,South,Office Supplies,Appliances,151.58,4,0.242,-9.25,2024-12,2024,3.0,-6.102388177859876
ORD01237,C00317,2024-12-18 13:04:50,2024-12-23 13:04:50,Standard Class,Home Office,South,Furniture,Tables,499.69,5,0.186,-32.05,2024-12,2024,5.0,-6.41397666553263
ORD01439,C00791,2024-12-18 19:40:45,2024-12-21 19:40:45,Standard Class,Corporate,South,Office Supplies,Appliances,247.13,6,0.136,28.01,2024-12,2024,3.0,11.33411564763485
ORD03659,C00522,2024-12-20 22:05:06,2024-12-23 22:05:06,Second Class,Consumer,South,Office Supplies,Binders,106.11,7,0.223,-5.4,2024-12,2024,3.0,-5.089058524173028
ORD01548,C00326,2024-12-20 23:38:10,2024-12-24 23:38:10,Standard Class,Corporate,North,Furniture,Furnishings,1353.83,7,0.066,-7.99,2024-12,2024,4.0,-0.590177496436037
ORD02285,C00567,2024-12-21 06:15:14,2024-12-23 06:15:14,Second Class,Consumer,West,Technology,Laptops,1002.73,8,0.11,147.49,2024-12,2024,2.0,14.70884485354981
ORD01347,C00738,2024-12-21 22:03:10,2024-12-25 22:03:10,Second Class,Consumer,South,Furniture,Chairs,361.93,5,0.154,-13.42,2024-12,2024,4.0,-3.7078993175475925
ORD02689,C00166,2024-12-22 08:49:33,2024-12-27 08:49:33,Standard Class,Consumer,South,Furniture,Chairs,434.76,6,0.169,-15.12,2024-12,2024,5.0,-3.4777808446039193
ORD00171,C00694,2024-12-22 09:08:55,2024-12-23 09:08:55,First Class,Consumer,East,Office Supplies,Paper,199.49,6,0.069,3.28,2024-12,2024,1.0,1.6441926913629754
ORD02584,C00102,2024-12-22 15:59:32,2024-12-25 15:59:32,Standard Class,Consumer,West,Office Supplies,Storage,267.77,8,0.052,39.02,2024-12,2024,3.0,14.572207491503905
ORD00738,C00202,2024-12-22 17:01:52,2024-12-25 17:01:52,Standard Class,Consumer,East,Furniture,Chairs,759.71,4,0.33,-163.74,2024-12,2024,3.0,-21.55296099827566
ORD03505,C00510,2024-12-23 03:42:43,2024-12-24 03:42:43,First Class,Consumer,North,Office Supplies,Paper,32.17,1,0.23,-2.71,2024-12,2024,1.0,-8.423997513211065
ORD01174,C00066,2024-12-23 03:55:34,2024-12-27 03:55:34,Standard Class,Corporate,North,Furniture,Tables,655.12,4,0.157,-55.89,2024-12,2024,4.0,-8.531261448284285
ORD01091,C00657,2024-12-23 08:04:30,2024-12-27 08:04:30,Standard Class,Home Office,West,Technology,Laptops,1182.77,7,0.143,132.9,2024-12,2024,4.0,11.236335044006866
ORD02829,C00569,2024-12-23 11:32:22,2024-12-27 11:32:22,Second Class,Consumer,North,Office Supplies,Art,237.34,6,0.207,-8.85,2024-12,2024,4.0,-3.7288278419145526
ORD00446,C00117,2024-12-23 13:43:15,2024-12-25 13:43:15,First Class,Consumer,East,Office Supplies,Art,56.29,1,0.248,-4.07,2024-12,2024,2.0,-7.230413927873512
ORD03583,C00237,2024-12-23 14:13:21,2024-12-26 14:13:21,Standard Class,Consumer,West,Technology,Laptops,1030.21,6,0.233,-51.34,2024-12,2024,3.0,-4.983449976218441
ORD03518,C00004,2024-12-23 20:15:39,2024-12-25 20:15:39,Second Class,Consumer,East,Furniture,Furnishings,1199.03,7,0.235,-152.73,2024-12,2024,2.0,-12.73779638541154
ORD01659,C00045,2024-12-24 01:46:19,2024-12-28 01:46:19,Standard Class,Consumer,North,Office Supplies,Storage,42.7,2,0.11,0.65,2024-12,2024,4.0,1.5222482435597189
ORD02777,C00508,2024-12-24 03:27:02,2024-12-27 03:27:02,Standard Class,Corporate,East,Office Supplies,Binders,55.58,3,0.099,2.29,2024-12,2024,3.0,4.120187117668226
ORD02189,C00084,2024-12-24 05:11:11,2024-12-27 05:11:11,Standard Class,Consumer,West,Office Supplies,Art,232.8,5,0.078,13.85,2024-12,2024,3.0,5.949312714776632
ORD01125,C00673,2024-12-24 10:08:19,2024-12-25 10:08:19,First Class,Consumer,North,Furniture,Furnishings,771.04,4,0.116,35.4,2024-12,2024,1.0,4.59120149408591
ORD02882,C00689,2024-12-24 14:49:49,2024-12-25 14:49:49,First Class,Consumer,North,Technology,Phones,797.87,6,0.27,-45.88,2024-12,2024,1.0,-5.750310200909923
ORD00386,C00344,2024-12-25 00:33:23,2024-12-29 00:33:23,Second Class,Corporate,East,Technology,Accessories,933.13,6,0.084,84.27,2024-12,2024,4.0,9.030896016632195
ORD00420,C00120,2024-12-25 02:40:30,2024-12-26 02:40:30,Same Day,Home Office,West,Technology,Phones,825.67,6,0.033,154.2,2024-12,2024,1.0,18.675742124577617
ORD01735,C00616,2024-12-25 05:25:45,2024-12-28 05:25:45,First Class,Consumer,North,Office Supplies,Storage,25.7,1,0.072,2.71,2024-12,2024,3.0,10.544747081712062
ORD01102,C00236,2024-12-25 06:31:27,2024-12-30 06:31:27,Standard Class,Corporate,North,Office Supplies,Binders,101.6,2,0.335,-20.31,2024-12,2024,5.0,-19.99015748031496
ORD00362,C00144,2024-12-25 08:26:56,2024-12-30 08:26:56,Standard Class,Consumer,North,Furniture,Bookcases,873.79,5,0.23,-81.35,2024-12,2024,5.0,-9.310017281040068
ORD00688,C00131,2024-12-25 17:11:49,2024-12-28 17:11:49,Second Class,Consumer,West,Furniture,Tables,852.03,4,0.321,-114.49,2024-12,2024,3.0,-13.43732028214969
ORD03505,C00381,2024-12-25 18:10:31,2024-12-28 18:10:31,Standard Class,Home Office,West,Office Supplies,Appliances,154.69,2,0.188,5.5,2024-12,2024,3.0,3.555498092960114
ORD02423,C00303,2024-12-25 22:49:24,2024-12-28 22:49:24,Second Class,Consumer,East,Office Supplies,Binders,337.96,8,0.426,-64.28,2024-12,2024,3.0,-19.02000236714404
ORD02617,C00108,2024-12-26 02:26:25,2024-12-31 02:26:25,Standard Class,Consumer,West,Furniture,Furnishings,1301.01,5,0.125,-10.23,2024-12,2024,5.0,-0.786312172850324
ORD01414,C00719,2024-12-26 06:14:07,2024-12-30 06:14:07,Second Class,Corporate,South,Office Supplies,Binders,58.96,1,0.083,4.58,2024-12,2024,4.0,7.767978290366349
ORD01740,C00415,2024-12-26 09:08:05,2024-12-30 09:08:05,Standard Class,Consumer,East,Office Supplies,Art,41.0,3,0.011,6.38,2024-12,2024,4.0,15.560975609756097
ORD00341,C00097,2024-12-26 14:37:01,2024-12-31 14:37:01,Standard Class,Consumer,South,Office Supplies,Appliances,32.0,3,0.082,-0.38,2024-12,2024,5.0,-1.1875
ORD02405,C00465,2024-12-26 14:43:08,2024-12-29 14:43:08,First Class,Home Office,South,Furniture,Bookcases,564.68,4,0.073,3.22,2024-12,2024,3.0,0.5702344690798329
ORD03524,C00134,2024-12-26 15:59:39,2024-12-28 15:59:39,Same Day,Corporate,East,Office Supplies,Storage,309.11,5,0.333,-51.79,2024-12,2024,2.0,-16.75455339523147
ORD03013,C00792,2024-12-26 17:21:41,2024-12-29 17:21:41,Standard Class,Corporate,North,Technology,Accessories,114.15,1,0.211,-0.97,2024-12,2024,3.0,-0.8497590889180902
ORD02614,C00429,2024-12-26 20:23:26,2024-12-31 20:23:26,Standard Class,Consumer,South,Office Supplies,Binders,91.49,5,0.096,1.38,2024-12,2024,5.0,1.5083615695704449
ORD00253,C00732,2024-12-26 21:29:43,2024-12-29 21:29:43,Second Class,Corporate,South,Furniture,Chairs,967.05,7,0.277,-191.18,2024-12,2024,3.0,-19.769401788945764
ORD03276,C00750,2024-12-27 01:23:45,2025-01-01 01:23:45,Standard Class,Consumer,West,Technology,Accessories,1253.99,8,0.213,64.09,2024-12,2024,5.0,5.1108860517229004
ORD00710,C00175,2024-12-27 04:19:44,2024-12-30 04:19:44,Standard Class,Consumer,East,Technology,Accessories,471.77,4,0.059,82.9,2024-12,2024,3.0,17.572122008605888
ORD02394,C00045,2024-12-27 09:33:01,2025-01-01 09:33:01,Standard Class,Consumer,East,Technology,Accessories,792.34,5,0.252,-26.89,2024-12,2024,5.0,-3.3937451094227225
ORD02730,C00065,2024-12-27 17:16:29,2024-12-31 17:16:29,Second Class,Consumer,North,Office Supplies,Art,227.58,5,0.11,7.35,2024-12,2024,4.0,3.2296335354600574
ORD01705,C00282,2024-12-27 19:00:03,2024-12-30 19:00:03,Second Class,Corporate,West,Office Supplies,Art,401.33,5,0.207,-5.31,2024-12,2024,3.0,-1.3231006902050682
ORD00489,C00610,2024-12-27 19:21:54,2024-12-30 19:21:54,Second Class,Corporate,East,Technology,Phones,1060.76,6,0.122,144.88,2024-12,2024,3.0,13.658131905426298
ORD00028,C00865,2024-12-27 22:26:33,2024-12-31 22:26:33,Standard Class,Corporate,North,Technology,Phones,363.07,3,0.233,27.5,2024-12,2024,4.0,7.574296967526924
ORD02930,C00743,2024-12-28 09:14:03,2024-12-30 09:14:03,First Class,Corporate,North,Furniture,Chairs,759.63,4,0.173,-5.95,2024-12,2024,2.0,-0.7832760686123508
ORD00448,C00145,2024-12-28 12:15:54,2024-12-31 12:15:54,Standard Class,Consumer,South,Furniture,Tables,445.57,2,0.297,-79.5,2024-12,2024,3.0,-17.842314338936642
ORD00639,C00285,2024-12-28 14:51:05,2025-01-02 14:51:05,Standard Class,Corporate,West,Office Supplies,Paper,299.83,6,0.209,-8.42,2024-12,2024,5.0,-2.808258012873962
ORD03490,C00852,2024-12-28 16:18:09,2025-01-02 16:18:09,Standard Class,Consumer,East,Technology,Accessories,1250.34,7,0.203,38.88,2024-12,2024,5.0,3.1095542012572586
ORD01896,C00253,2024-12-28 17:58:43,2024-12-31 17:58:43,Standard Class,Consumer,North,Office Supplies,Binders,214.92,7,0.318,-27.93,2024-12,2024,3.0,-12.995533221663877
ORD02604,C00900,2024-12-29 01:13:22,2025-01-01 01:13:22,Standard Class,Corporate,West,Office Supplies,Storage,268.27,6,0.174,-5.33,2024-12,2024,3.0,-1.9868043389122898
ORD03796,C00252,2024-12-29 06:47:15,2025-01-03 06:47:15,Standard Class,Consumer,South,Technology,Laptops,701.13,7,0.215,-21.81,2024-12,2024,5.0,-3.1106927388644046
ORD00364,C00285,2024-12-29 09:18:28,2025-01-02 09:18:28,Standard Class,Home Office,South,Furniture,Bookcases,372.5,4,0.295,-54.43,2024-12,2024,4.0,-14.612080536912753
ORD03209,C00318,2024-12-29 11:45:57,2025-01-02 11:45:57,Second Class,Consumer,West,Technology,Laptops,518.64,4,0.262,-3.88,2024-12,2024,4.0,-0.7481104426962826
ORD02321,C00891,2024-12-30 00:09:53,2025-01-02 00:09:53,Standard Class,Corporate,East,Technology,Phones,950.87,7,0.211,-71.48,2024-12,2024,3.0,-7.517326238076709
ORD00507,C00214,2024-12-30 03:16:23,2025-01-04 03:16:23,Standard Class,Consumer,East,Furniture,Furnishings,597.98,3,0.074,17.67,2024-12,2024,5.0,2.9549483260309715
ORD00055,C00215,2024-12-30 09:22:00,2025-01-02 09:22:00,First Class,Consumer,South,Office Supplies,Art,17.58,1,0.159,0.23,2024-12,2024,3.0,1.3083048919226397
ORD00856,C00201,2024-12-30 09:52:58,2025-01-03 09:52:58,Standard Class,Corporate,South,Office Supplies,Art,46.51,3,0.202,1.58,2024-12,2024,4.0,3.3971188991614705
ORD02737,C00225,2024-12-30 11:51:30,2025-01-02 11:51:30,Standard Class,Home Office,East,Office Supplies,Binders,15.28,1,0.084,3.09,2024-12,2024,3.0,20.222513089005236
ORD00936,C00481,2024-12-31 03:40:22,2025-01-03 03:40:22,Standard Class,Consumer,South,Office Supplies,Binders,74.24,5,0.099,1.54,2024-12,2024,3.0,2.074353448275862
ORD03768,C00785,2024-12-31 06:09:56,2025-01-02 06:09:56,Second Class,Home Office,West,Technology,Accessories,689.02,6,0.276,-11.74,2024-12,2024,2.0,-1.703869263591768
ORD02826,C00675,2024-12-31 11:21:28,2025-01-01 11:21:28,First Class,Consumer,North,Furniture,Chairs,658.61,3,0.127,40.19,2024-12,2024,1.0,6.102245638541777
ORD01080,C00421,2024-12-31 12:59:08,2025-01-05 12:59:08,Standard Class,Consumer,North,Technology,Laptops,799.5,8,0.102,86.0,2024-12,2024,5.0,10.756722951844903
ORD03313,C00647,2024-12-31 13:25:22,2025-01-03 13:25:22,Standard Class,Consumer,South,Technology,Laptops,800.83,7,0.241,-82.83,2024-12,2024,3.0,-10.34301911766542
ORD01915,C00613,2024-12-31 18:18:16,2025-01-04 18:18:16,Standard Class,Corporate,East,Office Supplies,Storage,13.64,1,0.047,2.12,2024-12,2024,4.0,15.542521994134898
ORD02215,C00326,2025-01-01 05:30:15,2025-01-03 05:30:15,First Class,Consumer,East,Technology,Phones,476.97,4,0.09,62.69,2025-01,2025,2.0,13.143384279933748
ORD01344,C00178,2025-01-01 06:33:53,2025-01-04 06:33:53,Standard Class,Consumer,East,Office Supplies,Art,230.96,6,0.037,38.05,2025-01,2025,3.0,16.47471423623138
ORD00412,C00567,2025-01-01 06:57:28,2025-01-05 06:57:28,Standard Class,Home Office,South,Technology,Accessories,122.38,1,0.056,22.64,2025-01,2025,4.0,18.49975486190554
ORD03625,C00938,2025-01-01 18:16:32,2025-01-04 18:16:32,Standard Class,Home Office,West,Technology,Phones,992.5,6,0.189,47.99,2025-01,2025,3.0,4.8352644836272045
ORD01251,C00946,2025-01-01 20:00:39,2025-01-06 20:00:39,Standard Class,Corporate,West,Technology,Phones,938.82,8,0.168,4.285,2025-01,2025,5.0,0.4564240216441916
ORD03125,C00893,2025-01-01 22:56:30,2025-01-04 22:56:30,First Class,Consumer,West,Office Supplies,Art,123.35,6,0.11,16.01,2025-01,2025,3.0,12.979327117957034
ORD01656,C00073,2025-01-02 02:22:08,2025-01-03 02:22:08,First Class,Consumer,East,Furniture,Tables,547.44,6,0.059,46.77,2025-01,2025,1.0,8.54340201665936
ORD02479,C00732,2025-01-02 02:27:59,2025-01-03 02:27:59,Same Day,Consumer,South,Technology,Phones,131.09,1,0.076,20.39,2025-01,2025,1.0,15.554199404988939
ORD01819,C00866,2025-01-02 02:50:47,2025-01-05 02:50:47,Standard Class,Consumer,West,Furniture,Furnishings,1164.47,5,0.147,4.285,2025-01,2025,3.0,0.367978565355913
ORD03428,C00547,2025-01-02 06:30:32,2025-01-06 06:30:32,Second Class,Consumer,North,Office Supplies,Art,226.52,7,0.209,8.74,2025-01,2025,4.0,3.8583789510859967
ORD02062,C00815,2025-01-02 09:54:06,2025-01-06 09:54:06,Second Class,Consumer,North,Furniture,Bookcases,402.48,3,0.136,-19.6,2025-01,2025,4.0,-4.869807195388591
ORD02686,C00873,2025-01-02 15:38:55,2025-01-04 15:38:55,Second Class,Corporate,North,Furniture,Bookcases,1056.44,5,0.135,-35.18,2025-01,2025,2.0,-3.3300518723259245
ORD02532,C00318,2025-01-02 23:11:58,2025-01-07 23:11:58,Standard Class,Consumer,East,Office Supplies,Art,270.71,7,0.186,2.68,2025-01,2025,5.0,0.9899892874293525
ORD02231,C00637,2025-01-03 01:12:32,2025-01-07 01:12:32,Standard Class,Home Office,South,Office Supplies,Storage,146.48,6,0.063,20.97,2025-01,2025,4.0,14.31594756963408
ORD01499,C00386,2025-01-03 01:55:23,2025-01-07 01:55:23,Standard Class,Consumer,East,Office Supplies,Paper,265.75,4,0.089,24.26,2025-01,2025,4.0,9.128880526810914
ORD00919,C00002,2025-01-03 02:58:40,2025-01-07 02:58:40,Standard Class,Consumer,South,Office Supplies,Binders,131.17,7,0.249,-18.64,2025-01,2025,4.0,-14.210566440497066
ORD02891,C00779,2025-01-03 02:59:56,2025-01-06 02:59:56,Standard Class,Home Office,East,Office Supplies,Paper,364.12,6,0.081,31.59,2025-01,2025,3.0,8.675711303965725
ORD03143,C00922,2025-01-03 07:17:58,2025-01-08 07:17:58,Standard Class,Consumer,North,Technology,Laptops,266.76,2,0.168,19.68,2025-01,2025,5.0,7.3774179037336935
ORD02408,C00873,2025-01-03 07:22:58,2025-01-08 07:22:58,Standard Class,Home Office,North,Office Supplies,Binders,383.3,7,0.113,26.07,2025-01,2025,5.0,6.801460996608401
ORD03420,C00800,2025-01-03 07:37:57,2025-01-08 07:37:57,Standard Class,Corporate,North,Technology,Accessories,578.28,6,0.293,-49.99,2025-01,2025,5.0,-8.644601231237463
ORD02215,C00566,2025-01-03 11:56:48,2025-01-06 11:56:48,Standard Class,Home Office,East,Office Supplies,Art,403.44,8,0.227,-9.4,2025-01,2025,3.0,-2.329962324013484
ORD01509,C00300,2025-01-03 15:52:17,2025-01-05 15:52:17,Second Class,Corporate,West,Technology,Laptops,992.76,7,0.154,85.71,2025-01,2025,2.0,8.63350658769491
ORD02197,C00295,2025-01-03 16:32:38,2025-01-05 16:32:38,Second Class,Consumer,North,Furniture,Chairs,1338.67,8,0.28,-176.18,2025-01,2025,2.0,-13.160823802729574
ORD03121,C00669,2025-01-03 18:02:16,2025-01-07 18:02:16,Second Class,Consumer,East,Technology,Phones,1312.0,8,0.111,285.55,2025-01,2025,4.0,21.764481707317074
ORD00300,C00770,2025-01-03 20:27:06,2025-01-07 20:27:06,Standard Class,Consumer,North,Furniture,Chairs,606.76,8,0.167,-41.89,2025-01,2025,4.0,-6.9038829191113456
ORD02408,C00662,2025-01-03 21:37:24,2025-01-05 21:37:24,Second Class,Consumer,North,Office Supplies,Appliances,415.67,7,0.092,8.54,2025-01,2025,2.0,2.0545143984410705
ORD02148,C00098,2025-01-04 00:24:33,2025-01-09 00:24:33,Standard Class,Consumer,West,Technology,Laptops,154.64,1,0.053,20.85,2025-01,2025,5.0,13.482928091050184
ORD01436,C00700,2025-01-04 02:13:17,2025-01-08 02:13:17,Standard Class,Consumer,South,Furniture,Furnishings,455.71,6,0.188,-2.82,2025-01,2025,4.0,-0.6188145970024796
ORD03392,C00385,2025-01-04 04:57:20,2025-01-06 04:57:20,Second Class,Home Office,East,Office Supplies,Storage,33.14,2,0.149,-0.01,2025-01,2025,2.0,-0.030175015087507546
ORD01112,C00736,2025-01-04 14:54:01,2025-01-06 14:54:01,Second Class,Corporate,South,Office Supplies,Art,34.65,1,0.131,1.6,2025-01,2025,2.0,4.617604617604618
ORD01363,C00647,2025-01-04 16:27:25,2025-01-07 16:27:25,Standard Class,Home Office,North,Furniture,Bookcases,147.02,1,0.247,-16.85,2025-01,2025,3.0,-11.461025710787649
ORD02075,C00392,2025-01-04 17:25:50,2025-01-06 17:25:50,Second Class,Consumer,North,Office Supplies,Appliances,188.0,4,0.2,-10.87,2025-01,2025,2.0,-5.781914893617021
ORD01202,C00773,2025-01-04 17:59:05,2025-01-07 17:59:05,First Class,Consumer,South,Office Supplies,Binders,38.61,3,0.056,2.02,2025-01,2025,3.0,5.2318052318052315
ORD02379,C00740,2025-01-05 01:52:14,2025-01-07 01:52:14,Second Class,Consumer,South,Office Supplies,Art,55.97,5,0.112,5.58,2025-01,2025,2.0,9.969626585670897
ORD00813,C00926,2025-01-05 04:40:51,2025-01-08 04:40:51,Second Class,Corporate,South,Technology,Accessories,565.48,5,0.112,75.93,2025-01,2025,3.0,13.427530593478107
ORD01118,C00944,2025-01-05 07:46:05,2025-01-09 07:46:05,Standard Class,Consumer,East,Technology,Laptops,105.19,1,0.224,7.51,2025-01,2025,4.0,7.139461926038597
ORD02848,C00235,2025-01-05 10:37:53,2025-01-08 10:37:53,Standard Class,Consumer,South,Furniture,Tables,426.61,3,0.455,-145.52,2025-01,2025,3.0,-34.11078033801365
ORD03372,C00458,2025-01-05 23:05:31,2025-01-10 23:05:31,Standard Class,Consumer,North,Furniture,Bookcases,1100.62,7,0.053,45.77,2025-01,2025,5.0,4.1585651723574
ORD00887,C00689,2025-01-05 23:18:26,2025-01-06 23:18:26,First Class,Home Office,North,Technology,Laptops,913.56,7,0.185,112.59,2025-01,2025,1.0,12.324313673978722
ORD01320,C00538,2025-01-05 23:32:23,2025-01-07 23:32:23,Same Day,Consumer,North,Office Supplies,Storage,449.46,8,0.301,-65.63,2025-01,2025,2.0,-14.601966804609976
ORD00135,C00456,2025-01-06 01:35:40,2025-01-08 01:35:40,Second Class,Consumer,North,Furniture,Furnishings,1172.99,6,0.3,-136.49,2025-01,2025,2.0,-11.636075328860434
ORD03732,C00281,2025-01-06 02:20:23,2025-01-11 02:20:23,Standard Class,Consumer,North,Technology,Accessories,855.71,7,0.147,-117.59,2025-01,2025,5.0,-13.741805050776549
ORD00450,C00642,2025-01-06 02:41:15,2025-01-10 02:41:15,Standard Class,Home Office,North,Office Supplies,Binders,248.69,5,0.126,22.93,2025-01,2025,4.0,9.220314447705979
ORD02856,C00333,2025-01-06 10:48:42,2025-01-09 10:48:42,Second Class,Corporate,North,Office Supplies,Storage,343.07,8,0.202,2.73,2025-01,2025,3.0,0.7957559681697612
ORD01528,C00248,2025-01-06 12:31:34,2025-01-09 12:31:34,Second Class,Consumer,East,Technology,Accessories,606.08,5,0.21,-24.97,2025-01,2025,3.0,-4.119918162618796
ORD00380,C00717,2025-01-06 18:25:34,2025-01-10 18:25:34,Standard Class,Corporate,West,Technology,Laptops,1206.94,7,0.147,79.4,2025-01,2025,4.0,6.578620312525891
ORD03467,C00735,2025-01-06 19:10:11,2025-01-08 19:10:11,Same Day,Consumer,West,Technology,Phones,994.55,7,0.061,131.1,2025-01,2025,2.0,13.181841033633301
ORD01330,C00114,2025-01-07 04:13:40,2025-01-11 04:13:40,Standard Class,Home Office,South,Furniture,Bookcases,360.54,2,0.261,-73.38,2025-01,2025,4.0,-20.35280412714262
ORD03095,C00382,2025-01-07 07:43:19,2025-01-10 07:43:19,Standard Class,Consumer,South,Furniture,Furnishings,472.82,4,0.144,-34.2,2025-01,2025,3.0,-7.233196565289117
ORD00518,C00145,2025-01-08 08:59:20,2025-01-11 08:59:20,Second Class,Consumer,North,Technology,Laptops,198.65,2,0.094,31.03,2025-01,2025,3.0,15.62043795620438
ORD03088,C00896,2025-01-08 19:09:01,2025-01-10 19:09:01,Same Day,Home Office,West,Technology,Phones,229.71,2,0.037,61.03,2025-01,2025,2.0,26.56828174655
ORD03737,C00333,2025-01-08 22:29:48,2025-01-13 22:29:48,Standard Class,Consumer,South,Technology,Phones,864.33,8,0.054,128.62,2025-01,2025,5.0,14.880890400657156
ORD03444,C00532,2025-01-09 02:05:18,2025-01-13 02:05:18,Standard Class,Corporate,South,Technology,Phones,867.71,8,0.135,39.04,2025-01,2025,4.0,4.499199041154302
ORD02798,C00292,2025-01-09 04:42:49,2025-01-13 04:42:49,Standard Class,Home Office,West,Furniture,Tables,1099.9,6,0.073,81.74,2025-01,2025,4.0,7.431584689517227
ORD03258,C00433,2025-01-09 07:03:56,2025-01-14 07:03:56,Standard Class,Consumer,North,Furniture,Chairs,282.55,2,0.121,-22.3,2025-01,2025,5.0,-7.892408423287914
ORD00970,C00886,2025-01-09 07:11:29,2025-01-09 07:11:29,Same Day,Consumer,East,Technology,Laptops,339.41,3,0.16,39.63,2025-01,2025,0.0,11.676143896762028
ORD02168,C00452,2025-01-09 13:52:47,2025-01-11 13:52:47,Second Class,Consumer,South,Office Supplies,Binders,154.81,4,0.102,11.36,2025-01,2025,2.0,7.338027259220981
ORD01909,C00487,2025-01-09 15:43:46,2025-01-14 15:43:46,Standard Class,Consumer,West,Technology,Phones,219.58,2,0.306,-0.44,2025-01,2025,5.0,-0.20038254850168502
ORD02137,C00172,2025-01-09 19:09:16,2025-01-14 19:09:16,Standard Class,Home Office,North,Office Supplies,Binders,52.47,3,0.149,-2.71,2025-01,2025,5.0,-5.1648561082523345
ORD00430,C00927,2025-01-09 21:11:40,2025-01-12 21:11:40,Standard Class,Corporate,North,Technology,Phones,774.16,7,0.39,-130.01,2025-01,2025,3.0,-16.793686059729254
ORD03639,C00277,2025-01-10 09:11:04,2025-01-13 09:11:04,Second Class,Consumer,South,Furniture,Furnishings,1472.19,8,0.177,-113.9,2025-01,2025,3.0,-7.736773106732148
ORD03709,C00907,2025-01-10 15:29:42,2025-01-15 15:29:42,Standard Class,Consumer,East,Office Supplies,Art,42.46,1,0.212,-2.48,2025-01,2025,5.0,-5.840791333019312
ORD01555,C00532,2025-01-10 16:18:21,2025-01-14 16:18:21,Standard Class,Corporate,East,Furniture,Bookcases,283.48,4,0.09,8.53,2025-01,2025,4.0,3.009030619444052
ORD03363,C00616,2025-01-10 16:30:24,2025-01-15 16:30:24,Standard Class,Consumer,West,Office Supplies,Paper,121.37,4,0.054,16.93,2025-01,2025,5.0,13.949081321578644
ORD01648,C00495,2025-01-10 23:48:03,2025-01-13 23:48:03,Second Class,Consumer,North,Office Supplies,Art,130.05,3,0.187,1.16,2025-01,2025,3.0,0.8919646289888503
ORD03284,C00053,2025-01-11 00:10:56,2025-01-12 00:10:56,First Class,Consumer,West,Office Supplies,Storage,285.63,5,0.16,11.7,2025-01,2025,1.0,4.096208381472534
ORD00233,C00395,2025-01-11 01:08:12,2025-01-16 01:08:12,Standard Class,Corporate,West,Furniture,Furnishings,287.72,3,0.085,38.04,2025-01,2025,5.0,13.22118726539691
ORD01775,C00123,2025-01-11 05:47:34,2025-01-16 05:47:34,Standard Class,Corporate,South,Technology,Accessories,574.26,4,0.185,24.05,2025-01,2025,5.0,4.187998467593077
ORD01180,C00237,2025-01-11 08:30:50,2025-01-15 08:30:50,Standard Class,Corporate,East,Furniture,Tables,1084.25,7,0.429,-289.68,2025-01,2025,4.0,-26.717085543002078
ORD01716,C00287,2025-01-11 10:50:38,2025-01-14 10:50:38,Standard Class,Consumer,North,Technology,Phones,1063.04,7,0.022,234.78,2025-01,2025,3.0,22.085716435882
ORD03849,C00401,2025-01-11 12:02:22,2025-01-15 12:02:22,Second Class,Corporate,East,Office Supplies,Binders,131.49,6,0.029,18.87,2025-01,2025,4.0,14.350901209217431
ORD01818,C00438,2025-01-11 16:14:31,2025-01-14 16:14:31,Standard Class,Corporate,East,Office Supplies,Paper,84.08,2,0.058,10.3,2025-01,2025,3.0,12.25023786869648
ORD03535,C00483,2025-01-11 17:51:29,2025-01-14 17:51:29,Standard Class,Consumer,West,Office Supplies,Appliances,343.23,6,0.104,27.89,2025-01,2025,3.0,8.125746583923316
ORD02723,C00515,2025-01-12 00:22:07,2025-01-14 00:22:07,First Class,Consumer,North,Office Supplies,Paper,258.02,6,0.075,16.87,2025-01,2025,2.0,6.538252848616387
ORD02778,C00345,2025-01-12 02:19:58,2025-01-12 02:19:58,Same Day,Consumer,West,Technology,Accessories,315.67,3,0.235,17.01,2025-01,2025,0.0,5.388538663794469
ORD01626,C00663,2025-01-12 09:44:47,2025-01-15 09:44:47,Standard Class,Home Office,North,Furniture,Furnishings,501.14,7,0.197,-4.56,2025-01,2025,3.0,-0.9099253701560441
ORD03064,C00305,2025-01-12 10:10:53,2025-01-15 10:10:53,Standard Class,Consumer,West,Technology,Accessories,926.06,8,0.3,-0.59,2025-01,2025,3.0,-0.06371077467982636
ORD03240,C00939,2025-01-12 21:25:47,2025-01-17 21:25:47,Standard Class,Consumer,North,Technology,Accessories,746.94,8,0.127,93.57,2025-01,2025,5.0,12.527110611294079
ORD00641,C00109,2025-01-12 22:12:44,2025-01-16 22:12:44,Standard Class,Corporate,East,Office Supplies,Appliances,184.61,8,0.162,5.6,2025-01,2025,4.0,3.03342180813607
ORD00317,C00335,2025-01-13 09:28:37,2025-01-15 09:28:37,First Class,Consumer,West,Office Supplies,Art,308.68,8,0.186,-18.23,2025-01,2025,2.0,-5.905792406375535
ORD02393,C00068,2025-01-13 18:23:54,2025-01-18 18:23:54,Standard Class,Consumer,West,Technology,Phones,1111.01,8,0.125,97.48,2025-01,2025,5.0,8.773998433857482
ORD00244,C00861,2025-01-13 19:23:04,2025-01-18 19:23:04,Standard Class,Consumer,North,Furniture,Bookcases,135.83,2,0.176,1.69,2025-01,2025,5.0,1.2442023117131706
ORD03553,C00893,2025-01-13 19:55:03,2025-01-16 19:55:03,Standard Class,Consumer,North,Furniture,Chairs,521.41,3,0.306,-112.47,2025-01,2025,3.0,-21.570357300397003
ORD03752,C00859,2025-01-13 23:48:35,2025-01-17 23:48:35,Standard Class,Consumer,West,Technology,Laptops,123.9,1,0.051,13.75,2025-01,2025,4.0,11.097659402744148
ORD03830,C00702,2025-01-14 01:59:19,2025-01-17 01:59:19,Second Class,Corporate,North,Office Supplies,Appliances,442.77,8,0.062,42.04,2025-01,2025,3.0,9.494771551821488
ORD01711,C00574,2025-01-14 04:07:23,2025-01-16 04:07:23,First Class,Home Office,West,Technology,Phones,628.43,6,0.045,130.28,2025-01,2025,2.0,20.731028117690116
ORD00059,C00146,2025-01-14 05:34:32,2025-01-16 05:34:32,First Class,Corporate,North,Technology,Phones,580.25,4,0.304,-11.07,2025-01,2025,2.0,-1.907798362774666
ORD00405,C00839,2025-01-14 06:30:32,2025-01-19 06:30:32,Standard Class,Consumer,East,Furniture,Tables,219.59,1,0.187,-12.99,2025-01,2025,5.0,-5.915569925770755
ORD00632,C00102,2025-01-14 15:39:35,2025-01-17 15:39:35,Standard Class,Corporate,West,Technology,Phones,459.32,3,0.254,4.87,2025-01,2025,3.0,1.0602629974745277
ORD01190,C00447,2025-01-14 18:25:50,2025-01-18 18:25:50,Standard Class,Consumer,South,Office Supplies,Storage,10.79,1,0.065,1.08,2025-01,2025,4.0,10.009267840593143
ORD03323,C00780,2025-01-14 19:13:12,2025-01-16 19:13:12,Second Class,Home Office,East,Office Supplies,Paper,25.04,2,0.186,-0.31,2025-01,2025,2.0,-1.2380191693290734
ORD00454,C00718,2025-01-14 22:24:51,2025-01-18 22:24:51,Standard Class,Consumer,East,Furniture,Chairs,335.81,4,0.19,-40.48,2025-01,2025,4.0,-12.054435543908756
ORD00699,C00839,2025-01-14 23:59:25,2025-01-16 23:59:25,First Class,Consumer,North,Technology,Phones,476.38,4,0.044,83.22,2025-01,2025,2.0,17.46924723959864
ORD00662,C00013,2025-01-15 02:10:49,2025-01-16 02:10:49,First Class,Consumer,South,Technology,Phones,997.65,7,0.189,50.72,2025-01,2025,1.0,5.083947276098833
ORD03574,C00752,2025-01-15 07:51:25,2025-01-19 07:51:25,Second Class,Consumer,West,Office Supplies,Binders,361.58,6,0.039,54.71,2025-01,2025,4.0,15.1308147574534
ORD00692,C00385,2025-01-15 08:19:06,2025-01-18 08:19:06,First Class,Consumer,East,Furniture,Chairs,929.32,4,0.195,-173.8,2025-01,2025,3.0,-18.70184651142771
ORD00183,C00633,2025-01-15 08:49:16,2025-01-19 08:49:16,Standard Class,Consumer,North,Technology,Laptops,742.56,7,0.278,-31.65,2025-01,2025,4.0,-4.2622818358112475
ORD00061,C00942,2025-01-15 15:39:54,2025-01-16 15:39:54,Same Day,Home Office,West,Office Supplies,Art,24.39,1,0.239,-0.62,2025-01,2025,1.0,-2.5420254202542023
ORD03548,C00444,2025-01-15 23:16:30,2025-01-18 23:16:30,Standard Class,Consumer,North,Furniture,Chairs,848.01,5,0.172,-59.08,2025-01,2025,3.0,-6.966898975247933
ORD00447,C00513,2025-01-16 00:00:41,2025-01-18 00:00:41,First Class,Consumer,North,Technology,Laptops,1052.05,8,0.022,295.47,2025-01,2025,2.0,28.08516705479778
ORD02926,C00597,2025-01-16 01:39:19,2025-01-19 01:39:19,Standard Class,Corporate,West,Technology,Laptops,1193.05,8,0.175,177.08,2025-01,2025,3.0,14.842630233435314
ORD02981,C00445,2025-01-16 02:18:51,2025-01-18 02:18:51,Second Class,Corporate,South,Technology,Laptops,338.82,2,0.305,-41.07,2025-01,2025,2.0,-12.121480432087834
ORD02245,C00565,2025-01-16 02:55:23,2025-01-19 02:55:23,First Class,Corporate,East,Office Supplies,Appliances,249.1,5,0.311,-21.99,2025-01,2025,3.0,-8.827780008028904
ORD01327,C00257,2025-01-16 03:37:53,2025-01-21 03:37:53,Standard Class,Consumer,South,Technology,Laptops,998.12,8,0.086,94.37,2025-01,2025,5.0,9.454774976956678
ORD03368,C00821,2025-01-16 05:50:08,2025-01-19 05:50:08,Second Class,Home Office,West,Office Supplies,Storage,405.47,6,0.074,30.41,2025-01,2025,3.0,7.499938343157322
ORD00585,C00175,2025-01-16 11:07:51,2025-01-18 11:07:51,First Class,Corporate,West,Office Supplies,Binders,217.1,5,0.275,-9.66,2025-01,2025,2.0,-4.44956241363427
ORD01226,C00861,2025-01-16 12:30:31,2025-01-19 12:30:31,Standard Class,Home Office,East,Technology,Accessories,313.34,2,0.126,26.13,2025-01,2025,3.0,8.33918427267505
ORD02224,C00283,2025-01-16 19:24:18,2025-01-19 19:24:18,First Class,Corporate,West,Office Supplies,Art,322.22,8,0.051,25.6,2025-01,2025,3.0,7.944882378499162
ORD00690,C00133,2025-01-16 20:32:43,2025-01-20 20:32:43,Standard Class,Consumer,South,Office Supplies,Paper,136.89,8,0.123,8.72,2025-01,2025,4.0,6.370078164949961
ORD03037,C00485,2025-01-16 22:56:41,2025-01-18 22:56:41,First Class,Corporate,East,Furniture,Furnishings,1034.43,8,0.136,-12.66,2025-01,2025,2.0,-1.223862416983266
ORD00502,C00147,2025-01-17 08:09:05,2025-01-22 08:09:05,Standard Class,Consumer,North,Technology,Accessories,1203.34,8,0.041,257.65,2025-01,2025,5.0,21.411238718899064
ORD01794,C00190,2025-01-17 09:46:43,2025-01-22 09:46:43,Standard Class,Corporate,North,Furniture,Chairs,721.13,4,0.205,-74.59,2025-01,2025,5.0,-10.343488691359395
ORD00740,C00811,2025-01-17 12:58:29,2025-01-22 12:58:29,Standard Class,Consumer,East,Technology,Phones,741.16,6,0.117,129.14,2025-01,2025,5.0,17.424037994495116
ORD03632,C00621,2025-01-17 15:51:39,2025-01-18 15:51:39,First Class,Consumer,East,Office Supplies,Binders,160.12,5,0.127,2.28,2025-01,2025,1.0,1.4239320509617786
ORD02055,C00652,2025-01-18 02:05:06,2025-01-19 02:05:06,First Class,Consumer,West,Office Supplies,Paper,98.09,3,0.082,6.16,2025-01,2025,1.0,6.279946987460495
ORD00755,C00745,2025-01-18 07:32:49,2025-01-22 07:32:49,Standard Class,Consumer,West,Technology,Accessories,235.65,2,0.147,18.53,2025-01,2025,4.0,7.863356673032039
ORD00139,C00759,2025-01-18 08:43:41,2025-01-21 08:43:41,Second Class,Corporate,North,Furniture,Chairs,879.69,6,0.156,3.98,2025-01,2025,3.0,0.45243210676488305
ORD01863,C00138,2025-01-18 10:29:41,2025-01-23 10:29:41,Standard Class,Corporate,South,Furniture,Tables,617.58,3,0.152,-22.87,2025-01,2025,5.0,-3.703163962563554
ORD02946,C00806,2025-01-18 15:51:56,2025-01-20 15:51:56,Second Class,Home Office,South,Office Supplies,Appliances,25.69,1,0.19,-1.98,2025-01,2025,2.0,-7.707279096924872
ORD00793,C00814,2025-01-18 20:28:27,2025-01-23 20:28:27,Standard Class,Consumer,South,Technology,Phones,841.52,8,0.044,113.61,2025-01,2025,5.0,13.500570396425516
ORD02639,C00466,2025-01-19 00:34:49,2025-01-19 00:34:49,Same Day,Home Office,East,Office Supplies,Paper,51.84,4,0.229,-4.14,2025-01,2025,0.0,-7.986111111111111
ORD00438,C00402,2025-01-19 02:44:47,2025-01-22 02:44:47,Standard Class,Corporate,North,Office Supplies,Paper,65.97,3,0.02,11.88,2025-01,2025,3.0,18.00818553888131
ORD02682,C00342,2025-01-19 06:07:08,2025-01-23 06:07:08,Second Class,Consumer,West,Office Supplies,Binders,183.8,8,0.147,-6.48,2025-01,2025,4.0,-3.52557127312296
ORD00624,C00743,2025-01-19 07:09:04,2025-01-23 07:09:04,Standard Class,Consumer,South,Office Supplies,Paper,131.95,5,0.205,-6.19,2025-01,2025,4.0,-4.69117089806745
ORD00373,C00357,2025-01-19 07:34:50,2025-01-22 07:34:50,Standard Class,Consumer,West,Technology,Laptops,835.31,7,0.129,115.4,2025-01,2025,3.0,13.815230273790572
ORD00316,C00337,2025-01-19 07:54:42,2025-01-23 07:54:42,Standard Class,Corporate,North,Technology,Phones,1175.18,7,0.217,86.65,2025-01,2025,4.0,7.373338552391974
ORD01525,C00665,2025-01-19 12:45:20,2025-01-21 12:45:20,Second Class,Consumer,North,Furniture,Bookcases,200.04,2,0.162,4.285,2025-01,2025,2.0,2.1420715856828636
ORD00229,C00009,2025-01-19 13:04:01,2025-01-22 13:04:01,First Class,Consumer,East,Office Supplies,Paper,256.28,4,0.087,35.89,2025-01,2025,3.0,14.00421414078352
ORD03541,C00086,2025-01-20 01:03:27,2025-01-23 01:03:27,Standard Class,Home Office,South,Office Supplies,Binders,301.79,8,0.182,-5.46,2025-01,2025,3.0,-1.8092050763776135
ORD00406,C00073,2025-01-20 02:34:09,2025-01-23 02:34:09,Standard Class,Corporate,West,Furniture,Tables,1069.4,8,0.356,-230.41,2025-01,2025,3.0,-21.545726575649894
ORD03128,C00907,2025-01-20 09:08:36,2025-01-25 09:08:36,Standard Class,Home Office,West,Furniture,Furnishings,1128.2,7,0.146,68.44,2025-01,2025,5.0,6.066300301365006
ORD01430,C00355,2025-01-20 20:03:03,2025-01-23 20:03:03,Standard Class,Consumer,North,Furniture,Chairs,701.75,6,0.22,1.09,2025-01,2025,3.0,0.15532597078731744
ORD03369,C00778,2025-01-20 21:37:13,2025-01-25 21:37:13,Standard Class,Consumer,North,Furniture,Furnishings,307.96,2,0.236,-28.36,2025-01,2025,5.0,-9.208988180283153
ORD03243,C00548,2025-01-20 22:04:48,2025-01-25 22:04:48,Standard Class,Corporate,North,Office Supplies,Art,98.44,2,0.218,0.77,2025-01,2025,5.0,0.7822023567655425
ORD03401,C00898,2025-01-21 10:56:11,2025-01-24 10:56:11,First Class,Consumer,West,Office Supplies,Storage,109.56,5,0.08,24.43,2025-01,2025,3.0,22.298284045271995
ORD01144,C00551,2025-01-21 13:34:36,2025-01-25 13:34:36,Standard Class,Consumer,West,Office Supplies,Binders,38.84,2,0.037,4.13,2025-01,2025,4.0,10.633367662203911
ORD03319,C00543,2025-01-21 15:42:28,2025-01-26 15:42:28,Standard Class,Consumer,South,Office Supplies,Appliances,273.98,6,0.369,-36.55,2025-01,2025,5.0,-13.340389809475143
ORD01414,C00394,2025-01-21 16:57:51,2025-01-26 16:57:51,Standard Class,Consumer,East,Technology,Laptops,533.56,5,0.222,0.72,2025-01,2025,5.0,0.13494264937401604
ORD03178,C00819,2025-01-21 17:08:38,2025-01-24 17:08:38,Standard Class,Consumer,West,Furniture,Tables,1448.73,8,0.19,-128.97,2025-01,2025,3.0,-8.902279927936881
ORD00130,C00166,2025-01-22 05:19:46,2025-01-26 05:19:46,Standard Class,Corporate,North,Office Supplies,Storage,240.26,4,0.123,20.79,2025-01,2025,4.0,8.653125780404562
ORD01000,C00380,2025-01-22 06:39:01,2025-01-25 06:39:01,Standard Class,Consumer,East,Office Supplies,Binders,32.01,2,0.103,2.12,2025-01,2025,3.0,6.622930334270541
ORD02054,C00468,2025-01-22 08:17:44,2025-01-25 08:17:44,First Class,Corporate,West,Office Supplies,Appliances,254.71,6,0.213,-4.66,2025-01,2025,3.0,-1.8295316242000708
ORD03301,C00468,2025-01-22 10:16:19,2025-01-26 10:16:19,Second Class,Consumer,West,Technology,Phones,490.35,3,0.103,62.4,2025-01,2025,4.0,12.725604160293665
ORD03238,C00707,2025-01-22 11:04:59,2025-01-25 11:04:59,Standard Class,Corporate,North,Office Supplies,Appliances,232.63,4,0.211,-6.24,2025-01,2025,3.0,-2.6823711473154797
ORD03487,C00386,2025-01-22 12:20:25,2025-01-26 12:20:25,Standard Class,Consumer,North,Technology,Accessories,283.76,2,0.024,67.87,2025-01,2025,4.0,23.91809980265013
ORD03654,C00869,2025-01-22 12:29:56,2025-01-22 12:29:56,Same Day,Home Office,South,Office Supplies,Binders,61.54,1,0.153,2.5,2025-01,2025,0.0,4.062398440038999
ORD03538,C00419,2025-01-22 15:24:33,2025-01-22 15:24:33,Same Day,Consumer,East,Office Supplies,Appliances,60.4,2,0.137,1.67,2025-01,2025,0.0,2.7649006622516556
ORD00196,C00480,2025-01-22 15:35:16,2025-01-25 15:35:16,Standard Class,Consumer,West,Technology,Phones,274.03,2,0.019,35.98,2025-01,2025,3.0,13.129949275626757
ORD02427,C00017,2025-01-22 16:30:42,2025-01-24 16:30:42,Second Class,Consumer,South,Office Supplies,Art,154.08,5,0.29,-13.19,2025-01,2025,2.0,-8.560488058151607
ORD00239,C00428,2025-01-22 20:14:56,2025-01-25 20:14:56,Second Class,Corporate,East,Office Supplies,Art,190.25,3,0.142,9.77,2025-01,2025,3.0,5.1353482260183965
ORD02509,C00407,2025-01-22 21:13:03,2025-01-24 21:13:03,First Class,Consumer,North,Office Supplies,Binders,173.34,3,0.119,8.83,2025-01,2025,2.0,5.0940348448136605
ORD01291,C00355,2025-01-22 22:19:17,2025-01-24 22:19:17,Second Class,Home Office,South,Office Supplies,Art,22.77,1,0.134,-1.06,2025-01,2025,2.0,-4.655248133509003
ORD00082,C00835,2025-01-22 22:22:11,2025-01-25 22:22:11,Standard Class,Corporate,East,Technology,Phones,418.1,4,0.188,20.69,2025-01,2025,3.0,4.948576895479551
ORD02366,C00178,2025-01-23 01:51:29,2025-01-27 01:51:29,Standard Class,Consumer,East,Furniture,Chairs,723.09,5,0.231,-113.35,2025-01,2025,4.0,-15.6757803316323
ORD00351,C00678,2025-01-23 05:33:14,2025-01-26 05:33:14,Standard Class,Corporate,South,Furniture,Tables,209.63,2,0.21,-21.02,2025-01,2025,3.0,-10.027190764680629
ORD02789,C00548,2025-01-23 06:38:39,2025-01-28 06:38:39,Standard Class,Consumer,South,Office Supplies,Binders,54.51,1,0.151,2.27,2025-01,2025,5.0,4.164373509447808
ORD01865,C00369,2025-01-23 11:09:46,2025-01-27 11:09:46,Standard Class,Corporate,South,Office Supplies,Appliances,164.51,5,0.11,2.71,2025-01,2025,4.0,1.6473162725670172
ORD00497,C00758,2025-01-23 12:05:17,2025-01-27 12:05:17,Standard Class,Corporate,West,Furniture,Furnishings,1227.33,7,0.131,-80.32,2025-01,2025,4.0,-6.544287192523608
ORD00729,C00282,2025-01-23 15:46:23,2025-01-26 15:46:23,Standard Class,Consumer,West,Office Supplies,Binders,182.16,3,0.038,25.89,2025-01,2025,3.0,14.212779973649539
ORD01615,C00939,2025-01-23 16:11:12,2025-01-28 16:11:12,Standard Class,Consumer,North,Office Supplies,Paper,301.45,8,0.259,-41.35,2025-01,2025,5.0,-13.717034334052084
ORD01142,C00320,2025-01-23 16:12:50,2025-01-26 16:12:50,Standard Class,Home Office,South,Furniture,Tables,559.39,3,0.141,-36.96,2025-01,2025,3.0,-6.607197125440212
ORD01288,C00846,2025-01-23 19:01:35,2025-01-25 19:01:35,Same Day,Corporate,East,Office Supplies,Art,135.66,7,0.253,-2.06,2025-01,2025,2.0,-1.5185021376971843
ORD00506,C00550,2025-01-23 20:06:43,2025-01-28 20:06:43,Standard Class,Consumer,South,Office Supplies,Paper,86.98,7,0.193,-6.84,2025-01,2025,5.0,-7.863876753276615
ORD01259,C00225,2025-01-23 21:17:39,2025-01-27 21:17:39,Standard Class,Corporate,North,Furniture,Furnishings,485.77,2,0.084,26.23,2025-01,2025,4.0,5.399674743191222
ORD03642,C00158,2025-01-24 04:54:27,2025-01-28 04:54:27,Standard Class,Consumer,East,Furniture,Tables,324.82,3,0.123,2.15,2025-01,2025,4.0,0.6619050551074441
ORD00791,C00297,2025-01-24 06:32:11,2025-01-28 06:32:11,Second Class,Home Office,East,Office Supplies,Binders,269.86,4,0.147,7.89,2025-01,2025,4.0,2.923738234640184
ORD00837,C00624,2025-01-24 06:33:25,2025-01-28 06:33:25,Standard Class,Consumer,North,Technology,Laptops,261.32,2,0.118,33.62,2025-01,2025,4.0,12.865452318995866
ORD01051,C00278,2025-01-24 12:20:02,2025-01-27 12:20:02,Standard Class,Corporate,West,Office Supplies,Art,202.44,7,0.25,3.81,2025-01,2025,3.0,1.882039122703023
ORD02256,C00106,2025-01-24 16:52:37,2025-01-28 16:52:37,Standard Class,Corporate,East,Office Supplies,Paper,48.78,1,0.081,4.78,2025-01,2025,4.0,9.79909799097991
ORD01864,C00148,2025-01-24 18:01:36,2025-01-28 18:01:36,Second Class,Consumer,South,Office Supplies,Binders,96.87,2,0.138,10.68,2025-01,2025,4.0,11.02508516568597
ORD00143,C00567,2025-01-24 18:40:20,2025-01-26 18:40:20,Second Class,Consumer,North,Technology,Laptops,733.14,6,0.246,20.06,2025-01,2025,2.0,2.736175900919333
ORD00074,C00847,2025-01-24 22:37:52,2025-01-28 22:37:52,Standard Class,Consumer,South,Furniture,Furnishings,580.49,3,0.229,2.79,2025-01,2025,4.0,0.4806284345983566
ORD00122,C00269,2025-01-25 06:12:18,2025-01-30 06:12:18,Standard Class,Consumer,North,Furniture,Chairs,577.69,4,0.103,44.32,2025-01,2025,5.0,7.671934774706157
ORD03082,C00871,2025-01-25 10:53:40,2025-01-28 10:53:40,Standard Class,Home Office,East,Furniture,Furnishings,928.51,7,0.074,64.6,2025-01,2025,3.0,6.957383334589825
ORD02953,C00567,2025-01-25 11:24:56,2025-01-28 11:24:56,First Class,Consumer,South,Office Supplies,Paper,307.85,8,0.037,47.21,2025-01,2025,3.0,15.335390612311189
ORD02113,C00461,2025-01-25 20:49:03,2025-01-30 20:49:03,Standard Class,Corporate,South,Furniture,Chairs,925.07,6,0.303,-172.1,2025-01,2025,5.0,-18.60399753532165
ORD00402,C00660,2025-01-26 07:54:43,2025-01-27 07:54:43,Same Day,Consumer,East,Office Supplies,Appliances,154.88,3,0.124,13.64,2025-01,2025,1.0,8.806818181818182
ORD02155,C00655,2025-01-26 09:40:48,2025-01-30 09:40:48,Second Class,Consumer,South,Office Supplies,Binders,138.02,7,0.14,2.46,2025-01,2025,4.0,1.7823503840023185
ORD01819,C00099,2025-01-26 10:13:52,2025-01-28 10:13:52,Second Class,Home Office,West,Office Supplies,Binders,195.12,3,0.075,14.07,2025-01,2025,2.0,7.210947109471094
ORD00777,C00893,2025-01-26 15:16:06,2025-01-28 15:16:06,First Class,Home Office,South,Furniture,Furnishings,214.04,1,0.26,-33.17,2025-01,2025,2.0,-15.497103345169128
ORD00985,C00143,2025-01-26 15:43:04,2025-01-29 15:43:04,Standard Class,Corporate,North,Furniture,Furnishings,322.42,5,0.252,-38.26,2025-01,2025,3.0,-11.866509521741825
ORD01036,C00604,2025-01-26 16:40:17,2025-01-29 16:40:17,First Class,Home Office,West,Furniture,Tables,683.97,3,0.244,-53.34,2025-01,2025,3.0,-7.7985876573533925
ORD02009,C00624,2025-01-27 03:15:53,2025-01-31 03:15:53,Standard Class,Corporate,South,Office Supplies,Appliances,218.86,8,0.31,-40.8,2025-01,2025,4.0,-18.642054281275698
ORD02029,C00661,2025-01-27 04:04:29,2025-02-01 04:04:29,Standard Class,Home Office,South,Office Supplies,Paper,52.79,1,0.121,1.24,2025-01,2025,5.0,2.34892972153817
ORD00264,C00789,2025-01-27 09:49:33,2025-01-31 09:49:33,Second Class,Consumer,East,Furniture,Tables,734.08,4,0.189,32.94,2025-01,2025,4.0,4.487249346120313
ORD01573,C00527,2025-01-27 12:00:15,2025-01-31 12:00:15,Standard Class,Corporate,North,Furniture,Bookcases,542.5,4,0.248,-67.62,2025-01,2025,4.0,-12.464516129032258
ORD03449,C00694,2025-01-28 06:53:47,2025-02-02 06:53:47,Standard Class,Corporate,West,Furniture,Bookcases,1285.62,5,0.123,0.44,2025-01,2025,5.0,0.034224732035904856
ORD03663,C00849,2025-01-28 07:37:34,2025-01-30 07:37:34,First Class,Consumer,East,Office Supplies,Appliances,128.68,6,0.075,18.12,2025-01,2025,2.0,14.0814423375816
ORD00638,C00616,2025-01-28 08:36:03,2025-01-31 08:36:03,Standard Class,Corporate,North,Technology,Accessories,649.65,5,0.148,10.81,2025-01,2025,3.0,1.6639729084891868
ORD00602,C00246,2025-01-28 08:44:54,2025-01-31 08:44:54,Standard Class,Consumer,East,Technology,Phones,367.02,4,0.268,-6.46,2025-01,2025,3.0,-1.760122064192687
ORD01233,C00092,2025-01-28 10:15:35,2025-02-01 10:15:35,Second Class,Consumer,West,Furniture,Tables,1015.58,5,0.093,17.94,2025-01,2025,4.0,1.7664782685755924
ORD02786,C00923,2025-01-28 15:29:05,2025-02-01 15:29:05,Second Class,Corporate,East,Office Supplies,Paper,335.46,8,0.14,13.2,2025-01,2025,4.0,3.934895367554999
ORD03382,C00890,2025-01-28 17:07:30,2025-01-31 17:07:30,Standard Class,Consumer,West,Office Supplies,Appliances,68.96,3,0.108,8.38,2025-01,2025,3.0,12.151972157772624
ORD02397,C00127,2025-01-28 20:31:14,2025-01-31 20:31:14,Second Class,Consumer,North,Office Supplies,Art,481.49,8,0.089,42.43,2025-01,2025,3.0,8.812228706722882
ORD02742,C00883,2025-01-29 01:58:26,2025-02-01 01:58:26,Standard Class,Consumer,East,Technology,Phones,91.42,1,0.296,-5.04,2025-01,2025,3.0,-5.51301684532925
ORD00253,C00661,2025-01-29 09:46:40,2025-02-01 09:46:40,Second Class,Consumer,North,Office Supplies,Paper,459.92,8,0.206,14.84,2025-01,2025,3.0,3.2266481127152544
ORD02483,C00833,2025-01-29 12:01:15,2025-02-01 12:01:15,Standard Class,Corporate,South,Office Supplies,Paper,380.36,8,0.092,37.59,2025-01,2025,3.0,9.882742664843832
ORD01731,C00098,2025-01-29 13:09:05,2025-02-01 13:09:05,Second Class,Home Office,West,Office Supplies,Storage,264.59,6,0.159,-5.03,2025-01,2025,3.0,-1.9010544616198648
ORD03794,C00697,2025-01-29 13:35:03,2025-02-02 13:35:03,Standard Class,Consumer,North,Office Supplies,Appliances,86.2,2,0.208,-0.78,2025-01,2025,4.0,-0.9048723897911833
ORD02411,C00040,2025-01-29 18:39:24,2025-02-01 18:39:24,First Class,Corporate,East,Office Supplies,Binders,72.05,3,0.076,11.13,2025-01,2025,3.0,15.447605829285221
ORD02997,C00878,2025-01-29 19:48:29,2025-02-01 19:48:29,Standard Class,Corporate,North,Office Supplies,Appliances,59.3,3,0.213,3.04,2025-01,2025,3.0,5.126475548060708
ORD02081,C00254,2025-01-30 02:52:27,2025-02-01 02:52:27,Second Class,Home Office,North,Office Supplies,Art,215.09,5,0.06,21.28,2025-01,2025,2.0,9.89353293969966
ORD01155,C00733,2025-01-30 06:29:48,2025-02-03 06:29:48,Standard Class,Consumer,East,Office Supplies,Paper,50.8,2,0.165,-0.18,2025-01,2025,4.0,-0.3543307086614173
ORD03581,C00829,2025-01-30 10:52:03,2025-02-02 10:52:03,Second Class,Corporate,East,Furniture,Tables,204.76,3,0.109,1.64,2025-01,2025,3.0,0.8009376831412386
ORD01396,C00468,2025-01-30 17:13:28,2025-02-04 17:13:28,Standard Class,Consumer,East,Office Supplies,Storage,394.75,8,0.097,5.75,2025-01,2025,5.0,1.4566181127295756
ORD00300,C00923,2025-01-30 20:07:35,2025-02-02 20:07:35,Standard Class,Consumer,South,Technology,Accessories,218.39,2,0.091,-6.42,2025-01,2025,3.0,-2.93969504098173
ORD01792,C00131,2025-01-30 21:21:00,2025-02-03 21:21:00,Standard Class,Corporate,East,Office Supplies,Storage,12.69,1,0.141,-0.1,2025-01,2025,4.0,-0.7880220646178094
ORD00356,C00227,2025-01-30 21:48:14,2025-02-03 21:48:14,Standard Class,Consumer,South,Office Supplies,Storage,162.09,6,0.368,-35.79,2025-01,2025,4.0,-22.080325744956504
ORD01252,C00657,2025-01-30 22:13:27,2025-02-03 22:13:27,Second Class,Consumer,East,Furniture,Furnishings,457.52,2,0.37,-132.28,2025-01,2025,4.0,-28.912397272250395
ORD01463,C00406,2025-01-31 06:19:50,2025-02-05 06:19:50,Standard Class,Consumer,South,Furniture,Tables,1307.68,7,0.418,-356.93,2025-01,2025,5.0,-27.294903952037195
ORD01413,C00686,2025-01-31 09:35:01,2025-02-03 09:35:01,Standard Class,Corporate,North,Technology,Laptops,763.72,5,0.127,84.37,2025-01,2025,3.0,11.047242444875085
ORD00841,C00440,2025-01-31 16:13:07,2025-02-03 16:13:07,Second Class,Corporate,North,Furniture,Tables,391.42,5,0.253,-27.36,2025-01,2025,3.0,-6.989934086147871
ORD03717,C00665,2025-01-31 18:02:34,2025-02-04 18:02:34,Standard Class,Corporate,West,Office Supplies,Art,219.07,3,0.174,-4.24,2025-01,2025,4.0,-1.9354544209613367
ORD01246,C00503,2025-01-31 21:58:23,2025-02-04 21:58:23,Standard Class,Home Office,South,Office Supplies,Appliances,135.46,4,0.069,13.07,2025-01,2025,4.0,9.648604754170972
ORD03775,C00422,2025-02-01 11:12:08,2025-02-05 11:12:08,Standard Class,Consumer,South,Technology,Accessories,249.54,2,0.415,-43.48,2025-02,2025,4.0,-17.424060270898455
ORD00080,C00687,2025-02-01 11:48:56,2025-02-04 11:48:56,Standard Class,Home Office,South,Technology,Phones,338.72,3,0.075,7.79,2025-02,2025,3.0,2.299834671705243
ORD02443,C00067,2025-02-01 12:29:16,2025-02-02 12:29:16,First Class,Consumer,South,Office Supplies,Binders,36.2,2,0.071,4.71,2025-02,2025,1.0,13.011049723756903
ORD02388,C00438,2025-02-01 15:55:46,2025-02-06 15:55:46,Standard Class,Consumer,East,Technology,Laptops,230.95,2,0.2,-9.28,2025-02,2025,5.0,-4.018185754492314
ORD02514,C00113,2025-02-01 18:40:40,2025-02-03 18:40:40,First Class,Home Office,North,Office Supplies,Appliances,98.33,5,0.176,-1.7,2025-02,2025,2.0,-1.7288721651581411
ORD03284,C00051,2025-02-01 20:28:42,2025-02-04 20:28:42,Standard Class,Consumer,North,Office Supplies,Binders,212.91,7,0.016,19.23,2025-02,2025,3.0,9.031985345920813
ORD03725,C00197,2025-02-01 22:27:33,2025-02-03 22:27:33,First Class,Consumer,East,Office Supplies,Appliances,33.42,1,0.141,0.85,2025-02,2025,2.0,2.5433871932974266
ORD03569,C00148,2025-02-02 03:55:05,2025-02-03 03:55:05,Same Day,Consumer,North,Office Supplies,Storage,74.86,3,0.003,9.08,2025-02,2025,1.0,12.129308041677799
ORD03385,C00583,2025-02-02 06:51:25,2025-02-05 06:51:25,First Class,Consumer,East,Office Supplies,Appliances,415.66,6,0.306,-50.36,2025-02,2025,3.0,-12.115671462252802
ORD03863,C00101,2025-02-02 08:14:17,2025-02-06 08:14:17,Standard Class,Consumer,South,Office Supplies,Paper,151.23,4,0.228,-6.51,2025-02,2025,4.0,-4.304701448125372
ORD00898,C00649,2025-02-02 10:23:09,2025-02-06 10:23:09,Standard Class,Corporate,South,Technology,Phones,900.2,7,0.269,-87.38,2025-02,2025,4.0,-9.706731837369473
ORD01924,C00466,2025-02-02 13:20:29,2025-02-06 13:20:29,Standard Class,Consumer,North,Office Supplies,Appliances,112.85,3,0.168,-3.88,2025-02,2025,4.0,-3.438192290651307
ORD01342,C00588,2025-02-02 23:53:51,2025-02-03 23:53:51,First Class,Corporate,West,Technology,Phones,121.29,1,0.066,19.42,2025-02,2025,1.0,16.01121279577871
ORD03259,C00099,2025-02-03 03:59:36,2025-02-03 03:59:36,Same Day,Consumer,North,Office Supplies,Appliances,455.62,8,0.292,-63.41,2025-02,2025,0.0,-13.917299503972608
ORD01294,C00151,2025-02-03 05:48:55,2025-02-08 05:48:55,Standard Class,Home Office,North,Office Supplies,Storage,252.48,6,0.047,22.05,2025-02,2025,5.0,8.733365019011408
ORD01968,C00253,2025-02-03 07:13:33,2025-02-07 07:13:33,Standard Class,Corporate,South,Technology,Laptops,460.67,4,0.199,13.25,2025-02,2025,4.0,2.876245468556667
ORD00032,C00273,2025-02-03 08:03:45,2025-02-04 08:03:45,First Class,Corporate,North,Furniture,Chairs,109.82,1,0.296,-12.45,2025-02,2025,1.0,-11.33673283554908
ORD00595,C00001,2025-02-03 12:23:43,2025-02-04 12:23:43,First Class,Corporate,East,Office Supplies,Art,106.69,4,0.228,0.63,2025-02,2025,1.0,0.5904958290373981
ORD00977,C00897,2025-02-03 18:54:34,2025-02-06 18:54:34,Standard Class,Corporate,West,Office Supplies,Art,42.25,1,0.099,2.95,2025-02,2025,3.0,6.982248520710059
ORD02666,C00133,2025-02-03 21:13:17,2025-02-06 21:13:17,Standard Class,Consumer,South,Furniture,Furnishings,933.97,6,0.156,-50.09,2025-02,2025,3.0,-5.363127295309272
ORD00581,C00170,2025-02-04 03:44:41,2025-02-07 03:44:41,Standard Class,Corporate,West,Technology,Phones,646.03,4,0.099,35.99,2025-02,2025,3.0,5.5709487175518175
ORD00076,C00212,2025-02-04 03:59:18,2025-02-08 03:59:18,Second Class,Corporate,South,Technology,Laptops,856.43,7,0.113,28.14,2025-02,2025,4.0,3.2857326343075326
ORD02915,C00050,2025-02-04 05:39:04,2025-02-07 05:39:04,Standard Class,Consumer,South,Office Supplies,Binders,17.38,1,0.075,1.73,2025-02,2025,3.0,9.95397008055236
ORD03777,C00039,2025-02-04 21:00:34,2025-02-07 21:00:34,First Class,Home Office,South,Furniture,Bookcases,705.36,5,0.131,14.31,2025-02,2025,3.0,2.028751275944199
ORD00866,C00069,2025-02-05 03:07:41,2025-02-08 03:07:41,Standard Class,Corporate,East,Office Supplies,Paper,320.95,6,0.178,-23.06,2025-02,2025,3.0,-7.184919769434492
ORD00581,C00016,2025-02-05 06:08:03,2025-02-08 06:08:03,Standard Class,Consumer,South,Technology,Accessories,267.48,2,0.261,-0.59,2025-02,2025,3.0,-0.22057723941976964
ORD01316,C00728,2025-02-05 16:11:57,2025-02-09 16:11:57,Standard Class,Home Office,South,Furniture,Chairs,557.48,5,0.271,-122.13,2025-02,2025,4.0,-21.907512377125634
ORD02187,C00775,2025-02-05 17:40:04,2025-02-09 17:40:04,Second Class,Corporate,East,Technology,Phones,1173.51,7,0.062,248.77,2025-02,2025,4.0,21.198796772076932
ORD02922,C00887,2025-02-06 03:55:17,2025-02-09 03:55:17,Standard Class,Home Office,North,Office Supplies,Storage,225.83,8,0.131,8.15,2025-02,2025,3.0,3.6089093565956696
ORD01796,C00356,2025-02-06 06:31:38,2025-02-11 06:31:38,Standard Class,Consumer,South,Furniture,Furnishings,589.07,4,0.266,-46.62,2025-02,2025,5.0,-7.914169793063641
ORD01079,C00538,2025-02-06 08:17:34,2025-02-08 08:17:34,First Class,Consumer,West,Office Supplies,Paper,169.33,4,0.044,17.42,2025-02,2025,2.0,10.28760408669462
ORD00333,C00756,2025-02-06 09:20:40,2025-02-11 09:20:40,Standard Class,Home Office,North,Technology,Accessories,147.72,1,0.208,-1.57,2025-02,2025,5.0,-1.0628215542919035
ORD01693,C00029,2025-02-07 01:53:26,2025-02-10 01:53:26,First Class,Consumer,South,Office Supplies,Binders,291.12,7,0.11,5.48,2025-02,2025,3.0,1.8823852706787583
ORD01920,C00394,2025-02-07 02:16:47,2025-02-09 02:16:47,First Class,Consumer,South,Office Supplies,Paper,209.28,7,0.135,4.285,2025-02,2025,2.0,2.0474961773700304
ORD03030,C00094,2025-02-07 10:13:05,2025-02-12 10:13:05,Standard Class,Corporate,West,Furniture,Bookcases,996.75,6,0.144,14.09,2025-02,2025,5.0,1.4135941810885377
ORD00611,C00410,2025-02-07 14:46:38,2025-02-11 14:46:38,Standard Class,Consumer,North,Office Supplies,Appliances,41.18,1,0.203,-1.7,2025-02,2025,4.0,-4.12821758135017
ORD00133,C00357,2025-02-07 16:26:18,2025-02-12 16:26:18,Standard Class,Corporate,East,Technology,Laptops,132.5,1,0.11,4.2,2025-02,2025,5.0,3.169811320754717
ORD01386,C00179,2025-02-07 17:13:30,2025-02-09 17:13:30,First Class,Home Office,West,Office Supplies,Binders,65.91,1,0.068,4.71,2025-02,2025,2.0,7.146108329540282
ORD03036,C00606,2025-02-07 18:22:43,2025-02-12 18:22:43,Standard Class,Consumer,East,Technology,Laptops,757.31,6,0.045,157.93,2025-02,2025,5.0,20.854075609723893
ORD01053,C00588,2025-02-07 19:20:41,2025-02-12 19:20:41,Standard Class,Consumer,East,Office Supplies,Binders,152.24,5,0.036,23.42,2025-02,2025,5.0,15.383604834471887
ORD00603,C00877,2025-02-07 22:50:18,2025-02-12 22:50:18,Standard Class,Corporate,South,Office Supplies,Paper,27.37,1,0.258,-2.51,2025-02,2025,5.0,-9.170624771647788
ORD03070,C00460,2025-02-08 00:13:44,2025-02-13 00:13:44,Standard Class,Home Office,North,Furniture,Chairs,677.14,4,0.212,-26.18,2025-02,2025,5.0,-3.8662610390761145
ORD00278,C00896,2025-02-08 02:02:07,2025-02-11 02:02:07,Standard Class,Consumer,South,Technology,Laptops,660.76,5,0.457,-186.35,2025-02,2025,3.0,-28.202373025001513
ORD02652,C00916,2025-02-08 02:42:39,2025-02-09 02:42:39,Same Day,Home Office,North,Office Supplies,Binders,529.95,8,0.063,61.3,2025-02,2025,1.0,11.567128974431547
ORD00934,C00746,2025-02-08 09:44:57,2025-02-10 09:44:57,First Class,Consumer,West,Furniture,Furnishings,2023.49,8,0.147,-75.6,2025-02,2025,2.0,-3.7361192790673536
ORD02566,C00224,2025-02-08 10:42:47,2025-02-11 10:42:47,Standard Class,Consumer,East,Furniture,Bookcases,243.0,1,0.234,-28.62,2025-02,2025,3.0,-11.777777777777779
ORD00507,C00620,2025-02-08 15:05:00,2025-02-10 15:05:00,Second Class,Consumer,West,Technology,Phones,763.05,6,0.304,-4.19,2025-02,2025,2.0,-0.5491121158508617
ORD03060,C00216,2025-02-08 17:04:15,2025-02-11 17:04:15,Standard Class,Corporate,West,Furniture,Tables,325.28,2,0.201,-55.47,2025-02,2025,3.0,-17.053000491883914
ORD03009,C00310,2025-02-08 17:22:40,2025-02-13 17:22:40,Standard Class,Consumer,North,Technology,Phones,241.48,2,0.014,77.78,2025-02,2025,5.0,32.20970680801723
ORD02050,C00395,2025-02-08 20:19:31,2025-02-13 20:19:31,Standard Class,Consumer,West,Furniture,Bookcases,567.54,4,0.226,-49.87,2025-02,2025,5.0,-8.78704584698876
ORD01423,C00230,2025-02-09 00:15:44,2025-02-11 00:15:44,First Class,Home Office,East,Furniture,Tables,936.7,7,0.166,37.55,2025-02,2025,2.0,4.008754136863456
ORD03635,C00258,2025-02-09 01:00:54,2025-02-13 01:00:54,Standard Class,Corporate,North,Office Supplies,Paper,315.91,7,0.212,-12.89,2025-02,2025,4.0,-4.080276027982653
ORD00694,C00419,2025-02-09 03:49:50,2025-02-12 03:49:50,Standard Class,Home Office,East,Technology,Accessories,611.87,4,0.022,117.96,2025-02,2025,3.0,19.278604932420286
ORD02847,C00435,2025-02-09 07:04:10,2025-02-11 07:04:10,First Class,Consumer,North,Office Supplies,Binders,59.26,1,0.319,-6.31,2025-02,2025,2.0,-10.647991900101248
ORD01655,C00142,2025-02-09 11:41:20,2025-02-12 11:41:20,First Class,Corporate,East,Furniture,Furnishings,1130.78,7,0.131,6.88,2025-02,2025,3.0,0.6084295795822352
ORD02424,C00935,2025-02-09 14:56:05,2025-02-12 14:56:05,Standard Class,Consumer,East,Furniture,Tables,386.93,2,0.1,14.75,2025-02,2025,3.0,3.8120590287648928
ORD00595,C00337,2025-02-09 17:29:39,2025-02-14 17:29:39,Standard Class,Corporate,North,Office Supplies,Binders,97.02,3,0.226,-2.78,2025-02,2025,5.0,-2.8653885796742937
ORD02709,C00626,2025-02-09 20:35:03,2025-02-12 20:35:03,Standard Class,Consumer,South,Office Supplies,Storage,224.86,5,0.044,22.46,2025-02,2025,3.0,9.988437249844347
ORD00900,C00686,2025-02-10 00:09:13,2025-02-12 00:09:13,Second Class,Home Office,West,Technology,Accessories,187.93,1,0.336,-28.49,2025-02,2025,2.0,-15.159899962752089
ORD03601,C00473,2025-02-10 13:30:22,2025-02-12 13:30:22,Second Class,Consumer,South,Office Supplies,Binders,151.21,3,0.17,-7.05,2025-02,2025,2.0,-4.6623900535678855
ORD01655,C00373,2025-02-10 14:40:16,2025-02-14 14:40:16,Standard Class,Consumer,West,Technology,Accessories,293.85,2,0.181,7.34,2025-02,2025,4.0,2.4978730644886844
ORD02770,C00655,2025-02-10 15:12:11,2025-02-13 15:12:11,Second Class,Corporate,East,Technology,Accessories,1003.13,7,0.421,-193.63,2025-02,2025,3.0,-19.302582915474563
ORD00517,C00862,2025-02-10 21:23:21,2025-02-13 21:23:21,First Class,Consumer,North,Office Supplies,Binders,159.66,3,0.258,-10.46,2025-02,2025,3.0,-6.551421771263937
ORD01469,C00799,2025-02-11 13:43:02,2025-02-13 13:43:02,Second Class,Consumer,North,Technology,Phones,144.04,1,0.158,14.06,2025-02,2025,2.0,9.761177450708137
ORD02872,C00815,2025-02-11 14:09:38,2025-02-13 14:09:38,Second Class,Consumer,North,Technology,Accessories,807.63,5,0.007,182.34,2025-02,2025,2.0,22.577170238846996
ORD02187,C00100,2025-02-12 04:19:33,2025-02-17 04:19:33,Standard Class,Consumer,North,Office Supplies,Appliances,158.3,5,0.241,-7.88,2025-02,2025,5.0,-4.977890082122552
ORD00317,C00199,2025-02-12 05:18:34,2025-02-17 05:18:34,Standard Class,Consumer,West,Technology,Laptops,504.5,3,0.229,16.69,2025-02,2025,5.0,3.308225966303271
ORD02814,C00548,2025-02-12 11:06:01,2025-02-15 11:06:01,Second Class,Consumer,North,Office Supplies,Storage,314.98,8,0.112,13.95,2025-02,2025,3.0,4.428852625563527
ORD02764,C00358,2025-02-12 11:34:15,2025-02-16 11:34:15,Standard Class,Corporate,North,Office Supplies,Art,170.19,3,0.133,-0.06,2025-02,2025,4.0,-0.035254715318173806
ORD03145,C00746,2025-02-13 03:25:32,2025-02-17 03:25:32,Standard Class,Consumer,North,Furniture,Tables,364.24,4,0.226,-40.69,2025-02,2025,4.0,-11.171205798374698
ORD00943,C00655,2025-02-13 08:49:10,2025-02-18 08:49:10,Standard Class,Consumer,West,Office Supplies,Storage,368.24,5,0.228,16.12,2025-02,2025,5.0,4.377579839235281
ORD03589,C00844,2025-02-13 16:37:41,2025-02-15 16:37:41,Second Class,Home Office,North,Furniture,Bookcases,837.21,7,0.153,0.69,2025-02,2025,2.0,0.08241659798616834
ORD03762,C00027,2025-02-13 21:17:39,2025-02-18 21:17:39,Standard Class,Consumer,West,Office Supplies,Appliances,126.27,7,0.248,-9.44,2025-02,2025,5.0,-7.476043399065495
ORD03160,C00755,2025-02-14 00:22:05,2025-02-18 00:22:05,Standard Class,Home Office,East,Technology,Phones,1174.92,8,0.054,250.98,2025-02,2025,4.0,21.361454396895105
ORD03530,C00450,2025-02-14 03:04:03,2025-02-19 03:04:03,Standard Class,Home Office,West,Office Supplies,Art,262.43,5,0.096,43.18,2025-02,2025,5.0,16.45391151926228
ORD01469,C00608,2025-02-14 09:13:52,2025-02-17 09:13:52,First Class,Consumer,North,Technology,Accessories,879.46,8,0.251,-18.01,2025-02,2025,3.0,-2.047847542810361
ORD00253,C00303,2025-02-14 17:56:36,2025-02-17 17:56:36,First Class,Home Office,South,Office Supplies,Art,419.17,8,0.101,47.87,2025-02,2025,3.0,11.420187513419375
ORD01168,C00455,2025-02-14 18:01:14,2025-02-16 18:01:14,First Class,Corporate,North,Office Supplies,Binders,245.04,7,0.102,12.59,2025-02,2025,2.0,5.137936663401894
ORD01825,C00256,2025-02-14 23:46:53,2025-02-19 23:46:53,Standard Class,Home Office,North,Furniture,Furnishings,826.35,7,0.206,-71.09,2025-02,2025,5.0,-8.602892236945605
ORD03167,C00275,2025-02-15 00:46:51,2025-02-20 00:46:51,Standard Class,Corporate,North,Furniture,Chairs,154.43,2,0.21,-16.86,2025-02,2025,5.0,-10.917567830084828
ORD00878,C00572,2025-02-15 03:44:57,2025-02-16 03:44:57,First Class,Consumer,South,Technology,Phones,1162.65,8,0.087,133.39,2025-02,2025,1.0,11.47292822431514
ORD01020,C00588,2025-02-15 08:55:37,2025-02-18 08:55:37,Standard Class,Consumer,North,Technology,Accessories,724.06,6,0.094,97.33,2025-02,2025,3.0,13.442256166616026
ORD01726,C00947,2025-02-15 14:52:09,2025-02-20 14:52:09,Standard Class,Consumer,North,Office Supplies,Binders,380.04,8,0.25,-10.12,2025-02,2025,5.0,-2.662877591832438
ORD03865,C00076,2025-02-15 18:56:48,2025-02-20 18:56:48,Standard Class,Home Office,South,Technology,Phones,969.24,6,0.07,86.22,2025-02,2025,5.0,8.89562956543271
ORD02498,C00781,2025-02-15 23:49:08,2025-02-16 23:49:08,Same Day,Home Office,South,Technology,Laptops,909.68,8,0.227,-66.1,2025-02,2025,1.0,-7.2662914431448415
ORD03725,C00897,2025-02-16 00:09:35,2025-02-17 00:09:35,Same Day,Consumer,South,Furniture,Furnishings,102.62,1,0.089,-3.2,2025-02,2025,1.0,-3.118300526213214
ORD01568,C00363,2025-02-16 02:02:17,2025-02-20 02:02:17,Second Class,Corporate,South,Furniture,Bookcases,330.44,4,0.318,-35.06,2025-02,2025,4.0,-10.610095630068999
ORD00936,C00088,2025-02-16 02:55:42,2025-02-21 02:55:42,Standard Class,Consumer,West,Office Supplies,Binders,95.97,6,0.36,-8.52,2025-02,2025,5.0,-8.877774304470147
ORD00218,C00262,2025-02-16 09:56:04,2025-02-19 09:56:04,Standard Class,Corporate,North,Technology,Accessories,315.54,3,0.099,38.44,2025-02,2025,3.0,12.182290676300942
ORD02901,C00351,2025-02-16 12:09:53,2025-02-21 12:09:53,Standard Class,Corporate,East,Technology,Laptops,376.09,3,0.188,20.33,2025-02,2025,5.0,5.405620994974607
ORD01119,C00326,2025-02-16 14:56:11,2025-02-16 14:56:11,Same Day,Corporate,North,Office Supplies,Art,61.12,1,0.205,-7.3,2025-02,2025,0.0,-11.943717277486911
ORD02516,C00483,2025-02-16 15:58:12,2025-02-18 15:58:12,Second Class,Corporate,East,Technology,Accessories,322.94,2,0.084,34.56,2025-02,2025,2.0,10.701678330340002
ORD03430,C00311,2025-02-16 17:20:26,2025-02-21 17:20:26,Standard Class,Corporate,North,Office Supplies,Art,469.75,8,0.163,-11.76,2025-02,2025,5.0,-2.50345928685471
ORD00416,C00913,2025-02-17 00:19:25,2025-02-19 00:19:25,Second Class,Consumer,North,Furniture,Bookcases,981.13,5,0.145,-64.1,2025-02,2025,2.0,-6.533283051175684
ORD01922,C00389,2025-02-17 00:38:40,2025-02-20 00:38:40,Second Class,Consumer,South,Office Supplies,Paper,137.64,5,0.19,-6.4,2025-02,2025,3.0,-4.649811101424006
ORD02828,C00715,2025-02-17 11:41:23,2025-02-21 11:41:23,Second Class,Consumer,West,Technology,Laptops,340.16,2,0.262,9.56,2025-02,2025,4.0,2.810442144873001
ORD03146,C00408,2025-02-17 13:30:00,2025-02-21 13:30:00,Second Class,Corporate,East,Office Supplies,Paper,256.08,8,0.252,-10.83,2025-02,2025,4.0,-4.229147141518276
ORD01008,C00528,2025-02-17 20:45:00,2025-02-20 20:45:00,First Class,Corporate,South,Technology,Laptops,120.92,1,0.225,-0.16,2025-02,2025,3.0,-0.13231888852133644
ORD01084,C00691,2025-02-18 02:47:03,2025-02-21 02:47:03,Standard Class,Corporate,East,Office Supplies,Paper,113.76,5,0.038,10.63,2025-02,2025,3.0,9.34423347398031
ORD03147,C00545,2025-02-18 05:09:44,2025-02-22 05:09:44,Standard Class,Consumer,North,Furniture,Furnishings,345.66,4,0.215,-39.8,2025-02,2025,4.0,-11.514204709830468
ORD03337,C00633,2025-02-18 05:41:27,2025-02-22 05:41:27,Second Class,Corporate,North,Furniture,Chairs,136.0,1,0.199,-18.98,2025-02,2025,4.0,-13.955882352941176
ORD00220,C00592,2025-02-18 12:03:26,2025-02-23 12:03:26,Standard Class,Corporate,East,Furniture,Bookcases,334.79,4,0.083,0.57,2025-02,2025,5.0,0.17025598136145043
ORD02908,C00379,2025-02-18 14:12:27,2025-02-22 14:12:27,Standard Class,Corporate,West,Technology,Laptops,330.58,2,0.255,13.48,2025-02,2025,4.0,4.077681650432574
ORD00642,C00092,2025-02-18 18:17:31,2025-02-20 18:17:31,First Class,Consumer,West,Office Supplies,Appliances,95.26,2,0.079,11.32,2025-02,2025,2.0,11.883266848624816
ORD01612,C00146,2025-02-18 18:57:14,2025-02-21 18:57:14,Standard Class,Home Office,South,Office Supplies,Appliances,44.51,4,0.18,-2.14,2025-02,2025,3.0,-4.807908335205572
ORD03646,C00800,2025-02-19 01:20:29,2025-02-23 01:20:29,Second Class,Corporate,East,Office Supplies,Storage,81.4,2,0.046,12.96,2025-02,2025,4.0,15.92137592137592
ORD00325,C00121,2025-02-19 04:20:44,2025-02-24 04:20:44,Standard Class,Corporate,South,Office Supplies,Art,169.28,7,0.2,-1.52,2025-02,2025,5.0,-0.8979206049149339
ORD01322,C00411,2025-02-19 05:58:05,2025-02-24 05:58:05,Standard Class,Consumer,South,Office Supplies,Art,224.28,7,0.082,-2.52,2025-02,2025,5.0,-1.1235955056179776
ORD02261,C00318,2025-02-19 12:35:42,2025-02-22 12:35:42,Standard Class,Corporate,East,Technology,Phones,1190.17,7,0.168,22.28,2025-02,2025,3.0,1.8720014787803423
ORD00462,C00751,2025-02-20 00:01:15,2025-02-23 00:01:15,Standard Class,Home Office,North,Technology,Accessories,756.56,7,0.088,76.84,2025-02,2025,3.0,10.15649783229354
ORD02014,C00159,2025-02-20 01:14:25,2025-02-23 01:14:25,Standard Class,Consumer,East,Technology,Laptops,1191.19,7,0.155,100.92,2025-02,2025,3.0,8.472200068838724
ORD03250,C00573,2025-02-20 02:06:01,2025-02-25 02:06:01,Standard Class,Consumer,South,Furniture,Chairs,1390.55,8,0.234,-115.2,2025-02,2025,5.0,-8.284491747869549
ORD02586,C00452,2025-02-20 19:32:13,2025-02-23 19:32:13,Standard Class,Consumer,East,Furniture,Furnishings,1133.13,8,0.127,-24.81,2025-02,2025,3.0,-2.1895104709962667
ORD00739,C00169,2025-02-20 22:51:07,2025-02-24 22:51:07,Standard Class,Corporate,West,Office Supplies,Art,168.72,4,0.145,-12.04,2025-02,2025,4.0,-7.136083451872925
ORD01559,C00419,2025-02-20 23:59:45,2025-02-25 23:59:45,Standard Class,Consumer,North,Furniture,Tables,786.26,4,0.26,-69.17,2025-02,2025,5.0,-8.797344389896471
ORD03292,C00804,2025-02-21 02:54:22,2025-02-25 02:54:22,Second Class,Home Office,East,Office Supplies,Binders,61.05,1,0.163,-0.84,2025-02,2025,4.0,-1.375921375921376
ORD03368,C00261,2025-02-21 08:40:31,2025-02-25 08:40:31,Standard Class,Corporate,East,Furniture,Chairs,653.06,7,0.137,2.36,2025-02,2025,4.0,0.3613756775793955
ORD01904,C00583,2025-02-21 10:40:17,2025-02-23 10:40:17,First Class,Corporate,South,Furniture,Furnishings,1684.63,8,0.19,-79.02,2025-02,2025,2.0,-4.690644236419867
ORD02745,C00322,2025-02-21 12:34:29,2025-02-25 12:34:29,Standard Class,Consumer,West,Furniture,Tables,1379.9,6,0.049,31.16,2025-02,2025,4.0,2.25813464743822
ORD03360,C00706,2025-02-21 13:25:43,2025-02-24 13:25:43,Standard Class,Corporate,South,Technology,Laptops,1010.9,7,0.032,72.46,2025-02,2025,3.0,7.167870214660203
ORD03117,C00243,2025-02-21 15:55:24,2025-02-22 15:55:24,First Class,Consumer,North,Furniture,Tables,617.79,6,0.124,-4.39,2025-02,2025,1.0,-0.7105974522086793
ORD03363,C00589,2025-02-21 20:40:42,2025-02-25 20:40:42,Standard Class,Consumer,West,Office Supplies,Storage,283.33,4,0.195,7.29,2025-02,2025,4.0,2.5729714467229026
ORD00409,C00196,2025-02-21 20:58:57,2025-02-24 20:58:57,Second Class,Corporate,West,Technology,Laptops,1687.09,8,0.264,13.38,2025-02,2025,3.0,0.7930815783390336
ORD00289,C00872,2025-02-21 21:27:46,2025-02-23 21:27:46,Second Class,Consumer,East,Office Supplies,Art,411.05,6,0.221,-5.76,2025-02,2025,2.0,-1.4012893808539106
ORD00038,C00174,2025-02-22 01:33:38,2025-02-24 01:33:38,Same Day,Corporate,West,Office Supplies,Binders,121.56,4,0.115,-3.09,2025-02,2025,2.0,-2.5419545903257648
ORD01055,C00770,2025-02-23 04:29:40,2025-02-25 04:29:40,Second Class,Consumer,South,Office Supplies,Art,456.69,8,0.047,41.36,2025-02,2025,2.0,9.056471567146204
ORD00409,C00837,2025-02-23 05:51:53,2025-02-28 05:51:53,Standard Class,Consumer,East,Technology,Laptops,1358.03,8,0.074,99.8,2025-02,2025,5.0,7.3488803634676705
ORD02965,C00927,2025-02-23 11:00:10,2025-02-26 11:00:10,Standard Class,Corporate,North,Technology,Phones,1307.93,8,0.13,162.62,2025-02,2025,3.0,12.433387107872745
ORD01615,C00481,2025-02-23 15:45:22,2025-02-26 15:45:22,Second Class,Consumer,North,Office Supplies,Storage,290.52,5,0.261,-4.17,2025-02,2025,3.0,-1.4353572903758778
ORD02209,C00819,2025-02-23 20:58:29,2025-02-27 20:58:29,Second Class,Consumer,South,Furniture,Chairs,195.32,2,0.257,-33.62,2025-02,2025,4.0,-17.212779029285276
ORD02332,C00277,2025-02-24 05:06:29,2025-03-01 05:06:29,Standard Class,Corporate,South,Technology,Laptops,581.37,4,0.345,-66.37,2025-02,2025,5.0,-11.41613774360562
ORD01785,C00499,2025-02-24 06:16:19,2025-02-27 06:16:19,First Class,Corporate,East,Office Supplies,Storage,178.65,8,0.21,-5.01,2025-02,2025,3.0,-2.804366078925273
ORD00356,C00168,2025-02-24 07:45:18,2025-02-27 07:45:18,First Class,Corporate,East,Technology,Laptops,491.96,4,0.09,49.75,2025-02,2025,3.0,10.112610781364339
ORD01217,C00668,2025-02-25 02:36:14,2025-02-26 02:36:14,Same Day,Home Office,East,Office Supplies,Art,55.61,1,0.254,-6.55,2025-02,2025,1.0,-11.77845711203021
ORD00992,C00712,2025-02-25 12:07:54,2025-02-26 12:07:54,Same Day,Consumer,East,Technology,Phones,141.36,1,0.264,-6.18,2025-02,2025,1.0,-4.3718166383701185
ORD01368,C00113,2025-02-25 12:19:19,2025-02-26 12:19:19,First Class,Consumer,East,Office Supplies,Art,477.05,8,0.046,24.65,2025-02,2025,1.0,5.1671732522796345
ORD03557,C00363,2025-02-25 19:13:11,2025-02-28 19:13:11,First Class,Corporate,West,Technology,Accessories,824.56,5,0.133,136.38,2025-02,2025,3.0,16.539730280391968
ORD03827,C00156,2025-02-25 22:51:41,2025-03-01 22:51:41,Second Class,Corporate,North,Furniture,Furnishings,221.97,3,0.078,-10.53,2025-02,2025,4.0,-4.7438843086903635
ORD02218,C00889,2025-02-26 03:14:49,2025-03-03 03:14:49,Standard Class,Consumer,East,Office Supplies,Binders,259.34,4,0.144,26.32,2025-02,2025,5.0,10.148839361456005
ORD01835,C00200,2025-02-26 09:14:05,2025-02-28 09:14:05,Same Day,Corporate,North,Office Supplies,Art,59.92,3,0.148,0.19,2025-02,2025,2.0,0.31708945260347127
ORD03211,C00471,2025-02-26 12:58:16,2025-03-02 12:58:16,Standard Class,Consumer,North,Furniture,Bookcases,388.22,2,0.322,-60.72,2025-02,2025,4.0,-15.640616145484518
ORD02759,C00715,2025-02-26 15:41:10,2025-03-01 15:41:10,Standard Class,Consumer,East,Technology,Phones,455.03,4,0.178,-1.0,2025-02,2025,3.0,-0.2197657297321056
ORD03743,C00063,2025-02-26 19:55:36,2025-03-02 19:55:36,Standard Class,Home Office,East,Office Supplies,Storage,145.62,4,0.208,7.47,2025-02,2025,4.0,5.129789864029666
ORD02033,C00628,2025-02-26 22:28:01,2025-03-02 22:28:01,Standard Class,Consumer,South,Technology,Phones,944.19,7,0.317,-78.09,2025-02,2025,4.0,-8.270581133034664
ORD02750,C00328,2025-02-27 02:46:07,2025-03-02 02:46:07,Second Class,Consumer,East,Office Supplies,Binders,229.77,8,0.328,-36.33,2025-02,2025,3.0,-15.811463637550593
ORD00206,C00627,2025-02-27 05:08:29,2025-03-03 05:08:29,Second Class,Corporate,South,Office Supplies,Appliances,53.09,4,0.204,-1.94,2025-02,2025,4.0,-3.6541721604822
ORD00444,C00164,2025-02-27 13:48:30,2025-03-01 13:48:30,Second Class,Consumer,West,Furniture,Tables,172.2,2,0.183,-5.91,2025-02,2025,2.0,-3.43205574912892
ORD02855,C00922,2025-02-27 21:00:07,2025-03-04 21:00:07,Standard Class,Home Office,West,Office Supplies,Art,373.99,8,0.203,4.4,2025-02,2025,5.0,1.1765020455092383
ORD02074,C00791,2025-02-27 23:27:38,2025-03-01 23:27:38,First Class,Corporate,South,Office Supplies,Paper,21.61,2,0.265,-2.92,2025-02,2025,2.0,-13.512262841277186
ORD03679,C00257,2025-02-28 02:56:01,2025-03-04 02:56:01,Second Class,Consumer,South,Office Supplies,Binders,343.31,7,0.291,-8.13,2025-02,2025,4.0,-2.3681221053858033
ORD02699,C00110,2025-02-28 04:11:28,2025-03-05 04:11:28,Standard Class,Consumer,East,Technology,Accessories,237.18,2,0.07,35.27,2025-02,2025,5.0,14.870562442027152
ORD00746,C00173,2025-02-28 05:09:46,2025-03-03 05:09:46,First Class,Consumer,South,Technology,Accessories,835.91,6,0.197,29.7,2025-02,2025,3.0,3.5530140804632078
ORD01679,C00096,2025-02-28 06:49:07,2025-03-05 06:49:07,Standard Class,Corporate,North,Furniture,Bookcases,898.89,6,0.317,-189.56,2025-02,2025,5.0,-21.088231040505512
ORD03509,C00431,2025-02-28 13:19:31,2025-03-03 13:19:31,First Class,Consumer,North,Office Supplies,Paper,64.96,1,0.015,14.18,2025-02,2025,3.0,21.82881773399015
ORD00028,C00856,2025-02-28 15:51:44,2025-03-05 15:51:44,Standard Class,Consumer,East,Furniture,Furnishings,1755.45,7,0.132,-11.0,2025-02,2025,5.0,-0.6266199549972942
ORD01506,C00579,2025-02-28 17:48:39,2025-03-04 17:48:39,Standard Class,Corporate,West,Furniture,Bookcases,1562.52,8,0.142,47.24,2025-02,2025,4.0,3.023321301487341
ORD03426,C00418,2025-03-01 03:17:24,2025-03-02 03:17:24,Same Day,Consumer,East,Technology,Laptops,650.9,4,0.012,84.51,2025-03,2025,1.0,12.983561222922111
ORD01433,C00765,2025-03-01 04:25:54,2025-03-02 04:25:54,First Class,Consumer,South,Office Supplies,Storage,191.38,7,0.225,-19.17,2025-03,2025,1.0,-10.01672066046609
ORD00875,C00338,2025-03-01 05:45:13,2025-03-02 05:45:13,Same Day,Corporate,East,Office Supplies,Appliances,91.19,6,0.226,-5.5,2025-03,2025,1.0,-6.031363088057901
ORD00454,C00539,2025-03-01 07:55:44,2025-03-01 07:55:44,Same Day,Consumer,East,Furniture,Furnishings,435.57,2,0.341,-47.64,2025-03,2025,0.0,-10.937392382395482
ORD02216,C00165,2025-03-01 12:42:34,2025-03-03 12:42:34,Second Class,Consumer,North,Furniture,Tables,1140.0,7,0.078,-25.59,2025-03,2025,2.0,-2.2447368421052634
ORD03106,C00015,2025-03-02 01:45:19,2025-03-07 01:45:19,Standard Class,Corporate,West,Furniture,Chairs,433.08,5,0.259,-62.34,2025-03,2025,5.0,-14.394569132723747
ORD00985,C00572,2025-03-02 09:23:47,2025-03-07 09:23:47,Standard Class,Corporate,West,Office Supplies,Art,23.48,1,0.158,0.63,2025-03,2025,5.0,2.6831345826235093
ORD00430,C00713,2025-03-02 10:31:15,2025-03-05 10:31:15,Standard Class,Consumer,South,Office Supplies,Art,144.17,7,0.286,-9.39,2025-03,2025,3.0,-6.513144204758273
ORD01878,C00024,2025-03-02 11:21:45,2025-03-06 11:21:45,Second Class,Consumer,East,Office Supplies,Appliances,66.53,1,0.071,5.67,2025-03,2025,4.0,8.522471065684654
ORD01282,C00725,2025-03-02 11:40:19,2025-03-03 11:40:19,First Class,Consumer,West,Furniture,Tables,1327.53,7,0.075,42.07,2025-03,2025,1.0,3.1690432607926
ORD00208,C00742,2025-03-02 16:01:21,2025-03-05 16:01:21,First Class,Corporate,East,Technology,Accessories,446.3,4,0.092,40.06,2025-03,2025,3.0,8.976025095227426
ORD00015,C00930,2025-03-02 18:52:20,2025-03-06 18:52:20,Standard Class,Consumer,North,Office Supplies,Art,191.02,4,0.161,-16.27,2025-03,2025,4.0,-8.517432729557113
ORD01709,C00458,2025-03-02 20:52:02,2025-03-07 20:52:02,Standard Class,Home Office,South,Office Supplies,Art,70.46,5,0.303,-8.84,2025-03,2025,5.0,-12.546125461254615
ORD00523,C00533,2025-03-03 01:29:39,2025-03-05 01:29:39,Second Class,Corporate,South,Office Supplies,Art,514.58,8,0.078,17.84,2025-03,2025,2.0,3.466905048777644
ORD03255,C00313,2025-03-03 14:42:49,2025-03-08 14:42:49,Standard Class,Consumer,West,Office Supplies,Art,60.95,1,0.002,7.63,2025-03,2025,5.0,12.518457752255946
ORD03883,C00290,2025-03-03 18:02:35,2025-03-08 18:02:35,Standard Class,Home Office,South,Technology,Laptops,1137.93,8,0.134,140.29,2025-03,2025,5.0,12.328526359266386
ORD01805,C00428,2025-03-04 02:31:09,2025-03-08 02:31:09,Second Class,Corporate,North,Office Supplies,Art,133.73,4,0.012,16.46,2025-03,2025,4.0,12.308382561878412
ORD03021,C00148,2025-03-04 13:25:18,2025-03-07 13:25:18,Standard Class,Consumer,North,Furniture,Furnishings,554.57,5,0.186,-13.23,2025-03,2025,3.0,-2.3856321113655623
ORD02390,C00208,2025-03-04 14:24:41,2025-03-06 14:24:41,Second Class,Corporate,East,Office Supplies,Binders,41.35,2,0.168,-2.2,2025-03,2025,2.0,-5.32043530834341
ORD03096,C00728,2025-03-04 14:52:11,2025-03-07 14:52:11,Standard Class,Corporate,West,Office Supplies,Paper,371.92,7,0.241,-47.4,2025-03,2025,3.0,-12.744676274467626
ORD00854,C00916,2025-03-04 21:47:28,2025-03-06 21:47:28,First Class,Consumer,North,Furniture,Bookcases,1329.56,8,0.203,-69.33,2025-03,2025,2.0,-5.214507054965552
ORD01013,C00781,2025-03-04 23:21:53,2025-03-07 23:21:53,Standard Class,Consumer,South,Furniture,Tables,1523.91,7,0.352,-239.11,2025-03,2025,3.0,-15.690559153755798
ORD03134,C00269,2025-03-04 23:31:58,2025-03-07 23:31:58,Second Class,Consumer,North,Office Supplies,Paper,192.59,3,0.138,7.49,2025-03,2025,3.0,3.8890908146840437
ORD02931,C00385,2025-03-05 10:16:48,2025-03-10 10:16:48,Standard Class,Corporate,North,Office Supplies,Appliances,144.33,5,0.111,10.72,2025-03,2025,5.0,7.4274232661262385
ORD01646,C00145,2025-03-05 11:07:31,2025-03-10 11:07:31,Standard Class,Corporate,North,Office Supplies,Art,46.03,1,0.037,6.99,2025-03,2025,5.0,15.185748424940257
ORD01280,C00928,2025-03-05 13:13:47,2025-03-08 13:13:47,Second Class,Corporate,North,Furniture,Bookcases,559.45,7,0.05,61.03,2025-03,2025,3.0,10.908928411833049
ORD01848,C00599,2025-03-05 16:11:44,2025-03-08 16:11:44,Standard Class,Corporate,West,Office Supplies,Binders,380.89,5,0.123,13.27,2025-03,2025,3.0,3.4839454960749827
ORD02588,C00929,2025-03-05 16:22:13,2025-03-10 16:22:13,Standard Class,Consumer,South,Office Supplies,Paper,80.24,7,0.042,8.58,2025-03,2025,5.0,10.692921236291127
ORD00424,C00106,2025-03-05 20:33:06,2025-03-09 20:33:06,Standard Class,Consumer,West,Furniture,Chairs,284.68,1,0.131,16.33,2025-03,2025,4.0,5.736265280314739
ORD03017,C00640,2025-03-05 22:44:05,2025-03-09 22:44:05,Standard Class,Home Office,East,Technology,Accessories,587.75,5,0.224,-31.89,2025-03,2025,4.0,-5.425776265418971
ORD01429,C00617,2025-03-05 23:39:10,2025-03-07 23:39:10,Same Day,Consumer,South,Office Supplies,Binders,50.08,1,0.184,-1.11,2025-03,2025,2.0,-2.2164536741214063
ORD03599,C00819,2025-03-06 05:04:55,2025-03-10 05:04:55,Standard Class,Corporate,East,Furniture,Tables,86.41,1,0.213,-9.43,2025-03,2025,4.0,-10.913088762874668
ORD02928,C00722,2025-03-06 09:13:56,2025-03-11 09:13:56,Standard Class,Home Office,North,Technology,Phones,1260.07,7,0.087,179.66,2025-03,2025,5.0,14.257938051060655
ORD02478,C00687,2025-03-06 11:47:43,2025-03-09 11:47:43,Standard Class,Consumer,East,Technology,Laptops,875.68,7,0.197,-63.98,2025-03,2025,3.0,-7.306321944089166
ORD00443,C00369,2025-03-06 13:51:09,2025-03-08 13:51:09,Second Class,Consumer,East,Office Supplies,Appliances,80.06,3,0.095,7.4,2025-03,2025,2.0,9.24306769922558
ORD01393,C00129,2025-03-06 18:07:46,2025-03-09 18:07:46,Standard Class,Consumer,West,Office Supplies,Storage,252.68,5,0.117,2.1,2025-03,2025,3.0,0.831090707614374
ORD00024,C00248,2025-03-06 20:13:23,2025-03-10 20:13:23,Second Class,Corporate,East,Furniture,Tables,1309.91,5,0.165,1.43,2025-03,2025,4.0,0.10916780542174652
ORD01713,C00506,2025-03-06 22:24:38,2025-03-08 22:24:38,Second Class,Consumer,West,Furniture,Chairs,403.15,3,0.22,-18.33,2025-03,2025,2.0,-4.54669477861838
ORD01889,C00715,2025-03-07 05:50:55,2025-03-11 05:50:55,Standard Class,Consumer,South,Technology,Phones,198.05,2,0.198,13.96,2025-03,2025,4.0,7.048725069426913
ORD01760,C00473,2025-03-07 08:50:21,2025-03-10 08:50:21,Standard Class,Consumer,South,Furniture,Chairs,804.74,4,0.32,-139.42,2025-03,2025,3.0,-17.324850262196485
ORD02071,C00333,2025-03-07 11:20:28,2025-03-11 11:20:28,Standard Class,Consumer,South,Office Supplies,Appliances,265.38,5,0.027,40.93,2025-03,2025,4.0,15.42316677971211
ORD03315,C00122,2025-03-07 12:50:22,2025-03-09 12:50:22,Second Class,Consumer,West,Furniture,Furnishings,1221.43,6,0.326,-211.78,2025-03,2025,2.0,-17.338693171119097
ORD01072,C00355,2025-03-08 03:11:45,2025-03-12 03:11:45,Standard Class,Corporate,North,Office Supplies,Binders,401.1,8,0.215,-7.57,2025-03,2025,4.0,-1.887309897781102
ORD01151,C00417,2025-03-08 20:36:00,2025-03-11 20:36:00,Second Class,Consumer,South,Office Supplies,Art,196.16,8,0.063,22.89,2025-03,2025,3.0,11.669045676998369
ORD01706,C00529,2025-03-08 23:25:03,2025-03-11 23:25:03,First Class,Consumer,East,Office Supplies,Appliances,231.13,6,0.234,-23.82,2025-03,2025,3.0,-10.305888461039242
ORD03630,C00839,2025-03-09 06:23:35,2025-03-12 06:23:35,First Class,Consumer,West,Furniture,Bookcases,947.46,4,0.083,96.62,2025-03,2025,3.0,10.197791991218628
ORD01592,C00423,2025-03-09 09:18:31,2025-03-13 09:18:31,Standard Class,Home Office,North,Office Supplies,Binders,329.96,7,0.054,67.94,2025-03,2025,4.0,20.590374590859497
ORD01256,C00342,2025-03-09 11:54:40,2025-03-14 11:54:40,Standard Class,Home Office,East,Furniture,Chairs,1516.66,7,0.12,63.93,2025-03,2025,5.0,4.215183363443355
ORD01200,C00388,2025-03-09 14:43:41,2025-03-13 14:43:41,Standard Class,Consumer,North,Technology,Phones,901.88,7,0.127,64.89,2025-03,2025,4.0,7.19497050605402
ORD01590,C00411,2025-03-09 19:39:27,2025-03-12 19:39:27,Standard Class,Corporate,South,Office Supplies,Storage,125.61,5,0.323,-13.82,2025-03,2025,3.0,-11.0023087333811
ORD00230,C00113,2025-03-09 22:28:40,2025-03-10 22:28:40,First Class,Consumer,West,Office Supplies,Art,461.59,7,0.117,40.21,2025-03,2025,1.0,8.711193916679305
ORD02668,C00766,2025-03-10 00:49:28,2025-03-13 00:49:28,Standard Class,Consumer,West,Office Supplies,Binders,286.0,5,0.177,22.63,2025-03,2025,3.0,7.912587412587412
ORD02016,C00197,2025-03-10 12:07:44,2025-03-15 12:07:44,Standard Class,Consumer,South,Office Supplies,Paper,9.53,1,0.086,0.4,2025-03,2025,5.0,4.197271773347325
ORD02051,C00405,2025-03-10 20:54:19,2025-03-14 20:54:19,Standard Class,Home Office,South,Technology,Accessories,340.62,2,0.075,49.21,2025-03,2025,4.0,14.447184545828195
ORD01227,C00784,2025-03-11 02:39:55,2025-03-16 02:39:55,Standard Class,Consumer,East,Technology,Laptops,450.72,3,0.153,62.77,2025-03,2025,5.0,13.926606318778841
ORD00587,C00058,2025-03-11 18:19:14,2025-03-15 18:19:14,Standard Class,Consumer,North,Technology,Accessories,1372.12,8,0.129,170.47,2025-03,2025,4.0,12.423840480424454
ORD00490,C00660,2025-03-12 02:08:32,2025-03-16 02:08:32,Standard Class,Consumer,North,Office Supplies,Appliances,328.67,5,0.068,43.03,2025-03,2025,4.0,13.092159308729121
ORD02880,C00610,2025-03-12 02:21:07,2025-03-17 02:21:07,Standard Class,Consumer,West,Office Supplies,Art,208.9,3,0.035,33.72,2025-03,2025,5.0,16.14169459071326
ORD00010,C00458,2025-03-12 03:14:13,2025-03-15 03:14:13,Standard Class,Consumer,North,Furniture,Furnishings,1336.83,8,0.109,59.53,2025-03,2025,3.0,4.453071819154268
ORD03289,C00319,2025-03-12 03:34:06,2025-03-17 03:34:06,Standard Class,Consumer,South,Furniture,Bookcases,488.38,5,0.119,-58.78,2025-03,2025,5.0,-12.035709898030223
ORD02441,C00657,2025-03-12 10:26:15,2025-03-14 10:26:15,Second Class,Home Office,East,Technology,Phones,1349.53,7,0.215,-43.14,2025-03,2025,2.0,-3.196668469763547
ORD02320,C00156,2025-03-12 10:54:39,2025-03-16 10:54:39,Standard Class,Home Office,East,Office Supplies,Binders,91.56,2,0.2,-6.74,2025-03,2025,4.0,-7.361293141109655
ORD01307,C00807,2025-03-12 12:23:25,2025-03-14 12:23:25,First Class,Corporate,West,Furniture,Bookcases,841.45,4,0.113,40.9,2025-03,2025,2.0,4.860657198882881
ORD03047,C00160,2025-03-12 15:28:08,2025-03-16 15:28:08,Standard Class,Consumer,South,Technology,Phones,577.6,5,0.149,5.35,2025-03,2025,4.0,0.9262465373961217
ORD00616,C00401,2025-03-12 21:19:13,2025-03-16 21:19:13,Second Class,Consumer,North,Office Supplies,Binders,426.2,7,0.305,-38.99,2025-03,2025,4.0,-9.148287189113093
ORD03096,C00381,2025-03-12 22:45:53,2025-03-15 22:45:53,First Class,Consumer,South,Office Supplies,Art,55.98,4,0.148,1.57,2025-03,2025,3.0,2.804573061807789
ORD01397,C00399,2025-03-13 07:41:13,2025-03-16 07:41:13,Standard Class,Consumer,West,Furniture,Chairs,496.33,4,0.266,-35.1,2025-03,2025,3.0,-7.071907803276047
ORD01090,C00641,2025-03-13 13:11:11,2025-03-18 13:11:11,Standard Class,Consumer,East,Office Supplies,Art,214.78,8,0.159,-11.85,2025-03,2025,5.0,-5.517273489151689
ORD02098,C00836,2025-03-13 13:57:27,2025-03-16 13:57:27,Standard Class,Corporate,West,Furniture,Tables,1391.5,7,0.208,-63.15,2025-03,2025,3.0,-4.538268056054617
ORD00072,C00929,2025-03-13 15:11:13,2025-03-15 15:11:13,Second Class,Corporate,North,Furniture,Bookcases,1045.66,5,0.126,17.13,2025-03,2025,2.0,1.6381997972572344
ORD00462,C00138,2025-03-13 16:52:37,2025-03-15 16:52:37,Second Class,Corporate,East,Technology,Laptops,963.62,6,0.188,-4.78,2025-03,2025,2.0,-0.49604615927440276
ORD01300,C00905,2025-03-13 18:39:45,2025-03-16 18:39:45,Standard Class,Corporate,West,Technology,Accessories,748.14,5,0.221,15.9,2025-03,2025,3.0,2.1252706712647367
ORD03879,C00180,2025-03-14 11:15:55,2025-03-16 11:15:55,Second Class,Consumer,West,Technology,Laptops,964.26,6,0.055,150.65,2025-03,2025,2.0,15.6233795864186
ORD02466,C00014,2025-03-14 12:51:29,2025-03-18 12:51:29,Standard Class,Consumer,South,Office Supplies,Storage,396.78,6,0.204,9.15,2025-03,2025,4.0,2.3060638137002876
ORD03686,C00057,2025-03-14 14:43:26,2025-03-17 14:43:26,Second Class,Consumer,North,Technology,Phones,1079.61,8,0.269,4.51,2025-03,2025,3.0,0.41774344439195643
ORD00433,C00256,2025-03-14 23:51:56,2025-03-18 23:51:56,Standard Class,Consumer,North,Technology,Phones,617.18,6,0.168,20.19,2025-03,2025,4.0,3.2713308921222337
ORD02231,C00649,2025-03-15 00:03:02,2025-03-19 00:03:02,Standard Class,Corporate,North,Office Supplies,Binders,47.54,1,0.226,-3.57,2025-03,2025,4.0,-7.509465713083719
ORD00825,C00928,2025-03-15 03:18:14,2025-03-16 03:18:14,First Class,Corporate,North,Office Supplies,Paper,270.02,5,0.109,26.11,2025-03,2025,1.0,9.669654099696318
ORD00785,C00151,2025-03-15 03:33:53,2025-03-20 03:33:53,Standard Class,Corporate,South,Furniture,Chairs,559.72,8,0.201,-42.08,2025-03,2025,5.0,-7.518044736654041
ORD03836,C00356,2025-03-15 07:05:37,2025-03-19 07:05:37,Standard Class,Consumer,East,Technology,Phones,182.9,1,0.145,17.68,2025-03,2025,4.0,9.666484417714598
ORD03301,C00790,2025-03-15 10:59:12,2025-03-16 10:59:12,First Class,Consumer,North,Technology,Accessories,320.92,3,0.024,47.99,2025-03,2025,1.0,14.953882587560763
ORD03623,C00414,2025-03-15 18:13:39,2025-03-17 18:13:39,Same Day,Consumer,North,Technology,Laptops,334.62,3,0.149,40.45,2025-03,2025,2.0,12.088339011415936
ORD01898,C00655,2025-03-15 20:24:37,2025-03-19 20:24:37,Standard Class,Corporate,East,Office Supplies,Storage,158.04,4,0.054,21.64,2025-03,2025,4.0,13.692736016198431
ORD02625,C00001,2025-03-16 01:43:33,2025-03-21 01:43:33,Standard Class,Corporate,North,Technology,Accessories,879.27,8,0.173,45.21,2025-03,2025,5.0,5.141765328056229
ORD02352,C00731,2025-03-16 06:26:14,2025-03-19 06:26:14,Standard Class,Home Office,North,Technology,Accessories,322.98,2,0.055,50.08,2025-03,2025,3.0,15.505604062171031
ORD00667,C00268,2025-03-16 10:56:56,2025-03-19 10:56:56,Standard Class,Corporate,South,Furniture,Tables,1770.91,8,0.286,-346.36,2025-03,2025,3.0,-19.55830618156767
ORD01752,C00817,2025-03-16 11:40:20,2025-03-20 11:40:20,Second Class,Corporate,South,Furniture,Tables,72.74,1,0.163,-3.32,2025-03,2025,4.0,-4.564201264778664
ORD00126,C00855,2025-03-16 11:59:47,2025-03-17 11:59:47,Same Day,Consumer,East,Technology,Phones,230.53,2,0.299,-17.68,2025-03,2025,1.0,-7.66928382423112
ORD02270,C00318,2025-03-16 14:58:36,2025-03-20 14:58:36,Second Class,Consumer,East,Technology,Accessories,1253.79,7,0.167,114.18,2025-03,2025,4.0,9.106788218122652
ORD03451,C00319,2025-03-17 01:11:24,2025-03-22 01:11:24,Standard Class,Home Office,South,Technology,Phones,347.67,2,0.218,-1.33,2025-03,2025,5.0,-0.38254666781718294
ORD02913,C00601,2025-03-17 02:54:39,2025-03-20 02:54:39,Second Class,Corporate,West,Furniture,Tables,273.88,1,0.093,27.61,2025-03,2025,3.0,10.081057397400322
ORD01649,C00044,2025-03-17 14:03:44,2025-03-21 14:03:44,Standard Class,Corporate,South,Office Supplies,Art,88.56,3,0.111,5.71,2025-03,2025,4.0,6.447606142728094
ORD02240,C00561,2025-03-17 17:59:58,2025-03-21 17:59:58,Second Class,Consumer,East,Technology,Phones,695.44,5,0.121,150.99,2025-03,2025,4.0,21.711434487518694
ORD02565,C00274,2025-03-17 23:10:18,2025-03-20 23:10:18,Second Class,Corporate,West,Furniture,Bookcases,291.51,1,0.166,-3.75,2025-03,2025,3.0,-1.2864052691159822
ORD02071,C00671,2025-03-18 07:48:32,2025-03-22 07:48:32,Standard Class,Home Office,North,Office Supplies,Binders,52.91,4,0.19,0.48,2025-03,2025,4.0,0.9072009072009073
ORD00258,C00021,2025-03-18 09:23:49,2025-03-22 09:23:49,Standard Class,Corporate,North,Furniture,Tables,497.7,5,0.076,35.46,2025-03,2025,4.0,7.124773960216999
ORD02564,C00470,2025-03-18 12:59:06,2025-03-21 12:59:06,First Class,Consumer,West,Office Supplies,Paper,75.5,1,0.209,-3.05,2025-03,2025,3.0,-4.039735099337748
ORD01946,C00637,2025-03-18 14:21:55,2025-03-22 14:21:55,Second Class,Consumer,North,Office Supplies,Appliances,291.83,6,0.043,30.1,2025-03,2025,4.0,10.31422403454066
ORD01311,C00617,2025-03-18 15:28:37,2025-03-22 15:28:37,Standard Class,Consumer,South,Office Supplies,Art,34.18,1,0.165,-0.67,2025-03,2025,4.0,-1.9602106495026335
ORD02604,C00559,2025-03-18 18:26:32,2025-03-20 18:26:32,Second Class,Corporate,East,Office Supplies,Binders,217.18,5,0.037,28.17,2025-03,2025,2.0,12.970807625011513
ORD01272,C00755,2025-03-18 19:02:31,2025-03-21 19:02:31,Standard Class,Consumer,East,Furniture,Tables,340.14,2,0.092,14.47,2025-03,2025,3.0,4.254130652084436
ORD03742,C00857,2025-03-19 06:04:53,2025-03-24 06:04:53,Standard Class,Corporate,East,Technology,Accessories,441.81,4,0.003,100.02,2025-03,2025,5.0,22.638690839953828
ORD01478,C00738,2025-03-19 06:20:39,2025-03-22 06:20:39,First Class,Corporate,West,Furniture,Tables,598.61,3,0.355,-145.27,2025-03,2025,3.0,-24.267887272180552
ORD03333,C00229,2025-03-19 19:27:45,2025-03-22 19:27:45,Second Class,Corporate,East,Furniture,Chairs,566.79,6,0.063,41.19,2025-03,2025,3.0,7.267241835600487
ORD03617,C00038,2025-03-19 22:25:25,2025-03-23 22:25:25,Standard Class,Consumer,North,Office Supplies,Binders,123.2,2,0.158,9.06,2025-03,2025,4.0,7.353896103896104
ORD01078,C00742,2025-03-20 01:25:51,2025-03-21 01:25:51,Same Day,Consumer,North,Technology,Laptops,335.54,3,0.212,28.7,2025-03,2025,1.0,8.55337664659951
ORD00571,C00560,2025-03-20 02:54:13,2025-03-22 02:54:13,First Class,Consumer,North,Office Supplies,Storage,139.1,2,0.083,12.61,2025-03,2025,2.0,9.065420560747665
ORD02300,C00458,2025-03-20 06:25:57,2025-03-23 06:25:57,Standard Class,Corporate,North,Technology,Laptops,1249.13,8,0.073,201.49,2025-03,2025,3.0,16.130426777036817
ORD00920,C00062,2025-03-20 09:08:40,2025-03-24 09:08:40,Second Class,Home Office,North,Furniture,Chairs,1175.34,6,0.26,-151.29,2025-03,2025,4.0,-12.872020011230791
ORD01738,C00204,2025-03-20 20:28:00,2025-03-25 20:28:00,Standard Class,Consumer,North,Office Supplies,Paper,141.94,4,0.206,-5.07,2025-03,2025,5.0,-3.5719318021699307
ORD03825,C00662,2025-03-21 08:15:34,2025-03-23 08:15:34,Second Class,Corporate,North,Office Supplies,Binders,43.25,1,0.333,-8.49,2025-03,2025,2.0,-19.63005780346821
ORD03708,C00894,2025-03-21 08:16:24,2025-03-23 08:16:24,Second Class,Consumer,East,Office Supplies,Storage,72.54,2,0.173,-2.9,2025-03,2025,2.0,-3.997794320374965
ORD02664,C00712,2025-03-21 11:11:05,2025-03-24 11:11:05,First Class,Consumer,East,Technology,Accessories,1205.11,7,0.071,185.27,2025-03,2025,3.0,15.373700326111312
ORD00053,C00223,2025-03-21 13:04:33,2025-03-24 13:04:33,Standard Class,Consumer,West,Office Supplies,Binders,44.58,1,0.265,-1.73,2025-03,2025,3.0,-3.8806639748766263
ORD02011,C00154,2025-03-21 14:16:47,2025-03-22 14:16:47,First Class,Consumer,South,Office Supplies,Appliances,267.93,6,0.098,26.35,2025-03,2025,1.0,9.834658306274028
ORD03002,C00048,2025-03-21 15:41:54,2025-03-23 15:41:54,First Class,Consumer,South,Office Supplies,Art,78.8,4,0.197,0.9,2025-03,2025,2.0,1.1421319796954317
ORD01784,C00372,2025-03-21 17:56:11,2025-03-26 17:56:11,Standard Class,Corporate,West,Office Supplies,Binders,78.25,5,0.172,5.36,2025-03,2025,5.0,6.849840255591055
ORD00520,C00358,2025-03-21 20:41:33,2025-03-25 20:41:33,Standard Class,Corporate,West,Technology,Phones,1229.98,6,0.041,153.69,2025-03,2025,4.0,12.495325127237841
ORD03283,C00637,2025-03-22 00:30:06,2025-03-27 00:30:06,Standard Class,Consumer,North,Office Supplies,Appliances,38.35,3,0.144,0.35,2025-03,2025,5.0,0.9126466753585397
ORD03651,C00241,2025-03-22 03:41:50,2025-03-26 03:41:50,Standard Class,Consumer,North,Technology,Laptops,1079.25,7,0.149,27.3,2025-03,2025,4.0,2.529534398888117
ORD00010,C00795,2025-03-22 10:14:38,2025-03-24 10:14:38,First Class,Consumer,East,Furniture,Tables,994.68,7,0.093,-22.84,2025-03,2025,2.0,-2.2962158684199943
ORD00576,C00325,2025-03-22 22:06:43,2025-03-26 22:06:43,Standard Class,Corporate,East,Office Supplies,Appliances,126.46,6,0.044,16.97,2025-03,2025,4.0,13.41926300806579
ORD01252,C00395,2025-03-23 01:40:15,2025-03-28 01:40:15,Standard Class,Corporate,West,Office Supplies,Appliances,415.18,7,0.081,31.69,2025-03,2025,5.0,7.632833951539092
ORD02746,C00208,2025-03-23 02:09:27,2025-03-23 02:09:27,Same Day,Home Office,East,Technology,Accessories,593.58,4,0.045,100.99,2025-03,2025,0.0,17.01371340004717
ORD01356,C00934,2025-03-23 06:04:47,2025-03-26 06:04:47,Second Class,Consumer,South,Office Supplies,Art,128.61,5,0.121,4.54,2025-03,2025,3.0,3.530052095482466
ORD03830,C00706,2025-03-23 13:40:37,2025-03-27 13:40:37,Standard Class,Consumer,North,Office Supplies,Art,373.21,8,0.265,22.32,2025-03,2025,4.0,5.980547145038987
ORD00120,C00392,2025-03-23 20:48:31,2025-03-28 20:48:31,Standard Class,Corporate,North,Furniture,Chairs,427.03,3,0.209,-3.85,2025-03,2025,5.0,-0.9015760016860642
ORD01143,C00544,2025-03-24 02:16:15,2025-03-27 02:16:15,Standard Class,Consumer,South,Office Supplies,Binders,80.77,2,0.058,7.06,2025-03,2025,3.0,8.74086913457967
ORD00008,C00231,2025-03-24 02:18:26,2025-03-28 02:18:26,Second Class,Consumer,East,Office Supplies,Binders,81.91,3,0.067,11.71,2025-03,2025,4.0,14.296178732755466
ORD01377,C00786,2025-03-24 03:51:48,2025-03-27 03:51:48,Standard Class,Consumer,South,Office Supplies,Appliances,37.18,1,0.295,-5.81,2025-03,2025,3.0,-15.626681011296395
ORD02134,C00356,2025-03-24 04:37:44,2025-03-25 04:37:44,First Class,Consumer,South,Furniture,Tables,1732.24,8,0.217,-175.62,2025-03,2025,1.0,-10.13831801597931
ORD03860,C00103,2025-03-24 09:20:53,2025-03-27 09:20:53,Standard Class,Corporate,East,Technology,Phones,1508.25,8,0.068,122.45,2025-03,2025,3.0,8.11868059008785
ORD02324,C00265,2025-03-24 11:55:58,2025-03-26 11:55:58,Second Class,Consumer,East,Furniture,Chairs,144.24,1,0.069,9.53,2025-03,2025,2.0,6.607043815862451
ORD01860,C00306,2025-03-24 12:02:40,2025-03-28 12:02:40,Standard Class,Home Office,East,Technology,Laptops,480.59,4,0.093,58.29,2025-03,2025,4.0,12.12884163216047
ORD00652,C00896,2025-03-24 15:51:45,2025-03-27 15:51:45,First Class,Home Office,East,Office Supplies,Art,90.97,5,0.118,11.1,2025-03,2025,3.0,12.201824777399143
ORD03322,C00465,2025-03-24 16:32:32,2025-03-26 16:32:32,Second Class,Consumer,East,Technology,Phones,1001.85,6,0.157,13.54,2025-03,2025,2.0,1.3514997255078103
ORD01009,C00721,2025-03-24 17:30:34,2025-03-26 17:30:34,Second Class,Consumer,West,Office Supplies,Paper,23.33,1,0.142,1.03,2025-03,2025,2.0,4.414916416630947
ORD03485,C00155,2025-03-24 18:11:15,2025-03-26 18:11:15,Same Day,Consumer,East,Office Supplies,Appliances,77.58,2,0.278,-8.56,2025-03,2025,2.0,-11.033771590616139
ORD03104,C00757,2025-03-25 08:44:15,2025-03-29 08:44:15,Second Class,Home Office,East,Office Supplies,Storage,122.96,7,0.068,8.27,2025-03,2025,4.0,6.72576447625244
ORD03719,C00125,2025-03-25 19:13:23,2025-03-30 19:13:23,Standard Class,Corporate,West,Furniture,Chairs,932.26,8,0.183,-90.33,2025-03,2025,5.0,-9.689357046317552
ORD02160,C00155,2025-03-25 21:17:50,2025-03-27 21:17:50,Second Class,Corporate,South,Furniture,Bookcases,1044.58,8,0.163,-6.0,2025-03,2025,2.0,-0.5743935361580731
ORD02885,C00285,2025-03-25 21:43:59,2025-03-29 21:43:59,Standard Class,Consumer,East,Furniture,Bookcases,975.99,4,0.314,-152.99,2025-03,2025,4.0,-15.67536552628613
ORD03171,C00881,2025-03-26 00:10:59,2025-03-27 00:10:59,First Class,Consumer,North,Office Supplies,Storage,165.14,5,0.033,15.96,2025-03,2025,1.0,9.664527067942354
ORD03588,C00893,2025-03-26 03:01:05,2025-03-30 03:01:05,Second Class,Consumer,South,Furniture,Tables,221.65,1,0.297,-14.35,2025-03,2025,4.0,-6.474170990300022
ORD02061,C00836,2025-03-26 03:36:05,2025-03-31 03:36:05,Standard Class,Consumer,South,Furniture,Tables,717.59,4,0.224,-43.3,2025-03,2025,5.0,-6.03408631669895
ORD03650,C00029,2025-03-26 05:34:05,2025-03-29 05:34:05,First Class,Corporate,East,Technology,Accessories,1353.88,8,0.393,-251.29,2025-03,2025,3.0,-18.56072916358909
ORD03549,C00350,2025-03-26 12:35:00,2025-03-30 12:35:00,Standard Class,Consumer,South,Office Supplies,Paper,311.63,6,0.231,-50.5,2025-03,2025,4.0,-16.205115040272116
ORD03593,C00123,2025-03-26 16:55:33,2025-03-28 16:55:33,First Class,Corporate,East,Technology,Laptops,344.12,3,0.138,34.49,2025-03,2025,2.0,10.02266651168197
ORD01659,C00319,2025-03-26 22:18:28,2025-03-29 22:18:28,Standard Class,Consumer,North,Furniture,Bookcases,498.57,4,0.245,-41.86,2025-03,2025,3.0,-8.396012596024631
ORD00322,C00604,2025-03-26 23:39:42,2025-03-31 23:39:42,Standard Class,Consumer,South,Furniture,Bookcases,756.43,4,0.084,42.64,2025-03,2025,5.0,5.637005406977513
ORD01781,C00010,2025-03-27 14:56:02,2025-04-01 14:56:02,Standard Class,Corporate,East,Furniture,Tables,221.13,1,0.208,-18.15,2025-03,2025,5.0,-8.207841541174874
ORD00452,C00804,2025-03-27 15:52:58,2025-03-30 15:52:58,Standard Class,Consumer,East,Technology,Laptops,846.9,6,0.224,21.73,2025-03,2025,3.0,2.565828315031291
ORD01035,C00570,2025-03-27 19:24:53,2025-03-28 19:24:53,First Class,Consumer,East,Furniture,Tables,751.64,5,0.233,-70.57,2025-03,2025,1.0,-9.38880315044436
ORD03834,C00754,2025-03-27 22:49:10,2025-03-29 22:49:10,Second Class,Corporate,East,Office Supplies,Binders,227.64,5,0.169,-3.73,2025-03,2025,2.0,-1.6385520998067127
ORD01798,C00283,2025-03-27 22:57:59,2025-03-31 22:57:59,Standard Class,Corporate,North,Office Supplies,Binders,155.8,7,0.13,8.98,2025-03,2025,4.0,5.7637997432605905
ORD03866,C00070,2025-03-28 00:01:49,2025-03-29 00:01:49,First Class,Corporate,West,Office Supplies,Binders,218.49,6,0.151,-6.28,2025-03,2025,1.0,-2.8742734221245825
ORD02725,C00903,2025-03-28 06:51:12,2025-04-02 06:51:12,Standard Class,Home Office,West,Office Supplies,Paper,301.87,8,0.177,21.02,2025-03,2025,5.0,6.963262331467187
ORD03287,C00205,2025-03-28 08:35:33,2025-03-29 08:35:33,First Class,Consumer,East,Office Supplies,Paper,219.27,4,0.031,14.93,2025-03,2025,1.0,6.808956993660783
ORD03368,C00497,2025-03-28 08:52:30,2025-03-30 08:52:30,First Class,Consumer,South,Technology,Accessories,469.83,4,0.054,66.13,2025-03,2025,2.0,14.075303833301406
ORD03448,C00407,2025-03-28 09:29:01,2025-03-30 09:29:01,First Class,Consumer,West,Furniture,Tables,672.04,3,0.104,11.81,2025-03,2025,2.0,1.7573358728647106
ORD01448,C00360,2025-03-28 12:28:51,2025-03-31 12:28:51,Standard Class,Consumer,South,Office Supplies,Paper,77.65,5,0.076,9.37,2025-03,2025,3.0,12.066967160334833
ORD03192,C00690,2025-03-28 17:00:55,2025-04-02 17:00:55,Standard Class,Corporate,North,Office Supplies,Binders,230.33,7,0.274,-24.77,2025-03,2025,5.0,-10.75413537098945
ORD00780,C00795,2025-03-28 20:40:01,2025-03-30 20:40:01,Second Class,Corporate,East,Technology,Accessories,929.92,6,0.374,-124.51,2025-03,2025,2.0,-13.389323812801102
ORD00195,C00495,2025-03-29 05:13:03,2025-04-01 05:13:03,Standard Class,Home Office,East,Technology,Phones,145.69,1,0.034,29.95,2025-03,2025,3.0,20.557347793259662
ORD03041,C00520,2025-03-29 06:34:50,2025-04-03 06:34:50,Standard Class,Corporate,East,Office Supplies,Appliances,564.51,7,0.067,46.95,2025-03,2025,5.0,8.316947441143647
ORD00537,C00380,2025-03-29 07:08:13,2025-03-30 07:08:13,First Class,Consumer,North,Technology,Laptops,463.91,4,0.169,44.69,2025-03,2025,1.0,9.633334051863507
ORD00793,C00411,2025-03-29 21:47:46,2025-04-03 21:47:46,Standard Class,Consumer,West,Furniture,Bookcases,906.95,5,0.101,49.06,2025-03,2025,5.0,5.409338993329291
ORD02027,C00247,2025-03-29 22:59:13,2025-04-03 22:59:13,Standard Class,Consumer,West,Technology,Accessories,1320.9,7,0.106,21.35,2025-03,2025,5.0,1.6163222045574985
ORD01847,C00009,2025-03-29 23:01:21,2025-04-01 23:01:21,Second Class,Consumer,North,Technology,Accessories,701.82,6,0.234,-44.3,2025-03,2025,3.0,-6.3121598130574785
ORD02892,C00653,2025-03-29 23:11:43,2025-04-02 23:11:43,Second Class,Home Office,East,Office Supplies,Paper,281.62,5,0.216,-19.39,2025-03,2025,4.0,-6.885164405937079
ORD01467,C00449,2025-03-29 23:38:56,2025-04-03 23:38:56,Standard Class,Consumer,West,Office Supplies,Storage,100.44,4,0.023,13.95,2025-03,2025,5.0,13.88888888888889
ORD02966,C00632,2025-03-30 13:51:25,2025-04-04 13:51:25,Standard Class,Consumer,North,Office Supplies,Paper,268.12,5,0.373,-49.72,2025-03,2025,5.0,-18.54393555124571
ORD03095,C00942,2025-03-31 00:28:35,2025-04-02 00:28:35,Second Class,Home Office,South,Office Supplies,Binders,329.87,6,0.109,14.39,2025-03,2025,2.0,4.362324552096281
ORD01679,C00691,2025-03-31 01:23:47,2025-04-04 01:23:47,Standard Class,Consumer,West,Office Supplies,Paper,249.21,4,0.117,4.66,2025-03,2025,4.0,1.8699089121624335
ORD03214,C00660,2025-03-31 04:31:56,2025-04-03 04:31:56,First Class,Corporate,North,Office Supplies,Paper,123.91,3,0.025,9.12,2025-03,2025,3.0,7.360180776369946
ORD03057,C00334,2025-03-31 05:33:02,2025-04-03 05:33:02,Second Class,Home Office,South,Furniture,Furnishings,129.93,1,0.199,-12.6,2025-03,2025,3.0,-9.697529438928655
ORD03515,C00066,2025-04-01 03:44:42,2025-04-05 03:44:42,Standard Class,Corporate,North,Furniture,Tables,930.93,7,0.18,-3.78,2025-04,2025,4.0,-0.4060455673358899
ORD01241,C00042,2025-04-01 13:08:15,2025-04-04 13:08:15,Standard Class,Corporate,North,Office Supplies,Appliances,553.41,8,0.147,60.67,2025-04,2025,3.0,10.962938869915615
ORD02412,C00115,2025-04-01 14:22:38,2025-04-03 14:22:38,Second Class,Corporate,North,Office Supplies,Art,115.38,4,0.286,-5.96,2025-04,2025,2.0,-5.16553995493153
ORD00375,C00012,2025-04-01 23:20:13,2025-04-05 23:20:13,Standard Class,Consumer,West,Office Supplies,Appliances,298.68,5,0.107,24.41,2025-04,2025,4.0,8.172626222043657
ORD01594,C00449,2025-04-01 23:44:19,2025-04-04 23:44:19,Standard Class,Corporate,West,Office Supplies,Appliances,617.05,8,0.406,-142.28,2025-04,2025,3.0,-23.058099019528402
ORD00306,C00326,2025-04-02 03:30:27,2025-04-05 03:30:27,Standard Class,Consumer,North,Technology,Phones,866.77,5,0.185,44.07,2025-04,2025,3.0,5.084393783818084
ORD02954,C00703,2025-04-02 05:52:32,2025-04-03 05:52:32,First Class,Corporate,North,Office Supplies,Appliances,168.49,6,0.161,-2.13,2025-04,2025,1.0,-1.2641699804142676
ORD00491,C00560,2025-04-02 10:42:31,2025-04-05 10:42:31,Standard Class,Consumer,East,Furniture,Chairs,1118.55,5,0.041,93.17,2025-04,2025,3.0,8.329533771400474
ORD01648,C00697,2025-04-02 10:43:08,2025-04-05 10:43:08,Standard Class,Consumer,East,Office Supplies,Binders,303.57,5,0.174,13.97,2025-04,2025,3.0,4.601904008960042
ORD00159,C00444,2025-04-02 11:03:43,2025-04-05 11:03:43,Second Class,Consumer,North,Office Supplies,Paper,534.05,8,0.182,10.39,2025-04,2025,3.0,1.9455107199700405
ORD01819,C00840,2025-04-02 12:48:47,2025-04-06 12:48:47,Standard Class,Consumer,East,Furniture,Chairs,2178.47,8,0.062,198.22,2025-04,2025,4.0,9.09904657856202
ORD02777,C00796,2025-04-02 13:58:25,2025-04-06 13:58:25,Standard Class,Corporate,South,Office Supplies,Storage,59.01,2,0.252,-1.4,2025-04,2025,4.0,-2.372479240806643
ORD01938,C00256,2025-04-02 16:12:18,2025-04-06 16:12:18,Second Class,Consumer,North,Furniture,Bookcases,349.29,5,0.109,5.43,2025-04,2025,4.0,1.5545821523662284
ORD00747,C00860,2025-04-02 22:27:03,2025-04-06 22:27:03,Standard Class,Home Office,North,Technology,Phones,269.89,2,0.067,22.69,2025-04,2025,4.0,8.407128830264183
ORD02648,C00877,2025-04-03 07:23:46,2025-04-07 07:23:46,Standard Class,Consumer,South,Technology,Accessories,726.75,7,0.212,-61.18,2025-04,2025,4.0,-8.418300653594772
ORD03155,C00403,2025-04-03 18:15:08,2025-04-06 18:15:08,Standard Class,Consumer,West,Furniture,Bookcases,438.14,3,0.35,-43.58,2025-04,2025,3.0,-9.946592413383849
ORD02878,C00458,2025-04-03 23:33:12,2025-04-05 23:33:12,First Class,Corporate,North,Office Supplies,Paper,39.87,3,0.164,1.37,2025-04,2025,2.0,3.4361675445196895
ORD03618,C00296,2025-04-03 23:37:02,2025-04-06 23:37:02,Second Class,Consumer,North,Furniture,Bookcases,1407.62,8,0.283,-204.24,2025-04,2025,3.0,-14.509597760759297
ORD01079,C00595,2025-04-04 02:47:06,2025-04-07 02:47:06,Standard Class,Home Office,South,Technology,Phones,216.96,2,0.297,-14.87,2025-04,2025,3.0,-6.853797935103244
ORD00366,C00517,2025-04-04 03:43:27,2025-04-07 03:43:27,Second Class,Consumer,South,Technology,Phones,714.64,6,0.315,-74.35,2025-04,2025,3.0,-10.403839695511026
ORD02505,C00395,2025-04-04 05:46:25,2025-04-07 05:46:25,First Class,Consumer,South,Office Supplies,Appliances,479.82,8,0.145,9.46,2025-04,2025,3.0,1.9715726730857406
ORD02666,C00700,2025-04-04 10:48:57,2025-04-09 10:48:57,Standard Class,Consumer,South,Furniture,Chairs,480.32,5,0.237,-55.96,2025-04,2025,5.0,-11.650566289140574
ORD00407,C00290,2025-04-04 17:28:14,2025-04-07 17:28:14,First Class,Corporate,South,Office Supplies,Appliances,464.63,8,0.131,-25.99,2025-04,2025,3.0,-5.593698211480102
ORD00144,C00753,2025-04-04 21:48:27,2025-04-06 21:48:27,Second Class,Corporate,West,Technology,Laptops,1154.97,6,0.062,181.93,2025-04,2025,2.0,15.751924292405864
ORD02772,C00299,2025-04-05 02:33:03,2025-04-08 02:33:03,Standard Class,Consumer,East,Technology,Laptops,734.26,5,0.02,159.34,2025-04,2025,3.0,21.70075994879198
ORD03581,C00763,2025-04-05 12:10:51,2025-04-09 12:10:51,Standard Class,Corporate,East,Office Supplies,Appliances,354.35,6,0.197,30.2,2025-04,2025,4.0,8.522647100324537
ORD02685,C00318,2025-04-05 13:34:42,2025-04-09 13:34:42,Standard Class,Consumer,West,Office Supplies,Storage,177.64,4,0.046,28.74,2025-04,2025,4.0,16.17878856113488
ORD02991,C00705,2025-04-05 16:15:59,2025-04-08 16:15:59,Standard Class,Corporate,South,Office Supplies,Paper,169.07,3,0.122,9.46,2025-04,2025,3.0,5.595315549772285
ORD02961,C00238,2025-04-06 01:24:47,2025-04-11 01:24:47,Standard Class,Home Office,South,Furniture,Tables,578.07,4,0.217,-66.01,2025-04,2025,5.0,-11.419032297126645
ORD01096,C00238,2025-04-06 02:45:36,2025-04-08 02:45:36,Second Class,Corporate,East,Technology,Laptops,1303.99,6,0.18,25.92,2025-04,2025,2.0,1.9877453047952822
ORD02020,C00847,2025-04-06 09:11:59,2025-04-08 09:11:59,Second Class,Home Office,North,Office Supplies,Appliances,122.55,2,0.103,19.21,2025-04,2025,2.0,15.675234598123216
ORD02693,C00078,2025-04-06 10:14:57,2025-04-11 10:14:57,Standard Class,Consumer,South,Office Supplies,Storage,157.02,3,0.233,-12.34,2025-04,2025,5.0,-7.858871481339956
ORD00624,C00370,2025-04-06 12:11:16,2025-04-09 12:11:16,Second Class,Corporate,South,Office Supplies,Storage,17.21,1,0.329,-1.41,2025-04,2025,3.0,-8.19291109819872
ORD00329,C00274,2025-04-06 13:35:41,2025-04-10 13:35:41,Standard Class,Consumer,South,Furniture,Bookcases,149.72,2,0.297,4.285,2025-04,2025,4.0,2.8620090836227625
ORD03722,C00070,2025-04-06 14:51:37,2025-04-11 14:51:37,Standard Class,Corporate,South,Office Supplies,Storage,94.29,5,0.081,5.05,2025-04,2025,5.0,5.355817159826068
ORD03058,C00319,2025-04-06 16:05:46,2025-04-11 16:05:46,Standard Class,Consumer,North,Office Supplies,Appliances,87.24,4,0.219,-2.02,2025-04,2025,5.0,-2.3154516276937187
ORD01313,C00266,2025-04-06 20:13:21,2025-04-09 20:13:21,Standard Class,Consumer,South,Office Supplies,Paper,34.8,3,0.174,-1.0,2025-04,2025,3.0,-2.873563218390805
ORD03783,C00855,2025-04-07 00:43:00,2025-04-12 00:43:00,Standard Class,Consumer,East,Office Supplies,Binders,588.26,8,0.047,80.52,2025-04,2025,5.0,13.687825111345322
ORD00283,C00519,2025-04-07 04:46:25,2025-04-09 04:46:25,Second Class,Consumer,East,Furniture,Tables,1083.37,4,0.284,-220.03,2025-04,2025,2.0,-20.30977413072173
ORD03837,C00285,2025-04-07 15:38:47,2025-04-11 15:38:47,Standard Class,Home Office,East,Office Supplies,Paper,108.92,3,0.127,-4.27,2025-04,2025,4.0,-3.9203084832904884
ORD02055,C00751,2025-04-07 16:06:28,2025-04-10 16:06:28,Standard Class,Corporate,East,Furniture,Bookcases,484.95,5,0.144,-24.43,2025-04,2025,3.0,-5.037632745643881
ORD00839,C00034,2025-04-07 19:14:38,2025-04-12 19:14:38,Standard Class,Consumer,West,Office Supplies,Paper,157.82,7,0.202,1.47,2025-04,2025,5.0,0.9314408820174882
ORD03308,C00201,2025-04-07 23:47:14,2025-04-09 23:47:14,First Class,Corporate,West,Furniture,Chairs,1821.06,8,0.19,-156.71,2025-04,2025,2.0,-8.605427608096385
ORD01912,C00765,2025-04-08 00:57:23,2025-04-11 00:57:23,Second Class,Consumer,North,Office Supplies,Appliances,329.43,6,0.109,6.15,2025-04,2025,3.0,1.8668609416264457
ORD02598,C00087,2025-04-08 04:23:42,2025-04-11 04:23:42,Standard Class,Home Office,East,Technology,Phones,777.79,7,0.224,10.89,2025-04,2025,3.0,1.4001208552437034
ORD02535,C00477,2025-04-08 05:08:43,2025-04-10 05:08:43,Second Class,Consumer,East,Office Supplies,Storage,139.82,2,0.255,-3.07,2025-04,2025,2.0,-2.1956801602059794
ORD01628,C00499,2025-04-08 06:42:07,2025-04-12 06:42:07,Standard Class,Corporate,North,Technology,Laptops,1033.14,6,0.06,56.83,2025-04,2025,4.0,5.5007065838124545
ORD00353,C00247,2025-04-08 08:15:53,2025-04-12 08:15:53,Standard Class,Consumer,North,Office Supplies,Storage,123.85,2,0.226,-2.54,2025-04,2025,4.0,-2.05086798546629
ORD00979,C00321,2025-04-08 10:14:26,2025-04-11 10:14:26,Second Class,Corporate,North,Office Supplies,Paper,81.94,4,0.115,10.05,2025-04,2025,3.0,12.265072003905297
ORD00706,C00647,2025-04-08 11:35:01,2025-04-12 11:35:01,Standard Class,Home Office,North,Office Supplies,Paper,43.72,1,0.031,6.61,2025-04,2025,4.0,15.118938700823422
ORD01625,C00789,2025-04-08 23:01:02,2025-04-13 23:01:02,Standard Class,Consumer,East,Office Supplies,Appliances,106.3,5,0.104,5.11,2025-04,2025,5.0,4.807149576669803
ORD02493,C00042,2025-04-08 23:04:17,2025-04-09 23:04:17,Same Day,Corporate,West,Office Supplies,Paper,221.92,3,0.161,-0.66,2025-04,2025,1.0,-0.29740447007930787
ORD02430,C00375,2025-04-09 01:39:45,2025-04-13 01:39:45,Second Class,Corporate,South,Technology,Accessories,377.31,3,0.078,45.0,2025-04,2025,4.0,11.926532559433888
ORD00692,C00150,2025-04-09 10:33:34,2025-04-10 10:33:34,Same Day,Corporate,North,Technology,Accessories,115.16,1,0.219,5.22,2025-04,2025,1.0,4.532823897186523
ORD02442,C00534,2025-04-09 13:37:49,2025-04-13 13:37:49,Standard Class,Corporate,South,Technology,Accessories,168.88,1,0.195,6.22,2025-04,2025,4.0,3.683088583609664
ORD00177,C00665,2025-04-09 13:52:26,2025-04-13 13:52:26,Standard Class,Consumer,East,Furniture,Bookcases,838.87,3,0.179,-13.72,2025-04,2025,4.0,-1.6355335153241861
ORD00554,C00630,2025-04-09 18:27:47,2025-04-12 18:27:47,Standard Class,Consumer,North,Furniture,Chairs,807.49,5,0.298,-109.45,2025-04,2025,3.0,-13.5543474222591
ORD00217,C00197,2025-04-09 20:04:01,2025-04-13 20:04:01,Second Class,Consumer,West,Office Supplies,Paper,46.55,1,0.217,-0.9,2025-04,2025,4.0,-1.9334049409237382
ORD03410,C00709,2025-04-09 22:27:36,2025-04-10 22:27:36,First Class,Corporate,East,Technology,Phones,639.78,4,0.155,71.23,2025-04,2025,1.0,11.133514645659446
ORD02210,C00097,2025-04-10 00:23:19,2025-04-14 00:23:19,Standard Class,Consumer,East,Office Supplies,Binders,642.15,8,0.073,69.74,2025-04,2025,4.0,10.86039087440629
ORD02693,C00337,2025-04-10 01:32:03,2025-04-14 01:32:03,Standard Class,Consumer,North,Technology,Laptops,751.91,5,0.102,35.72,2025-04,2025,4.0,4.750568552087351
ORD00292,C00345,2025-04-10 05:48:05,2025-04-13 05:48:05,Second Class,Corporate,North,Office Supplies,Art,439.07,8,0.147,52.63,2025-04,2025,3.0,11.98669915958731
ORD00722,C00440,2025-04-10 10:33:14,2025-04-14 10:33:14,Standard Class,Home Office,South,Furniture,Furnishings,847.32,5,0.264,-133.25,2025-04,2025,4.0,-15.726053911155171
ORD02729,C00826,2025-04-10 10:54:33,2025-04-14 10:54:33,Standard Class,Corporate,South,Office Supplies,Binders,36.46,3,0.239,-0.96,2025-04,2025,4.0,-2.633022490400439
ORD00051,C00731,2025-04-10 16:39:06,2025-04-13 16:39:06,Standard Class,Consumer,North,Technology,Phones,423.92,3,0.095,15.53,2025-04,2025,3.0,3.6634270617097564
ORD03172,C00501,2025-04-10 19:04:48,2025-04-14 19:04:48,Standard Class,Corporate,East,Office Supplies,Binders,158.24,4,0.232,-12.52,2025-04,2025,4.0,-7.9120323559150645
ORD01993,C00668,2025-04-10 20:37:34,2025-04-12 20:37:34,First Class,Consumer,South,Office Supplies,Appliances,141.07,4,0.106,5.03,2025-04,2025,2.0,3.565605727652939
ORD00289,C00339,2025-04-10 21:40:35,2025-04-13 21:40:35,Standard Class,Consumer,West,Furniture,Tables,122.17,1,0.194,-3.29,2025-04,2025,3.0,-2.6929688139477777
ORD01765,C00202,2025-04-10 21:58:44,2025-04-13 21:58:44,First Class,Consumer,East,Office Supplies,Storage,48.76,2,0.053,4.26,2025-04,2025,3.0,8.736669401148482
ORD03790,C00653,2025-04-11 01:57:03,2025-04-14 01:57:03,Standard Class,Corporate,East,Furniture,Tables,1678.74,6,0.101,-81.59,2025-04,2025,3.0,-4.860192763620335
ORD02463,C00505,2025-04-11 07:45:39,2025-04-16 07:45:39,Standard Class,Consumer,West,Furniture,Chairs,205.84,2,0.16,4.54,2025-04,2025,5.0,2.2055965798678585
ORD00860,C00645,2025-04-11 11:31:08,2025-04-15 11:31:08,Standard Class,Corporate,East,Technology,Laptops,165.08,1,0.127,21.44,2025-04,2025,4.0,12.987642355221709
ORD03359,C00091,2025-04-11 11:45:24,2025-04-15 11:45:24,Second Class,Consumer,North,Furniture,Bookcases,223.04,1,0.106,0.11,2025-04,2025,4.0,0.04931850789096126
ORD02801,C00782,2025-04-11 15:39:57,2025-04-14 15:39:57,Second Class,Consumer,East,Technology,Phones,168.43,1,0.175,0.44,2025-04,2025,3.0,0.26123612183102773
ORD02011,C00895,2025-04-11 17:52:42,2025-04-13 17:52:42,First Class,Corporate,South,Office Supplies,Storage,196.04,4,0.092,1.04,2025-04,2025,2.0,0.5305039787798409
ORD01561,C00867,2025-04-11 21:08:54,2025-04-15 21:08:54,Standard Class,Home Office,West,Technology,Accessories,1278.51,8,0.112,156.39,2025-04,2025,4.0,12.232207804397305
ORD02887,C00881,2025-04-12 12:29:41,2025-04-15 12:29:41,Standard Class,Corporate,North,Technology,Laptops,763.96,6,0.16,79.97,2025-04,2025,3.0,10.46782554060422
ORD01295,C00674,2025-04-12 20:22:07,2025-04-15 20:22:07,Standard Class,Consumer,South,Furniture,Furnishings,855.65,5,0.307,-208.54,2025-04,2025,3.0,-24.372114766551746
ORD03796,C00400,2025-04-13 08:09:15,2025-04-16 08:09:15,Standard Class,Consumer,North,Furniture,Chairs,197.65,2,0.227,-27.97,2025-04,2025,3.0,-14.151277510751328
ORD00498,C00741,2025-04-13 16:36:56,2025-04-18 16:36:56,Standard Class,Consumer,West,Furniture,Furnishings,1632.94,8,0.194,-194.92,2025-04,2025,5.0,-11.936752115815644
ORD03875,C00570,2025-04-13 20:15:44,2025-04-16 20:15:44,Standard Class,Home Office,North,Office Supplies,Appliances,71.9,1,0.091,8.16,2025-04,2025,3.0,11.349095966620306
ORD03281,C00700,2025-04-14 00:18:25,2025-04-17 00:18:25,Standard Class,Home Office,West,Office Supplies,Appliances,190.6,3,0.031,27.82,2025-04,2025,3.0,14.596012591815322
ORD01425,C00632,2025-04-14 00:59:57,2025-04-19 00:59:57,Standard Class,Corporate,South,Technology,Laptops,1038.65,7,0.188,41.72,2025-04,2025,5.0,4.016752515284263
ORD02969,C00109,2025-04-14 01:45:39,2025-04-18 01:45:39,Second Class,Consumer,East,Office Supplies,Paper,339.45,5,0.096,-2.62,2025-04,2025,4.0,-0.7718367948151422
ORD03001,C00941,2025-04-14 09:19:56,2025-04-19 09:19:56,Standard Class,Consumer,South,Furniture,Furnishings,1062.18,8,0.286,-184.3,2025-04,2025,5.0,-17.35110809843906
ORD01912,C00276,2025-04-15 00:31:00,2025-04-19 00:31:00,Second Class,Consumer,West,Office Supplies,Paper,107.31,2,0.114,1.25,2025-04,2025,4.0,1.1648495014444133
ORD00410,C00306,2025-04-15 03:02:40,2025-04-17 03:02:40,Same Day,Corporate,East,Furniture,Tables,1963.49,8,0.072,68.38,2025-04,2025,2.0,3.4825743955915227
ORD03051,C00884,2025-04-15 03:02:59,2025-04-17 03:02:59,First Class,Home Office,East,Office Supplies,Storage,166.44,8,0.122,8.94,2025-04,2025,2.0,5.371304974765681
ORD03209,C00150,2025-04-15 10:29:45,2025-04-20 10:29:45,Standard Class,Consumer,North,Office Supplies,Paper,56.24,1,0.137,3.87,2025-04,2025,5.0,6.88122332859175
ORD00384,C00881,2025-04-15 17:13:56,2025-04-17 17:13:56,First Class,Home Office,South,Office Supplies,Storage,131.44,8,0.179,-4.54,2025-04,2025,2.0,-3.4540474741326843
ORD02130,C00018,2025-04-16 11:06:30,2025-04-20 11:06:30,Standard Class,Consumer,North,Furniture,Chairs,322.9,3,0.296,-37.12,2025-04,2025,4.0,-11.495819139052339
ORD00224,C00557,2025-04-16 11:56:49,2025-04-17 11:56:49,First Class,Consumer,North,Technology,Accessories,569.61,4,0.062,74.79,2025-04,2025,1.0,13.130036340654133
ORD03795,C00097,2025-04-16 16:56:48,2025-04-21 16:56:48,Standard Class,Consumer,South,Technology,Accessories,813.27,6,0.356,-138.09,2025-04,2025,5.0,-16.979600870559594
ORD01184,C00290,2025-04-16 19:00:51,2025-04-20 19:00:51,Standard Class,Consumer,South,Office Supplies,Art,158.88,4,0.15,3.45,2025-04,2025,4.0,2.1714501510574022
ORD02150,C00273,2025-04-17 08:41:52,2025-04-18 08:41:52,Same Day,Consumer,East,Technology,Phones,1029.93,6,0.153,66.27,2025-04,2025,1.0,6.434417873059334
ORD02016,C00292,2025-04-17 19:01:41,2025-04-21 19:01:41,Standard Class,Consumer,East,Technology,Accessories,483.69,4,0.196,9.48,2025-04,2025,4.0,1.9599330149475906
ORD01075,C00949,2025-04-18 00:03:26,2025-04-22 00:03:26,Standard Class,Consumer,North,Furniture,Tables,1194.44,5,0.247,-107.2,2025-04,2025,4.0,-8.974917115970664
ORD02070,C00440,2025-04-18 04:10:44,2025-04-23 04:10:44,Standard Class,Consumer,East,Technology,Accessories,969.86,5,0.077,81.72,2025-04,2025,5.0,8.425958385746396
ORD02976,C00718,2025-04-18 12:49:23,2025-04-22 12:49:23,Standard Class,Home Office,West,Furniture,Chairs,271.13,1,0.145,-15.43,2025-04,2025,4.0,-5.690996938737874
ORD00041,C00083,2025-04-18 21:05:28,2025-04-23 21:05:28,Standard Class,Consumer,South,Furniture,Bookcases,906.0,4,0.334,-177.62,2025-04,2025,5.0,-19.604856512141282
ORD00119,C00074,2025-04-18 22:33:53,2025-04-21 22:33:53,Second Class,Corporate,North,Office Supplies,Storage,226.48,6,0.079,33.07,2025-04,2025,3.0,14.601730837160016
ORD02763,C00548,2025-04-19 06:16:28,2025-04-22 06:16:28,Standard Class,Consumer,South,Technology,Accessories,108.97,1,0.083,4.0,2025-04,2025,3.0,3.6707350646967054
ORD00927,C00526,2025-04-19 09:08:50,2025-04-24 09:08:50,Standard Class,Corporate,East,Technology,Phones,944.54,7,0.016,235.36,2025-04,2025,5.0,24.91794947805281
ORD02709,C00453,2025-04-19 09:18:44,2025-04-21 09:18:44,Second Class,Corporate,East,Technology,Laptops,488.48,3,0.102,66.81,2025-04,2025,2.0,13.677120864723221
ORD01489,C00907,2025-04-19 14:11:24,2025-04-24 14:11:24,Standard Class,Home Office,West,Furniture,Bookcases,362.56,3,0.049,30.06,2025-04,2025,5.0,8.291041482789055
ORD00228,C00060,2025-04-19 20:34:37,2025-04-23 20:34:37,Standard Class,Home Office,East,Office Supplies,Paper,442.26,8,0.113,19.68,2025-04,2025,4.0,4.449871116537783
ORD02025,C00018,2025-04-20 00:10:41,2025-04-24 00:10:41,Second Class,Consumer,West,Technology,Laptops,1400.1,7,0.35,-86.3,2025-04,2025,4.0,-6.163845439611457
ORD01146,C00144,2025-04-20 01:55:16,2025-04-22 01:55:16,Second Class,Consumer,West,Technology,Accessories,687.35,4,0.117,118.22,2025-04,2025,2.0,17.19938895759075
ORD02615,C00562,2025-04-20 03:28:34,2025-04-22 03:28:34,Second Class,Corporate,West,Furniture,Bookcases,908.45,3,0.154,65.18,2025-04,2025,2.0,7.174858275083934
ORD00220,C00930,2025-04-20 04:36:25,2025-04-23 04:36:25,Standard Class,Consumer,East,Office Supplies,Appliances,110.37,3,0.355,-19.06,2025-04,2025,3.0,-17.269185467065324
ORD00550,C00198,2025-04-20 11:23:21,2025-04-23 11:23:21,First Class,Consumer,West,Office Supplies,Art,125.51,8,0.017,21.47,2025-04,2025,3.0,17.106206676758823
ORD01083,C00196,2025-04-20 15:03:20,2025-04-25 15:03:20,Standard Class,Consumer,South,Office Supplies,Paper,98.81,7,0.21,-5.85,2025-04,2025,5.0,-5.920453395405323
ORD02192,C00052,2025-04-20 17:14:56,2025-04-25 17:14:56,Standard Class,Corporate,West,Office Supplies,Art,348.27,7,0.302,-46.22,2025-04,2025,5.0,-13.271312487437909
ORD02761,C00395,2025-04-20 21:08:09,2025-04-22 21:08:09,Second Class,Corporate,North,Technology,Accessories,299.92,2,0.056,57.59,2025-04,2025,2.0,19.201787143238196
ORD01571,C00363,2025-04-20 21:36:17,2025-04-23 21:36:17,Standard Class,Consumer,South,Office Supplies,Paper,39.79,1,0.1,1.26,2025-04,2025,3.0,3.166624780095501
ORD02742,C00284,2025-04-20 21:49:53,2025-04-23 21:49:53,Second Class,Consumer,West,Office Supplies,Binders,143.46,4,0.384,-26.47,2025-04,2025,3.0,-18.451136205213995
ORD01879,C00454,2025-04-21 03:33:11,2025-04-25 03:33:11,Standard Class,Corporate,South,Office Supplies,Binders,424.85,7,0.036,26.01,2025-04,2025,4.0,6.1221607626221015
ORD02856,C00894,2025-04-21 06:37:37,2025-04-24 06:37:37,Standard Class,Consumer,South,Technology,Laptops,274.59,2,0.134,27.73,2025-04,2025,3.0,10.098692596234386
ORD02012,C00861,2025-04-21 08:08:11,2025-04-24 08:08:11,Second Class,Home Office,North,Office Supplies,Paper,103.17,4,0.218,0.15,2025-04,2025,3.0,0.14539110206455366
ORD03895,C00118,2025-04-21 09:19:48,2025-04-24 09:19:48,Standard Class,Consumer,West,Technology,Phones,1130.34,6,0.139,123.58,2025-04,2025,3.0,10.93299361254136
ORD03414,C00907,2025-04-21 09:35:42,2025-04-24 09:35:42,First Class,Consumer,North,Office Supplies,Paper,80.03,2,0.027,13.07,2025-04,2025,3.0,16.331375734099712
ORD00772,C00353,2025-04-21 11:04:17,2025-04-25 11:04:17,Standard Class,Consumer,North,Furniture,Chairs,325.77,2,0.269,-61.29,2025-04,2025,4.0,-18.81388709825951
ORD00540,C00380,2025-04-21 12:38:00,2025-04-25 12:38:00,Standard Class,Consumer,North,Furniture,Bookcases,286.15,2,0.142,0.72,2025-04,2025,4.0,0.2516162851651232
ORD03495,C00178,2025-04-21 15:11:44,2025-04-26 15:11:44,Standard Class,Corporate,East,Technology,Accessories,135.9,1,0.049,18.85,2025-04,2025,5.0,13.870493009565857
ORD02669,C00648,2025-04-21 18:03:47,2025-04-24 18:03:47,Standard Class,Home Office,South,Technology,Phones,522.96,4,0.376,-67.66,2025-04,2025,3.0,-12.937891999388096
ORD01024,C00823,2025-04-21 19:55:18,2025-04-25 19:55:18,Standard Class,Consumer,East,Office Supplies,Storage,211.82,6,0.166,5.59,2025-04,2025,4.0,2.639033141346426
ORD02916,C00350,2025-04-22 00:15:17,2025-04-25 00:15:17,First Class,Corporate,North,Technology,Laptops,668.37,4,0.149,141.89,2025-04,2025,3.0,21.229259242635067
ORD01355,C00190,2025-04-22 02:01:03,2025-04-25 02:01:03,Standard Class,Corporate,South,Office Supplies,Binders,100.28,4,0.054,6.1,2025-04,2025,3.0,6.082967690466693
ORD02169,C00525,2025-04-22 05:21:28,2025-04-26 05:21:28,Standard Class,Corporate,East,Furniture,Bookcases,518.05,4,0.102,-4.8,2025-04,2025,4.0,-0.9265514911688061
ORD03801,C00057,2025-04-22 11:52:27,2025-04-27 11:52:27,Standard Class,Corporate,East,Office Supplies,Storage,59.38,3,0.153,2.14,2025-04,2025,5.0,3.603907039407208
ORD03159,C00114,2025-04-22 17:35:37,2025-04-25 17:35:37,Standard Class,Consumer,North,Technology,Laptops,1095.8,6,0.078,157.61,2025-04,2025,3.0,14.38309910567622
ORD00178,C00821,2025-04-22 20:05:34,2025-04-26 20:05:34,Second Class,Consumer,East,Technology,Accessories,364.2,3,0.122,43.76,2025-04,2025,4.0,12.015376166941241
ORD03148,C00730,2025-04-22 20:25:54,2025-04-27 20:25:54,Standard Class,Corporate,South,Office Supplies,Appliances,73.11,2,0.113,-1.31,2025-04,2025,5.0,-1.7918205443851734
ORD01083,C00722,2025-04-23 00:12:17,2025-04-28 00:12:17,Standard Class,Consumer,North,Technology,Phones,705.9,5,0.1,136.87,2025-04,2025,5.0,19.389431930868394
ORD02737,C00395,2025-04-23 11:38:54,2025-04-26 11:38:54,Second Class,Corporate,West,Office Supplies,Appliances,549.53,8,0.201,40.38,2025-04,2025,3.0,7.348097465106547
ORD02435,C00815,2025-04-23 12:40:14,2025-04-26 12:40:14,Second Class,Consumer,North,Office Supplies,Appliances,68.43,4,0.243,-2.09,2025-04,2025,3.0,-3.0542159871401426
ORD01243,C00681,2025-04-23 18:53:33,2025-04-27 18:53:33,Standard Class,Consumer,North,Furniture,Furnishings,506.94,6,0.081,54.41,2025-04,2025,4.0,10.73302560460804
ORD00960,C00380,2025-04-23 22:24:51,2025-04-24 22:24:51,Same Day,Corporate,West,Furniture,Chairs,890.89,5,0.178,-50.51,2025-04,2025,1.0,-5.669611287588816
ORD01853,C00365,2025-04-24 01:08:36,2025-04-29 01:08:36,Standard Class,Consumer,South,Office Supplies,Appliances,104.95,2,0.236,-12.68,2025-04,2025,5.0,-12.081943782753692
ORD00317,C00034,2025-04-24 01:50:00,2025-04-27 01:50:00,Standard Class,Corporate,West,Office Supplies,Paper,131.61,3,0.173,8.05,2025-04,2025,3.0,6.116556492667731
ORD00361,C00399,2025-04-24 07:09:09,2025-04-25 07:09:09,First Class,Corporate,South,Technology,Laptops,255.7,2,0.219,16.56,2025-04,2025,1.0,6.476339460305044
ORD01220,C00763,2025-04-24 08:58:04,2025-04-29 08:58:04,Standard Class,Corporate,North,Furniture,Chairs,356.32,3,0.245,-40.76,2025-04,2025,5.0,-11.439155814997754
ORD03214,C00098,2025-04-24 15:06:20,2025-04-28 15:06:20,Standard Class,Consumer,North,Technology,Laptops,446.06,4,0.095,46.67,2025-04,2025,4.0,10.462718019997311
ORD02612,C00187,2025-04-24 21:51:17,2025-04-29 21:51:17,Standard Class,Consumer,East,Furniture,Tables,279.52,3,0.301,-34.65,2025-04,2025,5.0,-12.396250715512307
ORD02587,C00050,2025-04-24 22:19:03,2025-04-29 22:19:03,Standard Class,Corporate,North,Office Supplies,Binders,415.54,7,0.159,46.72,2025-04,2025,5.0,11.243201617172835
ORD01817,C00550,2025-04-25 00:25:14,2025-04-30 00:25:14,Standard Class,Consumer,West,Office Supplies,Art,127.41,3,0.187,-2.27,2025-04,2025,5.0,-1.7816497920100465
ORD01727,C00535,2025-04-25 05:45:53,2025-04-29 05:45:53,Standard Class,Home Office,South,Technology,Phones,515.32,5,0.07,107.77,2025-04,2025,4.0,20.913218970736626
ORD02235,C00292,2025-04-25 12:14:25,2025-04-28 12:14:25,Standard Class,Corporate,West,Furniture,Tables,553.27,4,0.209,-52.42,2025-04,2025,3.0,-9.474578415601787
ORD01192,C00026,2025-04-25 16:34:59,2025-04-29 16:34:59,Standard Class,Corporate,North,Technology,Phones,811.78,6,0.175,80.95,2025-04,2025,4.0,9.971913572642835
ORD01872,C00643,2025-04-25 21:21:35,2025-04-28 21:21:35,Standard Class,Corporate,East,Furniture,Bookcases,1304.16,5,0.09,-6.71,2025-04,2025,3.0,-0.5145074224021593
ORD03677,C00656,2025-04-26 04:25:35,2025-04-29 04:25:35,Standard Class,Consumer,East,Furniture,Bookcases,560.19,5,0.147,-16.15,2025-04,2025,3.0,-2.882950427533515
ORD00256,C00221,2025-04-26 05:43:21,2025-04-30 05:43:21,Standard Class,Consumer,East,Office Supplies,Art,233.61,3,0.101,20.87,2025-04,2025,4.0,8.933692906981722
ORD00647,C00028,2025-04-26 06:49:17,2025-04-26 06:49:17,Same Day,Corporate,West,Office Supplies,Paper,78.95,1,0.195,2.15,2025-04,2025,0.0,2.7232425585813806
ORD02172,C00649,2025-04-26 09:05:04,2025-04-30 09:05:04,Standard Class,Consumer,East,Office Supplies,Appliances,464.72,6,0.145,24.01,2025-04,2025,4.0,5.166551902220692
ORD00069,C00284,2025-04-26 18:20:48,2025-04-27 18:20:48,First Class,Home Office,South,Office Supplies,Binders,166.69,6,0.254,-20.51,2025-04,2025,1.0,-12.304277401163837
ORD00564,C00652,2025-04-26 18:57:32,2025-04-28 18:57:32,First Class,Consumer,North,Office Supplies,Appliances,171.72,5,0.023,32.21,2025-04,2025,2.0,18.75727929187049
ORD00520,C00347,2025-04-26 19:07:29,2025-04-29 19:07:29,Second Class,Consumer,East,Office Supplies,Paper,319.85,4,0.081,-1.0,2025-04,2025,3.0,-0.3126465530717523
ORD01075,C00649,2025-04-26 20:46:16,2025-04-29 20:46:16,Second Class,Consumer,West,Furniture,Chairs,499.45,2,0.102,35.78,2025-04,2025,3.0,7.1638802682951255
ORD01133,C00583,2025-04-27 03:02:01,2025-04-29 03:02:01,First Class,Consumer,North,Furniture,Bookcases,222.49,1,0.255,-32.3,2025-04,2025,2.0,-14.517506404782235
ORD03745,C00739,2025-04-27 05:41:42,2025-05-02 05:41:42,Standard Class,Consumer,West,Technology,Phones,1413.1,7,0.201,45.19,2025-04,2025,5.0,3.1979336211166935
ORD00778,C00774,2025-04-27 07:39:35,2025-04-28 07:39:35,First Class,Consumer,South,Furniture,Tables,218.67,1,0.092,-1.27,2025-04,2025,1.0,-0.580783829514794
ORD01175,C00268,2025-04-28 00:18:19,2025-05-02 00:18:19,Standard Class,Consumer,East,Furniture,Bookcases,472.18,2,0.178,-33.78,2025-04,2025,4.0,-7.154051421068237
ORD01900,C00810,2025-04-28 04:46:38,2025-04-30 04:46:38,Same Day,Home Office,South,Office Supplies,Art,26.16,1,0.308,-2.97,2025-04,2025,2.0,-11.353211009174313
ORD01558,C00798,2025-04-28 15:31:06,2025-04-29 15:31:06,First Class,Corporate,North,Technology,Accessories,806.16,7,0.128,70.35,2025-04,2025,1.0,8.726555522476927
ORD03628,C00899,2025-04-28 17:55:48,2025-05-02 17:55:48,Standard Class,Consumer,East,Technology,Accessories,199.65,1,0.043,8.19,2025-04,2025,4.0,4.102178812922614
ORD03455,C00313,2025-04-28 21:22:51,2025-05-03 21:22:51,Standard Class,Corporate,South,Furniture,Bookcases,448.45,5,0.423,-122.58,2025-04,2025,5.0,-27.334150964433046
ORD01521,C00851,2025-04-28 22:10:41,2025-05-03 22:10:41,Standard Class,Corporate,North,Furniture,Furnishings,695.24,3,0.07,25.34,2025-04,2025,5.0,3.644784534836891
ORD00659,C00868,2025-04-28 22:26:11,2025-04-30 22:26:11,First Class,Consumer,North,Furniture,Bookcases,317.29,4,0.271,-26.05,2025-04,2025,2.0,-8.210154748022314
ORD00456,C00383,2025-04-29 04:58:52,2025-05-03 04:58:52,Standard Class,Consumer,East,Office Supplies,Storage,45.77,3,0.226,-2.28,2025-04,2025,4.0,-4.981428883548175
ORD01074,C00307,2025-04-29 07:42:03,2025-05-03 07:42:03,Standard Class,Consumer,West,Furniture,Chairs,711.77,4,0.207,8.32,2025-04,2025,4.0,1.1689169254112988
ORD02836,C00947,2025-04-29 09:35:42,2025-05-03 09:35:42,Standard Class,Consumer,South,Office Supplies,Paper,81.66,2,0.156,3.06,2025-04,2025,4.0,3.747244673034534
ORD00997,C00886,2025-04-29 10:38:26,2025-05-03 10:38:26,Standard Class,Home Office,North,Furniture,Tables,914.01,4,0.085,51.14,2025-04,2025,4.0,5.595124779816413
ORD00531,C00838,2025-04-29 22:00:56,2025-05-04 22:00:56,Standard Class,Corporate,North,Furniture,Tables,1283.34,6,0.169,-77.93,2025-04,2025,5.0,-6.072435987345521
ORD02457,C00459,2025-04-29 22:46:23,2025-05-03 22:46:23,Standard Class,Corporate,East,Furniture,Bookcases,987.18,7,0.058,45.16,2025-04,2025,4.0,4.574646974209364
ORD02719,C00801,2025-04-30 03:39:11,2025-05-05 03:39:11,Standard Class,Consumer,North,Office Supplies,Binders,42.44,2,0.184,1.71,2025-04,2025,5.0,4.029217719132894
ORD03269,C00149,2025-04-30 08:11:13,2025-05-04 08:11:13,Second Class,Consumer,West,Furniture,Furnishings,1452.07,6,0.185,34.8,2025-04,2025,4.0,2.396578677336492
ORD01884,C00374,2025-04-30 22:47:47,2025-05-05 22:47:47,Standard Class,Consumer,East,Technology,Laptops,599.04,3,0.057,84.88,2025-04,2025,5.0,14.169337606837606
ORD03020,C00139,2025-04-30 23:55:59,2025-05-04 23:55:59,Standard Class,Corporate,North,Office Supplies,Paper,187.91,3,0.044,23.19,2025-04,2025,4.0,12.34101431536374
ORD01585,C00843,2025-05-01 04:07:30,2025-05-05 04:07:30,Standard Class,Consumer,East,Technology,Phones,399.85,3,0.111,47.87,2025-05,2025,4.0,11.97198949606102
ORD00541,C00356,2025-05-01 16:50:03,2025-05-06 16:50:03,Standard Class,Consumer,East,Office Supplies,Storage,132.32,2,0.042,13.2,2025-05,2025,5.0,9.975816203143893
ORD01592,C00710,2025-05-02 06:25:24,2025-05-07 06:25:24,Standard Class,Corporate,South,Office Supplies,Art,24.11,2,0.108,2.15,2025-05,2025,5.0,8.917461634176691
ORD01289,C00345,2025-05-02 12:43:02,2025-05-03 12:43:02,Same Day,Consumer,North,Furniture,Furnishings,484.84,6,0.154,8.02,2025-05,2025,1.0,1.6541539476940845
ORD01436,C00054,2025-05-02 14:21:35,2025-05-05 14:21:35,First Class,Corporate,North,Office Supplies,Paper,165.99,5,0.16,0.57,2025-05,2025,3.0,0.3433941803723115
ORD01742,C00429,2025-05-02 18:09:35,2025-05-07 18:09:35,Standard Class,Consumer,South,Office Supplies,Binders,50.53,1,0.37,-10.12,2025-05,2025,5.0,-20.027706313081335
ORD03815,C00525,2025-05-02 21:09:16,2025-05-05 21:09:16,Standard Class,Corporate,East,Furniture,Bookcases,413.06,4,0.317,-74.23,2025-05,2025,3.0,-17.970754854016366
ORD00139,C00767,2025-05-02 22:25:11,2025-05-06 22:25:11,Standard Class,Consumer,South,Technology,Laptops,332.79,2,0.305,-15.05,2025-05,2025,4.0,-4.522371465488747
ORD00578,C00134,2025-05-02 23:19:29,2025-05-05 23:19:29,Standard Class,Consumer,West,Technology,Phones,419.78,2,0.258,8.19,2025-05,2025,3.0,1.951021963885845
ORD02479,C00043,2025-05-03 02:17:05,2025-05-06 02:17:05,First Class,Corporate,West,Office Supplies,Storage,196.86,5,0.174,4.83,2025-05,2025,3.0,2.453520268210911
ORD00398,C00634,2025-05-03 04:51:57,2025-05-07 04:51:57,Standard Class,Home Office,West,Office Supplies,Appliances,14.45,1,0.154,0.94,2025-05,2025,4.0,6.505190311418685
ORD00480,C00328,2025-05-03 07:57:46,2025-05-06 07:57:46,Standard Class,Consumer,North,Technology,Laptops,902.44,7,0.369,-52.64,2025-05,2025,3.0,-5.833074775054297
ORD00632,C00642,2025-05-03 11:09:35,2025-05-07 11:09:35,Second Class,Corporate,South,Office Supplies,Art,365.14,7,0.223,-7.69,2025-05,2025,4.0,-2.10604151832174
ORD03710,C00056,2025-05-03 17:11:15,2025-05-06 17:11:15,Second Class,Corporate,West,Technology,Laptops,1066.3,8,0.174,76.71,2025-05,2025,3.0,7.1940354496858285
ORD00001,C00081,2025-05-03 23:08:28,2025-05-05 23:08:28,Same Day,Consumer,West,Office Supplies,Appliances,364.89,5,0.091,25.66,2025-05,2025,2.0,7.032256296418099
ORD00542,C00132,2025-05-04 05:57:39,2025-05-08 05:57:39,Second Class,Consumer,West,Furniture,Bookcases,275.67,3,0.397,-66.39,2025-05,2025,4.0,-24.083142888235933
ORD01596,C00572,2025-05-04 06:21:24,2025-05-07 06:21:24,Standard Class,Consumer,South,Technology,Laptops,609.03,5,0.1,48.3,2025-05,2025,3.0,7.930643810649722
ORD01713,C00831,2025-05-04 17:10:19,2025-05-06 17:10:19,Second Class,Consumer,East,Office Supplies,Storage,83.38,4,0.069,11.29,2025-05,2025,2.0,13.540417366274884
ORD01988,C00090,2025-05-04 18:22:42,2025-05-09 18:22:42,Standard Class,Consumer,West,Office Supplies,Art,20.86,1,0.203,-0.78,2025-05,2025,5.0,-3.7392138063279003
ORD01782,C00732,2025-05-04 19:01:39,2025-05-06 19:01:39,Second Class,Consumer,West,Office Supplies,Storage,241.38,7,0.105,16.27,2025-05,2025,2.0,6.740409313116248
ORD02699,C00290,2025-05-04 22:05:35,2025-05-07 22:05:35,Standard Class,Corporate,East,Technology,Phones,926.52,6,0.104,38.79,2025-05,2025,3.0,4.1866338557181715
ORD01279,C00057,2025-05-04 23:58:27,2025-05-06 23:58:27,Second Class,Consumer,East,Technology,Accessories,247.94,2,0.201,6.69,2025-05,2025,2.0,2.6982334435750586
ORD00811,C00886,2025-05-05 06:17:44,2025-05-08 06:17:44,Second Class,Corporate,East,Office Supplies,Art,111.0,3,0.169,-2.53,2025-05,2025,3.0,-2.279279279279279
ORD01719,C00012,2025-05-05 06:39:23,2025-05-10 06:39:23,Standard Class,Corporate,East,Technology,Accessories,1236.11,7,0.097,54.33,2025-05,2025,5.0,4.395239905833623
ORD03516,C00515,2025-05-05 10:53:07,2025-05-10 10:53:07,Standard Class,Home Office,South,Office Supplies,Appliances,248.88,5,0.148,20.23,2025-05,2025,5.0,8.128415300546449
ORD03577,C00812,2025-05-05 14:20:25,2025-05-10 14:20:25,Standard Class,Consumer,North,Office Supplies,Binders,13.97,1,0.08,1.86,2025-05,2025,5.0,13.314244810307802
ORD02201,C00273,2025-05-05 17:38:47,2025-05-09 17:38:47,Standard Class,Consumer,East,Technology,Accessories,802.33,5,0.114,111.56,2025-05,2025,4.0,13.90450313462042
ORD00689,C00649,2025-05-05 18:04:22,2025-05-07 18:04:22,First Class,Consumer,East,Office Supplies,Appliances,199.2,4,0.078,12.42,2025-05,2025,2.0,6.234939759036145
ORD03356,C00281,2025-05-05 20:06:19,2025-05-08 20:06:19,Standard Class,Consumer,East,Office Supplies,Storage,433.49,8,0.352,-96.91,2025-05,2025,3.0,-22.355763685436802
ORD00595,C00770,2025-05-06 04:23:29,2025-05-10 04:23:29,Second Class,Corporate,East,Office Supplies,Paper,57.87,4,0.23,-3.75,2025-05,2025,4.0,-6.480041472265423
ORD00650,C00168,2025-05-06 15:30:50,2025-05-09 15:30:50,Standard Class,Consumer,East,Furniture,Furnishings,286.68,2,0.175,-6.25,2025-05,2025,3.0,-2.1801311566903863
ORD02437,C00868,2025-05-06 23:23:18,2025-05-07 23:23:18,Same Day,Corporate,East,Office Supplies,Binders,255.4,5,0.017,33.76,2025-05,2025,1.0,13.21848081440877
ORD02844,C00824,2025-05-07 03:53:59,2025-05-10 03:53:59,Standard Class,Consumer,East,Furniture,Bookcases,670.88,4,0.263,-48.42,2025-05,2025,3.0,-7.217386119723349
ORD00575,C00615,2025-05-07 10:56:52,2025-05-10 10:56:52,Standard Class,Consumer,West,Office Supplies,Binders,181.6,3,0.103,25.42,2025-05,2025,3.0,13.997797356828196
ORD01348,C00834,2025-05-07 13:23:03,2025-05-12 13:23:03,Standard Class,Consumer,East,Technology,Accessories,1137.38,6,0.086,146.78,2025-05,2025,5.0,12.905097680634439
ORD03306,C00563,2025-05-07 13:37:34,2025-05-11 13:37:34,Standard Class,Corporate,East,Technology,Phones,470.56,3,0.131,13.65,2025-05,2025,4.0,2.9007990479428765
ORD03589,C00781,2025-05-07 14:43:09,2025-05-09 14:43:09,First Class,Corporate,North,Furniture,Furnishings,463.08,4,0.245,-52.14,2025-05,2025,2.0,-11.259393625291526
ORD00538,C00347,2025-05-07 15:44:43,2025-05-09 15:44:43,Second Class,Consumer,East,Technology,Accessories,427.87,3,0.483,-105.6,2025-05,2025,2.0,-24.680393577488488
ORD00188,C00171,2025-05-07 17:18:21,2025-05-09 17:18:21,First Class,Consumer,East,Technology,Accessories,953.75,6,0.334,-51.63,2025-05,2025,2.0,-5.413368283093054
ORD00782,C00375,2025-05-07 18:13:44,2025-05-08 18:13:44,Same Day,Home Office,North,Office Supplies,Storage,13.17,1,0.069,1.14,2025-05,2025,1.0,8.656036446469248
ORD00629,C00632,2025-05-07 23:21:16,2025-05-10 23:21:16,Standard Class,Consumer,East,Office Supplies,Art,33.95,2,0.038,6.71,2025-05,2025,3.0,19.76435935198822
ORD02806,C00328,2025-05-08 21:54:08,2025-05-12 21:54:08,Standard Class,Consumer,North,Office Supplies,Binders,286.64,8,0.236,-22.96,2025-05,2025,4.0,-8.010047446274072
ORD03056,C00622,2025-05-08 22:56:59,2025-05-11 22:56:59,Second Class,Corporate,South,Office Supplies,Appliances,121.03,3,0.392,-25.67,2025-05,2025,3.0,-21.209617450218953
ORD01395,C00601,2025-05-09 10:04:30,2025-05-14 10:04:30,Standard Class,Consumer,North,Technology,Laptops,294.71,2,0.22,5.43,2025-05,2025,5.0,1.8424892266974313
ORD00852,C00601,2025-05-09 15:54:56,2025-05-13 15:54:56,Second Class,Consumer,East,Technology,Phones,516.15,3,0.225,18.03,2025-05,2025,4.0,3.493170589944784
ORD01944,C00481,2025-05-09 16:34:47,2025-05-12 16:34:47,Second Class,Consumer,East,Office Supplies,Art,174.51,5,0.176,-5.75,2025-05,2025,3.0,-3.2949401180448112
ORD03643,C00326,2025-05-09 17:21:19,2025-05-13 17:21:19,Second Class,Consumer,East,Office Supplies,Appliances,420.97,7,0.101,28.35,2025-05,2025,4.0,6.734446635152149
ORD01215,C00431,2025-05-09 17:27:17,2025-05-11 17:27:17,First Class,Corporate,West,Office Supplies,Binders,136.81,4,0.032,31.02,2025-05,2025,2.0,22.67378115634822
ORD01213,C00901,2025-05-09 21:08:27,2025-05-12 21:08:27,Standard Class,Corporate,East,Furniture,Chairs,1084.15,7,0.16,-16.03,2025-05,2025,3.0,-1.4785776875893557
ORD01191,C00120,2025-05-09 22:04:00,2025-05-10 22:04:00,First Class,Consumer,North,Office Supplies,Storage,226.32,6,0.115,3.77,2025-05,2025,1.0,1.6657829621774478
ORD03128,C00300,2025-05-09 22:47:42,2025-05-13 22:47:42,Second Class,Consumer,East,Office Supplies,Appliances,47.42,3,0.139,7.15,2025-05,2025,4.0,15.07802614930409
ORD03512,C00278,2025-05-10 00:12:28,2025-05-14 00:12:28,Standard Class,Consumer,North,Technology,Laptops,305.85,2,0.035,64.29,2025-05,2025,4.0,21.020107896027465
ORD03143,C00407,2025-05-10 06:27:07,2025-05-15 06:27:07,Standard Class,Consumer,East,Furniture,Tables,724.98,3,0.226,-114.91,2025-05,2025,5.0,-15.850092416342518
ORD01944,C00552,2025-05-10 08:36:13,2025-05-15 08:36:13,Standard Class,Consumer,North,Furniture,Chairs,378.65,2,0.257,-54.89,2025-05,2025,5.0,-14.49623663013337
ORD00612,C00292,2025-05-10 20:55:12,2025-05-13 20:55:12,Standard Class,Consumer,North,Furniture,Bookcases,649.29,7,0.12,-27.33,2025-05,2025,3.0,-4.209213140507324
ORD01429,C00035,2025-05-10 21:44:03,2025-05-14 21:44:03,Standard Class,Consumer,North,Furniture,Bookcases,737.42,6,0.173,-63.18,2025-05,2025,4.0,-8.567709039624638
ORD00198,C00941,2025-05-11 01:18:47,2025-05-15 01:18:47,Standard Class,Home Office,East,Technology,Accessories,1197.23,7,0.183,-35.81,2025-05,2025,4.0,-2.991071055686877
ORD03878,C00004,2025-05-11 10:12:43,2025-05-14 10:12:43,Second Class,Corporate,West,Office Supplies,Appliances,84.58,4,0.231,1.02,2025-05,2025,3.0,1.2059588555214
ORD02800,C00004,2025-05-11 16:56:14,2025-05-16 16:56:14,Standard Class,Consumer,East,Technology,Phones,1093.93,6,0.223,7.95,2025-05,2025,5.0,0.7267375426215571
ORD01427,C00108,2025-05-11 22:07:06,2025-05-15 22:07:06,Standard Class,Home Office,North,Office Supplies,Appliances,249.14,5,0.149,18.55,2025-05,2025,4.0,7.445612908404914
ORD03306,C00194,2025-05-11 22:21:22,2025-05-14 22:21:22,Second Class,Consumer,East,Technology,Phones,181.04,1,0.096,15.92,2025-05,2025,3.0,8.793636765355723
ORD00978,C00447,2025-05-12 06:25:10,2025-05-15 06:25:10,Second Class,Consumer,East,Office Supplies,Paper,41.93,1,0.209,-2.79,2025-05,2025,3.0,-6.653947054614834
ORD00076,C00918,2025-05-12 08:53:32,2025-05-13 08:53:32,First Class,Home Office,North,Technology,Accessories,1316.6,8,0.135,-4.69,2025-05,2025,1.0,-0.35622056813003194
ORD01598,C00364,2025-05-12 15:18:32,2025-05-16 15:18:32,Standard Class,Corporate,East,Office Supplies,Paper,322.83,7,0.114,24.0,2025-05,2025,4.0,7.434253322181954
ORD02469,C00358,2025-05-12 18:20:26,2025-05-13 18:20:26,First Class,Corporate,South,Office Supplies,Appliances,201.78,6,0.11,8.81,2025-05,2025,1.0,4.3661413420557045
ORD02380,C00658,2025-05-12 20:12:33,2025-05-16 20:12:33,Standard Class,Home Office,East,Office Supplies,Art,26.2,2,0.062,4.89,2025-05,2025,4.0,18.66412213740458
ORD02832,C00112,2025-05-13 00:29:18,2025-05-18 00:29:18,Standard Class,Consumer,South,Office Supplies,Storage,444.34,8,0.076,8.04,2025-05,2025,5.0,1.8094252149255075
ORD03364,C00295,2025-05-13 05:19:16,2025-05-17 05:19:16,Standard Class,Home Office,North,Technology,Accessories,791.47,5,0.159,58.13,2025-05,2025,4.0,7.344561385775834
ORD03813,C00031,2025-05-13 06:49:46,2025-05-15 06:49:46,Second Class,Consumer,North,Technology,Laptops,328.88,2,0.242,36.12,2025-05,2025,2.0,10.982729262953052
ORD00542,C00267,2025-05-13 06:56:38,2025-05-18 06:56:38,Standard Class,Corporate,East,Technology,Laptops,264.37,2,0.027,37.65,2025-05,2025,5.0,14.2414040927488
ORD02040,C00516,2025-05-13 10:45:39,2025-05-16 10:45:39,Standard Class,Consumer,South,Technology,Accessories,236.31,2,0.212,9.66,2025-05,2025,3.0,4.087850704582963
ORD02618,C00398,2025-05-13 15:01:03,2025-05-14 15:01:03,First Class,Consumer,South,Office Supplies,Storage,428.7,7,0.083,41.47,2025-05,2025,1.0,9.67343130394215
ORD01000,C00742,2025-05-13 18:41:11,2025-05-18 18:41:11,Standard Class,Consumer,West,Furniture,Tables,569.32,3,0.175,-53.26,2025-05,2025,5.0,-9.355020023888146
ORD03834,C00722,2025-05-13 21:05:44,2025-05-17 21:05:44,Standard Class,Corporate,South,Office Supplies,Storage,196.15,3,0.108,14.89,2025-05,2025,4.0,7.591129237828192
ORD03692,C00061,2025-05-14 02:26:08,2025-05-18 02:26:08,Standard Class,Corporate,East,Technology,Phones,449.58,4,0.03,51.99,2025-05,2025,4.0,11.564126518083546
ORD00462,C00308,2025-05-14 16:21:50,2025-05-17 16:21:50,Second Class,Consumer,South,Office Supplies,Appliances,91.51,3,0.312,-5.61,2025-05,2025,3.0,-6.130477543437875
ORD01892,C00466,2025-05-14 17:31:39,2025-05-17 17:31:39,First Class,Corporate,East,Technology,Accessories,359.55,2,0.172,21.85,2025-05,2025,3.0,6.0770407453761655
ORD01136,C00155,2025-05-15 03:25:06,2025-05-20 03:25:06,Standard Class,Home Office,East,Furniture,Bookcases,587.74,3,0.25,-75.67,2025-05,2025,5.0,-12.874740531527545
ORD02638,C00881,2025-05-15 08:07:16,2025-05-18 08:07:16,Standard Class,Home Office,West,Technology,Phones,1067.47,7,0.079,188.84,2025-05,2025,3.0,17.690426897243015
ORD01228,C00750,2025-05-15 08:41:37,2025-05-19 08:41:37,Standard Class,Consumer,West,Office Supplies,Storage,285.05,4,0.188,3.73,2025-05,2025,4.0,1.3085423609893
ORD01848,C00848,2025-05-15 14:13:24,2025-05-19 14:13:24,Second Class,Consumer,North,Furniture,Chairs,591.54,3,0.138,-47.6,2025-05,2025,4.0,-8.046793116272779
ORD03763,C00907,2025-05-15 19:35:37,2025-05-17 19:35:37,Second Class,Consumer,South,Office Supplies,Storage,389.56,8,0.271,-43.92,2025-05,2025,2.0,-11.274258137385768
ORD01657,C00008,2025-05-15 20:24:29,2025-05-17 20:24:29,First Class,Consumer,East,Office Supplies,Appliances,212.68,3,0.075,16.97,2025-05,2025,2.0,7.979123565920632
ORD02797,C00430,2025-05-15 21:34:27,2025-05-19 21:34:27,Standard Class,Corporate,South,Office Supplies,Binders,86.79,7,0.285,-12.52,2025-05,2025,4.0,-14.425625072012904
ORD01694,C00247,2025-05-15 21:37:09,2025-05-17 21:37:09,Second Class,Corporate,East,Furniture,Bookcases,450.04,2,0.067,57.9,2025-05,2025,2.0,12.865523064616477
ORD01339,C00109,2025-05-16 03:05:53,2025-05-20 03:05:53,Standard Class,Home Office,North,Technology,Phones,632.09,5,0.114,64.67,2025-05,2025,4.0,10.23113797085858
ORD01994,C00591,2025-05-16 16:27:43,2025-05-19 16:27:43,Standard Class,Consumer,East,Office Supplies,Storage,330.68,7,0.018,53.89,2025-05,2025,3.0,16.296721906374742
ORD03838,C00870,2025-05-16 20:26:24,2025-05-21 20:26:24,Standard Class,Consumer,West,Technology,Phones,163.39,1,0.052,24.47,2025-05,2025,5.0,14.97643674643491
ORD02036,C00686,2025-05-16 21:35:40,2025-05-20 21:35:40,Standard Class,Consumer,West,Technology,Accessories,536.78,4,0.287,-11.93,2025-05,2025,4.0,-2.2225120160959797
ORD01950,C00057,2025-05-16 23:53:29,2025-05-18 23:53:29,Same Day,Consumer,East,Office Supplies,Appliances,538.78,8,0.28,-27.98,2025-05,2025,2.0,-5.193214298971751
ORD00429,C00725,2025-05-17 21:33:12,2025-05-22 21:33:12,Standard Class,Corporate,West,Office Supplies,Art,211.45,5,0.271,-10.83,2025-05,2025,5.0,-5.121778198155592
ORD00069,C00390,2025-05-18 00:46:16,2025-05-21 00:46:16,Standard Class,Consumer,West,Office Supplies,Art,133.13,4,0.073,13.81,2025-05,2025,3.0,10.373319311950725
ORD02825,C00880,2025-05-18 02:02:01,2025-05-23 02:02:01,Standard Class,Consumer,East,Office Supplies,Binders,85.11,2,0.201,1.95,2025-05,2025,5.0,2.2911526260133943
ORD00520,C00394,2025-05-18 05:59:48,2025-05-21 05:59:48,Standard Class,Home Office,North,Technology,Laptops,600.54,5,0.027,136.17,2025-05,2025,3.0,22.67459286642022
ORD01866,C00458,2025-05-18 07:36:45,2025-05-21 07:36:45,Standard Class,Consumer,West,Office Supplies,Paper,390.67,7,0.413,-63.04,2025-05,2025,3.0,-16.136381088898556
ORD01234,C00293,2025-05-18 17:11:40,2025-05-21 17:11:40,Standard Class,Home Office,North,Technology,Phones,1013.61,7,0.143,116.65,2025-05,2025,3.0,11.508371069740827
ORD02809,C00463,2025-05-18 19:01:15,2025-05-23 19:01:15,Standard Class,Consumer,South,Office Supplies,Storage,112.2,8,0.13,-1.38,2025-05,2025,5.0,-1.2299465240641712
ORD01285,C00801,2025-05-18 23:50:32,2025-05-21 23:50:32,Second Class,Corporate,North,Office Supplies,Binders,301.78,7,0.026,40.68,2025-05,2025,3.0,13.480018556564385
ORD00022,C00649,2025-05-19 06:48:55,2025-05-23 06:48:55,Standard Class,Consumer,North,Furniture,Chairs,774.05,5,0.192,-79.27,2025-05,2025,4.0,-10.24094050771914
ORD00093,C00489,2025-05-19 08:08:00,2025-05-24 08:08:00,Standard Class,Consumer,East,Technology,Accessories,837.63,6,0.077,98.75,2025-05,2025,5.0,11.789214808447644
ORD02514,C00278,2025-05-20 03:38:41,2025-05-24 03:38:41,Standard Class,Consumer,East,Office Supplies,Paper,184.86,7,0.107,14.3,2025-05,2025,4.0,7.7355836849507735
ORD02218,C00409,2025-05-20 17:29:50,2025-05-23 17:29:50,Second Class,Consumer,East,Office Supplies,Storage,69.24,2,0.157,-1.03,2025-05,2025,3.0,-1.4875794338532642
ORD03737,C00223,2025-05-20 20:04:25,2025-05-25 20:04:25,Standard Class,Consumer,North,Office Supplies,Appliances,337.15,5,0.2,-33.33,2025-05,2025,5.0,-9.885807504078304
ORD00976,C00922,2025-05-20 23:01:54,2025-05-24 23:01:54,Standard Class,Corporate,West,Office Supplies,Paper,444.62,8,0.124,31.04,2025-05,2025,4.0,6.981242409248346
ORD02531,C00511,2025-05-21 06:49:44,2025-05-23 06:49:44,Second Class,Consumer,East,Office Supplies,Binders,12.71,1,0.124,-0.33,2025-05,2025,2.0,-2.5963808025177024
ORD01844,C00843,2025-05-21 19:28:40,2025-05-25 19:28:40,Second Class,Consumer,East,Technology,Laptops,452.12,4,0.243,9.55,2025-05,2025,4.0,2.112271078474741
ORD02602,C00288,2025-05-22 04:51:47,2025-05-24 04:51:47,First Class,Home Office,West,Office Supplies,Appliances,104.23,2,0.244,-6.41,2025-05,2025,2.0,-6.149860884582174
ORD01678,C00565,2025-05-22 05:58:48,2025-05-25 05:58:48,Standard Class,Consumer,North,Office Supplies,Appliances,273.06,6,0.078,23.74,2025-05,2025,3.0,8.694059913572108
ORD03308,C00941,2025-05-23 07:31:58,2025-05-27 07:31:58,Standard Class,Home Office,East,Office Supplies,Appliances,220.26,4,0.264,-14.46,2025-05,2025,4.0,-6.564968673385999
ORD03551,C00372,2025-05-23 10:46:21,2025-05-26 10:46:21,Second Class,Corporate,East,Office Supplies,Art,18.06,1,0.169,0.45,2025-05,2025,3.0,2.491694352159469
ORD03054,C00475,2025-05-23 11:05:16,2025-05-26 11:05:16,Standard Class,Home Office,North,Office Supplies,Art,337.87,8,0.178,-9.51,2025-05,2025,3.0,-2.8146920413176666
ORD00186,C00835,2025-05-23 15:25:27,2025-05-27 15:25:27,Standard Class,Home Office,East,Technology,Laptops,318.72,2,0.258,-0.47,2025-05,2025,4.0,-0.14746485943775098
ORD02267,C00353,2025-05-24 01:53:16,2025-05-27 01:53:16,Second Class,Consumer,East,Office Supplies,Paper,63.86,4,0.205,-2.12,2025-05,2025,3.0,-3.319761979329784
ORD01232,C00573,2025-05-24 01:59:31,2025-05-29 01:59:31,Standard Class,Home Office,East,Technology,Phones,141.02,1,0.276,3.69,2025-05,2025,5.0,2.6166501205502763
ORD02221,C00159,2025-05-24 15:04:34,2025-05-28 15:04:34,Second Class,Corporate,East,Office Supplies,Paper,445.39,6,0.162,36.68,2025-05,2025,4.0,8.235479018388379
ORD03581,C00758,2025-05-24 16:17:02,2025-05-29 16:17:02,Standard Class,Consumer,West,Technology,Laptops,949.55,6,0.06,180.48,2025-05,2025,5.0,19.006898004317836
ORD02276,C00854,2025-05-25 09:19:44,2025-05-28 09:19:44,Second Class,Home Office,North,Technology,Laptops,972.71,8,0.136,151.85,2025-05,2025,3.0,15.61102486866589
ORD02823,C00374,2025-05-25 13:50:24,2025-05-26 13:50:24,Same Day,Consumer,North,Office Supplies,Binders,81.05,2,0.062,6.93,2025-05,2025,1.0,8.550277606415793
ORD02268,C00920,2025-05-25 15:04:01,2025-05-26 15:04:01,Same Day,Corporate,North,Office Supplies,Paper,53.34,2,0.08,2.12,2025-05,2025,1.0,3.974503187101612
ORD00758,C00124,2025-05-25 15:45:04,2025-05-28 15:45:04,Standard Class,Consumer,North,Furniture,Chairs,840.58,8,0.165,0.59,2025-05,2025,3.0,0.07018963096909277
ORD02087,C00828,2025-05-25 18:52:08,2025-05-28 18:52:08,First Class,Consumer,East,Technology,Laptops,374.3,3,0.165,6.74,2025-05,2025,3.0,1.800694629975955
ORD02872,C00708,2025-05-25 20:04:28,2025-05-29 20:04:28,Second Class,Home Office,North,Office Supplies,Art,175.7,5,0.199,-12.48,2025-05,2025,4.0,-7.103016505406945
ORD03456,C00194,2025-05-25 20:48:03,2025-05-27 20:48:03,First Class,Corporate,East,Office Supplies,Binders,17.48,1,0.075,-0.17,2025-05,2025,2.0,-0.9725400457665904
ORD01416,C00389,2025-05-25 21:05:01,2025-05-28 21:05:01,Standard Class,Corporate,South,Furniture,Tables,828.6,6,0.157,-33.65,2025-05,2025,3.0,-4.061066859763456
ORD01723,C00763,2025-05-25 22:07:13,2025-05-27 22:07:13,First Class,Consumer,South,Technology,Phones,554.78,4,0.112,50.09,2025-05,2025,2.0,9.028804210678109
ORD00295,C00761,2025-05-26 04:38:40,2025-05-29 04:38:40,Standard Class,Home Office,East,Office Supplies,Art,298.23,6,0.153,-1.85,2025-05,2025,3.0,-0.6203265935687221
ORD01339,C00564,2025-05-26 09:09:44,2025-05-31 09:09:44,Standard Class,Corporate,North,Furniture,Tables,1227.61,7,0.184,-69.26,2025-05,2025,5.0,-5.641856941536808
ORD00573,C00309,2025-05-26 14:02:45,2025-05-30 14:02:45,Standard Class,Corporate,North,Furniture,Furnishings,926.12,7,0.137,-40.42,2025-05,2025,4.0,-4.364445212283505
ORD00511,C00239,2025-05-26 15:26:07,2025-05-28 15:26:07,First Class,Consumer,West,Office Supplies,Binders,444.0,8,0.092,3.69,2025-05,2025,2.0,0.8310810810810811
ORD03282,C00795,2025-05-26 17:21:49,2025-05-31 17:21:49,Standard Class,Consumer,East,Technology,Accessories,629.5,5,0.043,76.43,2025-05,2025,5.0,12.141382049245433
ORD01125,C00700,2025-05-27 00:22:19,2025-05-30 00:22:19,Standard Class,Corporate,South,Office Supplies,Binders,91.99,2,0.14,10.09,2025-05,2025,3.0,10.968583541689314
ORD03838,C00674,2025-05-27 11:04:41,2025-06-01 11:04:41,Standard Class,Consumer,North,Technology,Phones,623.94,6,0.082,121.46,2025-05,2025,5.0,19.46661537968394
ORD03589,C00877,2025-05-27 12:47:32,2025-05-29 12:47:32,First Class,Consumer,East,Office Supplies,Paper,204.27,3,0.135,4.17,2025-05,2025,2.0,2.0414157732412983
ORD02344,C00543,2025-05-28 02:29:07,2025-06-01 02:29:07,Standard Class,Consumer,North,Office Supplies,Storage,63.02,1,0.383,-12.39,2025-05,2025,4.0,-19.660425261821644
ORD00350,C00894,2025-05-28 05:08:46,2025-05-29 05:08:46,First Class,Corporate,West,Office Supplies,Appliances,296.75,5,0.238,-5.25,2025-05,2025,1.0,-1.7691659646166806
ORD02493,C00131,2025-05-28 22:38:30,2025-05-31 22:38:30,Second Class,Consumer,North,Technology,Laptops,188.82,1,0.087,36.87,2025-05,2025,3.0,19.52653320622815
ORD03231,C00916,2025-05-29 08:05:26,2025-06-02 08:05:26,Second Class,Corporate,East,Office Supplies,Paper,303.45,6,0.12,36.03,2025-05,2025,4.0,11.873455264458725
ORD02143,C00473,2025-05-29 09:34:31,2025-06-01 09:34:31,Second Class,Home Office,South,Technology,Laptops,311.71,3,0.226,-17.61,2025-05,2025,3.0,-5.649481890218473
ORD02299,C00635,2025-05-29 12:46:02,2025-06-03 12:46:02,Standard Class,Corporate,South,Office Supplies,Art,366.33,7,0.045,33.39,2025-05,2025,5.0,9.114732618131194
ORD00808,C00684,2025-05-29 13:56:52,2025-06-02 13:56:52,Second Class,Consumer,West,Technology,Laptops,503.98,4,0.198,31.45,2025-05,2025,4.0,6.240326997103059
ORD01012,C00750,2025-05-29 16:05:38,2025-06-02 16:05:38,Standard Class,Consumer,North,Office Supplies,Appliances,207.39,5,0.227,-10.15,2025-05,2025,4.0,-4.894160759920922
ORD03212,C00339,2025-05-29 18:29:50,2025-06-01 18:29:50,Second Class,Consumer,South,Furniture,Chairs,1703.67,8,0.252,-156.37,2025-05,2025,3.0,-9.178420703540006
ORD02693,C00776,2025-05-29 20:22:21,2025-06-01 20:22:21,Standard Class,Consumer,East,Furniture,Bookcases,1538.99,5,0.087,78.29,2025-05,2025,3.0,5.08710258026368
ORD02079,C00569,2025-05-29 22:43:10,2025-06-01 22:43:10,Second Class,Consumer,North,Office Supplies,Art,44.66,2,0.147,0.56,2025-05,2025,3.0,1.253918495297806
ORD03232,C00294,2025-05-30 05:33:48,2025-06-02 05:33:48,First Class,Consumer,West,Office Supplies,Binders,47.3,3,0.117,7.52,2025-05,2025,3.0,15.898520084566597
ORD00854,C00690,2025-05-30 10:54:12,2025-06-01 10:54:12,First Class,Consumer,North,Office Supplies,Appliances,178.71,3,0.019,30.5,2025-05,2025,2.0,17.06675619719098
ORD03564,C00004,2025-05-30 12:00:27,2025-06-03 12:00:27,Second Class,Consumer,East,Technology,Phones,929.82,6,0.183,107.31,2025-05,2025,4.0,11.540943408401626
ORD01613,C00879,2025-05-30 13:43:28,2025-06-02 13:43:28,Second Class,Consumer,East,Technology,Accessories,781.12,6,0.038,131.89,2025-05,2025,3.0,16.884729619008603
ORD00758,C00883,2025-05-30 22:41:29,2025-06-03 22:41:29,Standard Class,Consumer,North,Office Supplies,Storage,146.79,3,0.17,-2.73,2025-05,2025,4.0,-1.859799713876967
ORD00054,C00613,2025-05-31 04:05:13,2025-06-02 04:05:13,Second Class,Consumer,East,Office Supplies,Appliances,130.83,3,0.179,4.68,2025-05,2025,2.0,3.577161201559275
ORD01292,C00572,2025-05-31 17:25:30,2025-06-04 17:25:30,Second Class,Consumer,South,Office Supplies,Art,242.7,8,0.196,0.82,2025-05,2025,4.0,0.33786567779151216
ORD02964,C00885,2025-05-31 18:12:20,2025-06-03 18:12:20,Standard Class,Corporate,West,Furniture,Furnishings,598.89,5,0.179,8.37,2025-05,2025,3.0,1.3975855332364875
ORD02520,C00290,2025-05-31 21:45:30,2025-06-04 21:45:30,Standard Class,Home Office,South,Office Supplies,Art,136.92,8,0.108,12.48,2025-05,2025,4.0,9.1148115687993
ORD01578,C00460,2025-05-31 22:55:13,2025-06-05 22:55:13,Standard Class,Consumer,South,Technology,Accessories,603.88,4,0.279,1.51,2025-05,2025,5.0,0.2500496787441213
ORD01191,C00705,2025-06-01 11:08:15,2025-06-05 11:08:15,Standard Class,Consumer,South,Office Supplies,Art,216.55,5,0.202,-14.44,2025-06,2025,4.0,-6.668205957053798
ORD02078,C00826,2025-06-01 14:18:49,2025-06-05 14:18:49,Standard Class,Consumer,West,Technology,Phones,695.53,4,0.237,-17.61,2025-06,2025,4.0,-2.531882161804667
ORD02731,C00031,2025-06-01 16:45:45,2025-06-05 16:45:45,Second Class,Consumer,East,Furniture,Tables,549.26,4,0.088,61.38,2025-06,2025,4.0,11.175035502312202
ORD00579,C00691,2025-06-01 21:59:29,2025-06-05 21:59:29,Standard Class,Corporate,North,Office Supplies,Paper,169.25,8,0.018,18.19,2025-06,2025,4.0,10.74741506646972
ORD01659,C00349,2025-06-01 23:48:41,2025-06-04 23:48:41,Standard Class,Corporate,North,Office Supplies,Paper,219.84,6,0.287,-19.95,2025-06,2025,3.0,-9.074781659388647
ORD02388,C00159,2025-06-02 00:53:50,2025-06-05 00:53:50,Standard Class,Consumer,East,Office Supplies,Binders,312.1,5,0.211,13.79,2025-06,2025,3.0,4.418455623197692
ORD01451,C00936,2025-06-02 05:31:49,2025-06-05 05:31:49,Standard Class,Corporate,North,Technology,Laptops,1023.84,7,0.073,190.5,2025-06,2025,3.0,18.606422878574776
ORD01099,C00855,2025-06-02 07:29:44,2025-06-06 07:29:44,Standard Class,Consumer,West,Office Supplies,Paper,431.7,6,0.148,5.33,2025-06,2025,4.0,1.2346536946953903
ORD03867,C00795,2025-06-02 11:29:45,2025-06-05 11:29:45,Second Class,Consumer,South,Office Supplies,Art,259.77,5,0.032,28.0,2025-06,2025,3.0,10.778765831312317
ORD03596,C00584,2025-06-02 13:29:34,2025-06-05 13:29:34,Second Class,Home Office,East,Office Supplies,Binders,198.13,5,0.213,-0.93,2025-06,2025,3.0,-0.469388785141069
ORD03497,C00727,2025-06-02 15:47:09,2025-06-04 15:47:09,Second Class,Consumer,North,Technology,Laptops,529.76,5,0.126,39.61,2025-06,2025,2.0,7.47697070371489
ORD02303,C00449,2025-06-02 16:32:02,2025-06-06 16:32:02,Second Class,Consumer,North,Office Supplies,Appliances,74.71,4,0.03,10.15,2025-06,2025,4.0,13.585865346004553
ORD03860,C00371,2025-06-02 22:33:42,2025-06-04 22:33:42,Second Class,Consumer,South,Office Supplies,Appliances,106.26,5,0.174,-2.76,2025-06,2025,2.0,-2.5974025974025974
ORD02890,C00006,2025-06-03 07:53:30,2025-06-08 07:53:30,Standard Class,Corporate,West,Technology,Laptops,677.11,5,0.123,33.48,2025-06,2025,5.0,4.944543722585695
ORD01365,C00164,2025-06-03 09:34:21,2025-06-07 09:34:21,Standard Class,Corporate,East,Technology,Accessories,340.12,2,0.071,62.03,2025-06,2025,4.0,18.237680818534635
ORD02551,C00655,2025-06-03 10:29:48,2025-06-08 10:29:48,Standard Class,Home Office,East,Office Supplies,Paper,137.25,4,0.112,12.45,2025-06,2025,5.0,9.07103825136612
ORD01763,C00169,2025-06-03 13:05:09,2025-06-06 13:05:09,Second Class,Corporate,North,Furniture,Chairs,222.46,3,0.234,-26.08,2025-06,2025,3.0,-11.72345590218466
ORD03137,C00145,2025-06-03 16:48:00,2025-06-07 16:48:00,Second Class,Consumer,East,Furniture,Bookcases,1673.04,7,0.208,-207.5,2025-06,2025,4.0,-12.402572562520922
ORD03155,C00115,2025-06-04 07:22:28,2025-06-05 07:22:28,Same Day,Corporate,West,Technology,Laptops,839.53,6,0.279,-72.05,2025-06,2025,1.0,-8.582182888044501
ORD02767,C00581,2025-06-04 09:39:55,2025-06-07 09:39:55,First Class,Consumer,West,Office Supplies,Art,26.31,1,0.042,5.1,2025-06,2025,3.0,19.384264538198405
ORD02426,C00253,2025-06-04 10:27:40,2025-06-07 10:27:40,Standard Class,Home Office,North,Office Supplies,Binders,97.77,5,0.213,-1.68,2025-06,2025,3.0,-1.718318502608162
ORD00231,C00013,2025-06-04 16:17:00,2025-06-07 16:17:00,Standard Class,Consumer,North,Office Supplies,Storage,79.56,2,0.26,-1.9,2025-06,2025,3.0,-2.3881347410759175
ORD00654,C00643,2025-06-04 20:11:54,2025-06-06 20:11:54,Second Class,Consumer,East,Office Supplies,Binders,385.93,8,0.126,32.46,2025-06,2025,2.0,8.41085170885912
ORD02566,C00586,2025-06-04 22:02:14,2025-06-07 22:02:14,First Class,Consumer,East,Office Supplies,Paper,331.45,8,0.091,15.32,2025-06,2025,3.0,4.622114949464475
ORD01359,C00409,2025-06-05 10:03:02,2025-06-09 10:03:02,Standard Class,Home Office,South,Furniture,Chairs,920.74,6,0.184,-141.47,2025-06,2025,4.0,-15.364815257293046
ORD02202,C00807,2025-06-05 11:29:23,2025-06-09 11:29:23,Standard Class,Consumer,West,Office Supplies,Paper,137.64,2,0.101,4.06,2025-06,2025,4.0,2.9497239174658527
ORD00340,C00030,2025-06-05 11:41:34,2025-06-10 11:41:34,Standard Class,Corporate,South,Furniture,Bookcases,635.71,6,0.118,1.04,2025-06,2025,5.0,0.1635966085164619
ORD00128,C00112,2025-06-05 13:11:09,2025-06-09 13:11:09,Standard Class,Consumer,South,Technology,Laptops,280.05,2,0.202,2.44,2025-06,2025,4.0,0.8712729869666129
ORD02657,C00051,2025-06-05 14:08:39,2025-06-06 14:08:39,First Class,Corporate,North,Office Supplies,Storage,125.28,5,0.1,12.41,2025-06,2025,1.0,9.90581098339719
ORD02260,C00303,2025-06-06 00:50:24,2025-06-10 00:50:24,Standard Class,Consumer,East,Furniture,Tables,830.94,5,0.176,-105.8,2025-06,2025,4.0,-12.732567935109634
ORD00398,C00408,2025-06-06 03:08:52,2025-06-11 03:08:52,Standard Class,Consumer,South,Office Supplies,Binders,98.27,2,0.124,4.24,2025-06,2025,5.0,4.314643329602117
ORD03009,C00477,2025-06-06 05:55:58,2025-06-09 05:55:58,Standard Class,Corporate,North,Furniture,Chairs,267.87,4,0.185,-12.43,2025-06,2025,3.0,-4.640310598424609
ORD00128,C00542,2025-06-07 05:29:26,2025-06-12 05:29:26,Standard Class,Consumer,North,Office Supplies,Storage,142.21,5,0.132,0.31,2025-06,2025,5.0,0.21798748329934603
ORD01763,C00179,2025-06-07 07:54:58,2025-06-10 07:54:58,First Class,Consumer,North,Furniture,Bookcases,1002.9,5,0.227,-51.02,2025-06,2025,3.0,-5.087246983747134
ORD02900,C00690,2025-06-07 10:51:54,2025-06-08 10:51:54,First Class,Home Office,East,Furniture,Furnishings,179.04,2,0.102,20.14,2025-06,2025,1.0,11.248882931188563
ORD01644,C00685,2025-06-07 13:12:13,2025-06-09 13:12:13,Second Class,Home Office,North,Office Supplies,Paper,12.36,1,0.348,-1.62,2025-06,2025,2.0,-13.106796116504857
ORD00196,C00408,2025-06-07 18:12:06,2025-06-11 18:12:06,Standard Class,Consumer,East,Office Supplies,Paper,499.11,7,0.152,14.48,2025-06,2025,4.0,2.901164072048246
ORD01590,C00569,2025-06-07 20:35:44,2025-06-11 20:35:44,Standard Class,Corporate,East,Technology,Laptops,762.63,5,0.018,125.1,2025-06,2025,4.0,16.403760670311947
ORD03860,C00600,2025-06-07 21:02:16,2025-06-09 21:02:16,Second Class,Consumer,South,Office Supplies,Art,236.7,6,0.101,28.46,2025-06,2025,2.0,12.023658639628222
ORD01523,C00045,2025-06-07 23:09:33,2025-06-10 23:09:33,Standard Class,Consumer,North,Office Supplies,Paper,46.38,3,0.247,-2.58,2025-06,2025,3.0,-5.5627425614489
ORD00849,C00585,2025-06-08 03:17:10,2025-06-11 03:17:10,Standard Class,Corporate,East,Technology,Laptops,112.39,1,0.307,-8.88,2025-06,2025,3.0,-7.901058813061661
ORD02054,C00251,2025-06-08 04:27:07,2025-06-10 04:27:07,First Class,Corporate,West,Office Supplies,Appliances,272.28,4,0.097,44.29,2025-06,2025,2.0,16.2663434699574
ORD03579,C00347,2025-06-08 21:51:40,2025-06-10 21:51:40,Same Day,Consumer,North,Office Supplies,Paper,107.45,2,0.13,5.06,2025-06,2025,2.0,4.709167054443927
ORD03424,C00584,2025-06-09 02:21:20,2025-06-14 02:21:20,Standard Class,Consumer,East,Office Supplies,Paper,453.81,7,0.116,-6.68,2025-06,2025,5.0,-1.4719816663361318
ORD02823,C00043,2025-06-09 04:59:27,2025-06-12 04:59:27,Standard Class,Consumer,North,Technology,Phones,516.12,5,0.042,94.05,2025-06,2025,3.0,18.22250639386189
ORD00775,C00882,2025-06-09 06:46:25,2025-06-13 06:46:25,Second Class,Corporate,West,Office Supplies,Appliances,243.27,8,0.019,37.02,2025-06,2025,4.0,15.217659390800344
ORD01814,C00680,2025-06-09 08:12:55,2025-06-14 08:12:55,Standard Class,Consumer,South,Technology,Phones,945.95,8,0.259,-90.06,2025-06,2025,5.0,-9.520587768909563
ORD02733,C00069,2025-06-09 08:47:54,2025-06-12 08:47:54,Standard Class,Consumer,North,Office Supplies,Art,423.65,8,0.151,-10.67,2025-06,2025,3.0,-2.5185884574530863
ORD03383,C00945,2025-06-09 10:35:24,2025-06-12 10:35:24,Standard Class,Home Office,West,Furniture,Chairs,164.17,2,0.252,-23.67,2025-06,2025,3.0,-14.417981360784554
ORD03675,C00432,2025-06-09 13:07:02,2025-06-14 13:07:02,Standard Class,Corporate,West,Office Supplies,Binders,183.21,4,0.188,8.51,2025-06,2025,5.0,4.644942961628732
ORD00159,C00654,2025-06-09 13:22:31,2025-06-14 13:22:31,Standard Class,Consumer,South,Office Supplies,Appliances,38.68,2,0.168,-0.78,2025-06,2025,5.0,-2.016546018614271
ORD00207,C00075,2025-06-10 02:35:34,2025-06-13 02:35:34,Standard Class,Consumer,North,Furniture,Tables,332.95,5,0.136,38.2,2025-06,2025,3.0,11.473194173299294
ORD02903,C00182,2025-06-10 08:37:49,2025-06-12 08:37:49,Second Class,Home Office,East,Furniture,Bookcases,888.18,4,0.21,-67.75,2025-06,2025,2.0,-7.627958296741652
ORD00645,C00565,2025-06-10 11:51:55,2025-06-13 11:51:55,Standard Class,Consumer,East,Technology,Accessories,449.26,4,0.065,74.97,2025-06,2025,3.0,16.687441570582738
ORD00184,C00291,2025-06-10 15:43:42,2025-06-14 15:43:42,Standard Class,Consumer,North,Office Supplies,Binders,105.86,5,0.104,8.48,2025-06,2025,4.0,8.010580011335728
ORD03648,C00396,2025-06-10 17:11:08,2025-06-15 17:11:08,Standard Class,Corporate,North,Technology,Accessories,1007.25,7,0.022,258.07,2025-06,2025,5.0,25.621245966741125
ORD02681,C00058,2025-06-10 18:38:44,2025-06-15 18:38:44,Standard Class,Consumer,East,Furniture,Bookcases,239.09,1,0.166,-4.2,2025-06,2025,5.0,-1.7566606717135809
ORD03104,C00186,2025-06-10 18:43:09,2025-06-14 18:43:09,Standard Class,Consumer,North,Furniture,Chairs,276.29,3,0.138,5.27,2025-06,2025,4.0,1.9074161207426978
ORD00806,C00910,2025-06-10 20:49:34,2025-06-14 20:49:34,Standard Class,Home Office,East,Office Supplies,Binders,454.58,8,0.302,-64.28,2025-06,2025,4.0,-14.140525320075675
ORD02984,C00766,2025-06-10 22:34:21,2025-06-11 22:34:21,First Class,Consumer,South,Furniture,Tables,758.47,8,0.22,-90.31,2025-06,2025,1.0,-11.906865136393002
ORD00688,C00245,2025-06-10 22:55:37,2025-06-14 22:55:37,Standard Class,Consumer,West,Office Supplies,Art,94.69,3,0.099,6.25,2025-06,2025,4.0,6.600485795754568
ORD00360,C00727,2025-06-10 23:48:24,2025-06-14 23:48:24,Standard Class,Home Office,North,Office Supplies,Storage,114.56,2,0.077,14.24,2025-06,2025,4.0,12.430167597765362
ORD02167,C00151,2025-06-11 04:24:03,2025-06-15 04:24:03,Second Class,Home Office,North,Furniture,Chairs,363.7,3,0.092,-4.73,2025-06,2025,4.0,-1.300522408578499
ORD00799,C00762,2025-06-11 07:44:08,2025-06-14 07:44:08,Standard Class,Consumer,North,Furniture,Bookcases,254.51,4,0.103,15.11,2025-06,2025,3.0,5.936898353699265
ORD02441,C00890,2025-06-11 11:41:48,2025-06-15 11:41:48,Standard Class,Corporate,East,Technology,Phones,118.44,1,0.232,-2.69,2025-06,2025,4.0,-2.271192164809186
ORD02990,C00497,2025-06-11 14:19:46,2025-06-14 14:19:46,Standard Class,Corporate,East,Technology,Accessories,927.17,6,0.138,54.3,2025-06,2025,3.0,5.856531164727072
ORD02294,C00721,2025-06-11 20:57:13,2025-06-16 20:57:13,Standard Class,Corporate,East,Technology,Phones,432.26,3,0.107,35.73,2025-06,2025,5.0,8.265858511081294
ORD01490,C00616,2025-06-11 23:13:09,2025-06-16 23:13:09,Standard Class,Corporate,South,Technology,Accessories,131.77,1,0.108,5.09,2025-06,2025,5.0,3.862791227138195
ORD00619,C00813,2025-06-12 00:36:45,2025-06-17 00:36:45,Standard Class,Corporate,North,Office Supplies,Paper,105.14,4,0.014,15.6,2025-06,2025,5.0,14.837359710861708
ORD00782,C00269,2025-06-12 02:15:26,2025-06-16 02:15:26,Standard Class,Corporate,East,Technology,Phones,802.45,6,0.031,125.71,2025-06,2025,4.0,15.665773568446632
ORD02268,C00653,2025-06-12 09:51:21,2025-06-16 09:51:21,Second Class,Consumer,East,Furniture,Furnishings,844.64,6,0.048,19.05,2025-06,2025,4.0,2.255398749763213
ORD03683,C00603,2025-06-12 20:55:00,2025-06-16 20:55:00,Standard Class,Consumer,South,Technology,Laptops,332.7,3,0.14,4.25,2025-06,2025,4.0,1.2774271115118725
ORD02883,C00829,2025-06-13 02:47:26,2025-06-18 02:47:26,Standard Class,Consumer,North,Furniture,Tables,296.51,2,0.24,-33.23,2025-06,2025,5.0,-11.207041921014467
ORD03630,C00582,2025-06-13 05:06:50,2025-06-16 05:06:50,First Class,Consumer,West,Office Supplies,Art,390.36,8,0.106,22.12,2025-06,2025,3.0,5.666564197151348
ORD03285,C00748,2025-06-13 07:49:33,2025-06-17 07:49:33,Standard Class,Home Office,West,Office Supplies,Storage,310.4,8,0.289,-41.11,2025-06,2025,4.0,-13.244201030927835
ORD00904,C00230,2025-06-13 09:12:42,2025-06-16 09:12:42,Second Class,Consumer,North,Technology,Phones,323.16,3,0.023,70.6,2025-06,2025,3.0,21.846763213268964
ORD01199,C00554,2025-06-13 15:33:43,2025-06-16 15:33:43,Standard Class,Corporate,South,Furniture,Chairs,1272.68,8,0.262,-253.85,2025-06,2025,3.0,-19.946097997925634
ORD03694,C00430,2025-06-13 18:32:16,2025-06-17 18:32:16,Standard Class,Consumer,East,Office Supplies,Art,131.66,4,0.195,-13.62,2025-06,2025,4.0,-10.344827586206897
ORD00582,C00034,2025-06-13 19:29:02,2025-06-16 19:29:02,Standard Class,Consumer,North,Office Supplies,Art,121.06,7,0.043,17.61,2025-06,2025,3.0,14.546505864860398
ORD03595,C00745,2025-06-13 23:24:34,2025-06-16 23:24:34,First Class,Corporate,East,Technology,Laptops,593.64,5,0.169,57.38,2025-06,2025,3.0,9.665790714911395
ORD00747,C00076,2025-06-14 00:09:50,2025-06-18 00:09:50,Second Class,Consumer,West,Office Supplies,Art,297.83,6,0.134,-2.73,2025-06,2025,4.0,-0.9166302924487123
ORD01813,C00724,2025-06-14 02:40:33,2025-06-18 02:40:33,Standard Class,Home Office,West,Office Supplies,Art,51.44,1,0.07,7.28,2025-06,2025,4.0,14.152410575427684
ORD03490,C00780,2025-06-14 12:24:40,2025-06-18 12:24:40,Second Class,Home Office,West,Technology,Laptops,1193.39,6,0.053,241.21,2025-06,2025,4.0,20.212168695899916
ORD02263,C00263,2025-06-14 16:56:44,2025-06-15 16:56:44,First Class,Corporate,North,Furniture,Bookcases,497.21,5,0.125,-22.45,2025-06,2025,1.0,-4.515194786910963
ORD02829,C00592,2025-06-14 21:34:39,2025-06-17 21:34:39,Standard Class,Consumer,South,Office Supplies,Binders,47.79,4,0.088,4.83,2025-06,2025,3.0,10.106716886377903
ORD02396,C00119,2025-06-15 04:27:13,2025-06-18 04:27:13,Second Class,Corporate,East,Furniture,Bookcases,473.2,2,0.216,-55.27,2025-06,2025,3.0,-11.680050718512259
ORD00295,C00579,2025-06-15 06:09:29,2025-06-18 06:09:29,Second Class,Home Office,North,Technology,Laptops,744.16,7,0.02,144.89,2025-06,2025,3.0,19.470275209632337
ORD00340,C00357,2025-06-15 07:48:52,2025-06-17 07:48:52,Second Class,Consumer,South,Technology,Laptops,1230.69,8,0.231,-58.86,2025-06,2025,2.0,-4.782682885210735
ORD01800,C00532,2025-06-15 14:25:02,2025-06-18 14:25:02,Standard Class,Corporate,East,Technology,Phones,614.79,5,0.134,76.84,2025-06,2025,3.0,12.49857674978448
ORD01069,C00601,2025-06-15 17:07:45,2025-06-19 17:07:45,Second Class,Home Office,West,Office Supplies,Binders,431.93,6,0.284,-19.5,2025-06,2025,4.0,-4.514620424605839
ORD03279,C00663,2025-06-16 00:45:57,2025-06-19 00:45:57,First Class,Corporate,North,Office Supplies,Appliances,114.96,6,0.267,-21.86,2025-06,2025,3.0,-19.015309672929714
ORD01480,C00146,2025-06-16 01:53:05,2025-06-21 01:53:05,Standard Class,Consumer,South,Furniture,Furnishings,1756.67,8,0.191,-190.65,2025-06,2025,5.0,-10.852920582693391
ORD02146,C00771,2025-06-16 11:23:04,2025-06-21 11:23:04,Standard Class,Consumer,North,Furniture,Furnishings,594.17,7,0.37,-138.71,2025-06,2025,5.0,-23.34517057407813
ORD01339,C00312,2025-06-16 16:05:37,2025-06-21 16:05:37,Standard Class,Consumer,West,Technology,Laptops,1306.66,8,0.149,79.76,2025-06,2025,5.0,6.104112776085592
ORD03440,C00410,2025-06-16 17:45:32,2025-06-21 17:45:32,Standard Class,Corporate,East,Furniture,Chairs,1228.89,7,0.075,212.87,2025-06,2025,5.0,17.32213623676651
ORD02765,C00405,2025-06-16 18:21:47,2025-06-19 18:21:47,Standard Class,Home Office,West,Technology,Accessories,1069.23,7,0.254,-16.93,2025-06,2025,3.0,-1.583382434088082
ORD01708,C00598,2025-06-17 02:46:43,2025-06-22 02:46:43,Standard Class,Corporate,West,Office Supplies,Art,94.72,4,0.137,7.62,2025-06,2025,5.0,8.044763513513514
ORD00173,C00863,2025-06-17 03:30:09,2025-06-19 03:30:09,First Class,Consumer,East,Technology,Accessories,725.63,5,0.267,-50.8,2025-06,2025,2.0,-7.0008130865592655
ORD02491,C00196,2025-06-17 06:22:32,2025-06-20 06:22:32,Standard Class,Consumer,East,Office Supplies,Binders,445.26,8,0.177,-1.7,2025-06,2025,3.0,-0.38179939810447827
ORD02443,C00779,2025-06-17 06:25:22,2025-06-20 06:25:22,Standard Class,Consumer,North,Office Supplies,Art,243.18,4,0.077,14.22,2025-06,2025,3.0,5.847520355292376
ORD00817,C00760,2025-06-17 06:57:57,2025-06-21 06:57:57,Standard Class,Consumer,North,Furniture,Tables,909.23,8,0.132,26.78,2025-06,2025,4.0,2.9453493615476836
ORD00388,C00333,2025-06-17 11:13:51,2025-06-19 11:13:51,Same Day,Consumer,North,Office Supplies,Appliances,328.77,6,0.107,10.21,2025-06,2025,2.0,3.1055144934148498
ORD01991,C00295,2025-06-17 17:30:08,2025-06-20 17:30:08,Standard Class,Consumer,North,Technology,Accessories,1144.82,8,0.109,183.98,2025-06,2025,3.0,16.07064866092486
ORD01793,C00237,2025-06-17 19:54:00,2025-06-22 19:54:00,Standard Class,Consumer,West,Furniture,Tables,516.52,2,0.23,-99.45,2025-06,2025,5.0,-19.25385270657477
ORD00929,C00078,2025-06-18 15:53:04,2025-06-20 15:53:04,Same Day,Consumer,South,Technology,Phones,322.11,3,0.082,65.92,2025-06,2025,2.0,20.465058520381234
ORD02858,C00068,2025-06-18 16:24:52,2025-06-22 16:24:52,Second Class,Corporate,East,Office Supplies,Binders,450.32,8,0.015,46.88,2025-06,2025,4.0,10.410374844554985
ORD02793,C00297,2025-06-19 03:18:59,2025-06-20 03:18:59,Same Day,Corporate,North,Technology,Laptops,883.94,7,0.103,47.82,2025-06,2025,1.0,5.409869448152589
ORD03131,C00621,2025-06-19 04:20:26,2025-06-22 04:20:26,Standard Class,Consumer,East,Office Supplies,Art,85.6,5,0.108,2.32,2025-06,2025,3.0,2.710280373831776
ORD02499,C00054,2025-06-19 09:01:37,2025-06-22 09:01:37,Standard Class,Consumer,North,Office Supplies,Art,303.27,7,0.078,41.76,2025-06,2025,3.0,13.76990800276981
ORD02590,C00438,2025-06-19 09:28:14,2025-06-23 09:28:14,Standard Class,Consumer,South,Office Supplies,Paper,173.32,3,0.201,-8.23,2025-06,2025,4.0,-4.748442187860605
ORD00274,C00313,2025-06-19 10:19:55,2025-06-23 10:19:55,Standard Class,Consumer,West,Office Supplies,Art,516.74,8,0.147,-55.88,2025-06,2025,4.0,-10.813948987885592
ORD03335,C00758,2025-06-19 10:49:50,2025-06-24 10:49:50,Standard Class,Corporate,South,Office Supplies,Binders,220.35,5,0.215,4.77,2025-06,2025,5.0,2.164737916950306
ORD01203,C00045,2025-06-19 15:21:40,2025-06-21 15:21:40,Second Class,Home Office,West,Technology,Accessories,181.91,1,0.093,21.86,2025-06,2025,2.0,12.016931449617942
ORD00413,C00313,2025-06-19 16:05:53,2025-06-22 16:05:53,Standard Class,Consumer,East,Furniture,Tables,1047.03,6,0.192,-26.54,2025-06,2025,3.0,-2.534788879019703
ORD03820,C00828,2025-06-19 18:33:49,2025-06-23 18:33:49,Standard Class,Corporate,West,Technology,Accessories,735.83,4,0.147,46.8,2025-06,2025,4.0,6.360164711957925
ORD02779,C00180,2025-06-19 22:07:14,2025-06-21 22:07:14,Second Class,Home Office,North,Office Supplies,Art,94.04,6,0.051,7.68,2025-06,2025,2.0,8.16673755848575
ORD00982,C00169,2025-06-19 22:14:38,2025-06-24 22:14:38,Standard Class,Corporate,East,Office Supplies,Binders,302.99,5,0.198,-14.82,2025-06,2025,5.0,-4.891250536321331
ORD01609,C00941,2025-06-20 06:33:41,2025-06-25 06:33:41,Standard Class,Home Office,North,Furniture,Bookcases,794.13,5,0.3,-147.51,2025-06,2025,5.0,-18.575044388198407
ORD03131,C00551,2025-06-20 07:55:50,2025-06-22 07:55:50,First Class,Home Office,South,Office Supplies,Appliances,26.31,2,0.106,2.65,2025-06,2025,2.0,10.072215887495249
ORD03437,C00850,2025-06-20 08:20:11,2025-06-22 08:20:11,First Class,Consumer,East,Furniture,Chairs,705.16,4,0.212,-58.67,2025-06,2025,2.0,-8.320097566509729
ORD01926,C00177,2025-06-20 08:23:03,2025-06-25 08:23:03,Standard Class,Consumer,South,Office Supplies,Paper,240.36,6,0.171,-8.92,2025-06,2025,5.0,-3.7111000166417036
ORD00802,C00297,2025-06-20 09:00:41,2025-06-22 09:00:41,Second Class,Corporate,North,Technology,Accessories,219.85,2,0.287,-9.89,2025-06,2025,2.0,-4.498521719354105
ORD00669,C00562,2025-06-20 11:19:03,2025-06-25 11:19:03,Standard Class,Consumer,South,Office Supplies,Paper,61.54,1,0.144,4.77,2025-06,2025,5.0,7.751056223594409
ORD02171,C00929,2025-06-20 11:19:41,2025-06-23 11:19:41,Second Class,Corporate,East,Technology,Phones,1398.71,8,0.011,217.44,2025-06,2025,3.0,15.545752872289468
ORD00732,C00126,2025-06-20 15:28:03,2025-06-25 15:28:03,Standard Class,Consumer,South,Office Supplies,Art,23.97,1,0.291,-2.26,2025-06,2025,5.0,-9.428452231956612
ORD03777,C00590,2025-06-21 02:22:53,2025-06-24 02:22:53,Second Class,Corporate,North,Technology,Laptops,750.03,7,0.115,77.37,2025-06,2025,3.0,10.31558737650494
ORD02797,C00023,2025-06-21 04:53:36,2025-06-21 04:53:36,Same Day,Corporate,East,Office Supplies,Appliances,71.04,1,0.015,7.14,2025-06,2025,0.0,10.050675675675674
ORD03588,C00771,2025-06-21 06:57:13,2025-06-24 06:57:13,Second Class,Consumer,North,Furniture,Tables,1779.24,7,0.231,-159.88,2025-06,2025,3.0,-8.985859130864863
ORD03499,C00772,2025-06-21 15:53:12,2025-06-24 15:53:12,First Class,Corporate,South,Office Supplies,Appliances,97.76,4,0.243,0.05,2025-06,2025,3.0,0.05114566284779051
ORD02061,C00675,2025-06-21 16:45:38,2025-06-22 16:45:38,First Class,Corporate,North,Technology,Phones,1176.41,7,0.114,122.46,2025-06,2025,1.0,10.409636096258957
ORD00954,C00881,2025-06-21 17:32:09,2025-06-24 17:32:09,First Class,Consumer,North,Office Supplies,Appliances,449.2,8,0.068,56.33,2025-06,2025,3.0,12.540071237756012
ORD00354,C00617,2025-06-21 19:05:01,2025-06-24 19:05:01,Standard Class,Corporate,East,Technology,Phones,140.82,1,0.071,22.26,2025-06,2025,3.0,15.8074137196421
ORD03688,C00756,2025-06-21 22:49:52,2025-06-25 22:49:52,Standard Class,Consumer,East,Office Supplies,Binders,68.96,1,0.047,6.88,2025-06,2025,4.0,9.976798143851509
ORD01128,C00382,2025-06-21 23:16:10,2025-06-25 23:16:10,Standard Class,Consumer,South,Furniture,Tables,465.05,6,0.191,-29.65,2025-06,2025,4.0,-6.375658531340715
ORD00093,C00603,2025-06-22 02:25:48,2025-06-27 02:25:48,Standard Class,Consumer,North,Furniture,Bookcases,568.62,6,0.248,-95.04,2025-06,2025,5.0,-16.714150047483383
ORD03361,C00229,2025-06-22 07:45:57,2025-06-26 07:45:57,Second Class,Corporate,West,Office Supplies,Paper,122.96,2,0.028,18.66,2025-06,2025,4.0,15.175666883539362
ORD02541,C00382,2025-06-22 08:50:54,2025-06-27 08:50:54,Standard Class,Corporate,North,Furniture,Chairs,794.54,4,0.183,-59.9,2025-06,2025,5.0,-7.538953356659199
ORD03814,C00728,2025-06-22 09:15:54,2025-06-26 09:15:54,Standard Class,Home Office,East,Technology,Accessories,1016.22,6,0.171,40.35,2025-06,2025,4.0,3.970596917990199
ORD02356,C00602,2025-06-22 14:12:47,2025-06-26 14:12:47,Standard Class,Consumer,North,Technology,Accessories,120.94,1,0.038,28.47,2025-06,2025,4.0,23.54059864395568
ORD00516,C00392,2025-06-22 15:39:26,2025-06-27 15:39:26,Standard Class,Corporate,South,Furniture,Chairs,1239.39,7,0.258,-206.49,2025-06,2025,5.0,-16.660615302689223
ORD03245,C00167,2025-06-22 18:06:09,2025-06-25 18:06:09,First Class,Corporate,East,Office Supplies,Storage,148.15,5,0.24,0.17,2025-06,2025,3.0,0.11474856564292948
ORD02138,C00197,2025-06-22 21:43:14,2025-06-24 21:43:14,First Class,Consumer,East,Office Supplies,Storage,235.1,4,0.2,-15.93,2025-06,2025,2.0,-6.775840068056146
ORD00681,C00484,2025-06-22 21:48:45,2025-06-24 21:48:45,Second Class,Home Office,West,Furniture,Furnishings,1021.75,5,0.31,-154.73,2025-06,2025,2.0,-15.143626131636898
ORD00956,C00469,2025-06-22 23:27:48,2025-06-26 23:27:48,Standard Class,Consumer,South,Office Supplies,Appliances,92.71,4,0.159,-1.2,2025-06,2025,4.0,-1.2943587531010678
ORD02388,C00500,2025-06-23 02:42:27,2025-06-23 02:42:27,Same Day,Corporate,South,Technology,Accessories,365.39,3,0.063,30.74,2025-06,2025,0.0,8.412928651577765
ORD01801,C00041,2025-06-23 03:32:41,2025-06-28 03:32:41,Standard Class,Consumer,West,Office Supplies,Appliances,135.05,2,0.033,23.07,2025-06,2025,5.0,17.082562014068863
ORD03736,C00145,2025-06-23 03:55:42,2025-06-24 03:55:42,Same Day,Corporate,South,Technology,Laptops,302.79,3,0.087,65.37,2025-06,2025,1.0,21.589220251659565
ORD01782,C00112,2025-06-23 10:59:59,2025-06-26 10:59:59,First Class,Consumer,South,Furniture,Chairs,592.11,3,0.241,-120.61,2025-06,2025,3.0,-20.369525932681427
ORD00327,C00851,2025-06-23 12:01:57,2025-06-26 12:01:57,Standard Class,Consumer,West,Office Supplies,Storage,214.22,3,0.167,18.72,2025-06,2025,3.0,8.738679861824291
ORD00602,C00290,2025-06-23 15:00:24,2025-06-27 15:00:24,Second Class,Consumer,North,Office Supplies,Binders,240.23,4,0.154,-7.26,2025-06,2025,4.0,-3.0221038171752075
ORD02381,C00689,2025-06-23 15:39:52,2025-06-24 15:39:52,Same Day,Consumer,South,Office Supplies,Paper,253.43,7,0.072,18.23,2025-06,2025,1.0,7.1933078167541336
ORD00234,C00900,2025-06-23 18:50:21,2025-06-27 18:50:21,Second Class,Corporate,South,Office Supplies,Storage,205.9,4,0.084,-13.69,2025-06,2025,4.0,-6.64885866925692
ORD03444,C00462,2025-06-24 00:46:15,2025-06-27 00:46:15,Standard Class,Corporate,South,Technology,Accessories,189.4,2,0.366,-22.62,2025-06,2025,3.0,-11.94297782470961
ORD00986,C00567,2025-06-24 01:30:32,2025-06-29 01:30:32,Standard Class,Corporate,West,Technology,Accessories,997.81,5,0.11,200.19,2025-06,2025,5.0,20.062937833856147
ORD01712,C00420,2025-06-24 02:25:59,2025-06-29 02:25:59,Standard Class,Consumer,North,Office Supplies,Binders,76.25,3,0.189,1.22,2025-06,2025,5.0,1.6
ORD01330,C00610,2025-06-24 02:31:42,2025-06-27 02:31:42,Standard Class,Corporate,East,Technology,Accessories,727.54,6,0.1,4.285,2025-06,2025,3.0,0.5889710531379718
ORD01799,C00931,2025-06-24 11:38:50,2025-06-29 11:38:50,Standard Class,Corporate,North,Technology,Accessories,302.76,2,0.038,49.79,2025-06,2025,5.0,16.445369269388294
ORD01437,C00233,2025-06-24 12:13:51,2025-06-29 12:13:51,Standard Class,Consumer,North,Office Supplies,Art,100.78,3,0.007,11.52,2025-06,2025,5.0,11.430839452272275
ORD01189,C00939,2025-06-24 23:22:15,2025-06-29 23:22:15,Standard Class,Consumer,East,Furniture,Furnishings,548.38,3,0.099,22.17,2025-06,2025,5.0,4.042817024690908
ORD01270,C00881,2025-06-25 02:19:24,2025-06-29 02:19:24,Second Class,Corporate,East,Office Supplies,Appliances,228.05,6,0.065,16.38,2025-06,2025,4.0,7.182635386976539
ORD00292,C00747,2025-06-25 07:57:42,2025-06-27 07:57:42,Second Class,Consumer,East,Office Supplies,Art,42.64,1,0.065,4.06,2025-06,2025,2.0,9.52157598499062
ORD02407,C00875,2025-06-25 09:05:18,2025-06-27 09:05:18,Second Class,Consumer,East,Furniture,Tables,833.68,4,0.139,-4.98,2025-06,2025,2.0,-0.5973515017752615
ORD02938,C00258,2025-06-25 10:52:17,2025-06-30 10:52:17,Standard Class,Consumer,East,Furniture,Chairs,769.04,7,0.257,-69.51,2025-06,2025,5.0,-9.038541558306461
ORD00810,C00459,2025-06-25 21:24:37,2025-06-30 21:24:37,Standard Class,Corporate,North,Office Supplies,Binders,81.55,7,0.026,8.42,2025-06,2025,5.0,10.32495401594114
ORD03762,C00879,2025-06-26 03:58:25,2025-06-29 03:58:25,Standard Class,Corporate,South,Furniture,Bookcases,311.86,5,0.197,-29.59,2025-06,2025,3.0,-9.488231898929007
ORD01067,C00319,2025-06-26 07:43:06,2025-06-27 07:43:06,First Class,Corporate,North,Office Supplies,Art,185.11,5,0.099,16.17,2025-06,2025,1.0,8.735346550699584
ORD02142,C00354,2025-06-26 08:41:51,2025-06-30 08:41:51,Standard Class,Corporate,South,Office Supplies,Appliances,177.25,5,0.143,1.48,2025-06,2025,4.0,0.8349788434414668
ORD02729,C00635,2025-06-26 15:56:45,2025-06-29 15:56:45,Standard Class,Consumer,North,Office Supplies,Binders,68.86,3,0.213,-2.96,2025-06,2025,3.0,-4.298576822538483
ORD02156,C00143,2025-06-26 17:25:06,2025-06-29 17:25:06,Standard Class,Home Office,North,Furniture,Chairs,1609.24,7,0.252,-168.13,2025-06,2025,3.0,-10.447789018418632
ORD00949,C00699,2025-06-26 19:52:42,2025-07-01 19:52:42,Standard Class,Consumer,North,Office Supplies,Art,87.91,4,0.215,-0.92,2025-06,2025,5.0,-1.0465248549653055
ORD01972,C00752,2025-06-26 21:03:03,2025-06-29 21:03:03,Second Class,Corporate,South,Furniture,Chairs,571.71,3,0.268,-103.42,2025-06,2025,3.0,-18.089590876493325
ORD02073,C00759,2025-06-27 01:54:06,2025-06-30 01:54:06,First Class,Home Office,North,Office Supplies,Appliances,140.09,4,0.106,9.03,2025-06,2025,3.0,6.445856235277321
ORD03241,C00795,2025-06-27 02:47:15,2025-06-30 02:47:15,First Class,Consumer,West,Furniture,Furnishings,920.89,7,0.116,0.21,2025-06,2025,3.0,0.022804026539543266
ORD02499,C00515,2025-06-27 16:13:58,2025-06-30 16:13:58,Second Class,Consumer,South,Technology,Phones,146.25,1,0.218,-4.83,2025-06,2025,3.0,-3.3025641025641024
ORD02387,C00719,2025-06-27 16:23:11,2025-07-01 16:23:11,Standard Class,Consumer,North,Technology,Phones,547.09,5,0.151,50.08,2025-06,2025,4.0,9.153886929024473
ORD03296,C00646,2025-06-27 20:15:05,2025-06-27 20:15:05,Same Day,Corporate,North,Furniture,Chairs,164.71,1,0.285,-24.81,2025-06,2025,0.0,-15.062837714771415
ORD00128,C00011,2025-06-27 23:41:45,2025-07-01 23:41:45,Standard Class,Corporate,West,Furniture,Bookcases,855.85,4,0.07,68.35,2025-06,2025,4.0,7.986212537243675
ORD03615,C00580,2025-06-27 23:58:16,2025-07-02 23:58:16,Standard Class,Corporate,West,Office Supplies,Art,120.8,8,0.198,-0.09,2025-06,2025,5.0,-0.07450331125827814
ORD02849,C00600,2025-06-28 05:38:53,2025-07-02 05:38:53,Second Class,Consumer,East,Furniture,Bookcases,173.87,1,0.109,-6.26,2025-06,2025,4.0,-3.600391096796457
ORD03831,C00463,2025-06-28 12:27:01,2025-07-03 12:27:01,Standard Class,Consumer,North,Technology,Laptops,638.26,5,0.129,34.28,2025-06,2025,5.0,5.370852003885564
ORD03774,C00855,2025-06-28 14:10:12,2025-07-01 14:10:12,Standard Class,Corporate,North,Furniture,Bookcases,714.37,5,0.311,-215.71,2025-06,2025,3.0,-30.195836891246834
ORD00044,C00244,2025-06-28 15:06:39,2025-07-01 15:06:39,Standard Class,Corporate,West,Furniture,Bookcases,972.18,5,0.123,54.93,2025-06,2025,3.0,5.650188236746282
ORD00620,C00815,2025-06-28 20:58:36,2025-06-28 20:58:36,Same Day,Consumer,North,Office Supplies,Appliances,80.97,2,0.048,11.22,2025-06,2025,0.0,13.856984068173398
ORD00182,C00925,2025-06-29 02:32:36,2025-07-03 02:32:36,Standard Class,Corporate,South,Office Supplies,Appliances,105.39,6,0.203,-1.6,2025-06,2025,4.0,-1.518170604421672
ORD02200,C00790,2025-06-29 02:45:14,2025-07-01 02:45:14,First Class,Corporate,West,Office Supplies,Art,305.62,4,0.097,38.14,2025-06,2025,2.0,12.479549767685361
ORD01550,C00655,2025-06-29 02:52:30,2025-07-02 02:52:30,First Class,Consumer,West,Office Supplies,Storage,147.14,3,0.099,4.93,2025-06,2025,3.0,3.350550496126138
ORD00164,C00615,2025-06-29 03:45:14,2025-07-04 03:45:14,Standard Class,Consumer,North,Office Supplies,Art,139.49,6,0.299,-2.73,2025-06,2025,5.0,-1.95712954333644
ORD00373,C00857,2025-06-29 08:45:39,2025-07-02 08:45:39,Standard Class,Corporate,South,Technology,Accessories,105.89,1,0.113,2.58,2025-06,2025,3.0,2.436490697894041
ORD03010,C00328,2025-06-29 08:46:04,2025-07-03 08:46:04,Standard Class,Corporate,North,Technology,Laptops,280.45,2,0.06,42.52,2025-06,2025,4.0,15.161347833838477
ORD02335,C00803,2025-06-29 09:22:56,2025-06-30 09:22:56,First Class,Consumer,West,Technology,Phones,1481.08,8,0.187,-28.41,2025-06,2025,1.0,-1.9181948307991465
ORD02934,C00416,2025-06-29 12:10:00,2025-07-03 12:10:00,Second Class,Consumer,East,Office Supplies,Art,420.86,6,0.285,-48.18,2025-06,2025,4.0,-11.447987454260323
ORD01963,C00934,2025-06-29 18:08:42,2025-07-03 18:08:42,Second Class,Corporate,East,Office Supplies,Appliances,320.35,5,0.212,-30.32,2025-06,2025,4.0,-9.464648041204931
ORD02546,C00415,2025-06-30 00:47:13,2025-07-04 00:47:13,Standard Class,Consumer,North,Office Supplies,Paper,496.0,7,0.092,26.41,2025-06,2025,4.0,5.324596774193548
ORD02485,C00846,2025-06-30 09:58:24,2025-07-05 09:58:24,Standard Class,Consumer,West,Furniture,Bookcases,300.06,3,0.169,-2.01,2025-06,2025,5.0,-0.669866026794641
ORD01433,C00213,2025-06-30 11:36:45,2025-07-03 11:36:45,Standard Class,Corporate,East,Technology,Phones,568.95,4,0.115,82.32,2025-06,2025,3.0,14.468758238861056
ORD01679,C00825,2025-06-30 15:20:24,2025-07-03 15:20:24,Standard Class,Corporate,East,Technology,Phones,1032.22,7,0.142,39.74,2025-06,2025,3.0,3.8499544670709733
ORD03544,C00519,2025-06-30 15:26:10,2025-07-03 15:26:10,Standard Class,Consumer,North,Furniture,Bookcases,282.34,4,0.196,-22.5,2025-06,2025,3.0,-7.969115251115677
ORD01239,C00225,2025-06-30 18:27:33,2025-07-03 18:27:33,Standard Class,Consumer,South,Office Supplies,Storage,296.62,6,0.233,13.94,2025-06,2025,3.0,4.6996156698806555
ORD03774,C00855,2025-06-30 21:31:52,2025-07-03 21:31:52,Standard Class,Consumer,North,Office Supplies,Appliances,401.34,6,0.215,-41.14,2025-06,2025,3.0,-10.250660288035084
ORD00144,C00784,2025-07-01 00:39:43,2025-07-05 00:39:43,Second Class,Consumer,East,Furniture,Tables,803.09,7,0.217,-42.36,2025-07,2025,4.0,-5.274626754162049
ORD00877,C00830,2025-07-01 01:54:34,2025-07-05 01:54:34,Second Class,Consumer,East,Office Supplies,Paper,316.03,7,0.043,59.77,2025-07,2025,4.0,18.912761446698102
ORD01840,C00142,2025-07-01 05:19:05,2025-07-05 05:19:05,Standard Class,Corporate,East,Technology,Accessories,238.53,2,0.209,-0.57,2025-07,2025,4.0,-0.23896365237077097
ORD00217,C00684,2025-07-01 06:50:41,2025-07-06 06:50:41,Standard Class,Corporate,North,Office Supplies,Art,300.35,6,0.004,60.48,2025-07,2025,5.0,20.136507408023967
ORD02905,C00520,2025-07-01 11:42:41,2025-07-01 11:42:41,Same Day,Corporate,East,Office Supplies,Storage,67.52,3,0.146,3.9,2025-07,2025,0.0,5.7760663507109005
ORD00226,C00450,2025-07-01 16:39:36,2025-07-04 16:39:36,Standard Class,Consumer,West,Technology,Laptops,768.64,6,0.058,106.88,2025-07,2025,3.0,13.905079100749376
ORD01932,C00880,2025-07-01 19:17:13,2025-07-04 19:17:13,First Class,Corporate,South,Technology,Accessories,918.21,8,0.061,96.34,2025-07,2025,3.0,10.492153211139064
ORD01139,C00539,2025-07-02 01:59:51,2025-07-06 01:59:51,Standard Class,Corporate,North,Office Supplies,Paper,163.91,4,0.059,23.36,2025-07,2025,4.0,14.251723506802513
ORD03138,C00371,2025-07-02 02:41:31,2025-07-07 02:41:31,Standard Class,Consumer,West,Office Supplies,Art,207.1,4,0.099,8.13,2025-07,2025,5.0,3.9256397875422504
ORD01648,C00071,2025-07-02 04:46:29,2025-07-07 04:46:29,Standard Class,Consumer,East,Office Supplies,Appliances,71.62,4,0.33,-12.44,2025-07,2025,5.0,-17.369449874336777
ORD00446,C00219,2025-07-02 09:49:58,2025-07-07 09:49:58,Standard Class,Corporate,East,Office Supplies,Storage,57.74,2,0.081,6.9,2025-07,2025,5.0,11.95012123311396
ORD02990,C00016,2025-07-02 10:23:29,2025-07-06 10:23:29,Standard Class,Corporate,East,Office Supplies,Storage,210.7,4,0.122,16.88,2025-07,2025,4.0,8.011390602752728
ORD03034,C00792,2025-07-02 10:29:13,2025-07-05 10:29:13,Standard Class,Corporate,East,Technology,Laptops,110.41,1,0.078,10.73,2025-07,2025,3.0,9.7183226157051
ORD01532,C00184,2025-07-02 14:07:08,2025-07-05 14:07:08,Standard Class,Consumer,South,Office Supplies,Paper,287.28,6,0.109,15.85,2025-07,2025,3.0,5.517265385686438
ORD01232,C00759,2025-07-02 17:08:07,2025-07-05 17:08:07,Standard Class,Home Office,East,Furniture,Furnishings,278.35,3,0.229,-53.67,2025-07,2025,3.0,-19.28148015088917
ORD03386,C00050,2025-07-02 19:11:52,2025-07-04 19:11:52,Second Class,Consumer,South,Office Supplies,Paper,77.83,3,0.147,1.34,2025-07,2025,2.0,1.7217011435179237
ORD01059,C00734,2025-07-02 22:23:24,2025-07-06 22:23:24,Second Class,Consumer,North,Office Supplies,Art,100.7,7,0.24,-4.6,2025-07,2025,4.0,-4.568023833167825
ORD03558,C00729,2025-07-02 22:23:37,2025-07-05 22:23:37,Second Class,Corporate,East,Technology,Phones,397.93,4,0.144,30.94,2025-07,2025,3.0,7.7752368507023855
ORD02488,C00854,2025-07-03 04:48:09,2025-07-04 04:48:09,Same Day,Consumer,North,Furniture,Furnishings,1387.37,8,0.256,-235.13,2025-07,2025,1.0,-16.947894217115838
ORD03773,C00786,2025-07-03 10:41:38,2025-07-08 10:41:38,Standard Class,Consumer,East,Technology,Accessories,1253.67,8,0.319,-101.58,2025-07,2025,5.0,-8.102610734882385
ORD03116,C00722,2025-07-03 17:54:56,2025-07-07 17:54:56,Standard Class,Corporate,East,Furniture,Bookcases,704.57,5,0.068,7.62,2025-07,2025,4.0,1.0815107086591822
ORD03458,C00356,2025-07-03 19:18:22,2025-07-06 19:18:22,Standard Class,Corporate,South,Furniture,Chairs,1054.61,8,0.177,-60.95,2025-07,2025,3.0,-5.779387640928875
ORD02934,C00866,2025-07-03 22:45:13,2025-07-06 22:45:13,Second Class,Home Office,West,Furniture,Bookcases,1836.5,8,0.147,-27.27,2025-07,2025,3.0,-1.4848897359106998
ORD02800,C00652,2025-07-04 01:23:59,2025-07-08 01:23:59,Standard Class,Consumer,South,Furniture,Bookcases,759.5,4,0.163,-94.25,2025-07,2025,4.0,-12.409479921000658
ORD01513,C00264,2025-07-04 06:03:44,2025-07-09 06:03:44,Standard Class,Consumer,East,Technology,Accessories,110.3,1,0.103,8.79,2025-07,2025,5.0,7.969174977334542
ORD03290,C00303,2025-07-04 09:21:14,2025-07-07 09:21:14,First Class,Corporate,East,Technology,Accessories,580.74,4,0.101,45.94,2025-07,2025,3.0,7.910596824740847
ORD00283,C00848,2025-07-04 14:50:12,2025-07-08 14:50:12,Standard Class,Home Office,East,Office Supplies,Binders,143.17,6,0.088,10.92,2025-07,2025,4.0,7.627296221275408
ORD00858,C00604,2025-07-04 18:32:33,2025-07-07 18:32:33,Standard Class,Corporate,West,Office Supplies,Art,380.2,6,0.072,62.01,2025-07,2025,3.0,16.30983692793267
ORD03361,C00685,2025-07-04 20:07:16,2025-07-08 20:07:16,Second Class,Corporate,South,Technology,Accessories,878.64,8,0.061,126.31,2025-07,2025,4.0,14.37562596740417
ORD00750,C00723,2025-07-04 20:32:21,2025-07-08 20:32:21,Second Class,Corporate,North,Office Supplies,Art,50.58,1,0.087,4.93,2025-07,2025,4.0,9.746935547647292
ORD03301,C00744,2025-07-05 07:52:39,2025-07-07 07:52:39,Second Class,Consumer,North,Furniture,Chairs,630.92,4,0.12,-19.79,2025-07,2025,2.0,-3.136689279147911
ORD02788,C00065,2025-07-05 09:23:04,2025-07-09 09:23:04,Standard Class,Consumer,West,Furniture,Chairs,976.48,4,0.219,-97.46,2025-07,2025,4.0,-9.980747173521218
ORD02453,C00021,2025-07-05 13:03:10,2025-07-07 13:03:10,Second Class,Consumer,West,Office Supplies,Art,125.89,3,0.174,8.96,2025-07,2025,2.0,7.117324648502661
ORD01363,C00496,2025-07-05 22:45:07,2025-07-08 22:45:07,Second Class,Consumer,East,Technology,Phones,1319.38,8,0.139,161.54,2025-07,2025,3.0,12.243629583592291
ORD03315,C00764,2025-07-06 05:54:23,2025-07-11 05:54:23,Standard Class,Consumer,West,Office Supplies,Paper,57.04,4,0.083,5.28,2025-07,2025,5.0,9.256661991584854
ORD02820,C00078,2025-07-06 06:20:39,2025-07-11 06:20:39,Standard Class,Home Office,East,Office Supplies,Binders,23.15,1,0.147,1.68,2025-07,2025,5.0,7.2570194384449245
ORD03083,C00240,2025-07-06 08:29:52,2025-07-08 08:29:52,Same Day,Home Office,North,Office Supplies,Appliances,81.91,5,0.117,1.18,2025-07,2025,2.0,1.440605542668783
ORD01792,C00219,2025-07-06 14:09:40,2025-07-11 14:09:40,Standard Class,Consumer,South,Furniture,Bookcases,403.27,5,0.398,-75.73,2025-07,2025,5.0,-18.778981823592137
ORD01561,C00693,2025-07-06 23:11:16,2025-07-11 23:11:16,Standard Class,Corporate,East,Office Supplies,Paper,198.52,4,0.146,7.01,2025-07,2025,5.0,3.531130364698771
ORD03483,C00181,2025-07-07 06:35:19,2025-07-10 06:35:19,Standard Class,Corporate,South,Furniture,Bookcases,370.77,5,0.182,-25.58,2025-07,2025,3.0,-6.89915581088006
ORD01659,C00904,2025-07-07 09:41:49,2025-07-08 09:41:49,First Class,Corporate,South,Office Supplies,Binders,107.71,2,0.089,10.16,2025-07,2025,1.0,9.432736050505989
ORD03059,C00386,2025-07-07 11:11:46,2025-07-11 11:11:46,Standard Class,Corporate,North,Technology,Phones,736.72,5,0.27,38.32,2025-07,2025,4.0,5.2014333803887505
ORD02972,C00175,2025-07-07 15:33:27,2025-07-11 15:33:27,Second Class,Consumer,North,Furniture,Furnishings,955.87,7,0.063,50.2,2025-07,2025,4.0,5.251760176593052
ORD00412,C00480,2025-07-07 17:15:43,2025-07-09 17:15:43,Second Class,Corporate,West,Furniture,Furnishings,923.68,5,0.292,-181.6,2025-07,2025,2.0,-19.660488480859172
ORD00567,C00517,2025-07-08 07:39:21,2025-07-12 07:39:21,Standard Class,Consumer,North,Technology,Accessories,109.05,1,0.117,13.04,2025-07,2025,4.0,11.957817514901421
ORD03118,C00717,2025-07-08 09:41:03,2025-07-10 09:41:03,Second Class,Consumer,North,Technology,Laptops,397.51,3,0.063,62.46,2025-07,2025,2.0,15.71281225629544
ORD00071,C00007,2025-07-08 12:56:46,2025-07-11 12:56:46,Second Class,Consumer,South,Furniture,Bookcases,928.2,7,0.203,9.48,2025-07,2025,3.0,1.0213316095669036
ORD03545,C00140,2025-07-08 13:01:18,2025-07-10 13:01:18,First Class,Corporate,East,Office Supplies,Appliances,276.1,7,0.029,31.86,2025-07,2025,2.0,11.539297356030422
ORD00387,C00043,2025-07-08 14:17:52,2025-07-12 14:17:52,Standard Class,Home Office,East,Office Supplies,Storage,198.92,3,0.19,5.74,2025-07,2025,4.0,2.885582143575307
ORD00351,C00554,2025-07-08 14:29:32,2025-07-13 14:29:32,Standard Class,Consumer,South,Furniture,Bookcases,738.05,4,0.293,-160.64,2025-07,2025,5.0,-21.76546304450918
ORD00214,C00860,2025-07-08 17:26:17,2025-07-11 17:26:17,Standard Class,Consumer,East,Furniture,Chairs,813.24,6,0.135,27.28,2025-07,2025,3.0,3.3544833013624515
ORD01717,C00039,2025-07-08 18:37:11,2025-07-11 18:37:11,First Class,Home Office,East,Technology,Phones,131.8,1,0.053,15.23,2025-07,2025,3.0,11.555386949924126
ORD00347,C00234,2025-07-08 19:27:44,2025-07-10 19:27:44,First Class,Consumer,South,Office Supplies,Art,87.75,2,0.189,-10.11,2025-07,2025,2.0,-11.52136752136752
ORD00464,C00362,2025-07-08 23:01:06,2025-07-13 23:01:06,Standard Class,Consumer,East,Office Supplies,Binders,232.14,7,0.145,-4.48,2025-07,2025,5.0,-1.9298699060911522
ORD01347,C00247,2025-07-09 02:35:16,2025-07-11 02:35:16,Second Class,Consumer,West,Technology,Accessories,165.04,1,0.183,8.64,2025-07,2025,2.0,5.235094522539991
ORD03474,C00004,2025-07-09 04:45:58,2025-07-12 04:45:58,Standard Class,Consumer,West,Technology,Phones,523.34,3,0.057,110.54,2025-07,2025,3.0,21.122023923262123
ORD02112,C00693,2025-07-09 15:10:03,2025-07-12 15:10:03,First Class,Corporate,East,Office Supplies,Paper,228.51,7,0.07,22.64,2025-07,2025,3.0,9.90766268434642
ORD01642,C00533,2025-07-09 20:17:54,2025-07-14 20:17:54,Standard Class,Corporate,West,Office Supplies,Appliances,203.91,7,0.179,-5.03,2025-07,2025,5.0,-2.466774557402776
ORD02772,C00237,2025-07-10 02:20:22,2025-07-13 02:20:22,Second Class,Corporate,West,Office Supplies,Binders,35.96,3,0.293,-5.01,2025-07,2025,3.0,-13.932146829810902
ORD02434,C00011,2025-07-10 15:33:47,2025-07-12 15:33:47,First Class,Consumer,East,Office Supplies,Appliances,137.92,5,0.14,2.72,2025-07,2025,2.0,1.97215777262181
ORD01614,C00501,2025-07-10 16:34:42,2025-07-11 16:34:42,First Class,Consumer,South,Office Supplies,Storage,39.87,1,0.326,-7.08,2025-07,2025,1.0,-17.75771256583898
ORD03773,C00324,2025-07-10 18:21:24,2025-07-14 18:21:24,Standard Class,Consumer,South,Technology,Accessories,748.23,6,0.251,-35.09,2025-07,2025,4.0,-4.689734439944937
ORD00487,C00862,2025-07-10 22:03:39,2025-07-14 22:03:39,Standard Class,Consumer,North,Office Supplies,Storage,52.94,1,0.221,-0.56,2025-07,2025,4.0,-1.0578012844729885
ORD02890,C00668,2025-07-11 00:05:15,2025-07-14 00:05:15,Second Class,Consumer,East,Furniture,Tables,939.27,4,0.21,-5.24,2025-07,2025,3.0,-0.5578800557880057
ORD03021,C00942,2025-07-11 00:05:53,2025-07-13 00:05:53,First Class,Consumer,South,Technology,Accessories,538.55,6,0.104,45.19,2025-07,2025,2.0,8.39105004177885
ORD01984,C00908,2025-07-11 01:20:03,2025-07-14 01:20:03,Standard Class,Consumer,West,Furniture,Tables,1777.05,8,0.094,130.36,2025-07,2025,3.0,7.335753073914635
ORD02084,C00415,2025-07-11 01:39:41,2025-07-15 01:39:41,Standard Class,Corporate,West,Furniture,Chairs,265.38,1,0.066,18.0,2025-07,2025,4.0,6.782726656115759
ORD00826,C00136,2025-07-11 02:29:03,2025-07-14 02:29:03,Standard Class,Consumer,East,Technology,Phones,157.22,1,0.179,0.93,2025-07,2025,3.0,0.5915277954458721
ORD02688,C00459,2025-07-11 07:55:15,2025-07-14 07:55:15,Standard Class,Home Office,South,Furniture,Bookcases,1280.74,7,0.164,62.48,2025-07,2025,3.0,4.878429657854053
ORD03339,C00924,2025-07-11 14:32:53,2025-07-13 14:32:53,Second Class,Consumer,East,Technology,Laptops,1232.34,7,0.215,12.78,2025-07,2025,2.0,1.0370514630702565
ORD00706,C00176,2025-07-11 15:56:16,2025-07-12 15:56:16,First Class,Consumer,East,Technology,Laptops,700.06,6,0.27,-5.25,2025-07,2025,1.0,-0.7499357197954462
ORD02352,C00094,2025-07-11 17:14:51,2025-07-15 17:14:51,Second Class,Consumer,South,Furniture,Furnishings,1200.39,8,0.307,-193.96,2025-07,2025,4.0,-16.158081956697405
ORD00190,C00565,2025-07-11 21:11:19,2025-07-15 21:11:19,Standard Class,Consumer,East,Office Supplies,Storage,163.12,3,0.073,24.57,2025-07,2025,4.0,15.062530652280529
ORD03830,C00014,2025-07-11 21:18:00,2025-07-15 21:18:00,Standard Class,Home Office,East,Technology,Laptops,532.12,5,0.11,68.39,2025-07,2025,4.0,12.852364128392091
ORD03432,C00156,2025-07-11 23:17:33,2025-07-15 23:17:33,Second Class,Consumer,North,Office Supplies,Binders,169.95,3,0.304,-6.01,2025-07,2025,4.0,-3.5363342159458666
ORD03134,C00672,2025-07-12 04:58:11,2025-07-16 04:58:11,Standard Class,Consumer,North,Office Supplies,Art,430.73,8,0.082,21.19,2025-07,2025,4.0,4.9195551737747545
ORD03644,C00930,2025-07-12 06:32:13,2025-07-15 06:32:13,First Class,Corporate,West,Office Supplies,Binders,158.1,4,0.163,9.17,2025-07,2025,3.0,5.800126502213789
ORD01126,C00713,2025-07-12 06:46:57,2025-07-15 06:46:57,First Class,Consumer,North,Technology,Accessories,353.59,3,0.215,-6.89,2025-07,2025,3.0,-1.9485845187929525
ORD00019,C00156,2025-07-12 07:21:29,2025-07-16 07:21:29,Standard Class,Corporate,South,Office Supplies,Paper,67.25,6,0.076,4.78,2025-07,2025,4.0,7.107806691449814
ORD03400,C00946,2025-07-12 10:46:47,2025-07-16 10:46:47,Second Class,Consumer,West,Office Supplies,Storage,148.93,4,0.107,8.06,2025-07,2025,4.0,5.411938494594777
ORD00434,C00584,2025-07-12 11:13:39,2025-07-17 11:13:39,Standard Class,Consumer,East,Office Supplies,Binders,25.26,1,0.155,-1.32,2025-07,2025,5.0,-5.225653206650831
ORD02262,C00012,2025-07-12 13:22:42,2025-07-14 13:22:42,First Class,Consumer,West,Office Supplies,Appliances,337.9,7,0.094,41.49,2025-07,2025,2.0,12.2787807043504
ORD01025,C00855,2025-07-12 20:28:54,2025-07-17 20:28:54,Standard Class,Consumer,North,Furniture,Chairs,206.04,2,0.159,5.58,2025-07,2025,5.0,2.708211997670355
ORD02419,C00774,2025-07-13 02:26:04,2025-07-17 02:26:04,Standard Class,Home Office,West,Technology,Phones,602.73,5,0.273,-1.76,2025-07,2025,4.0,-0.2920047118942146
ORD02289,C00164,2025-07-13 07:36:57,2025-07-17 07:36:57,Standard Class,Consumer,East,Technology,Accessories,961.96,6,0.182,42.24,2025-07,2025,4.0,4.391034970269033
ORD01416,C00850,2025-07-13 09:17:14,2025-07-17 09:17:14,Standard Class,Corporate,West,Office Supplies,Paper,431.87,7,0.055,47.05,2025-07,2025,4.0,10.89448213582791
ORD02927,C00845,2025-07-13 18:02:28,2025-07-16 18:02:28,Second Class,Consumer,North,Technology,Laptops,295.77,3,0.176,5.87,2025-07,2025,3.0,1.9846502349798831
ORD03668,C00122,2025-07-13 19:39:35,2025-07-15 19:39:35,Second Class,Consumer,North,Furniture,Chairs,1076.87,7,0.095,100.78,2025-07,2025,2.0,9.358604102630775
ORD03702,C00897,2025-07-14 08:41:56,2025-07-18 08:41:56,Second Class,Consumer,North,Office Supplies,Art,90.11,2,0.158,2.17,2025-07,2025,4.0,2.4081677949173232
ORD02670,C00834,2025-07-14 08:50:23,2025-07-17 08:50:23,Second Class,Consumer,West,Technology,Phones,665.91,4,0.084,55.75,2025-07,2025,3.0,8.372002222522564
ORD00131,C00518,2025-07-14 12:37:31,2025-07-16 12:37:31,Second Class,Home Office,North,Technology,Phones,101.17,1,0.09,8.6,2025-07,2025,2.0,8.5005436394188
ORD02665,C00705,2025-07-15 02:21:19,2025-07-18 02:21:19,Standard Class,Home Office,East,Technology,Accessories,879.31,8,0.082,173.41,2025-07,2025,3.0,19.721144988684312
ORD02579,C00513,2025-07-15 02:42:14,2025-07-17 02:42:14,First Class,Consumer,East,Office Supplies,Paper,138.33,7,0.008,29.5,2025-07,2025,2.0,21.32581507988144
ORD01052,C00449,2025-07-15 07:26:23,2025-07-19 07:26:23,Standard Class,Corporate,West,Technology,Phones,1110.47,8,0.041,145.97,2025-07,2025,4.0,13.144884598413284
ORD03127,C00603,2025-07-15 10:33:10,2025-07-18 10:33:10,First Class,Consumer,South,Technology,Laptops,691.17,7,0.097,168.93,2025-07,2025,3.0,24.441164981118973
ORD02455,C00404,2025-07-15 13:07:48,2025-07-18 13:07:48,First Class,Consumer,West,Office Supplies,Binders,236.78,5,0.08,19.59,2025-07,2025,3.0,8.273502829630882
ORD03481,C00554,2025-07-15 16:01:19,2025-07-19 16:01:19,Standard Class,Home Office,East,Furniture,Tables,362.87,3,0.171,-18.21,2025-07,2025,4.0,-5.018326122302754
ORD02509,C00523,2025-07-15 20:35:37,2025-07-19 20:35:37,Second Class,Corporate,South,Furniture,Chairs,869.68,4,0.135,-0.78,2025-07,2025,4.0,-0.08968816116272653
ORD00767,C00464,2025-07-16 03:59:21,2025-07-19 03:59:21,Standard Class,Corporate,West,Technology,Phones,344.57,2,0.112,48.97,2025-07,2025,3.0,14.211916301477205
ORD02744,C00745,2025-07-16 05:40:31,2025-07-21 05:40:31,Standard Class,Consumer,North,Office Supplies,Storage,257.39,4,0.073,19.82,2025-07,2025,5.0,7.700376860017872
ORD01992,C00524,2025-07-16 05:47:00,2025-07-19 05:47:00,Second Class,Home Office,West,Furniture,Chairs,788.92,4,0.22,-57.17,2025-07,2025,3.0,-7.246615626426001
ORD01433,C00677,2025-07-16 06:50:05,2025-07-18 06:50:05,Same Day,Corporate,North,Technology,Phones,276.58,2,0.048,50.76,2025-07,2025,2.0,18.35273700195242
ORD03019,C00378,2025-07-16 07:29:02,2025-07-20 07:29:02,Standard Class,Consumer,West,Office Supplies,Art,112.93,3,0.181,-1.48,2025-07,2025,4.0,-1.3105463561498272
ORD00627,C00740,2025-07-16 11:23:37,2025-07-18 11:23:37,First Class,Corporate,South,Technology,Phones,724.36,5,0.082,-3.81,2025-07,2025,2.0,-0.5259815561323099
ORD02206,C00076,2025-07-16 11:57:06,2025-07-20 11:57:06,Standard Class,Corporate,East,Furniture,Tables,719.65,8,0.324,-147.43,2025-07,2025,4.0,-20.486347530049333
ORD00491,C00557,2025-07-16 12:54:26,2025-07-19 12:54:26,Standard Class,Corporate,East,Technology,Phones,290.53,2,0.105,15.09,2025-07,2025,3.0,5.193955873747978
ORD01081,C00500,2025-07-16 15:56:48,2025-07-19 15:56:48,Second Class,Consumer,East,Furniture,Furnishings,593.2,4,0.168,-80.39,2025-07,2025,3.0,-13.551921780175318
ORD00903,C00430,2025-07-16 17:41:55,2025-07-19 17:41:55,Second Class,Consumer,South,Furniture,Tables,531.71,6,0.283,-57.27,2025-07,2025,3.0,-10.77090895412913
ORD00073,C00545,2025-07-16 19:16:22,2025-07-19 19:16:22,Standard Class,Corporate,South,Office Supplies,Binders,205.45,8,0.15,17.37,2025-07,2025,3.0,8.454611827695304
ORD03156,C00415,2025-07-17 05:35:53,2025-07-22 05:35:53,Standard Class,Consumer,East,Office Supplies,Binders,112.98,2,0.154,7.33,2025-07,2025,5.0,6.487873959992919
ORD02352,C00830,2025-07-17 06:53:24,2025-07-20 06:53:24,Second Class,Corporate,West,Office Supplies,Paper,195.17,6,0.084,11.62,2025-07,2025,3.0,5.9537838807193735
ORD02243,C00210,2025-07-17 10:48:01,2025-07-20 10:48:01,First Class,Corporate,East,Office Supplies,Binders,48.42,1,0.171,1.58,2025-07,2025,3.0,3.2631144155307727
ORD01124,C00042,2025-07-17 10:59:48,2025-07-22 10:59:48,Standard Class,Consumer,North,Technology,Laptops,114.86,1,0.077,20.91,2025-07,2025,5.0,18.20477102559638
ORD03651,C00715,2025-07-17 13:39:28,2025-07-17 13:39:28,Same Day,Home Office,North,Office Supplies,Storage,417.17,8,0.18,-2.05,2025-07,2025,0.0,-0.49140638109164125
ORD03798,C00614,2025-07-17 15:16:39,2025-07-20 15:16:39,Standard Class,Consumer,North,Office Supplies,Storage,40.02,1,0.135,2.29,2025-07,2025,3.0,5.722138930534732
ORD02025,C00523,2025-07-17 15:20:20,2025-07-21 15:20:20,Standard Class,Corporate,East,Office Supplies,Appliances,318.88,5,0.029,58.42,2025-07,2025,4.0,18.32037129954842
ORD03082,C00940,2025-07-17 17:14:28,2025-07-20 17:14:28,First Class,Consumer,North,Office Supplies,Appliances,198.21,4,0.176,1.2,2025-07,2025,3.0,0.6054184955350386
ORD00178,C00796,2025-07-17 19:37:27,2025-07-22 19:37:27,Standard Class,Home Office,West,Technology,Laptops,143.96,1,0.141,22.4,2025-07,2025,5.0,15.559877743817726
ORD00827,C00503,2025-07-18 01:15:00,2025-07-22 01:15:00,Second Class,Consumer,South,Furniture,Chairs,1360.29,7,0.171,-133.2,2025-07,2025,4.0,-9.792029640738372
ORD00590,C00788,2025-07-18 05:51:46,2025-07-21 05:51:46,First Class,Consumer,West,Furniture,Bookcases,856.05,5,0.18,-103.77,2025-07,2025,3.0,-12.121955493253898
ORD03657,C00937,2025-07-18 05:56:19,2025-07-21 05:56:19,Standard Class,Consumer,South,Technology,Phones,309.82,2,0.151,11.47,2025-07,2025,3.0,3.7021496352720935
ORD02301,C00825,2025-07-18 16:26:34,2025-07-23 16:26:34,Standard Class,Corporate,South,Technology,Laptops,905.35,8,0.127,62.76,2025-07,2025,5.0,6.932125697244159
ORD00519,C00590,2025-07-18 19:35:10,2025-07-22 19:35:10,Standard Class,Home Office,West,Office Supplies,Appliances,166.52,6,0.107,1.51,2025-07,2025,4.0,0.9067979822243574
ORD02604,C00160,2025-07-18 23:25:08,2025-07-22 23:25:08,Standard Class,Corporate,North,Technology,Accessories,684.63,5,0.149,63.78,2025-07,2025,4.0,9.315980894789886
ORD03793,C00736,2025-07-18 23:42:35,2025-07-20 23:42:35,First Class,Consumer,West,Office Supplies,Storage,101.1,6,0.209,2.25,2025-07,2025,2.0,2.225519287833828
ORD03647,C00810,2025-07-19 05:41:30,2025-07-24 05:41:30,Standard Class,Consumer,East,Office Supplies,Appliances,233.46,4,0.161,8.53,2025-07,2025,5.0,3.653730831834147
ORD01012,C00012,2025-07-19 06:06:40,2025-07-24 06:06:40,Standard Class,Corporate,North,Office Supplies,Binders,54.07,3,0.158,-2.75,2025-07,2025,5.0,-5.085999630109118
ORD02507,C00648,2025-07-19 06:21:53,2025-07-22 06:21:53,Second Class,Consumer,South,Office Supplies,Art,51.08,2,0.105,-1.05,2025-07,2025,3.0,-2.0555990602975727
ORD03299,C00816,2025-07-19 07:47:21,2025-07-24 07:47:21,Standard Class,Corporate,North,Furniture,Bookcases,339.88,2,0.189,-29.08,2025-07,2025,5.0,-8.555960927386137
ORD01635,C00818,2025-07-19 11:24:37,2025-07-23 11:24:37,Standard Class,Consumer,East,Furniture,Bookcases,545.18,6,0.205,-39.93,2025-07,2025,4.0,-7.324186507208628
ORD03598,C00176,2025-07-19 16:23:11,2025-07-24 16:23:11,Standard Class,Consumer,North,Office Supplies,Paper,94.65,4,0.251,-1.42,2025-07,2025,5.0,-1.5002641310089804
ORD00091,C00404,2025-07-19 23:02:11,2025-07-23 23:02:11,Second Class,Consumer,South,Furniture,Bookcases,948.12,7,0.137,-41.67,2025-07,2025,4.0,-4.395013289457031
ORD02569,C00908,2025-07-20 04:44:17,2025-07-25 04:44:17,Standard Class,Consumer,North,Technology,Accessories,928.99,7,0.102,117.72,2025-07,2025,5.0,12.671826392103252
ORD02668,C00862,2025-07-20 07:51:35,2025-07-24 07:51:35,Standard Class,Home Office,West,Technology,Phones,1302.98,7,0.055,131.07,2025-07,2025,4.0,10.05924879890712
ORD01072,C00656,2025-07-20 18:47:35,2025-07-21 18:47:35,First Class,Home Office,North,Furniture,Chairs,268.46,2,0.139,6.29,2025-07,2025,1.0,2.342993369589511
ORD02825,C00716,2025-07-20 22:52:50,2025-07-23 22:52:50,Standard Class,Consumer,West,Furniture,Chairs,804.09,6,0.103,5.07,2025-07,2025,3.0,0.6305264336081782
ORD01138,C00851,2025-07-21 00:58:27,2025-07-26 00:58:27,Standard Class,Home Office,South,Technology,Laptops,977.68,7,0.073,29.59,2025-07,2025,5.0,3.0265526552655264
ORD00093,C00735,2025-07-21 11:03:05,2025-07-24 11:03:05,Second Class,Consumer,West,Office Supplies,Appliances,38.27,1,0.113,4.285,2025-07,2025,3.0,11.196759864123333
ORD02105,C00151,2025-07-21 11:19:28,2025-07-24 11:19:28,Standard Class,Consumer,East,Technology,Accessories,245.02,2,0.229,-10.36,2025-07,2025,3.0,-4.22822626724349
ORD00683,C00934,2025-07-21 12:07:57,2025-07-24 12:07:57,Standard Class,Corporate,South,Technology,Phones,762.29,6,0.19,22.12,2025-07,2025,3.0,2.901782786078789
ORD02144,C00141,2025-07-21 14:06:00,2025-07-26 14:06:00,Standard Class,Corporate,South,Technology,Accessories,138.26,1,0.132,1.78,2025-07,2025,5.0,1.2874294806885578
ORD02985,C00873,2025-07-21 22:21:41,2025-07-25 22:21:41,Second Class,Consumer,South,Technology,Laptops,350.08,4,0.113,24.17,2025-07,2025,4.0,6.904136197440586
ORD03345,C00858,2025-07-21 23:10:14,2025-07-24 23:10:14,Standard Class,Consumer,West,Office Supplies,Binders,197.3,3,0.03,30.19,2025-07,2025,3.0,15.301571211353268
ORD00814,C00525,2025-07-22 01:12:46,2025-07-27 01:12:46,Standard Class,Corporate,West,Furniture,Chairs,1093.34,8,0.205,11.38,2025-07,2025,5.0,1.0408473119066348
ORD03211,C00503,2025-07-22 01:25:48,2025-07-25 01:25:48,First Class,Consumer,East,Technology,Phones,352.65,2,0.291,-5.33,2025-07,2025,3.0,-1.5114135828725366
ORD00784,C00634,2025-07-22 05:16:43,2025-07-22 05:16:43,Same Day,Consumer,South,Furniture,Furnishings,881.02,5,0.13,18.44,2025-07,2025,0.0,2.0930285351070355
ORD00791,C00155,2025-07-22 10:25:35,2025-07-26 10:25:35,Standard Class,Consumer,South,Technology,Laptops,713.26,6,0.099,82.54,2025-07,2025,4.0,11.57221770462384
ORD01969,C00111,2025-07-22 11:42:57,2025-07-26 11:42:57,Standard Class,Corporate,North,Office Supplies,Binders,381.34,8,0.169,23.2,2025-07,2025,4.0,6.0838097236062305
ORD01037,C00357,2025-07-22 16:00:58,2025-07-25 16:00:58,Standard Class,Consumer,East,Technology,Laptops,1030.26,8,0.071,174.07,2025-07,2025,3.0,16.895735057170032
ORD02699,C00313,2025-07-22 20:48:33,2025-07-24 20:48:33,Same Day,Consumer,West,Furniture,Bookcases,1086.11,7,0.151,-80.34,2025-07,2025,2.0,-7.397040815387024
ORD02859,C00101,2025-07-23 00:26:47,2025-07-26 00:26:47,First Class,Consumer,South,Technology,Accessories,573.75,6,0.159,32.27,2025-07,2025,3.0,5.624400871459696
ORD01739,C00101,2025-07-23 01:40:13,2025-07-28 01:40:13,Standard Class,Home Office,East,Office Supplies,Storage,185.65,3,0.273,-20.99,2025-07,2025,5.0,-11.306221384325342
ORD00444,C00880,2025-07-23 02:46:38,2025-07-27 02:46:38,Second Class,Corporate,North,Furniture,Bookcases,734.3,6,0.374,-193.33,2025-07,2025,4.0,-26.32847609968678
ORD00078,C00546,2025-07-23 07:19:10,2025-07-26 07:19:10,Standard Class,Consumer,North,Furniture,Chairs,377.66,4,0.204,-59.61,2025-07,2025,3.0,-15.784038553195995
ORD01532,C00584,2025-07-23 08:49:59,2025-07-26 08:49:59,First Class,Corporate,East,Office Supplies,Appliances,199.77,4,0.064,30.39,2025-07,2025,3.0,15.212494368523801
ORD00074,C00364,2025-07-23 14:52:55,2025-07-26 14:52:55,First Class,Corporate,North,Furniture,Furnishings,1461.38,6,0.22,-188.2,2025-07,2025,3.0,-12.878238377424076
ORD00093,C00365,2025-07-23 15:58:58,2025-07-25 15:58:58,First Class,Consumer,North,Technology,Laptops,428.46,4,0.327,-29.77,2025-07,2025,2.0,-6.948139849694254
ORD03846,C00880,2025-07-23 18:18:28,2025-07-26 18:18:28,Standard Class,Consumer,West,Technology,Laptops,585.88,5,0.093,77.63,2025-07,2025,3.0,13.250153615074758
ORD03339,C00915,2025-07-23 19:46:53,2025-07-28 19:46:53,Standard Class,Consumer,South,Office Supplies,Appliances,52.75,3,0.106,4.18,2025-07,2025,5.0,7.924170616113743
ORD01769,C00834,2025-07-23 22:22:21,2025-07-26 22:22:21,Standard Class,Consumer,East,Office Supplies,Binders,138.72,4,0.08,12.48,2025-07,2025,3.0,8.996539792387544
ORD02172,C00727,2025-07-24 00:17:16,2025-07-27 00:17:16,Standard Class,Consumer,East,Office Supplies,Appliances,120.17,2,0.096,0.92,2025-07,2025,3.0,0.7655820920362819
ORD02114,C00685,2025-07-24 08:16:17,2025-07-29 08:16:17,Standard Class,Consumer,North,Furniture,Chairs,673.04,4,0.206,-16.45,2025-07,2025,5.0,-2.444134078212291
ORD01259,C00846,2025-07-24 10:26:05,2025-07-27 10:26:05,Standard Class,Home Office,East,Technology,Accessories,476.69,3,0.215,-5.4,2025-07,2025,3.0,-1.1328116805471062
ORD03486,C00131,2025-07-24 13:03:42,2025-07-28 13:03:42,Standard Class,Consumer,North,Technology,Laptops,1360.02,8,0.108,199.81,2025-07,2025,4.0,14.6916957103572
ORD02719,C00868,2025-07-24 16:23:00,2025-07-26 16:23:00,Second Class,Consumer,North,Furniture,Furnishings,1222.93,8,0.198,-112.41,2025-07,2025,2.0,-9.191858896257349
ORD03281,C00309,2025-07-24 19:18:12,2025-07-28 19:18:12,Standard Class,Home Office,West,Office Supplies,Binders,50.46,1,0.148,-2.14,2025-07,2025,4.0,-4.240982956797463
ORD00915,C00516,2025-07-24 20:43:50,2025-07-26 20:43:50,Same Day,Corporate,North,Technology,Accessories,155.06,1,0.127,12.71,2025-07,2025,2.0,8.196827034696247
ORD00556,C00585,2025-07-25 00:20:24,2025-07-26 00:20:24,First Class,Consumer,West,Furniture,Bookcases,1594.47,7,0.088,-84.91,2025-07,2025,1.0,-5.32528050073065
ORD00867,C00841,2025-07-25 07:34:27,2025-07-29 07:34:27,Standard Class,Corporate,North,Office Supplies,Storage,165.07,8,0.274,-11.66,2025-07,2025,4.0,-7.063669958199552
ORD03442,C00528,2025-07-25 09:31:16,2025-07-29 09:31:16,Standard Class,Consumer,East,Office Supplies,Art,205.15,4,0.229,-0.31,2025-07,2025,4.0,-0.15110894467462832
ORD02627,C00221,2025-07-25 11:00:58,2025-07-29 11:00:58,Standard Class,Consumer,East,Technology,Accessories,711.24,4,0.16,48.4,2025-07,2025,4.0,6.805016590742928
ORD03722,C00416,2025-07-25 12:30:01,2025-07-28 12:30:01,Standard Class,Consumer,South,Office Supplies,Paper,106.36,3,0.132,4.17,2025-07,2025,3.0,3.9206468597217
ORD02169,C00117,2025-07-25 13:27:41,2025-07-27 13:27:41,Second Class,Corporate,North,Office Supplies,Paper,292.69,6,0.028,37.54,2025-07,2025,2.0,12.82585670846288
ORD02706,C00063,2025-07-26 04:35:54,2025-07-30 04:35:54,Standard Class,Corporate,North,Technology,Accessories,1071.79,7,0.026,204.34,2025-07,2025,4.0,19.065301971468294
ORD01138,C00731,2025-07-26 05:53:47,2025-07-28 05:53:47,Same Day,Corporate,South,Furniture,Furnishings,1046.11,8,0.254,-151.25,2025-07,2025,2.0,-14.458326562216211
ORD00249,C00457,2025-07-26 09:05:53,2025-07-30 09:05:53,Standard Class,Consumer,East,Office Supplies,Appliances,120.92,3,0.133,7.83,2025-07,2025,4.0,6.475355607012902
ORD03184,C00570,2025-07-26 10:05:42,2025-07-29 10:05:42,Standard Class,Consumer,North,Office Supplies,Appliances,162.1,4,0.158,-3.95,2025-07,2025,3.0,-2.436767427513881
ORD03741,C00429,2025-07-26 20:19:47,2025-07-29 20:19:47,Second Class,Consumer,North,Office Supplies,Paper,68.29,3,0.166,-1.1,2025-07,2025,3.0,-1.6107775662615318
ORD02100,C00425,2025-07-26 21:03:20,2025-07-28 21:03:20,Second Class,Consumer,South,Office Supplies,Paper,289.7,5,0.26,-29.06,2025-07,2025,2.0,-10.031066620642044
ORD01126,C00841,2025-07-27 06:32:42,2025-07-31 06:32:42,Second Class,Corporate,North,Technology,Phones,445.74,3,0.063,71.28,2025-07,2025,4.0,15.99138511239736
ORD01189,C00909,2025-07-27 11:22:06,2025-08-01 11:22:06,Standard Class,Consumer,North,Office Supplies,Appliances,12.1,1,0.041,1.04,2025-07,2025,5.0,8.59504132231405
ORD00710,C00693,2025-07-27 17:56:49,2025-07-30 17:56:49,Second Class,Consumer,East,Technology,Phones,398.59,3,0.347,-17.12,2025-07,2025,3.0,-4.295140369803558
ORD00390,C00874,2025-07-27 19:50:47,2025-07-31 19:50:47,Second Class,Corporate,East,Technology,Phones,593.59,4,0.286,-33.66,2025-07,2025,4.0,-5.670580703852827
ORD01759,C00909,2025-07-28 05:34:20,2025-07-31 05:34:20,Standard Class,Home Office,North,Office Supplies,Storage,308.29,7,0.102,34.43,2025-07,2025,3.0,11.168056051120697
ORD00017,C00343,2025-07-28 06:06:10,2025-07-30 06:06:10,First Class,Corporate,North,Office Supplies,Storage,453.62,8,0.175,-19.33,2025-07,2025,2.0,-4.261275957850183
ORD01722,C00757,2025-07-28 10:15:02,2025-07-31 10:15:02,Standard Class,Home Office,East,Office Supplies,Appliances,134.5,2,0.046,13.36,2025-07,2025,3.0,9.933085501858734
ORD01232,C00565,2025-07-28 10:20:13,2025-08-01 10:20:13,Second Class,Home Office,South,Technology,Phones,241.14,2,0.296,-21.44,2025-07,2025,4.0,-8.89110060545741
ORD02565,C00103,2025-07-28 10:54:54,2025-07-30 10:54:54,Second Class,Consumer,West,Technology,Laptops,469.45,3,0.032,110.52,2025-07,2025,2.0,23.542443284694855
ORD02594,C00363,2025-07-28 19:48:45,2025-08-02 19:48:45,Standard Class,Consumer,East,Technology,Laptops,633.23,6,0.042,113.43,2025-07,2025,5.0,17.91292263474567
ORD01967,C00943,2025-07-28 20:22:01,2025-08-02 20:22:01,Standard Class,Home Office,East,Furniture,Bookcases,2128.57,8,0.137,-99.84,2025-07,2025,5.0,-4.690472946626138
ORD00891,C00780,2025-07-28 21:58:25,2025-07-31 21:58:25,Standard Class,Consumer,West,Office Supplies,Storage,66.23,1,0.177,0.85,2025-07,2025,3.0,1.2834063113392722
ORD01973,C00396,2025-07-28 22:23:19,2025-08-01 22:23:19,Second Class,Corporate,South,Technology,Laptops,701.55,6,0.044,131.09,2025-07,2025,4.0,18.685767229705654
ORD02706,C00708,2025-07-28 22:34:26,2025-08-02 22:34:26,Standard Class,Consumer,East,Furniture,Bookcases,516.35,3,0.133,-5.24,2025-07,2025,5.0,-1.0148155321003196
ORD01635,C00756,2025-07-28 23:22:21,2025-07-31 23:22:21,Second Class,Consumer,West,Technology,Accessories,1220.51,7,0.081,96.08,2025-07,2025,3.0,7.872119032207847
ORD02367,C00043,2025-07-29 02:07:50,2025-07-30 02:07:50,Same Day,Consumer,East,Office Supplies,Paper,279.7,8,0.164,-6.91,2025-07,2025,1.0,-2.4705041115480877
ORD02335,C00832,2025-07-29 18:50:06,2025-07-30 18:50:06,First Class,Corporate,West,Furniture,Tables,1217.77,5,0.459,-360.89,2025-07,2025,1.0,-29.635317013886038
ORD03420,C00512,2025-07-29 23:23:41,2025-07-31 23:23:41,First Class,Corporate,East,Office Supplies,Paper,306.08,6,0.092,7.49,2025-07,2025,2.0,2.4470726607422897
ORD00994,C00234,2025-07-30 05:18:29,2025-08-03 05:18:29,Standard Class,Home Office,South,Office Supplies,Paper,220.72,6,0.127,-9.0,2025-07,2025,4.0,-4.0775643349039505
ORD01069,C00587,2025-07-30 19:31:17,2025-08-01 19:31:17,First Class,Home Office,East,Technology,Phones,890.98,8,0.115,100.94,2025-07,2025,2.0,11.329098296258053
ORD03519,C00650,2025-07-31 01:41:30,2025-08-03 01:41:30,Standard Class,Consumer,West,Office Supplies,Storage,123.23,6,0.154,10.9,2025-07,2025,3.0,8.845248721902134
ORD01551,C00112,2025-07-31 05:43:45,2025-08-02 05:43:45,Second Class,Corporate,South,Furniture,Bookcases,89.43,1,0.092,1.78,2025-07,2025,2.0,1.9903835401990384
ORD00625,C00416,2025-07-31 15:08:52,2025-07-31 15:08:52,Same Day,Corporate,East,Office Supplies,Binders,165.13,6,0.305,-13.9,2025-07,2025,0.0,-8.417610367589171
ORD01534,C00077,2025-07-31 18:13:48,2025-08-05 18:13:48,Standard Class,Consumer,North,Furniture,Furnishings,749.21,6,0.286,-65.86,2025-07,2025,5.0,-8.790592757704783
ORD03439,C00798,2025-08-01 01:38:56,2025-08-05 01:38:56,Standard Class,Home Office,South,Furniture,Furnishings,161.89,2,0.356,-29.29,2025-08,2025,4.0,-18.092531966149856
ORD03688,C00865,2025-08-01 03:23:30,2025-08-06 03:23:30,Standard Class,Consumer,North,Technology,Laptops,1023.35,8,0.082,193.44,2025-08,2025,5.0,18.902623735769776
ORD03641,C00705,2025-08-01 15:14:59,2025-08-04 15:14:59,Second Class,Consumer,West,Office Supplies,Appliances,103.72,2,0.313,-5.26,2025-08,2025,3.0,-5.071345931353644
ORD01968,C00630,2025-08-01 17:00:51,2025-08-05 17:00:51,Standard Class,Consumer,North,Office Supplies,Storage,290.09,6,0.167,11.13,2025-08,2025,4.0,3.8367403219690446
ORD03729,C00125,2025-08-01 18:32:21,2025-08-04 18:32:21,Standard Class,Consumer,West,Technology,Accessories,837.74,6,0.072,132.89,2025-08,2025,3.0,15.862916895456822
ORD01121,C00851,2025-08-01 21:26:50,2025-08-03 21:26:50,First Class,Corporate,South,Furniture,Bookcases,281.53,2,0.18,-31.15,2025-08,2025,2.0,-11.06454019109864
ORD01239,C00242,2025-08-02 05:49:34,2025-08-05 05:49:34,Standard Class,Corporate,North,Technology,Accessories,760.94,8,0.128,70.4,2025-08,2025,3.0,9.251714984098616
ORD01802,C00484,2025-08-02 08:29:30,2025-08-07 08:29:30,Standard Class,Consumer,North,Technology,Laptops,737.38,6,0.192,54.42,2025-08,2025,5.0,7.380183894328569
ORD02234,C00103,2025-08-02 09:18:40,2025-08-06 09:18:40,Standard Class,Corporate,East,Office Supplies,Binders,140.35,3,0.079,1.94,2025-08,2025,4.0,1.3822586391164946
ORD02020,C00697,2025-08-02 09:58:57,2025-08-05 09:58:57,Standard Class,Corporate,West,Office Supplies,Art,269.63,8,0.135,20.74,2025-08,2025,3.0,7.6920224010681295
ORD02893,C00926,2025-08-02 21:14:55,2025-08-06 21:14:55,Standard Class,Corporate,North,Office Supplies,Binders,283.05,8,0.229,3.95,2025-08,2025,4.0,1.3955131602190425
ORD00720,C00571,2025-08-02 22:38:12,2025-08-06 22:38:12,Standard Class,Corporate,East,Office Supplies,Binders,154.59,3,0.273,-16.49,2025-08,2025,4.0,-10.666925415615498
ORD00360,C00494,2025-08-02 22:53:13,2025-08-07 22:53:13,Standard Class,Consumer,North,Office Supplies,Art,112.85,5,0.232,-5.16,2025-08,2025,5.0,-4.572441293752769
ORD00001,C00752,2025-08-03 04:01:47,2025-08-06 04:01:47,First Class,Home Office,North,Furniture,Bookcases,758.47,4,0.261,-85.95,2025-08,2025,3.0,-11.332023679249016
ORD03881,C00689,2025-08-03 05:04:54,2025-08-07 05:04:54,Second Class,Consumer,North,Technology,Phones,132.07,1,0.272,-3.52,2025-08,2025,4.0,-2.665253274778527
ORD01102,C00584,2025-08-03 06:52:08,2025-08-03 06:52:08,Same Day,Consumer,North,Office Supplies,Binders,147.35,3,0.046,24.47,2025-08,2025,0.0,16.60671869697998
ORD01617,C00439,2025-08-03 10:24:43,2025-08-08 10:24:43,Standard Class,Consumer,North,Technology,Accessories,427.78,4,0.213,-3.32,2025-08,2025,5.0,-0.7760998644162888
ORD02572,C00465,2025-08-03 12:18:21,2025-08-06 12:18:21,Standard Class,Consumer,East,Technology,Accessories,294.92,3,0.273,-26.88,2025-08,2025,3.0,-9.114336091143361
ORD02771,C00822,2025-08-03 12:28:09,2025-08-08 12:28:09,Standard Class,Consumer,East,Technology,Accessories,97.54,1,0.06,10.17,2025-08,2025,5.0,10.426491695714578
ORD02716,C00054,2025-08-03 17:40:42,2025-08-07 17:40:42,Second Class,Corporate,West,Technology,Phones,1411.54,8,0.112,176.41,2025-08,2025,4.0,12.497697550193406
ORD00741,C00785,2025-08-03 20:18:47,2025-08-07 20:18:47,Standard Class,Consumer,North,Furniture,Bookcases,317.78,4,0.315,4.285,2025-08,2025,4.0,1.3484171439360564
ORD00296,C00413,2025-08-03 22:12:56,2025-08-08 22:12:56,Standard Class,Corporate,North,Office Supplies,Binders,177.11,3,0.233,-2.99,2025-08,2025,5.0,-1.6882163627124385
ORD02704,C00342,2025-08-04 02:25:13,2025-08-09 02:25:13,Standard Class,Corporate,East,Furniture,Chairs,1362.78,6,0.185,-71.96,2025-08,2025,5.0,-5.280382747031802
ORD02284,C00634,2025-08-04 02:58:44,2025-08-06 02:58:44,Second Class,Consumer,East,Technology,Laptops,218.81,2,0.166,4.76,2025-08,2025,2.0,2.1754033179470773
ORD03525,C00535,2025-08-04 08:37:35,2025-08-07 08:37:35,Second Class,Consumer,East,Furniture,Chairs,1072.53,7,0.135,13.79,2025-08,2025,3.0,1.2857449208879939
ORD02274,C00812,2025-08-04 10:13:34,2025-08-08 10:13:34,Second Class,Consumer,South,Technology,Accessories,197.32,2,0.132,17.72,2025-08,2025,4.0,8.980336509223596
ORD02200,C00740,2025-08-04 11:56:12,2025-08-07 11:56:12,Standard Class,Corporate,East,Furniture,Chairs,745.92,7,0.317,-158.61,2025-08,2025,3.0,-21.263674388674392
ORD00342,C00522,2025-08-04 15:03:17,2025-08-08 15:03:17,Second Class,Corporate,West,Office Supplies,Paper,94.88,3,0.256,-6.17,2025-08,2025,4.0,-6.502951096121416
ORD03633,C00734,2025-08-04 16:14:07,2025-08-06 16:14:07,First Class,Consumer,North,Furniture,Tables,1349.44,8,0.163,-191.36,2025-08,2025,2.0,-14.180697178088689
ORD02898,C00608,2025-08-04 16:40:55,2025-08-09 16:40:55,Standard Class,Consumer,East,Furniture,Furnishings,961.74,7,0.174,-66.04,2025-08,2025,5.0,-6.866720735333874
ORD02413,C00482,2025-08-05 04:23:23,2025-08-07 04:23:23,Second Class,Consumer,South,Office Supplies,Art,144.65,4,0.117,2.01,2025-08,2025,2.0,1.3895610093328723
ORD00624,C00005,2025-08-05 10:50:46,2025-08-07 10:50:46,Second Class,Consumer,West,Office Supplies,Art,69.05,4,0.04,12.29,2025-08,2025,2.0,17.79869659666908
ORD00692,C00506,2025-08-05 14:40:01,2025-08-07 14:40:01,Second Class,Home Office,North,Furniture,Furnishings,178.53,1,0.15,-9.33,2025-08,2025,2.0,-5.226012434884893
ORD01819,C00610,2025-08-05 16:06:56,2025-08-10 16:06:56,Standard Class,Corporate,North,Furniture,Furnishings,207.24,2,0.194,-16.81,2025-08,2025,5.0,-8.111368461686933
ORD01999,C00127,2025-08-05 20:48:53,2025-08-08 20:48:53,First Class,Consumer,South,Office Supplies,Storage,31.14,2,0.131,2.43,2025-08,2025,3.0,7.803468208092486
ORD01578,C00585,2025-08-05 22:10:21,2025-08-08 22:10:21,Standard Class,Corporate,South,Technology,Laptops,445.71,4,0.208,13.74,2025-08,2025,3.0,3.082721949249512
ORD02066,C00488,2025-08-06 03:49:31,2025-08-09 03:49:31,Standard Class,Consumer,North,Technology,Accessories,96.52,1,0.255,3.21,2025-08,2025,3.0,3.3257355988396187
ORD01545,C00599,2025-08-06 07:19:53,2025-08-11 07:19:53,Standard Class,Consumer,South,Office Supplies,Appliances,110.92,5,0.028,16.8,2025-08,2025,5.0,15.146051208077893
ORD02889,C00775,2025-08-06 08:18:41,2025-08-10 08:18:41,Standard Class,Consumer,East,Office Supplies,Art,84.79,5,0.069,12.07,2025-08,2025,4.0,14.235169241655854
ORD02400,C00947,2025-08-06 10:13:15,2025-08-10 10:13:15,Standard Class,Corporate,West,Office Supplies,Appliances,153.07,3,0.062,11.91,2025-08,2025,4.0,7.780753903442869
ORD01726,C00299,2025-08-06 10:23:08,2025-08-10 10:23:08,Standard Class,Corporate,South,Office Supplies,Art,139.22,5,0.266,-2.36,2025-08,2025,4.0,-1.6951587415601206
ORD00863,C00886,2025-08-06 10:46:02,2025-08-11 10:46:02,Standard Class,Consumer,South,Technology,Accessories,236.02,2,0.129,29.39,2025-08,2025,5.0,12.452334547919667
ORD02952,C00622,2025-08-06 15:42:05,2025-08-07 15:42:05,First Class,Consumer,South,Office Supplies,Paper,101.3,4,0.122,2.67,2025-08,2025,1.0,2.63573543928924
ORD02610,C00348,2025-08-06 21:43:46,2025-08-08 21:43:46,Second Class,Consumer,South,Technology,Accessories,496.18,5,0.06,67.34,2025-08,2025,2.0,13.571687693982023
ORD00636,C00572,2025-08-07 10:13:30,2025-08-12 10:13:30,Standard Class,Corporate,East,Technology,Phones,130.39,1,0.144,2.91,2025-08,2025,5.0,2.2317662397423117
ORD02063,C00255,2025-08-07 11:48:51,2025-08-09 11:48:51,Second Class,Home Office,North,Office Supplies,Paper,184.12,5,0.078,24.94,2025-08,2025,2.0,13.545513795350859
ORD01625,C00102,2025-08-07 12:12:12,2025-08-11 12:12:12,Standard Class,Consumer,North,Office Supplies,Binders,18.93,1,0.113,2.51,2025-08,2025,4.0,13.259376650818805
ORD03680,C00389,2025-08-07 15:16:13,2025-08-10 15:16:13,Standard Class,Consumer,East,Office Supplies,Appliances,118.72,4,0.272,-6.8,2025-08,2025,3.0,-5.727762803234501
ORD00999,C00813,2025-08-07 15:29:26,2025-08-10 15:29:26,Second Class,Consumer,North,Furniture,Bookcases,617.73,6,0.394,-124.17,2025-08,2025,3.0,-20.10101500655626
ORD02197,C00214,2025-08-07 16:49:57,2025-08-11 16:49:57,Standard Class,Corporate,South,Furniture,Furnishings,781.11,7,0.194,-117.84,2025-08,2025,4.0,-15.08622345124246
ORD02574,C00492,2025-08-07 16:53:12,2025-08-11 16:53:12,Standard Class,Corporate,North,Office Supplies,Storage,236.85,7,0.186,-11.82,2025-08,2025,4.0,-4.990500316656112
ORD00442,C00621,2025-08-07 19:05:04,2025-08-11 19:05:04,Second Class,Consumer,West,Technology,Accessories,648.33,4,0.18,84.7,2025-08,2025,4.0,13.064334521000106
ORD00332,C00124,2025-08-07 19:41:07,2025-08-08 19:41:07,First Class,Consumer,South,Furniture,Bookcases,533.11,6,0.137,-37.76,2025-08,2025,1.0,-7.082965992009154
ORD01862,C00749,2025-08-07 23:31:56,2025-08-12 23:31:56,Standard Class,Consumer,West,Furniture,Bookcases,465.27,4,0.058,14.9,2025-08,2025,5.0,3.2024415930534964
ORD02632,C00637,2025-08-08 00:20:34,2025-08-13 00:20:34,Standard Class,Consumer,South,Furniture,Furnishings,223.71,2,0.112,2.89,2025-08,2025,5.0,1.291851057172232
ORD03229,C00122,2025-08-08 01:57:40,2025-08-11 01:57:40,Second Class,Corporate,West,Office Supplies,Binders,221.14,4,0.174,5.51,2025-08,2025,3.0,2.491634258840554
ORD00004,C00020,2025-08-08 04:34:00,2025-08-12 04:34:00,Standard Class,Corporate,South,Office Supplies,Storage,231.71,8,0.208,5.69,2025-08,2025,4.0,2.4556557766173235
ORD02515,C00161,2025-08-08 11:29:36,2025-08-13 11:29:36,Standard Class,Consumer,West,Technology,Laptops,261.73,2,0.147,-41.74,2025-08,2025,5.0,-15.94773239598059
ORD02979,C00376,2025-08-08 12:04:17,2025-08-12 12:04:17,Standard Class,Corporate,East,Furniture,Furnishings,1064.36,5,0.233,-172.29,2025-08,2025,4.0,-16.187192303356007
ORD01455,C00730,2025-08-08 12:05:14,2025-08-11 12:05:14,Standard Class,Home Office,West,Technology,Phones,1128.29,7,0.171,110.27,2025-08,2025,3.0,9.773196607255228
ORD01178,C00883,2025-08-08 14:41:47,2025-08-12 14:41:47,Standard Class,Home Office,East,Office Supplies,Storage,93.06,2,0.097,11.6,2025-08,2025,4.0,12.465076294863527
ORD03740,C00486,2025-08-08 18:35:48,2025-08-11 18:35:48,Standard Class,Corporate,North,Technology,Accessories,143.83,1,0.162,-0.56,2025-08,2025,3.0,-0.389348536466662
ORD03207,C00878,2025-08-08 23:39:54,2025-08-10 23:39:54,Second Class,Home Office,East,Technology,Laptops,348.72,3,0.019,68.13,2025-08,2025,2.0,19.53716448726772
ORD00647,C00828,2025-08-09 00:13:09,2025-08-12 00:13:09,First Class,Consumer,West,Office Supplies,Paper,78.91,2,0.061,7.61,2025-08,2025,3.0,9.643898111772907
ORD02188,C00645,2025-08-09 00:24:06,2025-08-14 00:24:06,Standard Class,Home Office,West,Office Supplies,Appliances,73.82,3,0.091,7.45,2025-08,2025,5.0,10.092115957735032
ORD00090,C00301,2025-08-09 01:57:05,2025-08-12 01:57:05,Standard Class,Consumer,West,Furniture,Furnishings,1577.58,7,0.153,7.74,2025-08,2025,3.0,0.49062488114707337
ORD02033,C00914,2025-08-09 06:20:06,2025-08-12 06:20:06,Second Class,Consumer,East,Office Supplies,Art,13.09,1,0.125,-0.24,2025-08,2025,3.0,-1.8334606569900687
ORD01894,C00003,2025-08-10 00:15:42,2025-08-12 00:15:42,Second Class,Consumer,West,Office Supplies,Storage,234.63,6,0.024,43.63,2025-08,2025,2.0,18.595235050931255
ORD01724,C00255,2025-08-10 04:24:11,2025-08-14 04:24:11,Second Class,Corporate,North,Technology,Phones,136.4,1,0.082,32.32,2025-08,2025,4.0,23.6950146627566
ORD02642,C00692,2025-08-10 04:56:41,2025-08-13 04:56:41,Second Class,Consumer,East,Office Supplies,Art,206.07,7,0.083,27.54,2025-08,2025,3.0,13.364390741010338
ORD03230,C00566,2025-08-10 11:28:17,2025-08-14 11:28:17,Standard Class,Corporate,East,Office Supplies,Binders,355.69,7,0.111,2.79,2025-08,2025,4.0,0.7843909021901093
ORD02606,C00029,2025-08-10 13:49:56,2025-08-14 13:49:56,Second Class,Consumer,West,Technology,Laptops,337.04,2,0.194,19.63,2025-08,2025,4.0,5.824234512224067
ORD02556,C00534,2025-08-10 15:20:50,2025-08-13 15:20:50,Second Class,Consumer,North,Office Supplies,Art,39.59,1,0.112,2.44,2025-08,2025,3.0,6.163172518312705
ORD01304,C00028,2025-08-10 15:42:31,2025-08-15 15:42:31,Standard Class,Consumer,East,Technology,Accessories,904.45,6,0.032,207.93,2025-08,2025,5.0,22.989662225662006
ORD01278,C00278,2025-08-10 18:34:27,2025-08-14 18:34:27,Second Class,Home Office,South,Furniture,Bookcases,75.61,1,0.319,-13.2,2025-08,2025,4.0,-17.45800819997355
ORD02463,C00615,2025-08-10 20:43:00,2025-08-15 20:43:00,Standard Class,Consumer,South,Technology,Laptops,118.59,1,0.074,21.77,2025-08,2025,5.0,18.357365713803862
ORD00332,C00518,2025-08-11 12:27:56,2025-08-14 12:27:56,Standard Class,Home Office,West,Furniture,Furnishings,1153.1,6,0.273,-182.72,2025-08,2025,3.0,-15.845980400659093
ORD01045,C00474,2025-08-11 16:06:20,2025-08-14 16:06:20,Standard Class,Home Office,North,Technology,Laptops,825.34,7,0.091,98.87,2025-08,2025,3.0,11.979305498340079
ORD01575,C00778,2025-08-12 01:39:46,2025-08-15 01:39:46,Standard Class,Corporate,South,Technology,Laptops,280.96,3,0.131,12.76,2025-08,2025,3.0,4.541571753986333
ORD00301,C00571,2025-08-12 02:41:56,2025-08-15 02:41:56,First Class,Corporate,North,Technology,Accessories,805.54,8,0.206,35.28,2025-08,2025,3.0,4.379670779849542
ORD03198,C00743,2025-08-12 10:12:06,2025-08-14 10:12:06,Second Class,Consumer,West,Office Supplies,Storage,65.59,1,0.08,3.91,2025-08,2025,2.0,5.961274584540326
ORD00583,C00138,2025-08-12 13:06:25,2025-08-15 13:06:25,Standard Class,Consumer,North,Furniture,Chairs,342.67,3,0.229,22.73,2025-08,2025,3.0,6.6332039571599495
ORD00177,C00907,2025-08-12 15:37:05,2025-08-17 15:37:05,Standard Class,Corporate,West,Furniture,Chairs,681.61,3,0.3,-75.19,2025-08,2025,5.0,-11.031234870380423
ORD03523,C00224,2025-08-12 20:02:11,2025-08-14 20:02:11,First Class,Consumer,East,Office Supplies,Appliances,64.03,2,0.051,5.64,2025-08,2025,2.0,8.808371076058098
ORD03381,C00515,2025-08-13 00:33:56,2025-08-15 00:33:56,First Class,Consumer,South,Technology,Phones,272.45,3,0.26,-8.62,2025-08,2025,2.0,-3.1638832813360245
ORD02151,C00787,2025-08-13 00:57:53,2025-08-16 00:57:53,Standard Class,Corporate,North,Office Supplies,Paper,456.69,8,0.042,66.2,2025-08,2025,3.0,14.495609713372309
ORD00049,C00258,2025-08-13 01:25:23,2025-08-16 01:25:23,First Class,Home Office,South,Furniture,Tables,484.3,3,0.292,-74.36,2025-08,2025,3.0,-15.35411934751187
ORD02654,C00402,2025-08-13 02:17:15,2025-08-17 02:17:15,Standard Class,Corporate,East,Technology,Laptops,1032.8,8,0.251,3.22,2025-08,2025,4.0,0.3117738187451588
ORD01152,C00407,2025-08-13 07:44:10,2025-08-16 07:44:10,Second Class,Corporate,West,Furniture,Tables,219.95,1,0.11,-10.29,2025-08,2025,3.0,-4.6783359854512385
ORD01940,C00354,2025-08-13 13:08:50,2025-08-16 13:08:50,Standard Class,Consumer,North,Technology,Phones,391.19,4,0.119,23.68,2025-08,2025,3.0,6.053324471484444
ORD01027,C00389,2025-08-13 16:13:23,2025-08-17 16:13:23,Standard Class,Consumer,South,Furniture,Bookcases,448.49,3,0.119,-5.51,2025-08,2025,4.0,-1.228566969163192
ORD00740,C00120,2025-08-13 17:31:07,2025-08-17 17:31:07,Standard Class,Consumer,West,Technology,Laptops,175.47,1,0.041,32.69,2025-08,2025,4.0,18.629965236222716
ORD03660,C00906,2025-08-14 06:09:42,2025-08-19 06:09:42,Standard Class,Consumer,West,Technology,Accessories,1309.6,8,0.227,36.19,2025-08,2025,5.0,2.763439218081857
ORD02716,C00809,2025-08-14 12:30:02,2025-08-19 12:30:02,Standard Class,Consumer,East,Technology,Phones,637.94,6,0.248,-3.83,2025-08,2025,5.0,-0.6003699407467786
ORD02839,C00084,2025-08-14 16:18:19,2025-08-18 16:18:19,Standard Class,Consumer,West,Office Supplies,Art,366.39,6,0.22,-25.03,2025-08,2025,4.0,-6.831518327465271
ORD02013,C00945,2025-08-15 00:04:12,2025-08-20 00:04:12,Standard Class,Corporate,West,Office Supplies,Art,183.61,5,0.187,10.99,2025-08,2025,5.0,5.985512771635531
ORD01867,C00486,2025-08-15 13:54:05,2025-08-18 13:54:05,Standard Class,Home Office,North,Technology,Accessories,735.27,5,0.208,4.85,2025-08,2025,3.0,0.6596216355896473
ORD02904,C00744,2025-08-15 18:01:59,2025-08-20 18:01:59,Standard Class,Corporate,West,Office Supplies,Binders,416.94,8,0.046,25.58,2025-08,2025,5.0,6.1351753249868075
ORD00229,C00132,2025-08-15 20:23:39,2025-08-18 20:23:39,Second Class,Consumer,South,Office Supplies,Storage,108.95,3,0.278,-13.02,2025-08,2025,3.0,-11.95043597980725
ORD02858,C00758,2025-08-16 11:25:43,2025-08-21 11:25:43,Standard Class,Consumer,West,Technology,Phones,174.25,1,0.045,25.41,2025-08,2025,5.0,14.582496413199426
ORD01633,C00466,2025-08-16 14:33:06,2025-08-18 14:33:06,First Class,Home Office,East,Office Supplies,Paper,113.94,2,0.126,4.57,2025-08,2025,2.0,4.010882920835527
ORD03631,C00264,2025-08-16 17:30:53,2025-08-20 17:30:53,Second Class,Consumer,West,Office Supplies,Storage,246.66,6,0.045,23.3,2025-08,2025,4.0,9.446201248682398
ORD03244,C00872,2025-08-17 05:38:13,2025-08-18 05:38:13,First Class,Consumer,North,Furniture,Bookcases,567.73,5,0.155,-0.46,2025-08,2025,1.0,-0.08102443062723477
ORD02047,C00928,2025-08-17 08:45:12,2025-08-21 08:45:12,Standard Class,Corporate,North,Office Supplies,Binders,62.26,2,0.091,5.22,2025-08,2025,4.0,8.384195309990362
ORD00127,C00021,2025-08-17 13:34:56,2025-08-22 13:34:56,Standard Class,Corporate,North,Technology,Accessories,574.73,7,0.063,84.41,2025-08,2025,5.0,14.686896455727036
ORD02134,C00877,2025-08-17 16:27:55,2025-08-20 16:27:55,First Class,Corporate,South,Technology,Phones,519.27,4,0.111,48.8,2025-08,2025,3.0,9.397808461879176
ORD01080,C00740,2025-08-18 00:04:50,2025-08-21 00:04:50,Standard Class,Home Office,East,Office Supplies,Storage,48.08,2,0.136,0.89,2025-08,2025,3.0,1.85108153078203
ORD00344,C00531,2025-08-18 14:35:21,2025-08-19 14:35:21,First Class,Consumer,South,Office Supplies,Binders,244.09,8,0.078,3.46,2025-08,2025,1.0,1.4175099348600926
ORD02142,C00491,2025-08-18 17:18:05,2025-08-20 17:18:05,Second Class,Corporate,South,Technology,Accessories,387.41,3,0.092,26.55,2025-08,2025,2.0,6.85320461526548
ORD00940,C00680,2025-08-19 00:58:35,2025-08-22 00:58:35,Standard Class,Consumer,North,Furniture,Tables,1069.76,6,0.123,-11.1,2025-08,2025,3.0,-1.0376159138498355
ORD02553,C00759,2025-08-19 02:05:35,2025-08-20 02:05:35,First Class,Consumer,West,Office Supplies,Binders,96.95,5,0.206,0.32,2025-08,2025,1.0,0.3300670448684889
ORD03788,C00203,2025-08-19 02:17:05,2025-08-23 02:17:05,Second Class,Consumer,South,Office Supplies,Art,193.75,4,0.122,2.68,2025-08,2025,4.0,1.383225806451613
ORD01865,C00259,2025-08-19 08:15:22,2025-08-21 08:15:22,Second Class,Consumer,North,Technology,Accessories,711.54,7,0.148,58.36,2025-08,2025,2.0,8.20192821204711
ORD00430,C00226,2025-08-19 11:50:32,2025-08-22 11:50:32,Standard Class,Corporate,South,Furniture,Chairs,1586.95,8,0.304,-237.94,2025-08,2025,3.0,-14.993541069346861
ORD03298,C00455,2025-08-20 07:20:35,2025-08-24 07:20:35,Standard Class,Corporate,South,Office Supplies,Paper,227.58,4,0.193,-2.26,2025-08,2025,4.0,-0.9930573864135687
ORD03833,C00165,2025-08-20 07:44:46,2025-08-25 07:44:46,Standard Class,Consumer,East,Technology,Laptops,663.43,7,0.041,128.16,2025-08,2025,5.0,19.317787860060594
ORD00673,C00600,2025-08-20 07:54:52,2025-08-25 07:54:52,Standard Class,Corporate,South,Technology,Laptops,607.04,5,0.301,-44.65,2025-08,2025,5.0,-7.355363732208751
ORD02745,C00431,2025-08-20 08:45:13,2025-08-25 08:45:13,Standard Class,Consumer,East,Furniture,Tables,508.53,3,0.215,-47.45,2025-08,2025,5.0,-9.33081627435943
ORD00708,C00516,2025-08-21 00:22:54,2025-08-26 00:22:54,Standard Class,Corporate,West,Furniture,Chairs,363.99,5,0.158,20.62,2025-08,2025,5.0,5.664990796450452
ORD02515,C00113,2025-08-21 10:53:26,2025-08-25 10:53:26,Standard Class,Corporate,South,Technology,Phones,355.02,3,0.159,23.72,2025-08,2025,4.0,6.681313728804011
ORD01398,C00741,2025-08-21 11:03:04,2025-08-26 11:03:04,Standard Class,Corporate,South,Office Supplies,Storage,29.04,1,0.164,0.79,2025-08,2025,5.0,2.7203856749311295
ORD02372,C00712,2025-08-21 14:03:52,2025-08-25 14:03:52,Standard Class,Home Office,West,Technology,Laptops,155.79,1,0.073,19.2,2025-08,2025,4.0,12.324282688234161
ORD01123,C00363,2025-08-21 23:15:50,2025-08-23 23:15:50,Second Class,Consumer,South,Office Supplies,Binders,30.29,3,0.095,2.13,2025-08,2025,2.0,7.032023770221195
ORD03335,C00340,2025-08-22 00:09:36,2025-08-26 00:09:36,Standard Class,Corporate,West,Technology,Phones,499.83,3,0.149,56.07,2025-08,2025,4.0,11.217814056779305
ORD01874,C00908,2025-08-22 11:57:48,2025-08-26 11:57:48,Second Class,Corporate,West,Furniture,Chairs,732.79,5,0.147,-70.43,2025-08,2025,4.0,-9.611211943394425
ORD00110,C00360,2025-08-22 16:09:20,2025-08-24 16:09:20,Second Class,Home Office,East,Office Supplies,Art,296.26,7,0.08,41.91,2025-08,2025,2.0,14.146357928846284
ORD00139,C00593,2025-08-22 19:44:10,2025-08-27 19:44:10,Standard Class,Consumer,West,Office Supplies,Appliances,66.33,4,0.197,-2.59,2025-08,2025,5.0,-3.904718830091964
ORD00559,C00933,2025-08-22 23:26:53,2025-08-27 23:26:53,Standard Class,Consumer,East,Furniture,Furnishings,415.69,2,0.074,27.55,2025-08,2025,5.0,6.627534941903823
ORD01423,C00237,2025-08-23 04:15:55,2025-08-27 04:15:55,Second Class,Consumer,East,Furniture,Tables,467.13,2,0.186,-7.0,2025-08,2025,4.0,-1.4985121914670434
ORD00771,C00193,2025-08-23 04:51:43,2025-08-26 04:51:43,First Class,Consumer,West,Office Supplies,Paper,60.54,4,0.128,4.2,2025-08,2025,3.0,6.937561942517344
ORD02445,C00940,2025-08-23 05:10:52,2025-08-24 05:10:52,First Class,Home Office,South,Furniture,Chairs,700.0,7,0.147,-145.54,2025-08,2025,1.0,-20.79142857142857
ORD02696,C00082,2025-08-23 11:39:20,2025-08-27 11:39:20,Standard Class,Consumer,West,Office Supplies,Binders,237.11,6,0.175,-3.97,2025-08,2025,4.0,-1.6743283707983634
ORD01410,C00261,2025-08-23 14:47:00,2025-08-26 14:47:00,Standard Class,Consumer,South,Technology,Phones,671.57,6,0.085,71.61,2025-08,2025,3.0,10.663073097368851
ORD00345,C00190,2025-08-23 20:50:43,2025-08-26 20:50:43,Standard Class,Home Office,West,Office Supplies,Paper,56.38,1,0.045,8.9,2025-08,2025,3.0,15.785739623980136
ORD03899,C00420,2025-08-23 21:08:35,2025-08-26 21:08:35,Standard Class,Consumer,West,Office Supplies,Storage,73.83,5,0.032,10.16,2025-08,2025,3.0,13.761343627251795
ORD02626,C00321,2025-08-23 21:11:26,2025-08-25 21:11:26,First Class,Consumer,North,Furniture,Furnishings,581.05,7,0.266,-79.22,2025-08,2025,2.0,-13.633938559504347
ORD02701,C00205,2025-08-23 23:47:39,2025-08-27 23:47:39,Standard Class,Consumer,North,Technology,Phones,326.56,3,0.112,29.67,2025-08,2025,4.0,9.08561979421852
ORD03182,C00316,2025-08-24 10:56:40,2025-08-26 10:56:40,First Class,Corporate,North,Technology,Phones,350.19,3,0.076,28.99,2025-08,2025,2.0,8.278363174276821
ORD03115,C00508,2025-08-24 19:45:37,2025-08-28 19:45:37,Second Class,Home Office,North,Technology,Accessories,709.68,7,0.097,62.44,2025-08,2025,4.0,8.798331642430393
ORD01251,C00004,2025-08-24 21:36:40,2025-08-28 21:36:40,Standard Class,Corporate,South,Office Supplies,Appliances,61.66,2,0.279,-4.4,2025-08,2025,4.0,-7.135906584495622
ORD02501,C00207,2025-08-25 00:06:59,2025-08-30 00:06:59,Standard Class,Consumer,East,Technology,Accessories,465.52,3,0.189,40.42,2025-08,2025,5.0,8.682763361402303
ORD03846,C00036,2025-08-25 12:59:57,2025-08-26 12:59:57,Same Day,Consumer,West,Office Supplies,Art,197.05,4,0.055,23.23,2025-08,2025,1.0,11.7888860695255
ORD03284,C00176,2025-08-25 13:07:04,2025-08-30 13:07:04,Standard Class,Corporate,South,Technology,Laptops,822.63,7,0.083,103.3,2025-08,2025,5.0,12.557285778539562
ORD02542,C00617,2025-08-25 14:01:49,2025-08-27 14:01:49,Second Class,Consumer,South,Office Supplies,Storage,297.65,8,0.101,3.58,2025-08,2025,2.0,1.2027549134889972
ORD03327,C00585,2025-08-25 22:38:58,2025-08-29 22:38:58,Second Class,Consumer,South,Technology,Accessories,651.1,5,0.076,90.9,2025-08,2025,4.0,13.960989095377055
ORD00892,C00491,2025-08-25 22:42:40,2025-08-28 22:42:40,Second Class,Consumer,East,Furniture,Chairs,1399.43,7,0.335,-265.47,2025-08,2025,3.0,-18.969866302708958
ORD02792,C00761,2025-08-25 23:44:39,2025-08-26 23:44:39,First Class,Consumer,East,Office Supplies,Storage,247.52,4,0.405,-52.36,2025-08,2025,1.0,-21.153846153846153
ORD00786,C00268,2025-08-26 00:28:53,2025-08-30 00:28:53,Second Class,Consumer,South,Office Supplies,Appliances,258.47,8,0.16,5.99,2025-08,2025,4.0,2.3174836538089525
ORD03758,C00741,2025-08-26 04:38:04,2025-08-28 04:38:04,Second Class,Consumer,South,Office Supplies,Appliances,47.23,5,0.202,-2.89,2025-08,2025,2.0,-6.118992165996189
ORD00632,C00199,2025-08-26 10:13:59,2025-08-31 10:13:59,Standard Class,Consumer,South,Technology,Accessories,190.24,2,0.273,-0.3,2025-08,2025,5.0,-0.1576955424726661
ORD02553,C00367,2025-08-26 13:21:31,2025-08-29 13:21:31,First Class,Consumer,South,Furniture,Bookcases,447.85,6,0.261,-59.76,2025-08,2025,3.0,-13.34375348889137
ORD03428,C00442,2025-08-26 20:04:42,2025-08-29 20:04:42,Standard Class,Consumer,East,Office Supplies,Binders,166.6,3,0.216,-4.94,2025-08,2025,3.0,-2.9651860744297722
ORD00552,C00519,2025-08-26 21:08:09,2025-08-30 21:08:09,Second Class,Consumer,North,Technology,Accessories,419.37,3,0.01,88.67,2025-08,2025,4.0,21.14362019219305
ORD00208,C00518,2025-08-26 21:30:01,2025-08-29 21:30:01,Standard Class,Consumer,West,Office Supplies,Storage,399.7,8,0.164,42.21,2025-08,2025,3.0,10.560420315236428
ORD03525,C00815,2025-08-26 22:49:20,2025-08-30 22:49:20,Second Class,Consumer,South,Technology,Phones,113.21,1,0.072,15.84,2025-08,2025,4.0,13.991696846568324
ORD01581,C00760,2025-08-27 04:05:53,2025-08-30 04:05:53,Standard Class,Consumer,West,Furniture,Chairs,1701.88,8,0.126,-28.31,2025-08,2025,3.0,-1.6634545326344983
ORD03196,C00915,2025-08-27 08:43:41,2025-08-28 08:43:41,First Class,Home Office,West,Office Supplies,Storage,154.08,3,0.204,-10.19,2025-08,2025,1.0,-6.6134475597092415
ORD01770,C00180,2025-08-27 14:22:37,2025-08-29 14:22:37,First Class,Consumer,North,Office Supplies,Binders,272.56,6,0.093,16.19,2025-08,2025,2.0,5.939976518931612
ORD01266,C00679,2025-08-27 20:08:31,2025-08-30 20:08:31,First Class,Home Office,West,Technology,Accessories,167.24,1,0.19,-4.56,2025-08,2025,3.0,-2.7266204257354696
ORD03507,C00237,2025-08-27 23:36:46,2025-08-29 23:36:46,First Class,Consumer,North,Office Supplies,Paper,11.75,1,0.131,0.7,2025-08,2025,2.0,5.957446808510638
ORD02885,C00132,2025-08-28 08:48:13,2025-08-31 08:48:13,Second Class,Consumer,South,Technology,Phones,446.54,5,0.221,-10.03,2025-08,2025,3.0,-2.246159358624087
ORD00234,C00439,2025-08-28 11:35:21,2025-08-31 11:35:21,Second Class,Corporate,South,Furniture,Bookcases,619.44,7,0.151,-9.94,2025-08,2025,3.0,-1.6046751904946401
ORD03482,C00516,2025-08-28 14:30:41,2025-09-02 14:30:41,Standard Class,Consumer,West,Furniture,Furnishings,232.33,1,0.331,-44.01,2025-08,2025,5.0,-18.942882968191793
ORD03709,C00259,2025-08-28 17:13:06,2025-09-01 17:13:06,Standard Class,Consumer,East,Technology,Accessories,922.88,8,0.112,106.49,2025-08,2025,4.0,11.53887829403606
ORD01048,C00709,2025-08-28 17:54:58,2025-09-01 17:54:58,Standard Class,Corporate,South,Furniture,Furnishings,350.33,5,0.272,-58.0,2025-08,2025,4.0,-16.555818799417693
ORD00725,C00678,2025-08-28 21:56:09,2025-08-31 21:56:09,Standard Class,Consumer,South,Office Supplies,Art,373.19,8,0.115,35.2,2025-08,2025,3.0,9.432192716846648
ORD02331,C00808,2025-08-28 22:15:09,2025-09-02 22:15:09,Standard Class,Consumer,North,Technology,Laptops,448.49,3,0.28,-74.4,2025-08,2025,5.0,-16.58899863988049
ORD02809,C00636,2025-08-29 15:00:59,2025-09-01 15:00:59,First Class,Consumer,South,Office Supplies,Storage,89.38,8,0.144,5.51,2025-08,2025,3.0,6.164690087267846
ORD03117,C00440,2025-08-29 17:05:38,2025-09-02 17:05:38,Standard Class,Consumer,East,Office Supplies,Binders,168.09,5,0.17,-3.82,2025-08,2025,4.0,-2.2725920637753583
ORD00919,C00687,2025-08-30 10:44:37,2025-09-04 10:44:37,Standard Class,Consumer,North,Office Supplies,Storage,32.02,2,0.05,7.57,2025-08,2025,5.0,23.64147407870081
ORD02744,C00151,2025-08-30 10:55:30,2025-08-31 10:55:30,First Class,Consumer,South,Office Supplies,Art,43.15,1,0.274,-2.91,2025-08,2025,1.0,-6.743916570104289
ORD00174,C00612,2025-08-30 13:11:30,2025-09-04 13:11:30,Standard Class,Corporate,East,Office Supplies,Art,38.03,1,0.232,-2.9,2025-08,2025,5.0,-7.625558769392585
ORD00109,C00135,2025-08-30 15:25:37,2025-09-01 15:25:37,First Class,Consumer,East,Office Supplies,Binders,180.13,4,0.051,25.68,2025-08,2025,2.0,14.256370399156165
ORD02024,C00927,2025-08-30 17:30:25,2025-08-31 17:30:25,First Class,Consumer,North,Office Supplies,Storage,201.83,5,0.141,9.91,2025-08,2025,1.0,4.9100728335728085
ORD00269,C00911,2025-08-30 17:54:47,2025-09-04 17:54:47,Standard Class,Home Office,South,Office Supplies,Storage,240.65,5,0.226,-6.55,2025-08,2025,5.0,-2.721795138167463
ORD02866,C00158,2025-08-30 20:31:19,2025-09-03 20:31:19,Standard Class,Consumer,West,Technology,Accessories,311.53,3,0.123,20.81,2025-08,2025,4.0,6.67993451673996
ORD03272,C00207,2025-08-30 21:32:52,2025-09-04 21:32:52,Standard Class,Consumer,East,Technology,Accessories,761.47,6,0.037,168.31,2025-08,2025,5.0,22.103300195674155
ORD01180,C00884,2025-08-30 23:18:18,2025-09-02 23:18:18,Standard Class,Home Office,West,Office Supplies,Binders,52.82,1,0.287,-3.79,2025-08,2025,3.0,-7.175312381673608
ORD01483,C00380,2025-08-31 10:11:37,2025-09-03 10:11:37,Standard Class,Consumer,East,Technology,Phones,624.22,4,0.067,98.18,2025-08,2025,3.0,15.728429079491205
ORD01814,C00433,2025-08-31 14:23:52,2025-09-02 14:23:52,First Class,Corporate,North,Furniture,Bookcases,261.0,2,0.252,-10.46,2025-08,2025,2.0,-4.007662835249042
ORD03397,C00635,2025-08-31 19:26:08,2025-09-03 19:26:08,Standard Class,Home Office,North,Office Supplies,Paper,151.66,5,0.16,11.54,2025-08,2025,3.0,7.609125675853884
ORD03579,C00835,2025-08-31 21:47:52,2025-09-04 21:47:52,Standard Class,Corporate,West,Office Supplies,Paper,190.92,8,0.184,-0.29,2025-08,2025,4.0,-0.15189608212864025
ORD02228,C00801,2025-09-01 00:56:30,2025-09-05 00:56:30,Standard Class,Home Office,East,Technology,Phones,387.74,3,0.19,15.52,2025-09,2025,4.0,4.002682209728168
ORD02224,C00679,2025-09-01 08:04:41,2025-09-01 08:04:41,Same Day,Corporate,West,Furniture,Furnishings,685.92,5,0.065,19.61,2025-09,2025,0.0,2.8589339864707255
ORD00865,C00017,2025-09-01 15:24:13,2025-09-04 15:24:13,Standard Class,Consumer,East,Technology,Phones,880.77,7,0.122,108.0,2025-09,2025,3.0,12.261998024455874
ORD01522,C00568,2025-09-01 16:01:07,2025-09-04 16:01:07,Second Class,Corporate,East,Office Supplies,Binders,64.47,3,0.061,2.89,2025-09,2025,3.0,4.482705134170932
ORD03426,C00904,2025-09-01 16:48:51,2025-09-05 16:48:51,Standard Class,Corporate,South,Furniture,Chairs,325.69,5,0.126,-33.69,2025-09,2025,4.0,-10.344192330129877
ORD02584,C00669,2025-09-01 21:11:55,2025-09-06 21:11:55,Standard Class,Consumer,East,Technology,Laptops,1009.43,7,0.197,14.61,2025-09,2025,5.0,1.4473514755852313
ORD01276,C00455,2025-09-02 01:30:51,2025-09-05 01:30:51,First Class,Consumer,West,Office Supplies,Paper,42.82,1,0.084,3.31,2025-09,2025,3.0,7.730032695002335
ORD00911,C00279,2025-09-02 11:00:39,2025-09-05 11:00:39,Standard Class,Consumer,North,Office Supplies,Storage,44.07,1,0.053,1.91,2025-09,2025,3.0,4.334014068527343
ORD02766,C00737,2025-09-02 11:00:55,2025-09-06 11:00:55,Standard Class,Consumer,North,Technology,Phones,944.34,8,0.048,198.9,2025-09,2025,4.0,21.06232924582248
ORD03186,C00438,2025-09-02 12:03:04,2025-09-06 12:03:04,Standard Class,Corporate,South,Office Supplies,Art,229.63,6,0.155,-1.53,2025-09,2025,4.0,-0.6662892479205679
ORD03370,C00587,2025-09-02 17:27:37,2025-09-06 17:27:37,Standard Class,Corporate,South,Office Supplies,Paper,34.4,1,0.071,2.66,2025-09,2025,4.0,7.732558139534884
ORD00618,C00862,2025-09-02 22:25:41,2025-09-07 22:25:41,Standard Class,Corporate,North,Furniture,Bookcases,100.34,1,0.163,-8.33,2025-09,2025,5.0,-8.301773968507076
ORD00214,C00456,2025-09-03 02:32:09,2025-09-08 02:32:09,Standard Class,Consumer,South,Furniture,Chairs,322.03,4,0.168,-11.16,2025-09,2025,5.0,-3.465515635189268
ORD00157,C00806,2025-09-03 03:40:15,2025-09-06 03:40:15,Standard Class,Consumer,East,Furniture,Bookcases,619.05,3,0.277,-55.55,2025-09,2025,3.0,-8.973427025280673
ORD03207,C00159,2025-09-03 06:56:20,2025-09-06 06:56:20,Standard Class,Consumer,West,Technology,Phones,700.63,6,0.104,87.18,2025-09,2025,3.0,12.443086936043276
ORD00420,C00905,2025-09-03 08:34:30,2025-09-05 08:34:30,Same Day,Home Office,North,Technology,Accessories,510.16,4,0.074,38.37,2025-09,2025,2.0,7.521169829073231
ORD00386,C00373,2025-09-03 12:47:57,2025-09-07 12:47:57,Standard Class,Corporate,North,Furniture,Furnishings,361.01,3,0.218,-39.38,2025-09,2025,4.0,-10.908285089055706
ORD01239,C00852,2025-09-03 17:24:48,2025-09-07 17:24:48,Standard Class,Corporate,South,Office Supplies,Storage,135.09,7,0.277,-16.66,2025-09,2025,4.0,-12.332519061366497
ORD03879,C00187,2025-09-03 20:09:08,2025-09-07 20:09:08,Second Class,Consumer,North,Technology,Phones,676.65,8,0.162,100.91,2025-09,2025,4.0,14.913175201359637
ORD03524,C00690,2025-09-04 11:49:08,2025-09-07 11:49:08,Standard Class,Corporate,West,Technology,Phones,1051.43,7,0.044,185.86,2025-09,2025,3.0,17.676878156415547
ORD00951,C00402,2025-09-04 12:30:06,2025-09-08 12:30:06,Standard Class,Corporate,West,Office Supplies,Art,82.89,2,0.186,2.89,2025-09,2025,4.0,3.486548437688503
ORD03665,C00695,2025-09-04 14:19:34,2025-09-06 14:19:34,Second Class,Corporate,East,Furniture,Furnishings,310.72,2,0.25,-29.87,2025-09,2025,2.0,-9.613156539649845
ORD00414,C00662,2025-09-04 14:59:00,2025-09-07 14:59:00,Standard Class,Consumer,East,Office Supplies,Appliances,365.12,7,0.059,68.23,2025-09,2025,3.0,18.687007011393515
ORD00816,C00448,2025-09-04 23:16:19,2025-09-08 23:16:19,Standard Class,Consumer,South,Office Supplies,Paper,183.99,4,0.219,-5.79,2025-09,2025,4.0,-3.146910158160769
ORD00823,C00846,2025-09-05 00:23:20,2025-09-07 00:23:20,First Class,Corporate,East,Office Supplies,Art,17.63,1,0.103,1.21,2025-09,2025,2.0,6.8633011911514465
ORD02265,C00196,2025-09-05 01:54:48,2025-09-08 01:54:48,First Class,Consumer,West,Furniture,Chairs,891.06,5,0.087,48.2,2025-09,2025,3.0,5.4092878145130525
ORD00838,C00660,2025-09-05 06:48:49,2025-09-08 06:48:49,Standard Class,Consumer,North,Office Supplies,Storage,194.73,5,0.169,15.15,2025-09,2025,3.0,7.7800030811893395
ORD01658,C00608,2025-09-05 13:04:50,2025-09-06 13:04:50,First Class,Corporate,North,Technology,Laptops,90.13,1,0.038,10.24,2025-09,2025,1.0,11.361366914456896
ORD01216,C00489,2025-09-05 14:57:08,2025-09-08 14:57:08,First Class,Consumer,South,Technology,Accessories,184.3,2,0.25,-4.61,2025-09,2025,3.0,-2.5013564839934888
ORD03376,C00456,2025-09-05 18:42:12,2025-09-10 18:42:12,Standard Class,Corporate,North,Technology,Phones,410.52,3,0.346,-24.19,2025-09,2025,5.0,-5.892526551690539
ORD00307,C00626,2025-09-05 19:48:13,2025-09-07 19:48:13,Second Class,Consumer,West,Technology,Laptops,990.6,6,0.063,170.34,2025-09,2025,2.0,17.195639006662628
ORD03826,C00542,2025-09-05 23:23:10,2025-09-09 23:23:10,Standard Class,Consumer,West,Office Supplies,Storage,379.68,6,0.17,25.17,2025-09,2025,4.0,6.629266750948168
ORD02681,C00930,2025-09-06 01:53:20,2025-09-07 01:53:20,First Class,Consumer,North,Furniture,Chairs,885.28,8,0.132,53.96,2025-09,2025,1.0,6.095246701608531
ORD01091,C00188,2025-09-06 02:17:49,2025-09-07 02:17:49,Same Day,Consumer,West,Office Supplies,Storage,268.14,4,0.154,2.97,2025-09,2025,1.0,1.1076303423584697
ORD00851,C00057,2025-09-06 10:26:29,2025-09-09 10:26:29,Standard Class,Consumer,North,Office Supplies,Paper,184.97,6,0.2,-5.79,2025-09,2025,3.0,-3.1302373357841815
ORD01167,C00436,2025-09-06 15:43:15,2025-09-10 15:43:15,Standard Class,Consumer,West,Office Supplies,Storage,376.89,8,0.18,-19.37,2025-09,2025,4.0,-5.139430603093741
ORD01343,C00471,2025-09-06 17:04:08,2025-09-08 17:04:08,Second Class,Corporate,East,Technology,Laptops,383.32,3,0.045,64.34,2025-09,2025,2.0,16.784931649796516
ORD03628,C00758,2025-09-06 18:32:58,2025-09-11 18:32:58,Standard Class,Consumer,West,Office Supplies,Binders,108.12,3,0.031,11.7,2025-09,2025,5.0,10.821309655937846
ORD01904,C00102,2025-09-07 03:18:32,2025-09-08 03:18:32,First Class,Consumer,East,Office Supplies,Paper,197.89,8,0.247,-26.39,2025-09,2025,1.0,-13.33569154580828
ORD01623,C00761,2025-09-07 04:39:50,2025-09-11 04:39:50,Standard Class,Consumer,South,Technology,Laptops,697.63,8,0.086,118.04,2025-09,2025,4.0,16.920143915829307
ORD00121,C00117,2025-09-07 08:26:08,2025-09-11 08:26:08,Second Class,Corporate,North,Furniture,Chairs,423.5,4,0.287,-47.7,2025-09,2025,4.0,-11.263282172373081
ORD03145,C00434,2025-09-07 15:01:01,2025-09-10 15:01:01,Standard Class,Consumer,North,Office Supplies,Storage,73.09,4,0.317,-10.87,2025-09,2025,3.0,-14.872075523327402
ORD00213,C00025,2025-09-07 19:25:59,2025-09-10 19:25:59,Standard Class,Home Office,South,Office Supplies,Paper,54.76,6,0.26,-4.73,2025-09,2025,3.0,-8.637691745799856
ORD02449,C00949,2025-09-07 19:40:06,2025-09-11 19:40:06,Standard Class,Corporate,North,Technology,Phones,307.57,2,0.19,0.95,2025-09,2025,4.0,0.3088727769288292
ORD03281,C00042,2025-09-08 07:39:06,2025-09-09 07:39:06,First Class,Corporate,North,Furniture,Bookcases,689.15,6,0.277,-99.95,2025-09,2025,1.0,-14.503373721250817
ORD02754,C00831,2025-09-08 07:54:33,2025-09-11 07:54:33,Standard Class,Corporate,West,Office Supplies,Art,127.97,5,0.32,-11.08,2025-09,2025,3.0,-8.658279284207236
ORD03199,C00286,2025-09-08 11:16:11,2025-09-12 11:16:11,Second Class,Consumer,East,Technology,Accessories,557.35,4,0.088,75.62,2025-09,2025,4.0,13.567776083251099
ORD00800,C00246,2025-09-08 21:10:31,2025-09-11 21:10:31,Standard Class,Consumer,East,Technology,Laptops,159.32,1,0.164,9.19,2025-09,2025,3.0,5.768265126788853
ORD01223,C00676,2025-09-09 00:34:50,2025-09-13 00:34:50,Standard Class,Consumer,South,Office Supplies,Paper,58.2,5,0.339,-12.06,2025-09,2025,4.0,-20.72164948453608
ORD00717,C00461,2025-09-09 04:00:51,2025-09-10 04:00:51,First Class,Consumer,North,Office Supplies,Storage,83.91,4,0.038,7.46,2025-09,2025,1.0,8.890477892980575
ORD01732,C00698,2025-09-09 07:39:36,2025-09-13 07:39:36,Second Class,Consumer,West,Furniture,Furnishings,882.1,5,0.243,60.8,2025-09,2025,4.0,6.892642557533159
ORD00334,C00932,2025-09-09 08:39:12,2025-09-13 08:39:12,Standard Class,Consumer,North,Furniture,Tables,372.43,6,0.312,-61.72,2025-09,2025,4.0,-16.57224176355288
ORD03091,C00691,2025-09-09 10:21:45,2025-09-10 10:21:45,Same Day,Consumer,North,Office Supplies,Paper,173.31,5,0.197,-1.59,2025-09,2025,1.0,-0.9174311926605505
ORD00920,C00808,2025-09-09 14:03:08,2025-09-13 14:03:08,Standard Class,Consumer,North,Office Supplies,Storage,257.81,6,0.014,39.79,2025-09,2025,4.0,15.433846631240062
ORD03447,C00121,2025-09-09 16:09:39,2025-09-12 16:09:39,Standard Class,Consumer,North,Office Supplies,Binders,95.5,4,0.028,19.7,2025-09,2025,3.0,20.6282722513089
ORD02953,C00902,2025-09-09 19:49:18,2025-09-14 19:49:18,Standard Class,Corporate,South,Furniture,Furnishings,520.21,3,0.27,-98.53,2025-09,2025,5.0,-18.940427904115644
ORD03449,C00327,2025-09-09 22:18:14,2025-09-12 22:18:14,Standard Class,Consumer,East,Technology,Phones,330.83,3,0.024,61.78,2025-09,2025,3.0,18.67424356920473
ORD01898,C00168,2025-09-10 01:40:36,2025-09-13 01:40:36,First Class,Corporate,West,Office Supplies,Appliances,336.16,5,0.215,-22.25,2025-09,2025,3.0,-6.618871965730603
ORD02616,C00774,2025-09-10 05:26:48,2025-09-11 05:26:48,First Class,Corporate,East,Technology,Phones,365.71,4,0.121,30.51,2025-09,2025,1.0,8.342675890733094
ORD00580,C00377,2025-09-10 07:04:54,2025-09-14 07:04:54,Standard Class,Home Office,West,Technology,Laptops,816.45,8,0.1,80.21,2025-09,2025,4.0,9.824239083838568
ORD00202,C00505,2025-09-10 10:40:15,2025-09-13 10:40:15,Standard Class,Home Office,South,Office Supplies,Binders,197.72,7,0.116,-3.89,2025-09,2025,3.0,-1.967428687032167
ORD00951,C00412,2025-09-10 12:53:58,2025-09-14 12:53:58,Standard Class,Consumer,North,Office Supplies,Storage,320.02,7,0.064,35.91,2025-09,2025,4.0,11.22117367664521
ORD00566,C00419,2025-09-10 14:18:04,2025-09-15 14:18:04,Standard Class,Corporate,West,Office Supplies,Paper,206.29,5,0.03,48.94,2025-09,2025,5.0,23.723883852828543
ORD01477,C00948,2025-09-10 22:06:06,2025-09-15 22:06:06,Standard Class,Corporate,East,Furniture,Chairs,434.21,4,0.127,-17.88,2025-09,2025,5.0,-4.117823173118998
ORD01927,C00811,2025-09-10 23:20:15,2025-09-10 23:20:15,Same Day,Consumer,East,Technology,Accessories,183.84,2,0.158,10.05,2025-09,2025,0.0,5.466710182767624
ORD01718,C00880,2025-09-11 00:32:41,2025-09-15 00:32:41,Standard Class,Home Office,North,Furniture,Furnishings,311.84,2,0.082,0.56,2025-09,2025,4.0,0.1795792714212417
ORD01519,C00724,2025-09-11 07:37:50,2025-09-13 07:37:50,Same Day,Consumer,South,Office Supplies,Art,268.62,6,0.26,-25.38,2025-09,2025,2.0,-9.448291266473085
ORD02728,C00378,2025-09-11 10:46:47,2025-09-14 10:46:47,Second Class,Consumer,West,Office Supplies,Appliances,61.01,1,0.211,2.69,2025-09,2025,3.0,4.409113260121292
ORD03274,C00916,2025-09-11 14:50:16,2025-09-15 14:50:16,Standard Class,Consumer,North,Office Supplies,Paper,211.4,5,0.204,0.3,2025-09,2025,4.0,0.14191106906338694
ORD01189,C00360,2025-09-11 18:06:07,2025-09-15 18:06:07,Standard Class,Corporate,East,Office Supplies,Appliances,23.37,1,0.195,0.56,2025-09,2025,4.0,2.3962344886606766
ORD00733,C00584,2025-09-12 01:16:25,2025-09-16 01:16:25,Standard Class,Home Office,East,Furniture,Tables,1340.6,6,0.223,-47.22,2025-09,2025,4.0,-3.5223034462181113
ORD02427,C00858,2025-09-12 01:38:34,2025-09-14 01:38:34,Same Day,Consumer,East,Technology,Accessories,893.29,6,0.074,195.45,2025-09,2025,2.0,21.879792676510426
ORD00092,C00912,2025-09-12 02:06:25,2025-09-14 02:06:25,Second Class,Consumer,South,Office Supplies,Storage,39.58,2,0.214,-3.65,2025-09,2025,2.0,-9.221829206670035
ORD01165,C00846,2025-09-12 07:16:22,2025-09-15 07:16:22,Standard Class,Consumer,East,Furniture,Bookcases,413.49,2,0.378,-59.92,2025-09,2025,3.0,-14.491281530387676
ORD02250,C00576,2025-09-12 08:06:31,2025-09-16 08:06:31,Standard Class,Consumer,South,Office Supplies,Art,182.4,5,0.05,8.82,2025-09,2025,4.0,4.8355263157894735
ORD01955,C00850,2025-09-12 08:18:24,2025-09-16 08:18:24,Standard Class,Corporate,East,Technology,Accessories,882.98,7,0.164,31.79,2025-09,2025,4.0,3.6003080477474003
ORD02367,C00557,2025-09-12 15:57:36,2025-09-16 15:57:36,Standard Class,Consumer,East,Office Supplies,Binders,108.45,8,0.319,-11.73,2025-09,2025,4.0,-10.816044260027663
ORD03606,C00262,2025-09-12 16:48:20,2025-09-17 16:48:20,Standard Class,Consumer,East,Office Supplies,Paper,98.18,5,0.071,7.03,2025-09,2025,5.0,7.16031778366266
ORD01317,C00571,2025-09-12 20:24:21,2025-09-16 20:24:21,Second Class,Home Office,South,Office Supplies,Appliances,47.85,1,0.211,1.72,2025-09,2025,4.0,3.5945663531870427
ORD03004,C00808,2025-09-12 21:07:32,2025-09-16 21:07:32,Standard Class,Home Office,North,Technology,Laptops,98.07,1,0.061,15.21,2025-09,2025,4.0,15.50933007035791
ORD02902,C00365,2025-09-12 21:21:00,2025-09-12 21:21:00,Same Day,Consumer,North,Office Supplies,Appliances,50.65,4,0.254,4.31,2025-09,2025,0.0,8.509378084896346
ORD02887,C00324,2025-09-12 21:35:31,2025-09-15 21:35:31,Standard Class,Consumer,South,Furniture,Tables,51.57,1,0.279,-7.25,2025-09,2025,3.0,-14.058561178980028
ORD02847,C00339,2025-09-13 00:30:06,2025-09-16 00:30:06,Standard Class,Corporate,East,Office Supplies,Storage,293.38,8,0.195,-15.69,2025-09,2025,3.0,-5.348012816142886
ORD01884,C00077,2025-09-13 03:37:08,2025-09-15 03:37:08,Second Class,Consumer,West,Office Supplies,Art,382.13,7,0.098,-1.11,2025-09,2025,2.0,-0.2904770627796823
ORD00481,C00368,2025-09-13 05:28:10,2025-09-17 05:28:10,Second Class,Consumer,East,Furniture,Chairs,736.12,8,0.182,-32.48,2025-09,2025,4.0,-4.412324077596043
ORD01845,C00784,2025-09-13 07:49:00,2025-09-17 07:49:00,Second Class,Corporate,North,Furniture,Chairs,693.16,4,0.321,-98.79,2025-09,2025,4.0,-14.252120722488314
ORD01005,C00062,2025-09-13 07:49:33,2025-09-17 07:49:33,Standard Class,Consumer,East,Furniture,Chairs,837.82,8,0.209,-57.23,2025-09,2025,4.0,-6.8308228497768
ORD03871,C00610,2025-09-13 11:22:59,2025-09-16 11:22:59,Second Class,Corporate,North,Furniture,Furnishings,389.9,5,0.333,-76.95,2025-09,2025,3.0,-19.73582969992306
ORD03591,C00613,2025-09-13 14:26:21,2025-09-17 14:26:21,Standard Class,Consumer,North,Office Supplies,Binders,92.28,3,0.308,-5.51,2025-09,2025,4.0,-5.970957954052882
ORD02502,C00825,2025-09-13 18:10:21,2025-09-17 18:10:21,Standard Class,Consumer,East,Office Supplies,Storage,36.53,1,0.092,5.16,2025-09,2025,4.0,14.125376402956475
ORD00640,C00182,2025-09-13 19:24:45,2025-09-15 19:24:45,First Class,Home Office,East,Office Supplies,Appliances,41.95,2,0.327,-5.4,2025-09,2025,2.0,-12.872467222884387
ORD03500,C00018,2025-09-13 21:52:08,2025-09-15 21:52:08,Second Class,Consumer,East,Furniture,Tables,90.2,1,0.066,12.56,2025-09,2025,2.0,13.924611973392462
ORD02827,C00865,2025-09-13 22:47:33,2025-09-13 22:47:33,Same Day,Consumer,West,Technology,Phones,747.38,7,0.148,92.69,2025-09,2025,0.0,12.40199095506971
ORD02702,C00567,2025-09-13 23:18:42,2025-09-16 23:18:42,Standard Class,Consumer,North,Office Supplies,Storage,228.71,7,0.163,1.33,2025-09,2025,3.0,0.5815224520134669
ORD01737,C00935,2025-09-14 01:35:10,2025-09-18 01:35:10,Standard Class,Consumer,South,Office Supplies,Appliances,262.88,5,0.292,-32.89,2025-09,2025,4.0,-12.511412051125989
ORD00087,C00831,2025-09-14 05:44:17,2025-09-19 05:44:17,Standard Class,Consumer,East,Office Supplies,Art,88.42,3,0.106,7.33,2025-09,2025,5.0,8.289979642614794
ORD02825,C00376,2025-09-14 09:57:00,2025-09-17 09:57:00,Second Class,Corporate,South,Office Supplies,Storage,251.87,5,0.111,31.46,2025-09,2025,3.0,12.490570532417516
ORD02468,C00641,2025-09-14 12:43:31,2025-09-17 12:43:31,Standard Class,Corporate,East,Technology,Phones,114.21,1,0.079,14.8,2025-09,2025,3.0,12.958585062603978
ORD03451,C00925,2025-09-14 22:35:55,2025-09-19 22:35:55,Standard Class,Home Office,West,Office Supplies,Art,97.9,3,0.18,10.09,2025-09,2025,5.0,10.30643513789581
ORD01047,C00132,2025-09-14 23:01:58,2025-09-17 23:01:58,Second Class,Consumer,South,Technology,Phones,475.6,6,0.204,17.25,2025-09,2025,3.0,3.62699747687132
ORD01984,C00783,2025-09-14 23:37:18,2025-09-16 23:37:18,First Class,Corporate,North,Technology,Accessories,577.65,5,0.089,88.64,2025-09,2025,2.0,15.344932052280793
ORD01952,C00173,2025-09-15 04:55:10,2025-09-17 04:55:10,First Class,Consumer,West,Office Supplies,Binders,258.24,5,0.087,22.51,2025-09,2025,2.0,8.716697645600991
ORD01757,C00193,2025-09-15 09:48:22,2025-09-18 09:48:22,First Class,Consumer,West,Technology,Accessories,306.11,2,0.032,66.6,2025-09,2025,3.0,21.75688477998105
ORD01927,C00048,2025-09-15 12:12:23,2025-09-18 12:12:23,Standard Class,Corporate,West,Furniture,Tables,353.18,4,0.182,12.16,2025-09,2025,3.0,3.443003567585933
ORD00135,C00366,2025-09-15 13:25:11,2025-09-18 13:25:11,Second Class,Home Office,West,Technology,Phones,1131.15,8,0.087,155.87,2025-09,2025,3.0,13.779781638155859
ORD00563,C00495,2025-09-15 15:02:30,2025-09-19 15:02:30,Second Class,Consumer,East,Office Supplies,Appliances,298.23,8,0.116,27.19,2025-09,2025,4.0,9.117124367099219
ORD02730,C00328,2025-09-15 16:09:11,2025-09-20 16:09:11,Standard Class,Consumer,North,Office Supplies,Appliances,17.29,2,0.1,1.43,2025-09,2025,5.0,8.270676691729323
ORD00262,C00808,2025-09-15 20:50:05,2025-09-18 20:50:05,First Class,Consumer,North,Furniture,Bookcases,89.16,1,0.312,-14.04,2025-09,2025,3.0,-15.746971736204577
ORD01159,C00848,2025-09-16 05:00:06,2025-09-21 05:00:06,Standard Class,Consumer,East,Office Supplies,Storage,244.38,7,0.22,-7.66,2025-09,2025,5.0,-3.1344627219903427
ORD00661,C00459,2025-09-16 11:55:42,2025-09-19 11:55:42,Standard Class,Home Office,East,Furniture,Chairs,1100.35,8,0.125,-17.13,2025-09,2025,3.0,-1.5567773890125869
ORD00376,C00335,2025-09-16 12:12:42,2025-09-19 12:12:42,Standard Class,Home Office,East,Office Supplies,Binders,111.92,4,0.117,6.31,2025-09,2025,3.0,5.63795568263045
ORD00124,C00511,2025-09-16 14:50:59,2025-09-19 14:50:59,Second Class,Consumer,South,Furniture,Tables,346.19,4,0.168,-16.1,2025-09,2025,3.0,-4.650625379127069
ORD01392,C00531,2025-09-16 15:21:12,2025-09-20 15:21:12,Standard Class,Consumer,West,Technology,Accessories,504.81,3,0.298,3.87,2025-09,2025,4.0,0.7666250668568373
ORD03840,C00188,2025-09-16 15:24:08,2025-09-19 15:24:08,Standard Class,Consumer,West,Office Supplies,Storage,50.94,2,0.094,5.81,2025-09,2025,3.0,11.405575186493914
ORD02364,C00256,2025-09-17 01:07:55,2025-09-22 01:07:55,Standard Class,Corporate,South,Furniture,Chairs,458.11,7,0.18,-21.31,2025-09,2025,5.0,-4.651721202331317
ORD02604,C00269,2025-09-17 04:17:48,2025-09-22 04:17:48,Standard Class,Consumer,East,Furniture,Furnishings,423.33,2,0.158,-26.58,2025-09,2025,5.0,-6.278789596768479
ORD03062,C00818,2025-09-17 06:43:16,2025-09-22 06:43:16,Standard Class,Consumer,East,Office Supplies,Storage,89.23,7,0.024,11.66,2025-09,2025,5.0,13.06735402891404
ORD02270,C00778,2025-09-17 07:51:56,2025-09-20 07:51:56,First Class,Corporate,North,Office Supplies,Binders,11.76,1,0.022,1.63,2025-09,2025,3.0,13.860544217687073
ORD01006,C00379,2025-09-17 07:52:56,2025-09-19 07:52:56,Second Class,Consumer,West,Technology,Accessories,167.06,1,0.187,4.33,2025-09,2025,2.0,2.591883155752424
ORD01455,C00715,2025-09-17 12:11:38,2025-09-21 12:11:38,Second Class,Consumer,North,Furniture,Chairs,152.67,2,0.281,-14.62,2025-09,2025,4.0,-9.576210126416454
ORD02203,C00285,2025-09-18 00:39:50,2025-09-22 00:39:50,Standard Class,Home Office,South,Furniture,Bookcases,589.13,8,0.18,-102.75,2025-09,2025,4.0,-17.440972281160356
ORD03505,C00089,2025-09-18 02:02:18,2025-09-18 02:02:18,Same Day,Corporate,West,Technology,Phones,411.64,4,0.183,14.68,2025-09,2025,0.0,3.5662229132251486
ORD00481,C00592,2025-09-18 02:50:32,2025-09-23 02:50:32,Standard Class,Home Office,West,Office Supplies,Appliances,98.43,3,0.135,10.15,2025-09,2025,5.0,10.311896779437163
ORD02106,C00100,2025-09-18 10:21:19,2025-09-22 10:21:19,Second Class,Corporate,West,Technology,Accessories,1081.14,7,0.088,79.99,2025-09,2025,4.0,7.398671772388404
ORD01357,C00208,2025-09-18 12:44:58,2025-09-21 12:44:58,Standard Class,Corporate,South,Technology,Phones,458.99,4,0.046,48.94,2025-09,2025,3.0,10.662541667574455
ORD00311,C00635,2025-09-18 13:15:48,2025-09-22 13:15:48,Standard Class,Corporate,South,Technology,Accessories,969.32,8,0.084,127.97,2025-09,2025,4.0,13.202038542483391
ORD00146,C00640,2025-09-18 18:38:07,2025-09-23 18:38:07,Standard Class,Consumer,North,Office Supplies,Paper,173.83,7,0.187,-15.34,2025-09,2025,5.0,-8.8247138008399
ORD01816,C00052,2025-09-19 01:05:28,2025-09-23 01:05:28,Standard Class,Consumer,East,Office Supplies,Appliances,80.07,2,0.269,-9.34,2025-09,2025,4.0,-11.664793305857375
ORD02829,C00447,2025-09-19 01:22:46,2025-09-22 01:22:46,Second Class,Home Office,West,Technology,Accessories,1058.89,7,0.116,226.77,2025-09,2025,3.0,21.41582222893785
ORD00594,C00457,2025-09-19 10:58:46,2025-09-24 10:58:46,Standard Class,Consumer,North,Technology,Laptops,207.47,2,0.114,19.29,2025-09,2025,5.0,9.29772979225912
ORD03033,C00277,2025-09-19 11:30:39,2025-09-22 11:30:39,Second Class,Corporate,West,Furniture,Tables,1387.44,8,0.304,-184.82,2025-09,2025,3.0,-13.32093640085337
ORD00757,C00937,2025-09-19 16:11:41,2025-09-23 16:11:41,Standard Class,Consumer,East,Office Supplies,Binders,70.9,5,0.071,2.41,2025-09,2025,4.0,3.3991537376586742
ORD03305,C00918,2025-09-19 18:41:02,2025-09-24 18:41:02,Standard Class,Home Office,East,Technology,Laptops,221.97,2,0.293,-33.54,2025-09,2025,5.0,-15.110150020273009
ORD02986,C00533,2025-09-20 00:08:19,2025-09-23 00:08:19,Standard Class,Corporate,West,Office Supplies,Art,71.52,3,0.169,-0.07,2025-09,2025,3.0,-0.09787472035794186
ORD03013,C00110,2025-09-20 01:27:11,2025-09-24 01:27:11,Standard Class,Consumer,West,Technology,Phones,99.34,1,0.252,0.01,2025-09,2025,4.0,0.0100664384940608
ORD00928,C00530,2025-09-20 03:12:27,2025-09-24 03:12:27,Standard Class,Consumer,West,Furniture,Chairs,147.96,1,0.17,-19.97,2025-09,2025,4.0,-13.496891051635576
ORD00528,C00684,2025-09-20 05:11:05,2025-09-24 05:11:05,Standard Class,Corporate,East,Technology,Phones,125.53,1,0.248,-0.19,2025-09,2025,4.0,-0.15135824105791443
ORD03107,C00110,2025-09-20 06:14:40,2025-09-25 06:14:40,Standard Class,Corporate,West,Furniture,Furnishings,1177.85,5,0.174,1.99,2025-09,2025,5.0,0.16895190389268586
ORD02605,C00466,2025-09-20 07:47:53,2025-09-22 07:47:53,Second Class,Consumer,East,Office Supplies,Paper,275.07,6,0.175,-47.65,2025-09,2025,2.0,-17.32286327116734
ORD02613,C00562,2025-09-20 09:13:59,2025-09-23 09:13:59,Standard Class,Consumer,West,Technology,Laptops,113.03,1,0.168,4.43,2025-09,2025,3.0,3.919313456604441
ORD03425,C00117,2025-09-20 12:08:33,2025-09-23 12:08:33,First Class,Consumer,East,Furniture,Tables,183.17,1,0.094,11.0,2025-09,2025,3.0,6.0053502211060765
ORD01802,C00873,2025-09-20 14:35:34,2025-09-22 14:35:34,Second Class,Corporate,West,Technology,Accessories,529.92,4,0.06,116.65,2025-09,2025,2.0,22.01275664251208
ORD01495,C00718,2025-09-20 16:12:54,2025-09-23 16:12:54,Second Class,Corporate,North,Office Supplies,Binders,9.81,1,0.169,0.44,2025-09,2025,3.0,4.485219164118247
ORD02047,C00083,2025-09-21 02:59:18,2025-09-25 02:59:18,Standard Class,Consumer,South,Office Supplies,Appliances,303.53,8,0.19,3.73,2025-09,2025,4.0,1.228873587454288
ORD01000,C00002,2025-09-21 04:07:35,2025-09-26 04:07:35,Standard Class,Corporate,South,Furniture,Tables,395.57,3,0.223,-27.31,2025-09,2025,5.0,-6.903961372197083
ORD03496,C00788,2025-09-21 15:51:48,2025-09-23 15:51:48,Second Class,Consumer,East,Office Supplies,Appliances,189.37,8,0.152,5.72,2025-09,2025,2.0,3.020541796483075
ORD03711,C00251,2025-09-21 17:54:17,2025-09-23 17:54:17,First Class,Consumer,West,Furniture,Bookcases,298.29,2,0.085,16.38,2025-09,2025,2.0,5.491300412350396
ORD03379,C00347,2025-09-21 19:38:06,2025-09-24 19:38:06,Second Class,Home Office,North,Office Supplies,Binders,62.94,3,0.147,-6.19,2025-09,2025,3.0,-9.834763266603115
ORD01038,C00440,2025-09-22 00:02:44,2025-09-25 00:02:44,Standard Class,Corporate,North,Office Supplies,Paper,202.46,4,0.198,-8.0,2025-09,2025,3.0,-3.951397806974217
ORD03892,C00404,2025-09-22 04:17:27,2025-09-26 04:17:27,Second Class,Corporate,North,Office Supplies,Paper,37.2,1,0.096,0.25,2025-09,2025,4.0,0.6720430107526881
ORD02514,C00106,2025-09-22 04:32:20,2025-09-24 04:32:20,Second Class,Corporate,North,Office Supplies,Appliances,67.35,2,0.143,2.42,2025-09,2025,2.0,3.593170007423905
ORD03435,C00317,2025-09-22 07:31:58,2025-09-24 07:31:58,First Class,Consumer,North,Furniture,Bookcases,1186.59,8,0.409,-302.84,2025-09,2025,2.0,-25.52187360419353
ORD00628,C00929,2025-09-22 16:43:40,2025-09-24 16:43:40,Same Day,Consumer,West,Technology,Laptops,121.41,1,0.33,-18.01,2025-09,2025,2.0,-14.834033440408534
ORD01446,C00279,2025-09-22 19:40:38,2025-09-26 19:40:38,Standard Class,Home Office,North,Office Supplies,Binders,326.09,8,0.191,-1.2,2025-09,2025,4.0,-0.36799656536538994
ORD01825,C00028,2025-09-22 22:47:16,2025-09-25 22:47:16,Standard Class,Consumer,South,Office Supplies,Storage,196.72,7,0.045,23.49,2025-09,2025,3.0,11.940829605530704
ORD01107,C00845,2025-09-23 05:54:28,2025-09-27 05:54:28,Second Class,Consumer,North,Technology,Phones,602.61,4,0.185,3.08,2025-09,2025,4.0,0.5111100048123994
ORD01105,C00865,2025-09-23 06:44:05,2025-09-25 06:44:05,Second Class,Home Office,East,Technology,Phones,453.79,4,0.046,64.89,2025-09,2025,2.0,14.29956587849005
ORD03408,C00089,2025-09-23 12:33:21,2025-09-26 12:33:21,First Class,Corporate,East,Technology,Accessories,108.05,1,0.048,25.38,2025-09,2025,3.0,23.48912540490514
ORD01034,C00233,2025-09-23 18:47:55,2025-09-27 18:47:55,Standard Class,Corporate,North,Technology,Laptops,591.89,5,0.133,40.47,2025-09,2025,4.0,6.837419115038267
ORD01279,C00883,2025-09-23 20:49:51,2025-09-25 20:49:51,Second Class,Corporate,South,Office Supplies,Art,153.34,8,0.241,-12.62,2025-09,2025,2.0,-8.230076953175947
ORD02816,C00631,2025-09-24 06:51:12,2025-09-28 06:51:12,Second Class,Home Office,East,Office Supplies,Appliances,86.56,8,0.166,3.98,2025-09,2025,4.0,4.597966728280961
ORD02817,C00138,2025-09-24 10:18:16,2025-09-27 10:18:16,Standard Class,Consumer,South,Office Supplies,Storage,48.86,2,0.164,1.68,2025-09,2025,3.0,3.4383954154727796
ORD01217,C00453,2025-09-24 14:59:12,2025-09-26 14:59:12,First Class,Consumer,North,Technology,Phones,397.13,4,0.127,53.34,2025-09,2025,2.0,13.431370080326344
ORD02742,C00293,2025-09-24 18:21:40,2025-09-27 18:21:40,Standard Class,Consumer,East,Furniture,Bookcases,166.57,1,0.216,-19.81,2025-09,2025,3.0,-11.892897880770848
ORD00144,C00766,2025-09-25 00:51:29,2025-09-30 00:51:29,Standard Class,Consumer,West,Furniture,Bookcases,236.06,1,0.091,-1.56,2025-09,2025,5.0,-0.6608489367110058
ORD03413,C00625,2025-09-25 03:01:07,2025-09-27 03:01:07,First Class,Consumer,East,Office Supplies,Appliances,59.03,5,0.157,-2.67,2025-09,2025,2.0,-4.523123835337964
ORD02051,C00722,2025-09-25 03:08:57,2025-09-29 03:08:57,Second Class,Consumer,East,Furniture,Bookcases,1144.95,7,0.239,-244.62,2025-09,2025,4.0,-21.365125114633827
ORD01890,C00132,2025-09-25 05:15:37,2025-09-28 05:15:37,First Class,Consumer,East,Office Supplies,Storage,144.37,4,0.032,7.24,2025-09,2025,3.0,5.0148922906421
ORD02522,C00041,2025-09-25 06:26:09,2025-09-27 06:26:09,Second Class,Consumer,West,Furniture,Chairs,131.97,2,0.231,-16.61,2025-09,2025,2.0,-12.5861938319315
ORD02636,C00397,2025-09-25 10:47:11,2025-09-28 10:47:11,Standard Class,Consumer,South,Office Supplies,Art,44.06,3,0.225,-4.29,2025-09,2025,3.0,-9.736722650930549
ORD03425,C00293,2025-09-26 00:28:46,2025-09-28 00:28:46,First Class,Corporate,East,Office Supplies,Binders,218.15,6,0.237,-13.42,2025-09,2025,2.0,-6.151730460692184
ORD02198,C00232,2025-09-26 15:47:50,2025-09-30 15:47:50,Second Class,Consumer,North,Office Supplies,Appliances,73.71,3,0.164,1.71,2025-09,2025,4.0,2.31990231990232
ORD01381,C00684,2025-09-27 22:07:26,2025-09-28 22:07:26,First Class,Consumer,North,Office Supplies,Paper,134.17,3,0.166,-2.69,2025-09,2025,1.0,-2.0049191324439146
ORD02590,C00509,2025-09-27 22:45:15,2025-10-01 22:45:15,Second Class,Consumer,West,Furniture,Bookcases,284.86,4,0.236,-33.29,2025-09,2025,4.0,-11.686442462964262
ORD03049,C00821,2025-09-28 00:05:59,2025-10-01 00:05:59,Second Class,Consumer,South,Technology,Accessories,902.48,8,0.055,140.24,2025-09,2025,3.0,15.539402535236238
ORD02113,C00886,2025-09-28 00:06:04,2025-10-01 00:06:04,Standard Class,Consumer,West,Technology,Laptops,673.3,4,0.151,79.31,2025-09,2025,3.0,11.779296004752712
ORD02682,C00823,2025-09-28 03:05:13,2025-10-02 03:05:13,Second Class,Corporate,North,Technology,Accessories,620.96,5,0.071,84.08,2025-09,2025,4.0,13.540324658593144
ORD03788,C00425,2025-09-28 22:45:22,2025-10-02 22:45:22,Standard Class,Home Office,South,Office Supplies,Storage,61.04,5,0.255,-4.39,2025-09,2025,4.0,-7.192005242463957
ORD00608,C00202,2025-09-29 01:33:19,2025-10-02 01:33:19,First Class,Home Office,East,Technology,Phones,374.88,4,0.087,47.22,2025-09,2025,3.0,12.596030729833545
ORD00951,C00721,2025-09-29 04:29:20,2025-10-03 04:29:20,Standard Class,Consumer,North,Technology,Accessories,558.25,5,0.118,60.9,2025-09,2025,4.0,10.909090909090908
ORD03815,C00022,2025-09-29 05:25:06,2025-09-30 05:25:06,Same Day,Consumer,North,Office Supplies,Paper,138.07,5,0.208,-4.93,2025-09,2025,1.0,-3.5706525675382053
ORD00148,C00306,2025-09-29 07:51:47,2025-10-03 07:51:47,Second Class,Corporate,South,Furniture,Chairs,211.12,3,0.244,-27.16,2025-09,2025,4.0,-12.86472148541114
ORD00568,C00576,2025-09-29 22:31:35,2025-10-03 22:31:35,Standard Class,Home Office,East,Office Supplies,Art,87.3,2,0.329,-10.91,2025-09,2025,4.0,-12.497136311569301
ORD02363,C00260,2025-09-30 05:59:15,2025-10-02 05:59:15,Second Class,Consumer,West,Furniture,Bookcases,312.06,5,0.366,-49.38,2025-09,2025,2.0,-15.823880023072487
ORD02826,C00348,2025-09-30 06:04:35,2025-10-04 06:04:35,Standard Class,Consumer,West,Office Supplies,Paper,54.22,1,0.137,1.91,2025-09,2025,4.0,3.5226853559572113
ORD03117,C00438,2025-09-30 06:20:10,2025-10-03 06:20:10,First Class,Corporate,South,Furniture,Bookcases,518.34,4,0.185,-42.28,2025-09,2025,3.0,-8.15680827256241
ORD03714,C00775,2025-09-30 10:19:37,2025-10-02 10:19:37,First Class,Corporate,East,Office Supplies,Storage,184.12,3,0.042,36.24,2025-09,2025,2.0,19.68281555507278
ORD02023,C00451,2025-09-30 10:33:23,2025-10-05 10:33:23,Standard Class,Consumer,South,Office Supplies,Paper,207.86,6,0.225,-16.32,2025-09,2025,5.0,-7.851438468199749
ORD01864,C00275,2025-09-30 18:05:11,2025-10-05 18:05:11,Standard Class,Consumer,North,Furniture,Furnishings,197.69,1,0.075,5.83,2025-09,2025,5.0,2.9490616621983916
ORD01484,C00281,2025-09-30 18:05:23,2025-10-04 18:05:23,Standard Class,Consumer,West,Furniture,Tables,68.06,1,0.102,2.81,2025-09,2025,4.0,4.128709961798413
ORD00492,C00356,2025-09-30 19:28:30,2025-10-02 19:28:30,First Class,Corporate,North,Technology,Accessories,1151.08,8,0.075,122.22,2025-09,2025,2.0,10.617854536609098
ORD02145,C00031,2025-09-30 19:53:07,2025-10-03 19:53:07,Standard Class,Corporate,West,Furniture,Furnishings,74.29,1,0.049,8.6,2025-09,2025,3.0,11.576255216045226
ORD02292,C00309,2025-10-01 03:26:38,2025-10-05 03:26:38,Second Class,Home Office,North,Technology,Phones,221.63,2,0.219,-1.05,2025-10,2025,4.0,-0.47376257726842036
ORD01382,C00917,2025-10-01 16:12:06,2025-10-04 16:12:06,Standard Class,Corporate,South,Office Supplies,Paper,93.54,2,0.214,-12.31,2025-10,2025,3.0,-13.160145392345521
ORD02158,C00933,2025-10-01 23:24:03,2025-10-03 23:24:03,First Class,Consumer,North,Technology,Phones,705.31,6,0.264,-27.68,2025-10,2025,2.0,-3.924515461286527
ORD02849,C00743,2025-10-01 23:58:23,2025-10-06 23:58:23,Standard Class,Home Office,North,Technology,Accessories,402.94,4,0.334,-31.06,2025-10,2025,5.0,-7.7083436739961275
ORD02563,C00460,2025-10-02 17:54:45,2025-10-06 17:54:45,Second Class,Consumer,East,Office Supplies,Appliances,353.33,7,0.131,30.16,2025-10,2025,4.0,8.53592958424136
ORD02556,C00590,2025-10-02 21:25:11,2025-10-05 21:25:11,Standard Class,Consumer,North,Furniture,Chairs,290.73,5,0.283,-44.15,2025-10,2025,3.0,-15.185911326660474
ORD02573,C00067,2025-10-03 00:50:48,2025-10-05 00:50:48,Second Class,Corporate,South,Furniture,Bookcases,828.55,5,0.352,-116.35,2025-10,2025,2.0,-14.042604550117677
ORD03598,C00889,2025-10-03 01:08:34,2025-10-06 01:08:34,First Class,Consumer,North,Office Supplies,Art,14.62,1,0.17,1.03,2025-10,2025,3.0,7.04514363885089
ORD03446,C00010,2025-10-03 04:58:03,2025-10-04 04:58:03,First Class,Consumer,East,Office Supplies,Appliances,191.13,4,0.024,20.75,2025-10,2025,1.0,10.8564851148433
ORD02069,C00851,2025-10-03 11:56:19,2025-10-07 11:56:19,Standard Class,Corporate,East,Office Supplies,Binders,221.87,6,0.181,11.89,2025-10,2025,4.0,5.358994005498715
ORD02436,C00640,2025-10-03 16:02:38,2025-10-07 16:02:38,Standard Class,Consumer,South,Furniture,Furnishings,776.26,7,0.16,-49.13,2025-10,2025,4.0,-6.329065003993508
ORD01357,C00740,2025-10-03 16:27:27,2025-10-06 16:27:27,Standard Class,Corporate,East,Furniture,Bookcases,854.77,4,0.146,-53.01,2025-10,2025,3.0,-6.2016682850357405
ORD01162,C00182,2025-10-03 17:17:06,2025-10-03 17:17:06,Same Day,Corporate,East,Furniture,Bookcases,1046.89,5,0.143,-22.21,2025-10,2025,0.0,-2.1215218408810856
ORD01395,C00325,2025-10-03 19:35:03,2025-10-07 19:35:03,Standard Class,Consumer,West,Furniture,Tables,571.72,5,0.24,0.17,2025-10,2025,4.0,0.029734835234030647
ORD00415,C00338,2025-10-03 23:17:36,2025-10-04 23:17:36,First Class,Consumer,East,Technology,Phones,786.78,6,0.293,-80.61,2025-10,2025,1.0,-10.24555784336155
ORD03064,C00179,2025-10-04 09:31:28,2025-10-08 09:31:28,Standard Class,Corporate,South,Furniture,Tables,728.95,4,0.266,-94.57,2025-10,2025,4.0,-12.973454969476641
ORD01837,C00725,2025-10-04 16:15:46,2025-10-08 16:15:46,Second Class,Consumer,West,Furniture,Furnishings,334.81,2,0.046,45.3,2025-10,2025,4.0,13.530061826110328
ORD03071,C00510,2025-10-04 19:52:13,2025-10-09 19:52:13,Standard Class,Corporate,West,Office Supplies,Appliances,132.26,2,0.369,-22.52,2025-10,2025,5.0,-17.02706789656737
ORD01360,C00642,2025-10-04 22:12:10,2025-10-04 22:12:10,Same Day,Corporate,South,Furniture,Tables,570.86,6,0.353,-120.15,2025-10,2025,0.0,-21.047191955996215
ORD02957,C00831,2025-10-05 01:12:33,2025-10-07 01:12:33,Same Day,Consumer,South,Technology,Accessories,691.62,7,0.277,29.85,2025-10,2025,2.0,4.3159538474885055
ORD00919,C00550,2025-10-05 03:45:05,2025-10-07 03:45:05,First Class,Consumer,North,Technology,Phones,534.59,5,0.071,74.26,2025-10,2025,2.0,13.891019285807815
ORD02266,C00750,2025-10-05 06:22:29,2025-10-06 06:22:29,First Class,Home Office,East,Office Supplies,Paper,106.8,4,0.061,13.87,2025-10,2025,1.0,12.986891385767791
ORD00260,C00893,2025-10-05 06:46:28,2025-10-08 06:46:28,Second Class,Consumer,East,Office Supplies,Paper,285.15,7,0.056,66.18,2025-10,2025,3.0,23.208837453971597
ORD02246,C00789,2025-10-05 11:20:25,2025-10-08 11:20:25,Second Class,Consumer,North,Technology,Laptops,296.66,2,0.138,4.65,2025-10,2025,3.0,1.5674509539540213
ORD03543,C00697,2025-10-05 12:42:44,2025-10-10 12:42:44,Standard Class,Home Office,West,Furniture,Chairs,727.04,5,0.324,-138.96,2025-10,2025,5.0,-19.1131161971831
ORD02518,C00258,2025-10-05 14:12:01,2025-10-10 14:12:01,Standard Class,Consumer,West,Technology,Accessories,282.44,2,0.127,41.73,2025-10,2025,5.0,14.77481943067554
ORD03291,C00428,2025-10-05 23:42:26,2025-10-08 23:42:26,First Class,Corporate,East,Office Supplies,Appliances,90.23,5,0.028,11.68,2025-10,2025,3.0,12.944696885736452
ORD00643,C00443,2025-10-06 11:06:14,2025-10-09 11:06:14,Second Class,Consumer,West,Office Supplies,Art,67.76,3,0.113,2.41,2025-10,2025,3.0,3.5566706021251475
ORD02392,C00888,2025-10-06 13:28:31,2025-10-11 13:28:31,Standard Class,Corporate,North,Furniture,Tables,154.7,1,0.298,-37.41,2025-10,2025,5.0,-24.182288299935358
ORD00700,C00896,2025-10-06 23:26:33,2025-10-09 23:26:33,Standard Class,Consumer,North,Office Supplies,Art,188.06,5,0.114,4.26,2025-10,2025,3.0,2.2652344996277782
ORD02479,C00791,2025-10-07 00:53:35,2025-10-10 00:53:35,Standard Class,Consumer,West,Technology,Phones,317.68,3,0.163,11.31,2025-10,2025,3.0,3.560186351045077
ORD01833,C00685,2025-10-07 10:13:58,2025-10-10 10:13:58,First Class,Corporate,South,Technology,Laptops,121.37,1,0.075,20.69,2025-10,2025,3.0,17.04704622229546
ORD01429,C00380,2025-10-07 10:39:26,2025-10-12 10:39:26,Standard Class,Corporate,South,Furniture,Bookcases,365.05,2,0.359,-107.67,2025-10,2025,5.0,-29.494589782221613
ORD03205,C00188,2025-10-07 22:33:19,2025-10-11 22:33:19,Standard Class,Consumer,East,Furniture,Bookcases,164.13,1,0.248,-21.39,2025-10,2025,4.0,-13.032352403582525
ORD01185,C00153,2025-10-08 02:49:44,2025-10-09 02:49:44,First Class,Home Office,North,Technology,Accessories,896.87,8,0.239,-15.94,2025-10,2025,1.0,-1.7772921382140108
ORD00566,C00245,2025-10-08 13:33:16,2025-10-09 13:33:16,First Class,Corporate,North,Office Supplies,Paper,316.41,8,0.197,3.01,2025-10,2025,1.0,0.9512973673398437
ORD00935,C00726,2025-10-08 23:54:16,2025-10-13 23:54:16,Standard Class,Consumer,South,Furniture,Bookcases,117.73,1,0.235,-8.54,2025-10,2025,5.0,-7.253886010362693
ORD03023,C00382,2025-10-09 01:46:42,2025-10-11 01:46:42,Second Class,Home Office,West,Furniture,Chairs,1054.01,5,0.164,-44.74,2025-10,2025,2.0,-4.244741510991357
ORD01119,C00602,2025-10-09 04:29:18,2025-10-11 04:29:18,Same Day,Home Office,South,Office Supplies,Appliances,266.43,6,0.288,-35.51,2025-10,2025,2.0,-13.328078669819462
ORD03266,C00313,2025-10-09 18:24:38,2025-10-11 18:24:38,Second Class,Consumer,North,Technology,Accessories,208.08,2,0.166,0.35,2025-10,2025,2.0,0.16820453671664742
ORD03618,C00703,2025-10-09 19:09:16,2025-10-14 19:09:16,Standard Class,Consumer,East,Office Supplies,Storage,57.22,3,0.154,-2.67,2025-10,2025,5.0,-4.666200629150646
ORD00105,C00688,2025-10-09 22:14:43,2025-10-13 22:14:43,Standard Class,Consumer,West,Furniture,Bookcases,407.84,3,0.247,-61.61,2025-10,2025,4.0,-15.106414280109847
ORD03182,C00256,2025-10-10 03:49:48,2025-10-13 03:49:48,Second Class,Corporate,West,Furniture,Bookcases,521.57,6,0.157,-19.7,2025-10,2025,3.0,-3.7770577295473275
ORD03212,C00267,2025-10-10 05:33:51,2025-10-13 05:33:51,Standard Class,Home Office,West,Furniture,Tables,710.07,6,0.231,-85.76,2025-10,2025,3.0,-12.077682482008816
ORD02997,C00007,2025-10-10 06:47:18,2025-10-14 06:47:18,Standard Class,Corporate,North,Furniture,Bookcases,808.77,4,0.156,-28.88,2025-10,2025,4.0,-3.5708545074619487
ORD02080,C00171,2025-10-10 12:09:45,2025-10-12 12:09:45,Second Class,Consumer,East,Office Supplies,Binders,253.52,8,0.027,24.58,2025-10,2025,2.0,9.695487535500156
ORD00364,C00021,2025-10-10 18:22:21,2025-10-12 18:22:21,First Class,Home Office,East,Technology,Accessories,433.97,3,0.082,90.0,2025-10,2025,2.0,20.738760743830216
ORD01409,C00489,2025-10-11 01:19:21,2025-10-15 01:19:21,Standard Class,Home Office,East,Technology,Accessories,673.66,6,0.073,71.26,2025-10,2025,4.0,10.57803639818306
ORD02866,C00015,2025-10-11 10:46:49,2025-10-14 10:46:49,Second Class,Consumer,North,Office Supplies,Binders,384.85,8,0.133,31.12,2025-10,2025,3.0,8.08626737690009
ORD00296,C00258,2025-10-11 12:56:10,2025-10-12 12:56:10,First Class,Consumer,East,Technology,Laptops,225.77,2,0.25,-26.25,2025-10,2025,1.0,-11.626876910129777
ORD00298,C00292,2025-10-11 15:01:50,2025-10-15 15:01:50,Standard Class,Consumer,South,Office Supplies,Paper,230.22,8,0.102,12.55,2025-10,2025,4.0,5.451307445052559
ORD03827,C00312,2025-10-11 17:08:27,2025-10-11 17:08:27,Same Day,Corporate,West,Technology,Laptops,307.84,2,0.236,5.1,2025-10,2025,0.0,1.6567047817047815
ORD00709,C00882,2025-10-11 21:25:28,2025-10-16 21:25:28,Standard Class,Home Office,South,Office Supplies,Paper,343.9,8,0.09,21.91,2025-10,2025,5.0,6.371038092468741
ORD00429,C00767,2025-10-12 06:41:03,2025-10-17 06:41:03,Standard Class,Corporate,South,Furniture,Furnishings,170.16,2,0.234,-9.03,2025-10,2025,5.0,-5.306770098730606
ORD02275,C00880,2025-10-12 08:06:03,2025-10-15 08:06:03,Standard Class,Consumer,East,Office Supplies,Appliances,385.09,7,0.111,35.49,2025-10,2025,3.0,9.216027422161055
ORD01751,C00005,2025-10-12 22:11:08,2025-10-14 22:11:08,Second Class,Home Office,West,Technology,Accessories,598.36,4,0.105,71.79,2025-10,2025,2.0,11.997793970185173
ORD00810,C00297,2025-10-13 00:02:37,2025-10-16 00:02:37,Second Class,Consumer,West,Technology,Phones,175.02,1,0.131,22.22,2025-10,2025,3.0,12.695691920923322
ORD02869,C00698,2025-10-13 02:17:19,2025-10-18 02:17:19,Standard Class,Corporate,East,Technology,Laptops,813.56,8,0.107,13.2,2025-10,2025,5.0,1.6224986479177934
ORD01799,C00190,2025-10-13 09:49:20,2025-10-15 09:49:20,Second Class,Home Office,South,Office Supplies,Binders,70.4,8,0.117,10.66,2025-10,2025,2.0,15.142045454545453
ORD01162,C00649,2025-10-13 12:23:03,2025-10-16 12:23:03,Standard Class,Home Office,North,Office Supplies,Paper,246.82,5,0.095,18.71,2025-10,2025,3.0,7.580422980309538
ORD02637,C00123,2025-10-13 21:54:12,2025-10-17 21:54:12,Standard Class,Consumer,South,Technology,Accessories,539.68,6,0.087,82.58,2025-10,2025,4.0,15.301660243107026
ORD00365,C00310,2025-10-13 22:16:46,2025-10-14 22:16:46,First Class,Corporate,North,Furniture,Bookcases,204.58,1,0.135,4.84,2025-10,2025,1.0,2.3658226610616873
ORD03590,C00383,2025-10-13 23:28:55,2025-10-16 23:28:55,First Class,Consumer,West,Office Supplies,Binders,168.05,6,0.135,7.15,2025-10,2025,3.0,4.254686105325796
ORD00046,C00556,2025-10-14 05:11:06,2025-10-14 05:11:06,Same Day,Consumer,North,Office Supplies,Paper,116.25,5,0.101,19.94,2025-10,2025,0.0,17.152688172043014
ORD03807,C00664,2025-10-14 06:57:15,2025-10-16 06:57:15,Second Class,Home Office,South,Technology,Laptops,815.29,8,0.198,35.54,2025-10,2025,2.0,4.3591850752492975
ORD01520,C00529,2025-10-14 10:22:46,2025-10-18 10:22:46,Standard Class,Corporate,East,Technology,Phones,374.99,3,0.124,18.79,2025-10,2025,4.0,5.0108002880076805
ORD01744,C00882,2025-10-14 20:01:30,2025-10-17 20:01:30,First Class,Corporate,East,Office Supplies,Appliances,371.52,8,0.386,-101.74,2025-10,2025,3.0,-27.38479758828596
ORD01887,C00356,2025-10-14 23:50:29,2025-10-18 23:50:29,Standard Class,Consumer,East,Office Supplies,Binders,350.82,6,0.096,49.52,2025-10,2025,4.0,14.115500826634742
ORD01351,C00844,2025-10-15 02:55:54,2025-10-18 02:55:54,Second Class,Corporate,North,Office Supplies,Storage,152.32,8,0.063,18.4,2025-10,2025,3.0,12.079831932773109
ORD02833,C00325,2025-10-15 03:38:41,2025-10-17 03:38:41,Second Class,Corporate,East,Office Supplies,Paper,28.08,1,0.159,1.11,2025-10,2025,2.0,3.9529914529914536
ORD00123,C00841,2025-10-15 17:14:24,2025-10-15 17:14:24,Same Day,Home Office,North,Technology,Accessories,423.22,4,0.106,40.35,2025-10,2025,0.0,9.534048485421295
ORD02916,C00627,2025-10-15 19:31:23,2025-10-17 19:31:23,Same Day,Home Office,South,Furniture,Bookcases,982.58,8,0.117,30.57,2025-10,2025,2.0,3.11119705265729
ORD00380,C00085,2025-10-16 04:03:31,2025-10-19 04:03:31,Standard Class,Consumer,West,Office Supplies,Binders,44.3,3,0.171,3.99,2025-10,2025,3.0,9.006772009029348
ORD00795,C00031,2025-10-16 04:44:12,2025-10-20 04:44:12,Second Class,Home Office,North,Technology,Laptops,673.94,7,0.018,159.09,2025-10,2025,4.0,23.60595898744695
ORD00547,C00001,2025-10-16 14:14:56,2025-10-19 14:14:56,First Class,Corporate,East,Furniture,Furnishings,174.17,1,0.257,-28.72,2025-10,2025,3.0,-16.489636561979676
ORD01798,C00279,2025-10-16 15:09:14,2025-10-20 15:09:14,Standard Class,Consumer,North,Technology,Phones,982.96,7,0.251,64.39,2025-10,2025,4.0,6.550622609261822
ORD02858,C00242,2025-10-16 19:23:02,2025-10-19 19:23:02,Standard Class,Consumer,East,Technology,Laptops,482.81,4,0.036,92.84,2025-10,2025,3.0,19.229096331890393
ORD00285,C00546,2025-10-16 20:01:30,2025-10-20 20:01:30,Standard Class,Consumer,South,Office Supplies,Paper,330.93,7,0.123,19.34,2025-10,2025,4.0,5.8441362221617865
ORD01430,C00682,2025-10-17 00:44:04,2025-10-21 00:44:04,Standard Class,Consumer,East,Office Supplies,Storage,133.92,5,0.009,30.46,2025-10,2025,4.0,22.744922341696537
ORD01412,C00196,2025-10-17 02:00:51,2025-10-19 02:00:51,Second Class,Consumer,North,Office Supplies,Paper,151.23,5,0.199,5.27,2025-10,2025,2.0,3.4847583151491106
ORD02041,C00691,2025-10-17 05:13:53,2025-10-19 05:13:53,Second Class,Consumer,East,Office Supplies,Appliances,236.83,5,0.056,8.44,2025-10,2025,2.0,3.5637377021492207
ORD00018,C00038,2025-10-17 09:19:09,2025-10-21 09:19:09,Second Class,Corporate,East,Technology,Accessories,276.69,3,0.119,24.69,2025-10,2025,4.0,8.9233438143771
ORD02981,C00690,2025-10-17 14:29:42,2025-10-20 14:29:42,Standard Class,Consumer,West,Technology,Accessories,196.99,2,0.256,15.01,2025-10,2025,3.0,7.619676125691659
ORD00541,C00685,2025-10-17 17:34:21,2025-10-20 17:34:21,Standard Class,Consumer,East,Office Supplies,Appliances,78.55,7,0.154,4.08,2025-10,2025,3.0,5.194143857415659
ORD03764,C00526,2025-10-17 19:22:54,2025-10-22 19:22:54,Standard Class,Home Office,West,Technology,Accessories,278.03,2,0.092,52.25,2025-10,2025,5.0,18.792936014099197
ORD01285,C00085,2025-10-17 19:32:12,2025-10-18 19:32:12,First Class,Consumer,North,Technology,Accessories,731.76,8,0.048,166.53,2025-10,2025,1.0,22.757461462774682
ORD00856,C00368,2025-10-18 05:06:21,2025-10-20 05:06:21,Second Class,Consumer,West,Technology,Phones,441.26,4,0.146,23.69,2025-10,2025,2.0,5.368716856275213
ORD02448,C00485,2025-10-19 01:35:57,2025-10-24 01:35:57,Standard Class,Corporate,South,Office Supplies,Art,231.16,6,0.16,9.16,2025-10,2025,5.0,3.9626232912268557
ORD02676,C00716,2025-10-19 10:53:30,2025-10-24 10:53:30,Standard Class,Corporate,East,Technology,Phones,233.8,2,0.16,7.55,2025-10,2025,5.0,3.2292557741659538
ORD01078,C00672,2025-10-19 13:57:55,2025-10-24 13:57:55,Standard Class,Corporate,South,Furniture,Furnishings,330.11,3,0.127,0.8,2025-10,2025,5.0,0.2423434612704856
ORD02818,C00036,2025-10-20 04:45:54,2025-10-22 04:45:54,Same Day,Consumer,East,Office Supplies,Art,237.11,7,0.241,-21.54,2025-10,2025,2.0,-9.084391210830416
ORD01590,C00274,2025-10-20 20:23:04,2025-10-24 20:23:04,Standard Class,Consumer,West,Technology,Phones,116.19,1,0.159,14.98,2025-10,2025,4.0,12.892675789654875
ORD01738,C00331,2025-10-20 20:44:43,2025-10-25 20:44:43,Standard Class,Consumer,South,Technology,Laptops,752.64,7,0.096,-12.96,2025-10,2025,5.0,-1.7219387755102042
ORD01061,C00662,2025-10-20 21:35:38,2025-10-23 21:35:38,Standard Class,Consumer,East,Technology,Accessories,646.79,4,0.223,-15.45,2025-10,2025,3.0,-2.388719677174972
ORD03247,C00689,2025-10-20 22:28:59,2025-10-24 22:28:59,Standard Class,Consumer,North,Office Supplies,Appliances,65.69,2,0.144,3.93,2025-10,2025,4.0,5.98264576038971
ORD03202,C00569,2025-10-20 22:33:07,2025-10-21 22:33:07,Same Day,Home Office,East,Office Supplies,Art,108.58,4,0.275,-17.7,2025-10,2025,1.0,-16.30134463068705
ORD01334,C00878,2025-10-21 00:51:09,2025-10-23 00:51:09,Second Class,Consumer,North,Furniture,Furnishings,1045.0,7,0.199,-52.42,2025-10,2025,2.0,-5.016267942583733
ORD02439,C00636,2025-10-21 02:40:47,2025-10-23 02:40:47,Second Class,Consumer,South,Technology,Phones,72.1,1,0.271,-1.2,2025-10,2025,2.0,-1.6643550624133148
ORD00141,C00575,2025-10-21 04:22:11,2025-10-23 04:22:11,Second Class,Consumer,South,Office Supplies,Binders,70.56,2,0.162,0.54,2025-10,2025,2.0,0.7653061224489797
ORD03735,C00652,2025-10-21 10:18:15,2025-10-26 10:18:15,Standard Class,Consumer,West,Technology,Laptops,290.15,2,0.026,69.34,2025-10,2025,5.0,23.897983801481995
ORD02794,C00885,2025-10-21 11:28:49,2025-10-26 11:28:49,Standard Class,Consumer,North,Office Supplies,Art,80.96,3,0.028,11.45,2025-10,2025,5.0,14.142786561264822
ORD01271,C00492,2025-10-21 20:15:20,2025-10-23 20:15:20,Same Day,Corporate,South,Office Supplies,Appliances,95.22,3,0.078,5.67,2025-10,2025,2.0,5.954631379962192
ORD00901,C00357,2025-10-21 20:24:04,2025-10-25 20:24:04,Standard Class,Consumer,North,Office Supplies,Art,251.0,5,0.115,19.07,2025-10,2025,4.0,7.597609561752988
ORD00822,C00534,2025-10-21 21:36:43,2025-10-24 21:36:43,Standard Class,Corporate,East,Office Supplies,Appliances,224.87,4,0.351,-49.45,2025-10,2025,3.0,-21.990483390403345
ORD02997,C00724,2025-10-23 00:55:26,2025-10-26 00:55:26,Second Class,Consumer,South,Office Supplies,Paper,129.55,5,0.046,21.5,2025-10,2025,3.0,16.59590891547665
ORD03581,C00747,2025-10-23 00:59:11,2025-10-26 00:59:11,Standard Class,Home Office,West,Technology,Accessories,168.48,1,0.145,18.08,2025-10,2025,3.0,10.731244064577398
ORD00291,C00397,2025-10-23 05:28:23,2025-10-26 05:28:23,Standard Class,Corporate,South,Office Supplies,Binders,82.3,5,0.325,-12.06,2025-10,2025,3.0,-14.653705953827462
ORD00209,C00927,2025-10-23 07:24:24,2025-10-28 07:24:24,Standard Class,Corporate,North,Office Supplies,Appliances,30.51,1,0.129,-0.01,2025-10,2025,5.0,-0.03277613897082924
ORD00759,C00782,2025-10-23 10:53:49,2025-10-24 10:53:49,First Class,Home Office,East,Office Supplies,Binders,187.72,4,0.177,-19.3,2025-10,2025,1.0,-10.281269976560836
ORD03394,C00200,2025-10-23 10:59:28,2025-10-25 10:59:28,Second Class,Corporate,West,Office Supplies,Art,29.1,2,0.045,-0.38,2025-10,2025,2.0,-1.3058419243986252
ORD03185,C00811,2025-10-23 17:47:43,2025-10-28 17:47:43,Standard Class,Home Office,East,Technology,Phones,397.47,4,0.114,44.43,2025-10,2025,5.0,11.178202128462525
ORD01848,C00365,2025-10-24 04:09:08,2025-10-26 04:09:08,Second Class,Corporate,West,Office Supplies,Storage,96.9,6,0.041,19.56,2025-10,2025,2.0,20.185758513931887
ORD00564,C00873,2025-10-24 04:27:19,2025-10-25 04:27:19,First Class,Corporate,East,Furniture,Furnishings,530.94,5,0.079,16.36,2025-10,2025,1.0,3.0813274569631215
ORD02001,C00356,2025-10-24 13:14:15,2025-10-29 13:14:15,Standard Class,Corporate,West,Office Supplies,Binders,345.32,6,0.133,21.05,2025-10,2025,5.0,6.095795204448049
ORD03473,C00679,2025-10-24 16:57:40,2025-10-28 16:57:40,Standard Class,Consumer,East,Office Supplies,Paper,52.68,2,0.137,1.42,2025-10,2025,4.0,2.6955201214882307
ORD02509,C00620,2025-10-25 06:20:01,2025-10-30 06:20:01,Standard Class,Corporate,East,Office Supplies,Storage,233.89,6,0.306,-29.27,2025-10,2025,5.0,-12.514429860190686
ORD02970,C00383,2025-10-25 06:48:59,2025-10-28 06:48:59,Second Class,Corporate,North,Technology,Accessories,610.62,6,0.259,-8.39,2025-10,2025,3.0,-1.3740132979594513
ORD00749,C00368,2025-10-25 14:48:55,2025-10-29 14:48:55,Standard Class,Consumer,South,Office Supplies,Storage,47.51,3,0.292,-5.79,2025-10,2025,4.0,-12.186908019364346
ORD02797,C00107,2025-10-25 21:14:53,2025-10-28 21:14:53,First Class,Consumer,West,Office Supplies,Appliances,19.34,1,0.294,-1.13,2025-10,2025,3.0,-5.842812823164426
ORD02375,C00629,2025-10-25 21:19:41,2025-10-28 21:19:41,Standard Class,Corporate,South,Office Supplies,Binders,88.57,6,0.147,-4.3,2025-10,2025,3.0,-4.854917014790561
ORD00682,C00049,2025-10-25 23:21:19,2025-10-27 23:21:19,Same Day,Home Office,West,Furniture,Chairs,537.72,4,0.254,-25.14,2025-10,2025,2.0,-4.675295692925687
ORD01134,C00390,2025-10-26 03:38:12,2025-10-29 03:38:12,First Class,Consumer,South,Office Supplies,Binders,43.79,5,0.21,-2.44,2025-10,2025,3.0,-5.572048412879653
ORD03665,C00939,2025-10-26 05:18:48,2025-10-30 05:18:48,Second Class,Corporate,East,Office Supplies,Paper,123.3,2,0.056,14.04,2025-10,2025,4.0,11.386861313868613
ORD01357,C00615,2025-10-26 08:32:43,2025-10-30 08:32:43,Standard Class,Home Office,North,Office Supplies,Paper,276.98,8,0.035,48.24,2025-10,2025,4.0,17.416419958119718
ORD03755,C00052,2025-10-26 12:55:38,2025-10-30 12:55:38,Standard Class,Corporate,West,Furniture,Bookcases,166.15,1,0.068,13.57,2025-10,2025,4.0,8.16731868793259
ORD03757,C00782,2025-10-26 18:22:54,2025-10-30 18:22:54,Standard Class,Home Office,West,Technology,Accessories,131.1,1,0.011,34.39,2025-10,2025,4.0,26.231884057971016
ORD00845,C00668,2025-10-27 11:20:55,2025-10-30 11:20:55,Standard Class,Consumer,East,Office Supplies,Binders,99.3,7,0.124,-3.39,2025-10,2025,3.0,-3.4138972809667676
ORD01034,C00687,2025-10-27 15:58:31,2025-10-30 15:58:31,First Class,Consumer,North,Technology,Phones,407.15,3,0.253,-3.11,2025-10,2025,3.0,-0.7638462483114331
ORD03550,C00847,2025-10-28 02:03:57,2025-10-31 02:03:57,Standard Class,Consumer,South,Office Supplies,Binders,13.69,1,0.093,-0.03,2025-10,2025,3.0,-0.2191380569758948
ORD01592,C00483,2025-10-28 02:06:10,2025-11-01 02:06:10,Standard Class,Home Office,South,Office Supplies,Paper,183.92,6,0.061,10.02,2025-10,2025,4.0,5.448020878642888
ORD00295,C00448,2025-10-28 04:26:58,2025-10-31 04:26:58,Standard Class,Corporate,North,Furniture,Chairs,100.15,1,0.057,3.61,2025-10,2025,3.0,3.6045931103344984
ORD01253,C00273,2025-10-28 06:00:37,2025-10-31 06:00:37,Second Class,Consumer,North,Technology,Accessories,375.48,4,0.123,47.62,2025-10,2025,3.0,12.682433152231809
ORD01142,C00527,2025-10-28 14:27:13,2025-11-02 14:27:13,Standard Class,Consumer,South,Furniture,Bookcases,487.13,3,0.234,-69.01,2025-10,2025,5.0,-14.166649559665798
ORD00942,C00206,2025-10-28 15:26:53,2025-10-31 15:26:53,Standard Class,Consumer,North,Office Supplies,Storage,252.16,8,0.096,20.91,2025-10,2025,3.0,8.292354060913706
ORD02308,C00702,2025-10-28 16:45:23,2025-10-31 16:45:23,Standard Class,Consumer,North,Furniture,Bookcases,329.1,3,0.263,-40.02,2025-10,2025,3.0,-12.160437556973564
ORD01139,C00692,2025-10-28 19:16:13,2025-11-02 19:16:13,Standard Class,Consumer,East,Office Supplies,Paper,128.64,3,0.042,23.58,2025-10,2025,5.0,18.330223880597014
ORD02745,C00659,2025-10-29 00:18:08,2025-11-01 00:18:08,Standard Class,Consumer,East,Technology,Laptops,216.58,2,0.087,21.16,2025-10,2025,3.0,9.770061870902207
ORD01999,C00475,2025-10-29 08:19:16,2025-11-02 08:19:16,Second Class,Consumer,South,Technology,Laptops,595.78,8,0.078,75.19,2025-10,2025,4.0,12.620430360200075
ORD03671,C00277,2025-10-29 12:05:37,2025-11-01 12:05:37,Standard Class,Home Office,East,Office Supplies,Binders,138.02,3,0.163,-5.87,2025-10,2025,3.0,-4.253006810607158
ORD02587,C00542,2025-10-30 03:28:35,2025-11-01 03:28:35,First Class,Consumer,North,Office Supplies,Appliances,111.52,2,0.023,12.32,2025-10,2025,2.0,11.047345767575322
ORD02005,C00894,2025-10-30 04:02:03,2025-11-01 04:02:03,Same Day,Corporate,West,Technology,Phones,883.3,8,0.098,186.16,2025-10,2025,2.0,21.075512283482396
ORD00718,C00575,2025-10-30 06:14:12,2025-11-01 06:14:12,Second Class,Consumer,West,Technology,Laptops,106.4,1,0.184,9.41,2025-10,2025,2.0,8.843984962406015
ORD02978,C00911,2025-10-30 11:36:31,2025-11-02 11:36:31,Second Class,Corporate,North,Furniture,Furnishings,545.78,5,0.263,-51.17,2025-10,2025,3.0,-9.375572575030233
ORD00344,C00522,2025-10-30 11:50:59,2025-11-04 11:50:59,Standard Class,Corporate,North,Furniture,Chairs,184.78,3,0.201,-22.72,2025-10,2025,5.0,-12.295702998159973
ORD01467,C00380,2025-10-30 12:08:06,2025-11-02 12:08:06,Second Class,Home Office,South,Office Supplies,Art,69.24,4,0.05,6.99,2025-10,2025,3.0,10.095320623916813
ORD02268,C00760,2025-10-30 16:31:39,2025-11-04 16:31:39,Standard Class,Consumer,East,Office Supplies,Appliances,30.22,1,0.198,0.18,2025-10,2025,5.0,0.5956320317670417
ORD03641,C00518,2025-10-30 22:25:02,2025-11-02 22:25:02,Standard Class,Corporate,East,Furniture,Chairs,405.06,3,0.065,18.82,2025-10,2025,3.0,4.646225250580161
ORD00347,C00675,2025-10-31 05:32:13,2025-11-03 05:32:13,Second Class,Consumer,East,Office Supplies,Paper,44.64,4,0.282,-6.15,2025-10,2025,3.0,-13.77688172043011
ORD02406,C00418,2025-10-31 07:11:02,2025-11-04 07:11:02,Standard Class,Consumer,North,Technology,Accessories,198.27,2,0.159,22.89,2025-10,2025,4.0,11.544863065516719
ORD02788,C00001,2025-10-31 15:45:21,2025-11-02 15:45:21,Second Class,Corporate,West,Technology,Phones,1086.45,8,0.057,80.75,2025-10,2025,2.0,7.432463528004049
ORD00471,C00315,2025-10-31 16:46:14,2025-11-05 16:46:14,Standard Class,Corporate,West,Technology,Accessories,279.65,2,0.021,57.92,2025-10,2025,5.0,20.711603790452354
ORD01204,C00853,2025-10-31 21:15:55,2025-11-03 21:15:55,Standard Class,Corporate,North,Office Supplies,Appliances,98.86,2,0.029,8.26,2025-10,2025,3.0,8.355249848270281
ORD02660,C00735,2025-11-01 00:54:25,2025-11-04 00:54:25,Second Class,Consumer,West,Office Supplies,Binders,202.67,5,0.121,11.91,2025-11,2025,3.0,5.876548083090739
ORD02941,C00657,2025-11-01 01:03:19,2025-11-03 01:03:19,Second Class,Consumer,West,Technology,Accessories,815.55,7,0.228,10.9,2025-11,2025,2.0,1.3365213659493593
ORD00073,C00306,2025-11-01 01:17:46,2025-11-04 01:17:46,Standard Class,Consumer,South,Furniture,Chairs,770.77,5,0.088,-23.98,2025-11,2025,3.0,-3.1111745397459685
ORD02028,C00321,2025-11-01 11:06:07,2025-11-05 11:06:07,Standard Class,Home Office,East,Office Supplies,Storage,40.71,1,0.086,3.84,2025-11,2025,4.0,9.432571849668385
ORD00270,C00096,2025-11-01 17:15:55,2025-11-05 17:15:55,Standard Class,Consumer,South,Technology,Laptops,758.36,7,0.17,36.95,2025-11,2025,4.0,4.872356136927054
ORD00236,C00012,2025-11-01 17:46:56,2025-11-06 17:46:56,Standard Class,Consumer,North,Technology,Accessories,737.96,5,0.238,-39.28,2025-11,2025,5.0,-5.32278172258659
ORD00639,C00942,2025-11-01 19:40:30,2025-11-05 19:40:30,Second Class,Consumer,South,Office Supplies,Binders,261.53,6,0.175,-3.49,2025-11,2025,4.0,-1.3344549382480024
ORD02101,C00431,2025-11-01 19:49:49,2025-11-03 19:49:49,First Class,Consumer,West,Office Supplies,Paper,244.61,8,0.043,14.62,2025-11,2025,2.0,5.976861125873839
ORD00509,C00530,2025-11-02 02:24:51,2025-11-06 02:24:51,Second Class,Corporate,West,Technology,Phones,1073.65,7,0.188,-32.62,2025-11,2025,4.0,-3.038234061379406
ORD02794,C00393,2025-11-02 12:48:20,2025-11-04 12:48:20,Second Class,Consumer,East,Office Supplies,Appliances,67.7,3,0.032,6.8,2025-11,2025,2.0,10.044313146233382
ORD00249,C00632,2025-11-02 16:27:46,2025-11-06 16:27:46,Standard Class,Consumer,South,Office Supplies,Appliances,175.96,3,0.073,12.88,2025-11,2025,4.0,7.319845419413504
ORD03010,C00010,2025-11-02 20:48:34,2025-11-05 20:48:34,Second Class,Consumer,North,Office Supplies,Paper,46.85,2,0.128,2.4,2025-11,2025,3.0,5.122732123799359
ORD00314,C00272,2025-11-02 22:24:30,2025-11-06 22:24:30,Standard Class,Consumer,South,Office Supplies,Appliances,21.65,1,0.109,1.23,2025-11,2025,4.0,5.681293302540416
ORD00036,C00877,2025-11-03 07:09:00,2025-11-06 07:09:00,Second Class,Home Office,North,Office Supplies,Art,266.24,5,0.089,9.5,2025-11,2025,3.0,3.5682091346153846
ORD01972,C00946,2025-11-03 07:11:23,2025-11-07 07:11:23,Second Class,Corporate,East,Technology,Accessories,599.74,4,0.141,37.32,2025-11,2025,4.0,6.222696501817454
ORD00933,C00822,2025-11-03 07:24:09,2025-11-08 07:24:09,Standard Class,Consumer,East,Office Supplies,Art,177.65,8,0.052,13.18,2025-11,2025,5.0,7.419082465522093
ORD02718,C00525,2025-11-03 08:55:19,2025-11-06 08:55:19,Second Class,Consumer,South,Technology,Accessories,133.45,1,0.259,-7.84,2025-11,2025,3.0,-5.874859497939303
ORD01618,C00319,2025-11-03 13:34:15,2025-11-06 13:34:15,Standard Class,Corporate,East,Office Supplies,Storage,198.42,3,0.057,18.18,2025-11,2025,3.0,9.162382824312065
ORD01746,C00791,2025-11-03 13:50:40,2025-11-06 13:50:40,Second Class,Consumer,South,Office Supplies,Art,83.69,4,0.287,-4.91,2025-11,2025,3.0,-5.866889712032501
ORD01989,C00852,2025-11-03 18:50:35,2025-11-04 18:50:35,First Class,Consumer,North,Technology,Laptops,512.32,6,0.176,16.24,2025-11,2025,1.0,3.1698938163647714
ORD00464,C00412,2025-11-03 19:55:15,2025-11-06 19:55:15,Standard Class,Corporate,East,Office Supplies,Storage,280.9,5,0.238,8.23,2025-11,2025,3.0,2.929868280526878
ORD02114,C00076,2025-11-03 20:38:20,2025-11-05 20:38:20,First Class,Corporate,North,Technology,Accessories,416.63,3,0.221,3.51,2025-11,2025,2.0,0.8424741377241196
ORD00456,C00661,2025-11-03 22:51:17,2025-11-08 22:51:17,Standard Class,Corporate,West,Office Supplies,Appliances,165.68,4,0.229,3.12,2025-11,2025,5.0,1.883148237566393
ORD00846,C00333,2025-11-03 23:38:39,2025-11-06 23:38:39,Standard Class,Corporate,South,Technology,Laptops,616.11,6,0.04,85.12,2025-11,2025,3.0,13.815714726266414
ORD00811,C00424,2025-11-04 07:42:20,2025-11-05 07:42:20,First Class,Corporate,West,Technology,Laptops,275.89,2,0.229,17.67,2025-11,2025,1.0,6.404726521439705
ORD00263,C00700,2025-11-04 10:41:15,2025-11-09 10:41:15,Standard Class,Consumer,North,Technology,Accessories,706.0,7,0.122,82.65,2025-11,2025,5.0,11.706798866855525
ORD01521,C00832,2025-11-04 17:14:04,2025-11-05 17:14:04,First Class,Consumer,East,Office Supplies,Storage,237.96,5,0.043,38.9,2025-11,2025,1.0,16.34728525802656
ORD02586,C00077,2025-11-04 21:12:36,2025-11-09 21:12:36,Standard Class,Corporate,South,Office Supplies,Binders,318.94,8,0.17,10.45,2025-11,2025,5.0,3.2764783344829747
ORD02139,C00504,2025-11-05 01:02:19,2025-11-08 01:02:19,Standard Class,Consumer,South,Furniture,Bookcases,264.82,3,0.209,-29.26,2025-11,2025,3.0,-11.04901442489238
ORD00811,C00850,2025-11-05 01:17:59,2025-11-09 01:17:59,Standard Class,Corporate,North,Furniture,Bookcases,1423.21,8,0.267,-249.63,2025-11,2025,4.0,-17.539927347334547
ORD01568,C00426,2025-11-05 08:41:01,2025-11-10 08:41:01,Standard Class,Corporate,East,Technology,Laptops,374.15,4,0.094,57.99,2025-11,2025,5.0,15.499131364426033
ORD00685,C00905,2025-11-05 10:16:52,2025-11-09 10:16:52,Second Class,Consumer,West,Technology,Accessories,287.48,2,0.077,58.13,2025-11,2025,4.0,20.220537080840405
ORD02237,C00019,2025-11-05 10:44:06,2025-11-09 10:44:06,Second Class,Home Office,East,Furniture,Furnishings,622.03,3,0.059,17.74,2025-11,2025,4.0,2.8519524781762935
ORD01375,C00346,2025-11-05 15:23:19,2025-11-10 15:23:19,Standard Class,Consumer,North,Furniture,Furnishings,1585.49,8,0.092,80.35,2025-11,2025,5.0,5.067833918851585
ORD02736,C00540,2025-11-05 16:27:05,2025-11-08 16:27:05,Standard Class,Corporate,West,Office Supplies,Art,203.67,5,0.152,13.54,2025-11,2025,3.0,6.648009034222026
ORD00897,C00467,2025-11-06 00:46:23,2025-11-10 00:46:23,Second Class,Corporate,West,Technology,Laptops,938.58,6,0.128,87.08,2025-11,2025,4.0,9.277845255598882
ORD03202,C00075,2025-11-06 01:28:24,2025-11-09 01:28:24,Standard Class,Corporate,North,Technology,Laptops,693.72,5,0.135,94.89,2025-11,2025,3.0,13.678429337484863
ORD01690,C00265,2025-11-06 02:38:37,2025-11-07 02:38:37,First Class,Corporate,East,Technology,Phones,297.45,2,0.127,46.78,2025-11,2025,1.0,15.727012943351825
ORD01232,C00494,2025-11-06 03:13:46,2025-11-11 03:13:46,Standard Class,Consumer,South,Office Supplies,Art,47.64,1,0.145,-0.97,2025-11,2025,5.0,-2.0361041141897562
ORD00272,C00004,2025-11-06 04:58:30,2025-11-11 04:58:30,Standard Class,Consumer,West,Office Supplies,Storage,98.48,3,0.171,0.72,2025-11,2025,5.0,0.7311129163281884
ORD01185,C00404,2025-11-06 05:20:33,2025-11-09 05:20:33,First Class,Corporate,South,Furniture,Chairs,348.76,3,0.162,-18.82,2025-11,2025,3.0,-5.39626103910999
ORD03544,C00946,2025-11-06 08:06:16,2025-11-10 08:06:16,Standard Class,Consumer,North,Furniture,Bookcases,854.15,5,0.168,-95.38,2025-11,2025,4.0,-11.16665691037874
ORD03887,C00109,2025-11-06 17:22:47,2025-11-08 17:22:47,First Class,Home Office,North,Office Supplies,Art,14.28,1,0.028,1.95,2025-11,2025,2.0,13.65546218487395
ORD01710,C00430,2025-11-06 18:01:49,2025-11-07 18:01:49,First Class,Consumer,South,Office Supplies,Binders,21.2,2,0.119,0.44,2025-11,2025,1.0,2.075471698113208
ORD01902,C00273,2025-11-06 20:19:14,2025-11-11 20:19:14,Standard Class,Consumer,East,Technology,Accessories,1198.84,8,0.082,126.06,2025-11,2025,5.0,10.515164659170532
ORD03763,C00282,2025-11-07 07:47:37,2025-11-09 07:47:37,Second Class,Consumer,East,Technology,Laptops,1074.82,7,0.147,156.99,2025-11,2025,2.0,14.606166613944662
ORD02204,C00295,2025-11-07 09:40:51,2025-11-12 09:40:51,Standard Class,Consumer,South,Furniture,Chairs,577.85,4,0.172,-30.22,2025-11,2025,5.0,-5.229730899022237
ORD02875,C00428,2025-11-07 11:16:01,2025-11-12 11:16:01,Standard Class,Corporate,South,Office Supplies,Binders,171.44,6,0.179,-5.3,2025-11,2025,5.0,-3.0914605692953803
ORD02305,C00929,2025-11-07 12:55:21,2025-11-11 12:55:21,Second Class,Consumer,East,Technology,Accessories,406.98,4,0.166,51.99,2025-11,2025,4.0,12.774583517617573
ORD03004,C00391,2025-11-07 12:59:59,2025-11-08 12:59:59,First Class,Consumer,East,Furniture,Chairs,553.1,5,0.366,-122.81,2025-11,2025,1.0,-22.20394142108118
ORD03155,C00560,2025-11-07 18:10:09,2025-11-12 18:10:09,Standard Class,Corporate,West,Technology,Phones,959.47,6,0.222,39.71,2025-11,2025,5.0,4.138743264510615
ORD01985,C00416,2025-11-08 01:06:26,2025-11-13 01:06:26,Standard Class,Consumer,West,Technology,Phones,121.09,1,0.26,-10.33,2025-11,2025,5.0,-8.530844826162358
ORD01609,C00135,2025-11-08 01:50:29,2025-11-13 01:50:29,Standard Class,Corporate,South,Furniture,Bookcases,744.37,4,0.19,-77.7,2025-11,2025,5.0,-10.438357268562678
ORD02421,C00927,2025-11-08 01:53:06,2025-11-11 01:53:06,First Class,Consumer,West,Furniture,Tables,799.97,6,0.269,-132.05,2025-11,2025,3.0,-16.506869007587785
ORD01045,C00678,2025-11-08 02:53:45,2025-11-10 02:53:45,Same Day,Consumer,West,Technology,Laptops,664.24,6,0.175,22.17,2025-11,2025,2.0,3.337649042514754
ORD03129,C00234,2025-11-08 04:45:01,2025-11-10 04:45:01,First Class,Corporate,South,Office Supplies,Art,84.36,4,0.147,0.35,2025-11,2025,2.0,0.41488857278330954
ORD02095,C00207,2025-11-08 06:58:33,2025-11-11 06:58:33,First Class,Consumer,East,Technology,Laptops,695.45,5,0.053,129.78,2025-11,2025,3.0,18.661298439859085
ORD01242,C00385,2025-11-08 08:23:49,2025-11-12 08:23:49,Second Class,Home Office,West,Technology,Phones,1074.37,7,0.229,-37.9,2025-11,2025,4.0,-3.527648761599821
ORD01869,C00256,2025-11-08 10:02:42,2025-11-12 10:02:42,Second Class,Corporate,West,Furniture,Chairs,1273.2,5,0.099,-3.13,2025-11,2025,4.0,-0.24583726044611998
ORD02530,C00175,2025-11-08 10:53:45,2025-11-09 10:53:45,First Class,Consumer,West,Office Supplies,Paper,267.14,6,0.242,-8.92,2025-11,2025,1.0,-3.3390731451673283
ORD01282,C00388,2025-11-08 19:46:42,2025-11-09 19:46:42,First Class,Corporate,South,Technology,Laptops,827.14,8,0.076,29.28,2025-11,2025,1.0,3.539908600720555
ORD02686,C00319,2025-11-09 06:55:45,2025-11-12 06:55:45,Standard Class,Consumer,South,Technology,Laptops,519.24,5,0.118,18.57,2025-11,2025,3.0,3.5763808643401895
ORD00486,C00046,2025-11-09 08:19:26,2025-11-11 08:19:26,First Class,Corporate,East,Furniture,Furnishings,285.08,2,0.326,-38.02,2025-11,2025,2.0,-13.336607268135262
ORD01412,C00632,2025-11-09 10:01:43,2025-11-12 10:01:43,Standard Class,Consumer,West,Office Supplies,Art,38.05,1,0.183,-0.3,2025-11,2025,3.0,-0.7884362680683312
ORD01453,C00361,2025-11-09 14:07:02,2025-11-12 14:07:02,Standard Class,Home Office,East,Office Supplies,Appliances,473.46,8,0.155,24.89,2025-11,2025,3.0,5.25704388966333
ORD01565,C00054,2025-11-09 14:34:26,2025-11-12 14:34:26,First Class,Consumer,East,Office Supplies,Appliances,123.63,2,0.107,10.26,2025-11,2025,3.0,8.298956563940791
ORD02109,C00012,2025-11-09 15:09:21,2025-11-11 15:09:21,Second Class,Home Office,West,Furniture,Tables,1358.19,8,0.085,146.68,2025-11,2025,2.0,10.799667204146695
ORD02833,C00781,2025-11-09 15:45:33,2025-11-14 15:45:33,Standard Class,Corporate,North,Office Supplies,Binders,45.14,1,0.138,5.87,2025-11,2025,5.0,13.003987594151528
ORD02316,C00064,2025-11-09 17:50:58,2025-11-14 17:50:58,Standard Class,Home Office,East,Office Supplies,Storage,66.49,2,0.174,-3.58,2025-11,2025,5.0,-5.384268311024214
ORD03163,C00316,2025-11-09 20:25:20,2025-11-11 20:25:20,Second Class,Home Office,North,Technology,Phones,932.44,8,0.173,40.47,2025-11,2025,2.0,4.340225644545493
ORD00430,C00493,2025-11-09 20:45:52,2025-11-10 20:45:52,First Class,Consumer,South,Furniture,Bookcases,984.3,7,0.26,-230.98,2025-11,2025,1.0,-23.466422838565478
ORD01565,C00330,2025-11-09 21:39:31,2025-11-12 21:39:31,Standard Class,Consumer,North,Furniture,Furnishings,165.26,1,0.128,6.84,2025-11,2025,3.0,4.138932591068619
ORD00923,C00933,2025-11-09 23:26:55,2025-11-12 23:26:55,Second Class,Corporate,South,Furniture,Chairs,1115.74,7,0.125,22.04,2025-11,2025,3.0,1.975370606055174
ORD03110,C00882,2025-11-10 04:20:18,2025-11-14 04:20:18,Standard Class,Home Office,East,Technology,Phones,465.46,3,0.215,56.84,2025-11,2025,4.0,12.211575645597904
ORD00265,C00872,2025-11-10 09:35:32,2025-11-13 09:35:32,Standard Class,Home Office,North,Furniture,Tables,562.15,5,0.111,22.03,2025-11,2025,3.0,3.9188828604465002
ORD00111,C00451,2025-11-10 14:23:25,2025-11-14 14:23:25,Standard Class,Corporate,South,Furniture,Tables,125.61,2,0.191,-6.39,2025-11,2025,4.0,-5.087174588010508
ORD01026,C00536,2025-11-10 16:43:38,2025-11-13 16:43:38,Standard Class,Consumer,West,Furniture,Furnishings,192.51,1,0.197,-6.65,2025-11,2025,3.0,-3.4543660069606776
ORD01994,C00589,2025-11-10 19:15:31,2025-11-12 19:15:31,First Class,Consumer,West,Office Supplies,Storage,78.01,3,0.122,6.02,2025-11,2025,2.0,7.716959364184079
ORD00516,C00045,2025-11-10 19:49:28,2025-11-13 19:49:28,Second Class,Corporate,South,Office Supplies,Art,206.01,6,0.378,-35.99,2025-11,2025,3.0,-17.470025726906464
ORD00605,C00699,2025-11-10 21:37:38,2025-11-15 21:37:38,Standard Class,Consumer,South,Technology,Accessories,811.92,7,0.194,31.78,2025-11,2025,5.0,3.9141787368213623
ORD01736,C00711,2025-11-10 22:01:36,2025-11-12 22:01:36,Second Class,Consumer,North,Technology,Laptops,814.45,7,0.248,-17.94,2025-11,2025,2.0,-2.2027134876296888
ORD02457,C00063,2025-11-10 23:40:57,2025-11-13 23:40:57,Standard Class,Consumer,North,Technology,Phones,723.79,6,0.252,-28.44,2025-11,2025,3.0,-3.929316514458614
ORD01184,C00413,2025-11-11 01:00:40,2025-11-15 01:00:40,Standard Class,Consumer,South,Technology,Phones,362.32,3,0.177,-4.4,2025-11,2025,4.0,-1.2143961139324355
ORD00306,C00308,2025-11-11 05:12:05,2025-11-13 05:12:05,Second Class,Home Office,East,Office Supplies,Appliances,41.41,1,0.058,4.0,2025-11,2025,2.0,9.659502535619415
ORD02913,C00360,2025-11-11 22:17:56,2025-11-14 22:17:56,Standard Class,Consumer,South,Furniture,Chairs,422.42,3,0.085,16.29,2025-11,2025,3.0,3.856351498508593
ORD01157,C00364,2025-11-12 00:15:56,2025-11-15 00:15:56,Second Class,Consumer,North,Office Supplies,Binders,361.32,8,0.27,-53.89,2025-11,2025,3.0,-14.914757002103398
ORD03487,C00579,2025-11-12 00:25:18,2025-11-14 00:25:18,Second Class,Home Office,North,Office Supplies,Appliances,303.13,7,0.266,-17.68,2025-11,2025,2.0,-5.832481113713588
ORD03488,C00140,2025-11-12 00:45:25,2025-11-17 00:45:25,Standard Class,Consumer,East,Office Supplies,Art,64.6,1,0.052,6.58,2025-11,2025,5.0,10.185758513931889
ORD02015,C00086,2025-11-12 00:59:39,2025-11-15 00:59:39,First Class,Corporate,West,Furniture,Chairs,1077.88,6,0.077,73.14,2025-11,2025,3.0,6.785541989831892
ORD01194,C00482,2025-11-12 02:34:00,2025-11-13 02:34:00,First Class,Consumer,South,Office Supplies,Storage,24.08,1,0.223,-2.47,2025-11,2025,1.0,-10.25747508305648
ORD00921,C00650,2025-11-12 06:04:54,2025-11-14 06:04:54,First Class,Corporate,West,Technology,Phones,131.31,1,0.113,10.99,2025-11,2025,2.0,8.369507272865738
ORD01869,C00344,2025-11-12 07:35:42,2025-11-17 07:35:42,Standard Class,Consumer,West,Technology,Laptops,565.37,4,0.105,89.42,2025-11,2025,5.0,15.81619116684649
ORD00711,C00298,2025-11-13 02:12:21,2025-11-15 02:12:21,Second Class,Consumer,South,Office Supplies,Binders,348.79,8,0.271,-57.6,2025-11,2025,2.0,-16.51423492646005
ORD00341,C00560,2025-11-13 07:07:58,2025-11-18 07:07:58,Standard Class,Home Office,East,Technology,Phones,465.56,4,0.066,89.84,2025-11,2025,5.0,19.297190480281813
ORD01789,C00917,2025-11-13 10:28:14,2025-11-17 10:28:14,Standard Class,Consumer,North,Office Supplies,Appliances,92.14,5,0.03,20.66,2025-11,2025,4.0,22.422400694595183
ORD01629,C00279,2025-11-13 12:18:18,2025-11-16 12:18:18,First Class,Consumer,West,Technology,Accessories,820.11,5,0.038,164.78,2025-11,2025,3.0,20.092426625696554
ORD00779,C00085,2025-11-13 19:52:53,2025-11-16 19:52:53,Standard Class,Home Office,North,Office Supplies,Storage,461.95,8,0.008,61.32,2025-11,2025,3.0,13.274163870548762
ORD03823,C00279,2025-11-13 22:41:41,2025-11-17 22:41:41,Second Class,Consumer,South,Office Supplies,Appliances,233.97,8,0.263,-1.26,2025-11,2025,4.0,-0.5385305808436979
ORD02370,C00248,2025-11-14 01:21:49,2025-11-17 01:21:49,Standard Class,Consumer,North,Office Supplies,Paper,122.52,6,0.061,12.53,2025-11,2025,3.0,10.226901730329741
ORD03040,C00072,2025-11-14 04:30:51,2025-11-17 04:30:51,Second Class,Consumer,North,Office Supplies,Binders,91.75,2,0.269,-15.73,2025-11,2025,3.0,-17.14441416893733
ORD02468,C00635,2025-11-14 05:37:29,2025-11-17 05:37:29,Standard Class,Consumer,East,Office Supplies,Paper,69.28,6,0.016,13.66,2025-11,2025,3.0,19.717090069284065
ORD03243,C00924,2025-11-14 05:39:56,2025-11-18 05:39:56,Second Class,Corporate,North,Office Supplies,Binders,44.65,2,0.131,4.15,2025-11,2025,4.0,9.294512877939532
ORD01313,C00329,2025-11-14 07:29:00,2025-11-18 07:29:00,Standard Class,Consumer,South,Furniture,Furnishings,394.82,3,0.345,-123.65,2025-11,2025,4.0,-31.31806899346538
ORD03164,C00790,2025-11-14 08:14:55,2025-11-18 08:14:55,Second Class,Home Office,North,Technology,Accessories,662.95,5,0.216,-24.18,2025-11,2025,4.0,-3.647333886416773
ORD01423,C00021,2025-11-14 08:57:11,2025-11-16 08:57:11,Second Class,Corporate,West,Technology,Laptops,429.72,4,0.236,0.84,2025-11,2025,2.0,0.1954761239877129
ORD03771,C00080,2025-11-14 09:10:21,2025-11-18 09:10:21,Standard Class,Consumer,East,Technology,Accessories,239.04,2,0.023,65.58,2025-11,2025,4.0,27.434738955823295
ORD01426,C00641,2025-11-14 09:49:11,2025-11-15 09:49:11,First Class,Consumer,South,Office Supplies,Binders,51.12,3,0.132,5.87,2025-11,2025,1.0,11.482785602503913
ORD03253,C00894,2025-11-14 11:33:23,2025-11-18 11:33:23,Second Class,Home Office,East,Office Supplies,Art,68.51,2,0.045,3.14,2025-11,2025,4.0,4.58327251496132
ORD02174,C00081,2025-11-14 15:13:42,2025-11-18 15:13:42,Second Class,Consumer,North,Technology,Laptops,419.66,4,0.169,47.18,2025-11,2025,4.0,11.242434351617977
ORD01894,C00603,2025-11-14 18:27:10,2025-11-15 18:27:10,First Class,Consumer,East,Technology,Phones,358.41,3,0.251,6.68,2025-11,2025,1.0,1.863787282720906
ORD00201,C00010,2025-11-14 19:45:42,2025-11-17 19:45:42,First Class,Consumer,North,Furniture,Chairs,802.37,8,0.237,-72.53,2025-11,2025,3.0,-9.039470568440994
ORD02606,C00047,2025-11-14 20:57:59,2025-11-18 20:57:59,Second Class,Consumer,East,Office Supplies,Art,53.65,1,0.121,3.29,2025-11,2025,4.0,6.132339235787511
ORD00269,C00222,2025-11-14 22:36:56,2025-11-18 22:36:56,Second Class,Home Office,East,Furniture,Bookcases,492.13,8,0.221,-49.31,2025-11,2025,4.0,-10.01971023916445
ORD02245,C00295,2025-11-14 23:18:50,2025-11-19 23:18:50,Standard Class,Consumer,West,Office Supplies,Binders,27.11,2,0.18,0.39,2025-11,2025,5.0,1.4385835485060865
ORD03267,C00933,2025-11-15 01:08:27,2025-11-19 01:08:27,Standard Class,Consumer,West,Furniture,Furnishings,1606.65,8,0.149,42.94,2025-11,2025,4.0,2.672641832384153
ORD03712,C00743,2025-11-15 14:43:10,2025-11-18 14:43:10,Standard Class,Home Office,North,Furniture,Furnishings,711.97,8,0.089,56.32,2025-11,2025,3.0,7.910445664845428
ORD02559,C00497,2025-11-15 18:10:22,2025-11-19 18:10:22,Standard Class,Consumer,North,Furniture,Furnishings,101.55,1,0.306,-11.93,2025-11,2025,4.0,-11.747907434761201
ORD00452,C00314,2025-11-15 18:39:37,2025-11-18 18:39:37,First Class,Corporate,South,Furniture,Tables,562.28,3,0.209,-49.7,2025-11,2025,3.0,-8.839012591591379
ORD02316,C00263,2025-11-15 21:36:53,2025-11-20 21:36:53,Standard Class,Consumer,South,Technology,Laptops,561.37,6,0.146,52.68,2025-11,2025,5.0,9.384185118549263
ORD03855,C00322,2025-11-16 01:34:56,2025-11-20 01:34:56,Second Class,Corporate,West,Technology,Accessories,918.9,8,0.048,20.58,2025-11,2025,4.0,2.239634345412994
ORD02945,C00710,2025-11-16 02:43:14,2025-11-20 02:43:14,Standard Class,Home Office,East,Office Supplies,Storage,76.85,2,0.061,10.27,2025-11,2025,4.0,13.3636955107352
ORD02313,C00651,2025-11-16 05:39:37,2025-11-18 05:39:37,Second Class,Consumer,East,Technology,Accessories,226.98,2,0.128,9.36,2025-11,2025,2.0,4.123711340206185
ORD00320,C00831,2025-11-16 06:03:12,2025-11-19 06:03:12,Second Class,Consumer,South,Furniture,Bookcases,669.09,5,0.278,-109.86,2025-11,2025,3.0,-16.419315787113838
ORD01546,C00333,2025-11-16 07:05:49,2025-11-18 07:05:49,Second Class,Consumer,East,Furniture,Furnishings,447.73,4,0.131,-5.86,2025-11,2025,2.0,-1.3088245147745294
ORD00448,C00524,2025-11-16 07:44:23,2025-11-18 07:44:23,Second Class,Corporate,East,Office Supplies,Art,58.48,4,0.225,-0.73,2025-11,2025,2.0,-1.2482900136798905
ORD02803,C00804,2025-11-16 07:52:11,2025-11-19 07:52:11,Standard Class,Consumer,South,Furniture,Furnishings,293.27,3,0.363,-83.89,2025-11,2025,3.0,-28.60503972448597
ORD01160,C00351,2025-11-16 19:35:22,2025-11-19 19:35:22,Standard Class,Consumer,North,Office Supplies,Storage,49.07,4,0.11,2.95,2025-11,2025,3.0,6.011819849195028
ORD00826,C00933,2025-11-17 00:06:12,2025-11-18 00:06:12,First Class,Corporate,West,Furniture,Tables,285.8,3,0.177,-6.58,2025-11,2025,1.0,-2.3023093072078376
ORD02450,C00596,2025-11-17 04:50:07,2025-11-21 04:50:07,Standard Class,Consumer,North,Technology,Accessories,480.83,5,0.198,26.72,2025-11,2025,4.0,5.5570575879208866
ORD01160,C00517,2025-11-17 05:07:59,2025-11-22 05:07:59,Standard Class,Consumer,East,Technology,Accessories,494.7,4,0.014,95.52,2025-11,2025,5.0,19.3086719223772
ORD02194,C00477,2025-11-17 05:53:39,2025-11-21 05:53:39,Standard Class,Consumer,North,Office Supplies,Storage,314.12,6,0.054,46.31,2025-11,2025,4.0,14.74277346237107
ORD00930,C00761,2025-11-17 10:09:46,2025-11-19 10:09:46,Second Class,Home Office,North,Office Supplies,Binders,58.94,3,0.178,0.25,2025-11,2025,2.0,0.4241601628775025
ORD01079,C00163,2025-11-17 15:12:50,2025-11-19 15:12:50,First Class,Corporate,West,Technology,Laptops,498.06,3,0.05,69.83,2025-11,2025,2.0,14.020399148696944
ORD02379,C00411,2025-11-17 17:27:06,2025-11-21 17:27:06,Standard Class,Corporate,East,Furniture,Chairs,896.47,5,0.297,-184.7,2025-11,2025,4.0,-20.603031891753208
ORD01172,C00495,2025-11-17 23:39:23,2025-11-21 23:39:23,Second Class,Consumer,North,Office Supplies,Appliances,114.45,2,0.176,-0.64,2025-11,2025,4.0,-0.5591961555264308
ORD02152,C00939,2025-11-18 03:13:13,2025-11-23 03:13:13,Standard Class,Consumer,East,Technology,Phones,223.54,2,0.18,1.9,2025-11,2025,5.0,0.8499597387492172
ORD02620,C00877,2025-11-18 07:45:38,2025-11-23 07:45:38,Standard Class,Consumer,West,Furniture,Bookcases,541.4,5,0.354,-86.57,2025-11,2025,5.0,-15.990025858884374
ORD02787,C00871,2025-11-18 22:55:20,2025-11-21 22:55:20,Standard Class,Consumer,South,Office Supplies,Art,25.01,1,0.247,-0.55,2025-11,2025,3.0,-2.199120351859256
ORD02697,C00254,2025-11-19 01:47:54,2025-11-22 01:47:54,Standard Class,Corporate,North,Furniture,Bookcases,1003.53,6,0.13,71.98,2025-11,2025,3.0,7.17268043805367
ORD02836,C00333,2025-11-19 02:45:10,2025-11-20 02:45:10,First Class,Consumer,East,Office Supplies,Paper,117.71,2,0.102,-1.51,2025-11,2025,1.0,-1.2828136946733497
ORD03605,C00134,2025-11-19 16:03:31,2025-11-23 16:03:31,Second Class,Consumer,East,Technology,Laptops,234.52,2,0.2,-2.82,2025-11,2025,4.0,-1.202456080504861
ORD00128,C00655,2025-11-19 23:20:50,2025-11-19 23:20:50,Same Day,Corporate,East,Technology,Accessories,308.03,2,0.058,51.81,2025-11,2025,0.0,16.819790280167517
ORD02839,C00864,2025-11-20 11:13:29,2025-11-23 11:13:29,Standard Class,Consumer,North,Office Supplies,Binders,152.63,7,0.071,30.64,2025-11,2025,3.0,20.074690427832014
ORD03140,C00263,2025-11-20 16:29:56,2025-11-23 16:29:56,Second Class,Corporate,West,Technology,Laptops,287.07,2,0.093,29.83,2025-11,2025,3.0,10.391193785487859
ORD01370,C00392,2025-11-20 22:59:52,2025-11-24 22:59:52,Standard Class,Consumer,West,Technology,Phones,513.54,4,0.171,28.26,2025-11,2025,4.0,5.502979320014021
ORD01177,C00454,2025-11-21 03:41:54,2025-11-25 03:41:54,Second Class,Home Office,East,Technology,Accessories,300.8,3,0.075,48.13,2025-11,2025,4.0,16.00066489361702
ORD01914,C00678,2025-11-21 05:30:30,2025-11-25 05:30:30,Standard Class,Corporate,East,Furniture,Furnishings,504.59,2,0.237,-52.56,2025-11,2025,4.0,-10.416377653144139
ORD03100,C00930,2025-11-21 08:33:09,2025-11-24 08:33:09,First Class,Home Office,South,Office Supplies,Art,114.24,3,0.082,10.5,2025-11,2025,3.0,9.191176470588236
ORD00785,C00199,2025-11-21 12:11:25,2025-11-25 12:11:25,Standard Class,Home Office,West,Office Supplies,Appliances,124.86,2,0.274,-16.18,2025-11,2025,4.0,-12.958513535159376
ORD02876,C00858,2025-11-21 14:20:54,2025-11-25 14:20:54,Second Class,Home Office,South,Furniture,Furnishings,750.07,5,0.074,44.4,2025-11,2025,4.0,5.919447518231631
ORD01639,C00644,2025-11-21 14:23:38,2025-11-22 14:23:38,First Class,Corporate,South,Office Supplies,Paper,212.18,6,0.088,11.3,2025-11,2025,1.0,5.325666886605712
ORD03159,C00670,2025-11-22 00:04:46,2025-11-25 00:04:46,Standard Class,Consumer,West,Office Supplies,Binders,203.73,3,0.124,4.54,2025-11,2025,3.0,2.2284396014332697
ORD02268,C00640,2025-11-22 04:59:06,2025-11-27 04:59:06,Standard Class,Corporate,North,Office Supplies,Storage,153.57,8,0.16,2.4,2025-11,2025,5.0,1.5628052353975388
ORD00835,C00255,2025-11-22 13:02:34,2025-11-27 13:02:34,Standard Class,Home Office,East,Office Supplies,Storage,260.15,8,0.2,-15.26,2025-11,2025,5.0,-5.865846626945993
ORD00141,C00209,2025-11-22 16:04:41,2025-11-26 16:04:41,Standard Class,Consumer,South,Technology,Accessories,276.2,3,0.128,41.57,2025-11,2025,4.0,15.050687907313542
ORD02343,C00893,2025-11-22 16:49:25,2025-11-26 16:49:25,Standard Class,Consumer,South,Furniture,Bookcases,483.17,3,0.17,28.44,2025-11,2025,4.0,5.886127036032867
ORD00884,C00864,2025-11-22 20:15:18,2025-11-25 20:15:18,Standard Class,Corporate,South,Office Supplies,Art,66.63,2,0.13,4.78,2025-11,2025,3.0,7.173945670118566
ORD00511,C00789,2025-11-22 22:21:10,2025-11-25 22:21:10,First Class,Consumer,West,Furniture,Furnishings,410.67,2,0.066,9.04,2025-11,2025,3.0,2.201280833759466
ORD00512,C00616,2025-11-23 00:09:08,2025-11-28 00:09:08,Standard Class,Consumer,West,Furniture,Tables,1344.71,6,0.08,139.52,2025-11,2025,5.0,10.37547129120777
ORD02219,C00390,2025-11-23 12:16:08,2025-11-27 12:16:08,Standard Class,Consumer,North,Furniture,Bookcases,452.3,5,0.208,-20.24,2025-11,2025,4.0,-4.474906035816935
ORD01369,C00808,2025-11-23 15:41:31,2025-11-26 15:41:31,Second Class,Home Office,West,Office Supplies,Art,30.53,2,0.258,-0.13,2025-11,2025,3.0,-0.4258106780216181
ORD02010,C00587,2025-11-23 15:43:52,2025-11-24 15:43:52,First Class,Consumer,South,Office Supplies,Paper,151.21,5,0.157,1.57,2025-11,2025,1.0,1.038291118312281
ORD00263,C00807,2025-11-23 15:59:27,2025-11-28 15:59:27,Standard Class,Consumer,West,Technology,Phones,313.81,2,0.092,38.11,2025-11,2025,5.0,12.144291131576432
ORD02970,C00351,2025-11-23 19:38:19,2025-11-27 19:38:19,Standard Class,Corporate,South,Office Supplies,Binders,37.98,2,0.175,-3.05,2025-11,2025,4.0,-8.030542390731965
ORD02036,C00236,2025-11-23 20:58:47,2025-11-27 20:58:47,Second Class,Consumer,South,Office Supplies,Appliances,180.14,8,0.101,12.13,2025-11,2025,4.0,6.733651604307761
ORD01324,C00705,2025-11-23 23:37:21,2025-11-28 23:37:21,Standard Class,Home Office,East,Technology,Accessories,740.16,5,0.182,18.77,2025-11,2025,5.0,2.535938175529615
ORD03865,C00617,2025-11-24 07:38:12,2025-11-28 07:38:12,Standard Class,Consumer,North,Office Supplies,Paper,248.14,5,0.165,1.97,2025-11,2025,4.0,0.7939066655920045
ORD01932,C00559,2025-11-24 09:23:46,2025-11-26 09:23:46,Second Class,Consumer,West,Office Supplies,Art,289.33,5,0.085,9.57,2025-11,2025,2.0,3.307641793108216
ORD00158,C00418,2025-11-24 10:51:09,2025-11-25 10:51:09,First Class,Corporate,East,Furniture,Furnishings,1210.47,7,0.158,-23.8,2025-11,2025,1.0,-1.9661784265615836
ORD02375,C00879,2025-11-24 13:04:13,2025-11-28 13:04:13,Standard Class,Corporate,West,Furniture,Chairs,572.51,6,0.155,-6.5,2025-11,2025,4.0,-1.135351347574715
ORD02929,C00318,2025-11-25 08:55:49,2025-11-30 08:55:49,Standard Class,Corporate,West,Office Supplies,Appliances,189.11,4,0.068,16.31,2025-11,2025,5.0,8.624610015334989
ORD01417,C00382,2025-11-25 18:06:06,2025-11-28 18:06:06,Standard Class,Consumer,South,Furniture,Tables,777.22,6,0.207,-60.67,2025-11,2025,3.0,-7.806026607652916
ORD03721,C00416,2025-11-25 21:47:32,2025-11-27 21:47:32,First Class,Consumer,East,Furniture,Furnishings,92.16,1,0.276,-11.16,2025-11,2025,2.0,-12.109375
ORD01900,C00730,2025-11-26 03:24:54,2025-11-26 03:24:54,Same Day,Consumer,East,Office Supplies,Storage,261.47,4,0.053,19.61,2025-11,2025,0.0,7.499904386736526
ORD00304,C00288,2025-11-26 07:59:39,2025-11-30 07:59:39,Standard Class,Consumer,North,Office Supplies,Binders,67.73,2,0.274,-6.43,2025-11,2025,4.0,-9.493577439834636
ORD01271,C00736,2025-11-26 08:29:08,2025-11-28 08:29:08,Second Class,Home Office,East,Office Supplies,Storage,63.48,4,0.134,3.93,2025-11,2025,2.0,6.19092627599244
ORD01434,C00663,2025-11-26 14:47:50,2025-11-29 14:47:50,Standard Class,Corporate,East,Furniture,Chairs,273.24,2,0.164,-0.73,2025-11,2025,3.0,-0.26716439759918015
ORD01186,C00924,2025-11-26 14:58:05,2025-12-01 14:58:05,Standard Class,Corporate,North,Furniture,Bookcases,177.02,1,0.147,-2.17,2025-11,2025,5.0,-1.2258501864196134
ORD00032,C00574,2025-11-26 15:12:05,2025-11-29 15:12:05,Standard Class,Home Office,North,Office Supplies,Appliances,261.64,7,0.181,24.02,2025-11,2025,3.0,9.180553432196913
ORD00580,C00761,2025-11-26 16:07:29,2025-12-01 16:07:29,Standard Class,Consumer,South,Technology,Phones,118.13,1,0.107,3.13,2025-11,2025,5.0,2.6496232963684077
ORD00119,C00054,2025-11-26 16:08:01,2025-11-27 16:08:01,Same Day,Consumer,South,Technology,Laptops,530.84,6,0.121,92.69,2025-11,2025,1.0,17.461005199306758
ORD00586,C00252,2025-11-26 16:32:41,2025-11-28 16:32:41,Second Class,Consumer,East,Technology,Accessories,568.29,5,0.207,53.67,2025-11,2025,2.0,9.444121839201818
ORD02498,C00200,2025-11-26 19:09:34,2025-11-27 19:09:34,First Class,Home Office,North,Furniture,Tables,790.82,8,0.151,9.36,2025-11,2025,1.0,1.1835815988467664
ORD00184,C00540,2025-11-26 19:14:28,2025-11-29 19:14:28,Standard Class,Corporate,West,Technology,Phones,112.57,1,0.231,8.53,2025-11,2025,3.0,7.5775073287732075
ORD02715,C00852,2025-11-26 20:09:38,2025-11-28 20:09:38,Second Class,Consumer,West,Office Supplies,Art,212.56,7,0.129,3.88,2025-11,2025,2.0,1.825366955212646
ORD01739,C00506,2025-11-27 06:06:01,2025-11-30 06:06:01,First Class,Home Office,South,Office Supplies,Paper,454.02,8,0.116,-34.99,2025-11,2025,3.0,-7.70670895555262
ORD02537,C00241,2025-11-27 18:01:08,2025-11-30 18:01:08,Standard Class,Consumer,North,Technology,Laptops,621.31,4,0.039,75.94,2025-11,2025,3.0,12.22256200608392
ORD01218,C00510,2025-11-28 01:49:11,2025-12-03 01:49:11,Standard Class,Corporate,North,Technology,Laptops,127.3,1,0.052,37.41,2025-11,2025,5.0,29.387274155538094
ORD02644,C00072,2025-11-28 09:43:19,2025-12-01 09:43:19,Standard Class,Corporate,North,Office Supplies,Art,258.3,8,0.057,40.33,2025-11,2025,3.0,15.613627564847077
ORD01123,C00606,2025-11-28 14:31:10,2025-12-03 14:31:10,Standard Class,Consumer,East,Office Supplies,Storage,29.64,2,0.146,-1.32,2025-11,2025,5.0,-4.453441295546559
ORD03349,C00880,2025-11-28 16:02:31,2025-12-02 16:02:31,Standard Class,Consumer,North,Furniture,Furnishings,360.67,5,0.426,-110.16,2025-11,2025,4.0,-30.54315579338453
ORD02090,C00799,2025-11-28 21:56:14,2025-12-02 21:56:14,Second Class,Consumer,North,Office Supplies,Art,64.86,3,0.062,9.71,2025-11,2025,4.0,14.970706136293558
ORD02705,C00330,2025-11-29 05:49:23,2025-12-01 05:49:23,First Class,Corporate,South,Technology,Phones,272.28,3,0.312,-14.96,2025-11,2025,2.0,-5.494344057587778
ORD01599,C00643,2025-11-30 08:22:11,2025-12-01 08:22:11,First Class,Corporate,South,Technology,Accessories,920.35,7,0.117,58.83,2025-11,2025,1.0,6.392133427500407
ORD00064,C00179,2025-11-30 15:40:45,2025-12-04 15:40:45,Standard Class,Corporate,North,Office Supplies,Binders,69.44,3,0.151,0.17,2025-11,2025,4.0,0.244815668202765
ORD02494,C00132,2025-11-30 17:11:16,2025-12-02 17:11:16,Second Class,Corporate,East,Office Supplies,Storage,218.4,4,0.191,-6.74,2025-11,2025,2.0,-3.086080586080586
ORD02967,C00172,2025-11-30 17:57:26,2025-12-03 17:57:26,Standard Class,Corporate,West,Technology,Phones,1162.77,7,0.189,78.21,2025-11,2025,3.0,6.726179725999122
ORD00565,C00781,2025-11-30 20:33:21,2025-12-04 20:33:21,Standard Class,Consumer,East,Office Supplies,Appliances,245.86,4,0.031,24.67,2025-11,2025,4.0,10.03416578540633
ORD03066,C00550,2025-11-30 23:34:54,2025-12-03 23:34:54,Standard Class,Consumer,South,Office Supplies,Storage,52.93,1,0.298,-7.31,2025-11,2025,3.0,-13.810693368600038
ORD02575,C00890,2025-12-01 01:23:38,2025-12-04 01:23:38,Standard Class,Corporate,West,Furniture,Bookcases,515.79,3,0.288,-82.78,2025-12,2025,3.0,-16.049167296768065
ORD00017,C00420,2025-12-01 04:11:36,2025-12-02 04:11:36,Same Day,Corporate,East,Furniture,Bookcases,647.22,3,0.105,-23.19,2025-12,2025,1.0,-3.5830165940483916
ORD02854,C00558,2025-12-01 05:20:47,2025-12-05 05:20:47,Standard Class,Consumer,West,Office Supplies,Paper,385.13,8,0.125,24.56,2025-12,2025,4.0,6.377067483706799
ORD00747,C00593,2025-12-01 07:30:09,2025-12-04 07:30:09,Standard Class,Consumer,West,Office Supplies,Storage,428.73,6,0.348,-69.65,2025-12,2025,3.0,-16.245655774030276
ORD00135,C00602,2025-12-01 13:37:25,2025-12-04 13:37:25,Second Class,Corporate,East,Technology,Accessories,1115.02,7,0.08,172.33,2025-12,2025,3.0,15.45532815554878
ORD00343,C00374,2025-12-01 13:48:50,2025-12-05 13:48:50,Standard Class,Corporate,South,Technology,Laptops,712.19,6,0.075,89.58,2025-12,2025,4.0,12.578104157598395
ORD01962,C00875,2025-12-01 15:14:58,2025-12-02 15:14:58,First Class,Consumer,North,Furniture,Furnishings,398.14,2,0.139,-15.8,2025-12,2025,1.0,-3.96845330788165
ORD03273,C00762,2025-12-01 15:49:45,2025-12-06 15:49:45,Standard Class,Corporate,East,Furniture,Chairs,1117.44,6,0.191,-55.32,2025-12,2025,5.0,-4.9506013745704465
ORD01942,C00884,2025-12-01 16:26:16,2025-12-02 16:26:16,First Class,Consumer,West,Office Supplies,Paper,47.24,3,0.106,4.45,2025-12,2025,1.0,9.419983065198984
ORD02230,C00893,2025-12-01 18:07:21,2025-12-03 18:07:21,First Class,Consumer,East,Furniture,Chairs,1277.01,6,0.303,-305.74,2025-12,2025,2.0,-23.941864198400953
ORD00753,C00424,2025-12-02 00:11:00,2025-12-04 00:11:00,First Class,Home Office,West,Office Supplies,Paper,251.78,5,0.236,-17.84,2025-12,2025,2.0,-7.085550877750417
ORD00806,C00213,2025-12-02 01:06:02,2025-12-05 01:06:02,Standard Class,Consumer,North,Office Supplies,Appliances,75.27,3,0.153,-3.27,2025-12,2025,3.0,-4.344360302909526
ORD02810,C00251,2025-12-02 03:50:15,2025-12-05 03:50:15,Second Class,Consumer,South,Technology,Phones,573.4,5,0.107,79.18,2025-12,2025,3.0,13.808859434949428
ORD00258,C00504,2025-12-02 04:55:44,2025-12-07 04:55:44,Standard Class,Consumer,North,Technology,Laptops,145.42,1,0.083,3.64,2025-12,2025,5.0,2.5030944849401737
ORD00323,C00599,2025-12-02 05:21:43,2025-12-05 05:21:43,Standard Class,Consumer,South,Office Supplies,Paper,141.32,3,0.029,12.33,2025-12,2025,3.0,8.724879705632608
ORD02457,C00001,2025-12-02 05:29:00,2025-12-04 05:29:00,Second Class,Consumer,North,Office Supplies,Appliances,30.48,2,0.073,4.67,2025-12,2025,2.0,15.321522309711286
ORD01616,C00158,2025-12-02 06:10:21,2025-12-06 06:10:21,Standard Class,Consumer,East,Technology,Accessories,333.58,2,0.081,51.89,2025-12,2025,4.0,15.555488938185743
ORD02358,C00082,2025-12-02 11:21:48,2025-12-06 11:21:48,Second Class,Corporate,West,Technology,Laptops,1415.46,8,0.095,250.07,2025-12,2025,4.0,17.667048168086698
ORD00592,C00338,2025-12-02 12:49:54,2025-12-04 12:49:54,Second Class,Consumer,North,Technology,Accessories,515.03,5,0.206,-47.23,2025-12,2025,2.0,-9.170339591868434
ORD01739,C00423,2025-12-02 13:37:20,2025-12-07 13:37:20,Standard Class,Corporate,West,Furniture,Bookcases,920.26,7,0.081,-56.08,2025-12,2025,5.0,-6.093929976311043
ORD03191,C00025,2025-12-02 17:56:07,2025-12-04 17:56:07,First Class,Consumer,North,Technology,Phones,255.8,2,0.072,30.17,2025-12,2025,2.0,11.794370602032838
ORD02515,C00013,2025-12-02 21:52:55,2025-12-05 21:52:55,Second Class,Consumer,South,Technology,Phones,921.98,7,0.5,-276.82,2025-12,2025,3.0,-30.024512462309378
ORD00980,C00744,2025-12-02 22:20:58,2025-12-05 22:20:58,Standard Class,Home Office,South,Office Supplies,Paper,77.71,2,0.099,3.0,2025-12,2025,3.0,3.860507013254408
ORD01116,C00731,2025-12-03 02:13:59,2025-12-07 02:13:59,Standard Class,Home Office,West,Technology,Laptops,115.39,1,0.264,3.72,2025-12,2025,4.0,3.2238495536874945
ORD01399,C00689,2025-12-03 03:24:37,2025-12-04 03:24:37,First Class,Consumer,East,Office Supplies,Paper,145.39,5,0.122,-2.35,2025-12,2025,1.0,-1.6163422518742694
ORD01432,C00386,2025-12-03 04:26:49,2025-12-07 04:26:49,Standard Class,Consumer,East,Office Supplies,Appliances,137.93,4,0.095,17.28,2025-12,2025,4.0,12.528093960704705
ORD00315,C00730,2025-12-03 08:59:45,2025-12-05 08:59:45,Second Class,Corporate,South,Office Supplies,Storage,218.55,7,0.095,14.4,2025-12,2025,2.0,6.5888812628689095
ORD00360,C00273,2025-12-03 09:44:37,2025-12-05 09:44:37,Second Class,Consumer,East,Office Supplies,Storage,147.32,8,0.146,0.27,2025-12,2025,2.0,0.18327450448004345
ORD02622,C00704,2025-12-03 12:05:44,2025-12-05 12:05:44,First Class,Corporate,East,Technology,Laptops,1102.14,8,0.302,-107.26,2025-12,2025,2.0,-9.73197597401419
ORD01211,C00778,2025-12-03 14:05:51,2025-12-05 14:05:51,Second Class,Corporate,East,Furniture,Bookcases,801.78,7,0.077,89.5,2025-12,2025,2.0,11.162663074658884
ORD01345,C00495,2025-12-03 17:00:45,2025-12-07 17:00:45,Second Class,Consumer,West,Office Supplies,Art,68.9,3,0.414,-14.39,2025-12,2025,4.0,-20.88534107402032
ORD01444,C00827,2025-12-03 17:10:08,2025-12-06 17:10:08,Second Class,Corporate,West,Technology,Accessories,154.33,1,0.053,26.3,2025-12,2025,3.0,17.041404781960733
ORD00261,C00116,2025-12-04 02:17:13,2025-12-06 02:17:13,Second Class,Corporate,West,Furniture,Chairs,510.71,3,0.062,48.3,2025-12,2025,2.0,9.457422020324646
ORD00083,C00077,2025-12-04 03:03:07,2025-12-08 03:03:07,Second Class,Home Office,East,Office Supplies,Paper,126.74,4,0.058,11.87,2025-12,2025,4.0,9.365630424491084
ORD01869,C00590,2025-12-04 03:27:38,2025-12-07 03:27:38,Second Class,Consumer,South,Furniture,Furnishings,115.88,1,0.138,-5.61,2025-12,2025,3.0,-4.841215050051778
ORD02411,C00927,2025-12-04 03:28:19,2025-12-07 03:28:19,Standard Class,Consumer,South,Technology,Accessories,505.17,5,0.355,-39.95,2025-12,2025,3.0,-7.908228913039175
ORD01715,C00781,2025-12-04 04:13:23,2025-12-08 04:13:23,Second Class,Home Office,East,Furniture,Furnishings,466.43,2,0.394,-91.15,2025-12,2025,4.0,-19.54205346997406
ORD00823,C00376,2025-12-04 09:55:12,2025-12-07 09:55:12,Standard Class,Consumer,West,Office Supplies,Paper,92.8,4,0.077,1.13,2025-12,2025,3.0,1.2176724137931034
ORD01564,C00812,2025-12-04 23:49:06,2025-12-08 23:49:06,Standard Class,Consumer,South,Furniture,Furnishings,1139.8,7,0.142,-37.21,2025-12,2025,4.0,-3.264607825934375
ORD03595,C00595,2025-12-05 02:22:15,2025-12-09 02:22:15,Standard Class,Consumer,North,Office Supplies,Storage,80.3,3,0.169,5.29,2025-12,2025,4.0,6.587795765877957
ORD03109,C00756,2025-12-05 11:40:19,2025-12-08 11:40:19,First Class,Home Office,East,Office Supplies,Art,136.21,2,0.069,3.77,2025-12,2025,3.0,2.767785037809265
ORD01876,C00727,2025-12-05 17:21:25,2025-12-09 17:21:25,Second Class,Home Office,South,Office Supplies,Storage,213.05,5,0.179,13.82,2025-12,2025,4.0,6.486740201830556
ORD01821,C00363,2025-12-05 18:05:15,2025-12-05 18:05:15,Same Day,Consumer,East,Technology,Laptops,761.06,5,0.079,71.07,2025-12,2025,0.0,9.338291330512707
ORD00993,C00306,2025-12-06 08:22:59,2025-12-09 08:22:59,First Class,Consumer,North,Office Supplies,Binders,114.67,5,0.045,17.57,2025-12,2025,3.0,15.322229004970787
ORD00236,C00268,2025-12-06 18:22:13,2025-12-09 18:22:13,Second Class,Home Office,South,Technology,Phones,622.38,6,0.078,40.22,2025-12,2025,3.0,6.462289919341881
ORD01253,C00155,2025-12-06 21:33:01,2025-12-09 21:33:01,Second Class,Corporate,East,Furniture,Tables,474.91,3,0.089,11.6,2025-12,2025,3.0,2.442568065528205
ORD03185,C00102,2025-12-07 06:46:13,2025-12-12 06:46:13,Standard Class,Corporate,North,Office Supplies,Storage,243.5,7,0.128,-2.28,2025-12,2025,5.0,-0.9363449691991786
ORD02191,C00740,2025-12-07 08:13:47,2025-12-09 08:13:47,First Class,Consumer,North,Office Supplies,Binders,218.32,6,0.109,15.49,2025-12,2025,2.0,7.0950897764749
ORD02138,C00325,2025-12-07 17:28:00,2025-12-08 17:28:00,Same Day,Consumer,North,Office Supplies,Appliances,74.26,2,0.117,10.13,2025-12,2025,1.0,13.641260436304876
ORD02127,C00439,2025-12-07 18:47:51,2025-12-09 18:47:51,First Class,Corporate,East,Office Supplies,Storage,366.01,6,0.277,-44.8,2025-12,2025,2.0,-12.240102729433621
ORD03454,C00275,2025-12-07 19:56:23,2025-12-10 19:56:23,Standard Class,Home Office,South,Furniture,Chairs,190.59,2,0.095,4.41,2025-12,2025,3.0,2.3138674641901464
ORD01777,C00396,2025-12-07 20:47:50,2025-12-10 20:47:50,First Class,Consumer,West,Office Supplies,Paper,42.59,2,0.208,0.9,2025-12,2025,3.0,2.1131721061281987
ORD02021,C00225,2025-12-07 23:46:25,2025-12-09 23:46:25,Second Class,Corporate,North,Furniture,Bookcases,1384.15,6,0.141,16.69,2025-12,2025,2.0,1.2057941697070405
ORD00639,C00188,2025-12-08 04:32:26,2025-12-12 04:32:26,Standard Class,Consumer,West,Office Supplies,Paper,268.55,8,0.235,-30.51,2025-12,2025,4.0,-11.361012846769688
ORD00898,C00941,2025-12-08 11:58:12,2025-12-13 11:58:12,Standard Class,Consumer,West,Office Supplies,Art,46.51,2,0.08,4.89,2025-12,2025,5.0,10.513867985379488
ORD00003,C00036,2025-12-08 14:12:08,2025-12-13 14:12:08,Standard Class,Consumer,West,Office Supplies,Storage,399.35,7,0.112,61.75,2025-12,2025,5.0,15.462626768498811
ORD01946,C00274,2025-12-08 14:18:34,2025-12-11 14:18:34,Standard Class,Consumer,South,Office Supplies,Paper,50.42,2,0.256,-3.33,2025-12,2025,3.0,-6.604522015073383
ORD02126,C00747,2025-12-08 15:25:13,2025-12-12 15:25:13,Standard Class,Corporate,North,Office Supplies,Paper,506.11,7,0.186,11.7,2025-12,2025,4.0,2.311750409989923
ORD01952,C00851,2025-12-08 16:54:51,2025-12-12 16:54:51,Standard Class,Consumer,North,Office Supplies,Appliances,218.89,8,0.392,-42.63,2025-12,2025,4.0,-19.475535657179407
ORD02403,C00331,2025-12-08 17:48:53,2025-12-13 17:48:53,Standard Class,Corporate,West,Technology,Accessories,803.88,6,0.088,121.37,2025-12,2025,5.0,15.098024580783202
ORD03754,C00036,2025-12-08 22:23:53,2025-12-13 22:23:53,Standard Class,Consumer,North,Office Supplies,Binders,69.05,2,0.11,3.71,2025-12,2025,5.0,5.372918175235337
ORD00885,C00172,2025-12-08 23:09:39,2025-12-13 23:09:39,Standard Class,Corporate,West,Office Supplies,Paper,149.55,2,0.11,9.05,2025-12,2025,5.0,6.051487796723504
ORD00617,C00400,2025-12-09 02:21:33,2025-12-09 02:21:33,Same Day,Consumer,West,Furniture,Tables,847.55,6,0.278,-116.58,2025-12,2025,0.0,-13.754940711462451
ORD01241,C00762,2025-12-09 05:55:53,2025-12-14 05:55:53,Standard Class,Consumer,North,Furniture,Chairs,531.06,8,0.074,22.9,2025-12,2025,5.0,4.312130456068995
ORD01628,C00510,2025-12-09 06:31:47,2025-12-13 06:31:47,Standard Class,Corporate,North,Office Supplies,Appliances,236.28,6,0.027,30.28,2025-12,2025,4.0,12.81530387675639
ORD03383,C00510,2025-12-09 08:36:22,2025-12-11 08:36:22,First Class,Home Office,East,Furniture,Tables,169.01,1,0.263,-26.51,2025-12,2025,2.0,-15.685462398674638
ORD00611,C00237,2025-12-09 13:56:47,2025-12-13 13:56:47,Second Class,Consumer,East,Office Supplies,Appliances,363.46,7,0.063,19.47,2025-12,2025,4.0,5.356848071314587
ORD01779,C00925,2025-12-09 14:37:45,2025-12-11 14:37:45,Second Class,Corporate,North,Office Supplies,Appliances,106.55,5,0.084,15.19,2025-12,2025,2.0,14.256217738151102
ORD03042,C00346,2025-12-09 14:50:31,2025-12-14 14:50:31,Standard Class,Consumer,West,Technology,Accessories,180.45,1,0.041,23.24,2025-12,2025,5.0,12.87891382654475
ORD01882,C00803,2025-12-09 17:54:01,2025-12-12 17:54:01,Standard Class,Home Office,North,Furniture,Tables,1083.89,8,0.228,-123.94,2025-12,2025,3.0,-11.434739687606674
ORD00221,C00722,2025-12-09 18:58:24,2025-12-10 18:58:24,Same Day,Consumer,East,Office Supplies,Art,136.8,2,0.277,-9.67,2025-12,2025,1.0,-7.068713450292396
ORD01685,C00585,2025-12-09 22:17:16,2025-12-13 22:17:16,Standard Class,Home Office,East,Furniture,Furnishings,672.49,3,0.101,11.13,2025-12,2025,4.0,1.6550431976683668
ORD03453,C00087,2025-12-09 23:18:43,2025-12-13 23:18:43,Second Class,Home Office,East,Technology,Phones,714.13,4,0.188,34.94,2025-12,2025,4.0,4.892666601319087
ORD03482,C00255,2025-12-10 02:02:35,2025-12-11 02:02:35,First Class,Home Office,North,Office Supplies,Paper,110.92,5,0.157,-0.47,2025-12,2025,1.0,-0.423728813559322
ORD02214,C00332,2025-12-10 04:01:30,2025-12-15 04:01:30,Standard Class,Consumer,South,Furniture,Furnishings,1317.59,6,0.11,39.97,2025-12,2025,5.0,3.0335688643660017
ORD00771,C00242,2025-12-10 10:00:10,2025-12-13 10:00:10,First Class,Corporate,West,Office Supplies,Art,46.63,1,0.196,0.05,2025-12,2025,3.0,0.1072271070126528
ORD02526,C00511,2025-12-10 10:23:56,2025-12-14 10:23:56,Standard Class,Home Office,South,Office Supplies,Storage,148.36,6,0.241,-2.85,2025-12,2025,4.0,-1.9210029657589647
ORD02336,C00045,2025-12-10 19:30:22,2025-12-12 19:30:22,Second Class,Consumer,South,Technology,Laptops,191.21,2,0.102,11.57,2025-12,2025,2.0,6.050938758433136
ORD02665,C00696,2025-12-11 09:04:17,2025-12-15 09:04:17,Second Class,Consumer,West,Technology,Laptops,164.23,1,0.154,14.14,2025-12,2025,4.0,8.609876392863667
ORD00710,C00243,2025-12-11 12:14:41,2025-12-15 12:14:41,Standard Class,Consumer,North,Office Supplies,Paper,152.36,5,0.081,24.18,2025-12,2025,4.0,15.870307167235492
ORD03545,C00924,2025-12-11 14:04:13,2025-12-14 14:04:13,Standard Class,Consumer,North,Office Supplies,Storage,337.8,6,0.171,9.19,2025-12,2025,3.0,2.7205447010065127
ORD03804,C00776,2025-12-11 23:38:03,2025-12-16 23:38:03,Standard Class,Home Office,North,Technology,Accessories,219.27,2,0.248,-7.79,2025-12,2025,5.0,-3.5526975874492632
ORD03320,C00413,2025-12-12 07:47:16,2025-12-15 07:47:16,Second Class,Home Office,South,Technology,Laptops,971.77,7,0.037,60.8,2025-12,2025,3.0,6.256624509914897
ORD00789,C00250,2025-12-12 20:43:16,2025-12-15 20:43:16,Second Class,Home Office,West,Technology,Phones,467.4,4,0.168,3.09,2025-12,2025,3.0,0.6611039794608473
ORD00843,C00593,2025-12-12 22:02:47,2025-12-15 22:02:47,Second Class,Corporate,West,Furniture,Tables,363.71,3,0.155,3.52,2025-12,2025,3.0,0.9678040196860136
ORD01202,C00869,2025-12-13 03:34:01,2025-12-14 03:34:01,First Class,Consumer,North,Technology,Accessories,172.17,1,0.255,19.03,2025-12,2025,1.0,11.053028982981939
ORD01743,C00672,2025-12-13 04:26:08,2025-12-17 04:26:08,Standard Class,Corporate,East,Technology,Accessories,503.25,5,0.147,35.19,2025-12,2025,4.0,6.9925484351713845
ORD02240,C00618,2025-12-13 04:54:12,2025-12-17 04:54:12,Standard Class,Consumer,East,Technology,Laptops,716.7,6,0.12,73.8,2025-12,2025,4.0,10.297195479280033
ORD03227,C00440,2025-12-13 05:17:50,2025-12-16 05:17:50,Standard Class,Corporate,South,Office Supplies,Art,266.01,6,0.196,-22.48,2025-12,2025,3.0,-8.450810119920305
ORD01097,C00513,2025-12-13 06:53:42,2025-12-18 06:53:42,Standard Class,Consumer,East,Office Supplies,Paper,185.98,6,0.099,18.62,2025-12,2025,5.0,10.01182922894935
ORD02925,C00246,2025-12-13 09:43:29,2025-12-17 09:43:29,Second Class,Consumer,South,Office Supplies,Storage,162.6,6,0.16,-8.57,2025-12,2025,4.0,-5.27060270602706
ORD00509,C00433,2025-12-13 13:07:02,2025-12-16 13:07:02,Standard Class,Corporate,South,Technology,Accessories,491.21,3,0.174,22.67,2025-12,2025,3.0,4.615134056717087
ORD01502,C00714,2025-12-13 13:46:09,2025-12-16 13:46:09,Second Class,Home Office,South,Office Supplies,Storage,96.72,4,0.134,2.71,2025-12,2025,3.0,2.8019023986765923
ORD01155,C00727,2025-12-13 20:45:15,2025-12-14 20:45:15,First Class,Consumer,North,Office Supplies,Binders,263.58,6,0.077,35.48,2025-12,2025,1.0,13.460808862584415
ORD00703,C00086,2025-12-13 23:09:16,2025-12-16 23:09:16,Standard Class,Corporate,North,Office Supplies,Storage,285.28,6,0.261,-13.85,2025-12,2025,3.0,-4.854879416713405
ORD01433,C00149,2025-12-13 23:56:30,2025-12-16 23:56:30,Standard Class,Corporate,North,Office Supplies,Paper,164.35,5,0.029,28.88,2025-12,2025,3.0,17.572254335260116
ORD01418,C00934,2025-12-14 07:31:32,2025-12-17 07:31:32,First Class,Consumer,West,Technology,Accessories,494.54,4,0.229,-3.3,2025-12,2025,3.0,-0.6672867715452743
ORD03073,C00262,2025-12-14 08:24:59,2025-12-18 08:24:59,Second Class,Home Office,West,Furniture,Bookcases,1036.15,5,0.224,-24.07,2025-12,2025,4.0,-2.3230227283694447
ORD01319,C00437,2025-12-14 21:06:19,2025-12-17 21:06:19,Standard Class,Corporate,South,Office Supplies,Binders,65.84,3,0.081,0.97,2025-12,2025,3.0,1.4732685297691372
ORD00068,C00053,2025-12-14 23:21:41,2025-12-17 23:21:41,Second Class,Corporate,East,Office Supplies,Appliances,223.55,5,0.233,-10.26,2025-12,2025,3.0,-4.589577275777231
ORD00133,C00067,2025-12-15 02:08:29,2025-12-19 02:08:29,Standard Class,Corporate,East,Office Supplies,Appliances,470.93,7,0.094,34.99,2025-12,2025,4.0,7.429978977767397
ORD00360,C00394,2025-12-15 09:40:12,2025-12-20 09:40:12,Standard Class,Consumer,West,Office Supplies,Storage,178.69,4,0.102,8.13,2025-12,2025,5.0,4.549778946779339
ORD01875,C00184,2025-12-15 13:31:09,2025-12-19 13:31:09,Standard Class,Consumer,South,Office Supplies,Art,86.67,3,0.289,-6.49,2025-12,2025,4.0,-7.488173531787239
ORD00749,C00549,2025-12-15 14:14:07,2025-12-19 14:14:07,Standard Class,Home Office,North,Technology,Laptops,592.25,5,0.067,110.42,2025-12,2025,4.0,18.644153651329674
ORD03685,C00875,2025-12-15 18:20:26,2025-12-16 18:20:26,First Class,Consumer,South,Office Supplies,Storage,139.88,4,0.139,-2.48,2025-12,2025,1.0,-1.7729482413497282
ORD03492,C00721,2025-12-15 20:00:56,2025-12-19 20:00:56,Second Class,Consumer,North,Furniture,Chairs,1031.03,5,0.186,-42.24,2025-12,2025,4.0,-4.096873999786622
ORD02872,C00531,2025-12-16 02:04:41,2025-12-19 02:04:41,Standard Class,Consumer,North,Furniture,Furnishings,377.49,4,0.101,15.43,2025-12,2025,3.0,4.087525497364168
ORD03487,C00390,2025-12-16 07:55:39,2025-12-18 07:55:39,Second Class,Consumer,East,Furniture,Furnishings,673.6,3,0.152,-30.83,2025-12,2025,2.0,-4.57690023752969
ORD02998,C00927,2025-12-16 09:13:26,2025-12-20 09:13:26,Standard Class,Consumer,East,Furniture,Chairs,216.22,3,0.051,8.33,2025-12,2025,4.0,3.852557580242346
ORD03527,C00571,2025-12-16 10:04:34,2025-12-19 10:04:34,Standard Class,Consumer,East,Technology,Accessories,406.62,3,0.182,-7.16,2025-12,2025,3.0,-1.7608578033544833
ORD01400,C00897,2025-12-16 10:25:08,2025-12-19 10:25:08,Second Class,Consumer,West,Office Supplies,Art,378.97,6,0.149,19.1,2025-12,2025,3.0,5.0399767791645775
ORD02917,C00237,2025-12-16 13:11:16,2025-12-19 13:11:16,Standard Class,Consumer,East,Technology,Accessories,152.67,1,0.014,26.44,2025-12,2025,3.0,17.31839916159036
ORD03085,C00318,2025-12-16 13:24:27,2025-12-19 13:24:27,Second Class,Corporate,West,Office Supplies,Binders,302.11,5,0.384,-51.25,2025-12,2025,3.0,-16.964019727913673
ORD03853,C00272,2025-12-16 18:32:19,2025-12-17 18:32:19,First Class,Home Office,West,Office Supplies,Binders,69.86,1,0.074,3.21,2025-12,2025,1.0,4.59490409390209
ORD01575,C00362,2025-12-16 23:59:11,2025-12-20 23:59:11,Standard Class,Corporate,West,Furniture,Tables,945.32,5,0.166,6.61,2025-12,2025,4.0,0.6992341217788686
ORD01519,C00657,2025-12-17 03:12:15,2025-12-21 03:12:15,Standard Class,Corporate,South,Technology,Accessories,202.37,2,0.168,7.56,2025-12,2025,4.0,3.7357315807679004
ORD03299,C00249,2025-12-17 09:54:07,2025-12-21 09:54:07,Standard Class,Consumer,North,Furniture,Bookcases,126.29,2,0.066,0.72,2025-12,2025,4.0,0.5701163987647477
ORD01258,C00655,2025-12-17 17:14:24,2025-12-20 17:14:24,Second Class,Consumer,South,Furniture,Chairs,165.24,2,0.341,-26.1,2025-12,2025,3.0,-15.795206971677562
ORD00282,C00594,2025-12-17 18:29:44,2025-12-22 18:29:44,Standard Class,Consumer,West,Office Supplies,Storage,34.75,2,0.352,-1.49,2025-12,2025,5.0,-4.287769784172662
ORD01457,C00803,2025-12-17 23:10:05,2025-12-20 23:10:05,Second Class,Consumer,East,Office Supplies,Art,216.13,5,0.07,25.94,2025-12,2025,3.0,12.00203581177995
ORD03358,C00382,2025-12-18 03:03:51,2025-12-21 03:03:51,Second Class,Corporate,South,Office Supplies,Art,54.87,1,0.24,-9.01,2025-12,2025,3.0,-16.42063058137416
ORD03277,C00618,2025-12-18 09:34:35,2025-12-21 09:34:35,Standard Class,Consumer,North,Office Supplies,Paper,286.48,5,0.185,-1.84,2025-12,2025,3.0,-0.6422786931024853
ORD01185,C00602,2025-12-18 13:56:06,2025-12-21 13:56:06,First Class,Consumer,North,Technology,Phones,393.94,4,0.068,0.97,2025-12,2025,3.0,0.24623039041478398
ORD00429,C00762,2025-12-18 15:58:43,2025-12-22 15:58:43,Standard Class,Consumer,South,Office Supplies,Art,250.65,5,0.181,4.45,2025-12,2025,4.0,1.7753840015958509
ORD03356,C00081,2025-12-18 21:28:01,2025-12-21 21:28:01,Second Class,Corporate,East,Office Supplies,Storage,348.17,7,0.146,24.66,2025-12,2025,3.0,7.082746933969037
ORD03309,C00241,2025-12-18 23:26:55,2025-12-21 23:26:55,First Class,Home Office,West,Office Supplies,Binders,186.16,4,0.029,31.77,2025-12,2025,3.0,17.06596476149549
ORD02862,C00022,2025-12-19 07:32:44,2025-12-24 07:32:44,Standard Class,Consumer,North,Technology,Phones,777.99,6,0.186,36.93,2025-12,2025,5.0,4.74684764585663
ORD01387,C00579,2025-12-19 10:55:33,2025-12-24 10:55:33,Standard Class,Consumer,East,Office Supplies,Appliances,294.88,4,0.027,44.44,2025-12,2025,5.0,15.07053716766142
ORD01400,C00215,2025-12-19 15:05:09,2025-12-23 15:05:09,Standard Class,Corporate,East,Office Supplies,Binders,104.68,2,0.282,-8.72,2025-12,2025,4.0,-8.330149025601834
ORD03252,C00743,2025-12-19 17:04:08,2025-12-24 17:04:08,Standard Class,Consumer,East,Furniture,Bookcases,1070.87,7,0.139,73.36,2025-12,2025,5.0,6.850504729799136
ORD03494,C00666,2025-12-19 17:38:31,2025-12-22 17:38:31,Standard Class,Corporate,North,Office Supplies,Binders,105.48,2,0.17,-0.35,2025-12,2025,3.0,-0.33181645809632154
ORD00212,C00743,2025-12-19 17:48:28,2025-12-23 17:48:28,Second Class,Home Office,West,Furniture,Chairs,2199.97,8,0.048,93.52,2025-12,2025,4.0,4.2509670586417085
ORD00903,C00789,2025-12-19 18:12:40,2025-12-21 18:12:40,First Class,Consumer,East,Technology,Laptops,166.19,1,0.282,5.17,2025-12,2025,2.0,3.110897165894458
ORD01745,C00516,2025-12-19 19:03:35,2025-12-20 19:03:35,Same Day,Consumer,West,Technology,Accessories,204.0,1,0.043,56.45,2025-12,2025,1.0,27.67156862745098
ORD03190,C00362,2025-12-19 19:28:01,2025-12-23 19:28:01,Second Class,Corporate,North,Technology,Phones,1113.38,8,0.355,-241.28,2025-12,2025,4.0,-21.6709479243385
ORD01868,C00211,2025-12-19 21:06:38,2025-12-22 21:06:38,Second Class,Consumer,North,Office Supplies,Binders,77.93,3,0.003,16.4,2025-12,2025,3.0,21.04452713974079
ORD01383,C00177,2025-12-19 23:05:08,2025-12-23 23:05:08,Standard Class,Home Office,South,Office Supplies,Binders,198.05,4,0.127,-6.13,2025-12,2025,4.0,-3.0951779853572328
ORD03816,C00729,2025-12-20 02:01:05,2025-12-23 02:01:05,Standard Class,Consumer,East,Office Supplies,Appliances,333.07,7,0.102,17.27,2025-12,2025,3.0,5.185096226018555
ORD02467,C00756,2025-12-20 07:25:35,2025-12-23 07:25:35,Second Class,Consumer,West,Furniture,Furnishings,446.75,2,0.069,42.87,2025-12,2025,3.0,9.595970900951315
ORD01798,C00161,2025-12-20 08:07:47,2025-12-23 08:07:47,Standard Class,Corporate,North,Office Supplies,Art,83.22,2,0.097,0.33,2025-12,2025,3.0,0.39653929343907723
ORD02133,C00257,2025-12-20 10:39:49,2025-12-24 10:39:49,Standard Class,Consumer,East,Office Supplies,Art,309.31,6,0.173,-13.42,2025-12,2025,4.0,-4.3386893407907925
ORD01659,C00495,2025-12-20 12:04:54,2025-12-25 12:04:54,Standard Class,Home Office,East,Furniture,Bookcases,170.02,2,0.218,-16.38,2025-12,2025,5.0,-9.634160686978001
ORD03430,C00666,2025-12-20 18:44:46,2025-12-24 18:44:46,Second Class,Corporate,North,Technology,Accessories,98.21,1,0.204,-0.11,2025-12,2025,4.0,-0.11200488748599939
ORD01510,C00371,2025-12-20 21:56:07,2025-12-23 21:56:07,Second Class,Corporate,West,Furniture,Tables,697.62,4,0.119,1.41,2025-12,2025,3.0,0.20211576502967232
ORD01981,C00660,2025-12-21 05:44:08,2025-12-23 05:44:08,Same Day,Consumer,South,Office Supplies,Art,55.6,4,0.103,4.73,2025-12,2025,2.0,8.507194244604317
ORD02155,C00245,2025-12-21 05:47:04,2025-12-24 05:47:04,Standard Class,Consumer,East,Technology,Phones,944.76,6,0.069,125.27,2025-12,2025,3.0,13.259452135992209
ORD02885,C00153,2025-12-21 08:27:32,2025-12-22 08:27:32,Same Day,Consumer,North,Technology,Accessories,141.53,1,0.398,-26.07,2025-12,2025,1.0,-18.420122942132412
ORD01654,C00423,2025-12-21 12:08:04,2025-12-26 12:08:04,Standard Class,Corporate,East,Furniture,Chairs,761.09,6,0.079,27.09,2025-12,2025,5.0,3.559368800010511
ORD00972,C00710,2025-12-21 17:43:01,2025-12-24 17:43:01,Second Class,Home Office,North,Office Supplies,Paper,200.82,5,0.236,-14.39,2025-12,2025,3.0,-7.165620954088239
ORD01878,C00429,2025-12-21 23:34:59,2025-12-24 23:34:59,Standard Class,Consumer,East,Technology,Accessories,780.92,6,0.206,-96.22,2025-12,2025,3.0,-12.321364544383547
ORD00891,C00197,2025-12-22 01:10:56,2025-12-26 01:10:56,Second Class,Consumer,North,Furniture,Furnishings,967.87,4,0.172,-66.56,2025-12,2025,4.0,-6.876956616074473
ORD00727,C00390,2025-12-22 05:15:10,2025-12-26 05:15:10,Standard Class,Consumer,West,Office Supplies,Appliances,94.61,5,0.192,6.49,2025-12,2025,4.0,6.859739985202411
ORD00984,C00229,2025-12-22 06:09:07,2025-12-27 06:09:07,Standard Class,Home Office,South,Office Supplies,Storage,175.45,3,0.368,-31.88,2025-12,2025,5.0,-18.170418922770022
ORD03634,C00674,2025-12-22 12:27:56,2025-12-25 12:27:56,Standard Class,Corporate,South,Office Supplies,Appliances,27.96,2,0.095,2.7,2025-12,2025,3.0,9.656652360515022
ORD02032,C00023,2025-12-22 16:20:25,2025-12-24 16:20:25,Same Day,Corporate,South,Office Supplies,Art,308.32,8,0.202,-16.2,2025-12,2025,2.0,-5.254281266216918
ORD01315,C00213,2025-12-23 01:36:36,2025-12-27 01:36:36,Standard Class,Corporate,North,Office Supplies,Appliances,148.12,6,0.243,-9.74,2025-12,2025,4.0,-6.5757493923845525
ORD03675,C00923,2025-12-23 02:21:23,2025-12-23 02:21:23,Same Day,Consumer,South,Furniture,Bookcases,212.68,2,0.22,-21.85,2025-12,2025,0.0,-10.27365055482415
ORD01863,C00117,2025-12-23 08:15:17,2025-12-28 08:15:17,Standard Class,Corporate,South,Technology,Laptops,425.19,4,0.075,72.91,2025-12,2025,5.0,17.147628119193772
ORD02093,C00856,2025-12-23 11:15:29,2025-12-28 11:15:29,Standard Class,Consumer,North,Office Supplies,Paper,133.17,8,0.109,19.64,2025-12,2025,5.0,14.748066381317116
ORD01651,C00446,2025-12-23 13:42:00,2025-12-25 13:42:00,Second Class,Consumer,South,Office Supplies,Binders,109.87,5,0.344,-18.48,2025-12,2025,2.0,-16.819878037680898
ORD02986,C00648,2025-12-23 21:40:19,2025-12-26 21:40:19,Standard Class,Consumer,West,Technology,Accessories,132.13,1,0.282,5.89,2025-12,2025,3.0,4.457731022477863
ORD03043,C00051,2025-12-23 23:36:20,2025-12-28 23:36:20,Standard Class,Home Office,East,Office Supplies,Art,287.73,8,0.054,38.0,2025-12,2025,5.0,13.206825843672886
ORD00972,C00658,2025-12-24 05:47:15,2025-12-27 05:47:15,Second Class,Consumer,North,Technology,Accessories,984.51,6,0.373,-121.38,2025-12,2025,3.0,-12.328975835694914
ORD01854,C00780,2025-12-24 06:59:13,2025-12-26 06:59:13,Second Class,Consumer,East,Office Supplies,Paper,418.23,7,0.024,54.87,2025-12,2025,2.0,13.119575353274513
ORD03626,C00458,2025-12-24 17:01:36,2025-12-29 17:01:36,Standard Class,Consumer,West,Technology,Phones,1324.74,7,0.192,235.37,2025-12,2025,5.0,17.767259990639673
ORD01591,C00053,2025-12-24 23:53:19,2025-12-26 23:53:19,Second Class,Consumer,South,Furniture,Tables,909.39,6,0.208,-157.71,2025-12,2025,2.0,-17.342394352258108
ORD01166,C00478,2025-12-25 00:28:16,2025-12-29 00:28:16,Second Class,Corporate,South,Technology,Accessories,718.88,5,0.08,118.61,2025-12,2025,4.0,16.499276652570664
ORD02162,C00812,2025-12-25 04:34:33,2025-12-26 04:34:33,First Class,Consumer,South,Furniture,Furnishings,718.45,4,0.148,-38.49,2025-12,2025,1.0,-5.357366552996033
ORD01107,C00240,2025-12-25 09:43:19,2025-12-30 09:43:19,Standard Class,Corporate,South,Office Supplies,Storage,417.63,8,0.118,44.16,2025-12,2025,5.0,10.573953020616335
ORD02200,C00788,2025-12-25 10:25:11,2025-12-30 10:25:11,Standard Class,Consumer,East,Technology,Accessories,827.4,6,0.052,56.56,2025-12,2025,5.0,6.835871404399324
ORD03064,C00358,2025-12-25 15:30:05,2025-12-26 15:30:05,First Class,Consumer,North,Office Supplies,Storage,122.33,2,0.143,2.79,2025-12,2025,1.0,2.2807160958064254
ORD03809,C00471,2025-12-25 17:59:43,2025-12-29 17:59:43,Second Class,Corporate,South,Technology,Accessories,849.0,6,0.17,66.56,2025-12,2025,4.0,7.839811542991755
ORD01767,C00770,2025-12-25 21:18:50,2025-12-28 21:18:50,Standard Class,Consumer,North,Furniture,Tables,658.42,8,0.166,-0.99,2025-12,2025,3.0,-0.15035995261383311
ORD00102,C00567,2025-12-25 22:50:30,2025-12-28 22:50:30,Second Class,Corporate,North,Furniture,Furnishings,998.21,7,0.072,3.58,2025-12,2025,3.0,0.3586419691247333
ORD03696,C00186,2025-12-26 03:48:57,2025-12-27 03:48:57,First Class,Home Office,North,Technology,Accessories,1140.6,8,0.147,112.63,2025-12,2025,1.0,9.87462738909346
ORD00201,C00888,2025-12-26 06:30:52,2025-12-31 06:30:52,Standard Class,Corporate,East,Office Supplies,Paper,493.05,7,0.028,31.33,2025-12,2025,5.0,6.354325119156272
ORD01947,C00096,2025-12-26 06:52:23,2025-12-27 06:52:23,First Class,Home Office,East,Office Supplies,Paper,246.15,7,0.121,9.86,2025-12,2025,1.0,4.005687588868575
ORD03181,C00136,2025-12-26 16:14:33,2025-12-31 16:14:33,Standard Class,Corporate,West,Technology,Phones,1184.76,7,0.039,173.56,2025-12,2025,5.0,14.649380465241906
ORD02888,C00365,2025-12-26 19:35:45,2025-12-29 19:35:45,Standard Class,Consumer,East,Office Supplies,Binders,34.95,1,0.192,-1.81,2025-12,2025,3.0,-5.178826895565092
ORD02997,C00946,2025-12-27 00:35:41,2025-12-30 00:35:41,First Class,Consumer,North,Furniture,Tables,1187.45,5,0.144,-85.09,2025-12,2025,3.0,-7.165775401069519
ORD02384,C00725,2025-12-27 01:03:51,2025-12-30 01:03:51,Standard Class,Consumer,South,Technology,Laptops,948.17,6,0.098,97.73,2025-12,2025,3.0,10.307223388210977
ORD00132,C00106,2025-12-27 03:10:28,2025-12-30 03:10:28,First Class,Corporate,South,Technology,Phones,875.08,5,0.283,-55.45,2025-12,2025,3.0,-6.336563514192988
ORD02214,C00422,2025-12-27 05:09:24,2025-12-30 05:09:24,Standard Class,Consumer,North,Furniture,Furnishings,246.42,2,0.263,-45.64,2025-12,2025,3.0,-18.521223926629332
ORD03353,C00797,2025-12-27 05:19:12,2026-01-01 05:19:12,Standard Class,Consumer,South,Office Supplies,Binders,291.17,5,0.038,26.88,2025-12,2025,5.0,9.23172030085517
ORD03310,C00932,2025-12-27 11:36:48,2025-12-30 11:36:48,Standard Class,Home Office,West,Technology,Laptops,1121.26,7,0.276,81.77,2025-12,2025,3.0,7.292688582487558
ORD00727,C00774,2025-12-27 16:32:15,2025-12-30 16:32:15,Standard Class,Consumer,North,Furniture,Tables,295.15,2,0.084,3.02,2025-12,2025,3.0,1.0232085380315095
ORD02848,C00290,2025-12-27 19:05:53,2025-12-30 19:05:53,Standard Class,Consumer,East,Technology,Laptops,497.36,3,0.292,-46.69,2025-12,2025,3.0,-9.38756635032974
ORD01584,C00033,2025-12-28 03:28:00,2025-12-31 03:28:00,Standard Class,Home Office,North,Technology,Laptops,850.55,8,0.312,-41.88,2025-12,2025,3.0,-4.923872788195874
ORD00061,C00111,2025-12-28 03:47:34,2025-12-31 03:47:34,Second Class,Corporate,East,Office Supplies,Appliances,296.09,6,0.218,-39.56,2025-12,2025,3.0,-13.360802458711879
ORD01271,C00318,2025-12-28 13:28:50,2025-12-31 13:28:50,Second Class,Corporate,West,Technology,Phones,919.15,6,0.024,181.79,2025-12,2025,3.0,19.7780558124354
ORD00045,C00410,2025-12-28 13:47:05,2026-01-01 13:47:05,Second Class,Home Office,East,Office Supplies,Appliances,119.92,7,0.12,7.37,2025-12,2025,4.0,6.145763842561708
ORD02382,C00037,2025-12-28 14:59:03,2026-01-01 14:59:03,Second Class,Consumer,East,Furniture,Tables,598.84,5,0.206,-42.88,2025-12,2025,4.0,-7.160510319951907
ORD03491,C00102,2025-12-28 20:02:49,2026-01-01 20:02:49,Second Class,Consumer,South,Office Supplies,Binders,97.07,4,0.153,9.12,2025-12,2025,4.0,9.395281755434223
ORD01188,C00274,2025-12-29 04:47:28,2026-01-01 04:47:28,Standard Class,Consumer,East,Office Supplies,Paper,97.31,7,0.076,5.64,2025-12,2025,3.0,5.795909978419483
ORD00833,C00438,2025-12-29 05:36:08,2026-01-01 05:36:08,Second Class,Consumer,West,Furniture,Bookcases,1493.18,6,0.075,100.42,2025-12,2025,3.0,6.725244109886283
ORD01074,C00251,2025-12-29 13:26:53,2026-01-01 13:26:53,Standard Class,Corporate,East,Office Supplies,Art,61.29,2,0.121,6.18,2025-12,2025,3.0,10.083210964268233
ORD02898,C00829,2025-12-29 16:34:10,2026-01-01 16:34:10,Standard Class,Consumer,West,Technology,Laptops,132.34,1,0.214,3.65,2025-12,2025,3.0,2.7580474535287895
ORD00284,C00816,2025-12-29 23:38:19,2026-01-02 23:38:19,Second Class,Consumer,East,Office Supplies,Paper,86.01,4,0.069,7.36,2025-12,2025,4.0,8.557144518079292
ORD01831,C00666,2025-12-30 00:54:34,2026-01-04 00:54:34,Standard Class,Consumer,West,Technology,Phones,393.77,2,0.285,-0.13,2025-12,2025,5.0,-0.033014196104324864
ORD01893,C00312,2025-12-30 01:59:01,2026-01-01 01:59:01,Second Class,Home Office,South,Technology,Phones,642.27,6,0.171,26.55,2025-12,2025,2.0,4.13377551497034
ORD02530,C00711,2025-12-30 03:28:38,2026-01-02 03:28:38,Second Class,Home Office,North,Technology,Laptops,1061.12,8,0.055,179.12,2025-12,2025,3.0,16.880277442702052
ORD03030,C00307,2025-12-30 03:29:42,2026-01-02 03:29:42,Standard Class,Consumer,North,Office Supplies,Binders,81.5,6,0.092,10.44,2025-12,2025,3.0,12.809815950920244
ORD03332,C00668,2025-12-30 08:18:53,2026-01-03 08:18:53,Second Class,Home Office,West,Technology,Accessories,401.29,3,0.108,34.23,2025-12,2025,4.0,8.529990779735353
ORD03634,C00065,2025-12-30 10:19:33,2026-01-02 10:19:33,Standard Class,Consumer,East,Technology,Laptops,339.07,2,0.291,-18.81,2025-12,2025,3.0,-5.547527059309287
ORD03281,C00799,2025-12-30 13:52:18,2026-01-03 13:52:18,Standard Class,Corporate,East,Office Supplies,Art,101.5,6,0.157,0.62,2025-12,2025,4.0,0.6108374384236454
ORD00813,C00203,2025-12-30 19:53:19,2026-01-04 19:53:19,Standard Class,Corporate,West,Office Supplies,Paper,486.22,6,0.238,1.82,2025-12,2025,5.0,0.3743161531816873
